DateTime;CO(GT);PT08.S1(CO);NMHC(GT);C6H6(GT);PT08.S2(NMHC);NOx(GT);PT08.S3(NOx);NO2(GT);PT08.S4(NO2);PT08.S5(O3);T;RH;AH
1078941600;2.6;1360.0;150.0;11.9;1046.0;166.0;1056.0;113.0;1692.0;1268.0;13.6;48.9;0.7578
1078945200;2.0;1292.0;112.0;9.4;955.0;103.0;1174.0;92.0;1559.0;972.0;13.3;47.7;0.7255
1078948800;2.2;1402.0;88.0;9.0;939.0;131.0;1140.0;114.0;1555.0;1074.0;11.9;54.0;0.7502
1078952400;2.2;1376.0;80.0;9.2;948.0;172.0;1092.0;122.0;1584.0;1203.0;11.0;60.0;0.7867
1078956000;1.6;1272.0;51.0;6.5;836.0;131.0;1205.0;116.0;1490.0;1110.0;11.2;59.6;0.7888
1078959600;1.2;1197.0;38.0;4.7;750.0;89.0;1337.0;96.0;1393.0;949.0;11.2;59.2;0.7848
1078963200;1.2;1185.0;31.0;3.6;690.0;62.0;1462.0;77.0;1333.0;733.0;11.3;56.8;0.7603
1078966800;1.0;1136.0;31.0;3.3;672.0;62.0;1453.0;76.0;1333.0;730.0;10.7;60.0;0.7702
1078970400;0.9;1094.0;24.0;2.3;609.0;45.0;1579.0;60.0;1276.0;620.0;10.7;59.7;0.7648
1078974000;0.6;1010.0;19.0;1.7;561.0;-200.0;1705.0;-200.0;1235.0;501.0;10.3;60.2;0.7517
1078977600;-200.0;1011.0;14.0;1.3;527.0;21.0;1818.0;34.0;1197.0;445.0;10.1;60.5;0.7465
1078981200;0.7;1066.0;8.0;1.1;512.0;16.0;1918.0;28.0;1182.0;422.0;11.0;56.2;0.7366
1078984800;0.7;1052.0;16.0;1.6;553.0;34.0;1738.0;48.0;1221.0;472.0;10.5;58.1;0.7353
1078988400;1.1;1144.0;29.0;3.2;667.0;98.0;1490.0;82.0;1339.0;730.0;10.2;59.6;0.7417
1078992000;2.0;1333.0;64.0;8.0;900.0;174.0;1136.0;112.0;1517.0;1102.0;10.8;57.4;0.7408
1078995600;2.2;1351.0;87.0;9.5;960.0;129.0;1079.0;101.0;1583.0;1028.0;10.5;60.6;0.7691
1078999200;1.7;1233.0;77.0;6.3;827.0;112.0;1218.0;98.0;1446.0;860.0;10.8;58.4;0.7552
1079002800;1.5;1179.0;43.0;5.0;762.0;95.0;1328.0;92.0;1362.0;671.0;10.5;57.9;0.7352
1079006400;1.6;1236.0;61.0;5.2;774.0;104.0;1301.0;95.0;1401.0;664.0;9.5;66.8;0.7951
1079010000;1.9;1286.0;63.0;7.3;869.0;146.0;1162.0;112.0;1537.0;799.0;8.3;76.4;0.8393
1079013600;2.9;1371.0;164.0;11.5;1034.0;207.0;983.0;128.0;1730.0;1037.0;8.0;81.1;0.8736
1079017200;2.2;1310.0;79.0;8.8;933.0;184.0;1082.0;126.0;1647.0;946.0;8.3;79.8;0.8778
1079020800;2.2;1292.0;95.0;8.3;912.0;193.0;1103.0;131.0;1591.0;957.0;9.7;71.2;0.8569
1079024400;2.9;1383.0;150.0;11.2;1020.0;243.0;1008.0;135.0;1719.0;1104.0;9.8;67.6;0.8185
1079028000;4.8;1581.0;307.0;20.8;1319.0;281.0;799.0;151.0;2083.0;1409.0;10.3;64.2;0.8065
1079031600;6.9;1776.0;461.0;27.4;1488.0;383.0;702.0;172.0;2333.0;1704.0;9.7;69.3;0.8319
1079035200;6.1;1640.0;401.0;24.0;1404.0;351.0;743.0;165.0;2191.0;1654.0;9.6;67.8;0.8133
1079038800;3.9;1313.0;197.0;12.8;1076.0;240.0;957.0;136.0;1707.0;1285.0;9.1;64.0;0.7419
1079042400;1.5;965.0;61.0;4.7;749.0;94.0;1325.0;85.0;1333.0;821.0;8.2;63.4;0.6905
1079046000;1.0;913.0;26.0;2.6;629.0;47.0;1565.0;53.0;1252.0;552.0;8.2;60.8;0.6657
1079049600;1.7;1080.0;55.0;5.9;805.0;122.0;1254.0;97.0;1375.0;816.0;8.3;58.5;0.6438
1079053200;1.9;1044.0;53.0;6.4;829.0;133.0;1247.0;110.0;1378.0;832.0;7.7;59.7;0.6308
1079056800;1.4;988.0;40.0;4.1;718.0;82.0;1396.0;91.0;1304.0;692.0;7.1;61.8;0.6276
1079060400;0.8;889.0;21.0;1.9;574.0;-200.0;1680.0;-200.0;1187.0;512.0;7.0;62.3;0.6261
1079064000;-200.0;831.0;10.0;1.1;506.0;21.0;1893.0;32.0;1134.0;384.0;6.1;65.9;0.6248
1079067600;0.6;847.0;7.0;1.0;501.0;30.0;1895.0;44.0;1155.0;394.0;6.3;65.0;0.6233
1079071200;0.8;927.0;17.0;1.8;571.0;56.0;1685.0;71.0;1223.0;487.0;6.8;62.9;0.6234
1079074800;1.4;1091.0;33.0;4.4;730.0;109.0;1387.0;104.0;1361.0;748.0;6.4;65.1;0.6316
1079078400;4.4;1587.0;202.0;17.9;1236.0;307.0;897.0;141.0;1900.0;1400.0;7.3;63.1;0.6499
1079082000;-200.0;1545.0;-200.0;22.1;1353.0;-200.0;767.0;-200.0;2058.0;1588.0;9.2;56.2;0.6561
1079085600;3.1;1350.0;208.0;14.0;1118.0;187.0;912.0;122.0;1712.0;1237.0;13.2;41.7;0.632
1079089200;2.7;1263.0;166.0;11.6;1037.0;216.0;969.0;143.0;1598.0;1167.0;14.3;38.4;0.6243
1079092800;2.1;1206.0;114.0;10.2;986.0;143.0;1035.0;113.0;1537.0;959.0;15.0;36.5;0.6195
1079096400;2.5;1252.0;140.0;11.0;1016.0;160.0;1008.0;116.0;1593.0;983.0;16.1;34.5;0.6262
1079100000;2.7;1287.0;169.0;12.8;1078.0;163.0;949.0;123.0;1660.0;1061.0;16.3;35.7;0.656
1079103600;2.9;1353.0;185.0;14.2;1122.0;190.0;922.0;126.0;1740.0;1139.0;15.8;37.0;0.661
1079107200;2.8;1309.0;165.0;12.7;1073.0;178.0;954.0;120.0;1657.0;1112.0;15.9;37.2;0.6657
1079110800;2.4;1274.0;133.0;11.7;1041.0;150.0;1006.0;119.0;1610.0;994.0;16.9;34.3;0.6549
1079114400;3.9;1510.0;233.0;19.3;1277.0;206.0;812.0;149.0;1910.0;1410.0;15.1;39.6;0.6766
1079118000;3.7;1525.0;242.0;18.2;1246.0;202.0;821.0;145.0;1847.0;1448.0;14.4;43.4;0.7084
1079121600;6.6;1843.0;488.0;32.6;1610.0;340.0;624.0;170.0;2390.0;1887.0;12.9;50.5;0.7478
1079125200;4.4;1598.0;333.0;20.1;1299.0;274.0;752.0;149.0;1941.0;1627.0;12.1;53.3;0.7536
1079128800;3.5;1484.0;215.0;14.3;1127.0;253.0;839.0;139.0;1723.0;1491.0;11.0;59.1;0.774
1079132400;5.4;1677.0;367.0;21.8;1346.0;300.0;741.0;134.0;2062.0;1657.0;9.7;64.6;0.7771
1079136000;2.7;1280.0;122.0;9.6;964.0;193.0;963.0;113.0;1544.0;1285.0;9.5;64.1;0.7597
1079139600;1.9;1196.0;67.0;7.4;873.0;139.0;1071.0;97.0;1463.0;1144.0;9.1;63.9;0.7423
1079143200;1.6;1184.0;43.0;5.4;782.0;83.0;1176.0;82.0;1365.0;1043.0;8.8;63.9;0.7256
1079146800;1.7;1172.0;46.0;5.4;783.0;-200.0;1179.0;-200.0;1380.0;996.0;7.8;67.5;0.7173
1079150400;-200.0;1147.0;56.0;6.2;821.0;109.0;1132.0;83.0;1412.0;992.0;7.0;71.1;0.7158
1079154000;1.0;978.0;30.0;2.6;625.0;62.0;1420.0;65.0;1274.0;819.0;8.3;63.6;0.6982
1079157600;1.2;1100.0;27.0;2.9;646.0;53.0;1406.0;60.0;1268.0;835.0;7.2;67.5;0.6887
1079161200;1.5;1112.0;47.0;5.1;770.0;139.0;1228.0;77.0;1409.0;940.0;6.3;71.9;0.6932
1079164800;2.7;1336.0;132.0;11.8;1043.0;256.0;935.0;96.0;1678.0;1192.0;6.5;71.6;0.6945
1079168400;3.7;1408.0;239.0;15.1;1153.0;295.0;830.0;119.0;1777.0;1411.0;9.6;59.7;0.7124
1079172000;3.2;1447.0;160.0;12.9;1081.0;250.0;869.0;126.0;1667.0;1465.0;12.4;51.2;0.7335
1079175600;4.1;1542.0;283.0;16.1;1184.0;296.0;808.0;158.0;1780.0;1583.0;15.6;42.2;0.7451
1079179200;3.6;1451.0;210.0;14.0;1117.0;239.0;875.0;161.0;1679.0;1387.0;18.4;33.8;0.709
1079182800;2.8;1328.0;154.0;12.3;1059.0;153.0;987.0;124.0;1600.0;1101.0;19.4;31.3;0.695
1079186400;2.0;1207.0;112.0;8.6;924.0;118.0;1088.0;102.0;1488.0;850.0;18.0;34.8;0.7127
1079190000;2.0;1240.0;108.0;9.2;947.0;119.0;1049.0;116.0;1532.0;947.0;18.4;33.6;0.7042
1079193600;2.5;1306.0;111.0;10.2;987.0;138.0;1004.0;124.0;1554.0;1078.0;17.6;35.1;0.7012
1079197200;2.3;1326.0;97.0;10.6;1000.0;148.0;976.0;125.0;1602.0;1084.0;16.7;37.8;0.7117
1079200800;3.2;1473.0;191.0;15.5;1163.0;227.0;831.0;148.0;1779.0;1395.0;16.1;41.0;0.7451
1079204400;4.2;1609.0;258.0;19.6;1286.0;277.0;758.0;165.0;1922.0;1612.0;15.8;42.4;0.7569
1079208000;4.2;1611.0;284.0;19.2;1274.0;279.0;754.0;161.0;1915.0;1697.0;15.7;44.1;0.7786
1079211600;4.2;1621.0;269.0;18.3;1247.0;283.0;762.0;159.0;1860.0;1886.0;15.3;46.8;0.8091
1079215200;3.1;1444.0;180.0;13.1;1089.0;214.0;844.0;143.0;1748.0;1624.0;14.6;48.6;0.806
1079218800;2.6;1418.0;116.0;10.9;1010.0;172.0;892.0;130.0;1603.0;1536.0;14.7;49.3;0.8193
1079222400;2.9;1534.0;93.0;11.0;1013.0;190.0;889.0;129.0;1611.0;1535.0;13.9;53.6;0.8498
1079226000;2.8;1484.0;131.0;11.9;1045.0;174.0;880.0;119.0;1624.0;1530.0;14.6;51.5;0.8536
1079229600;2.5;1367.0;92.0;8.6;925.0;128.0;953.0;104.0;1543.0;1337.0;12.5;58.9;0.8537
1079233200;2.4;1344.0;132.0;9.7;968.0;-200.0;921.0;-200.0;1620.0;1278.0;11.6;63.4;0.8674
1079236800;-200.0;1130.0;56.0;5.2;773.0;70.0;1130.0;82.0;1452.0;1051.0;12.1;61.1;0.8603
1079240400;1.2;1062.0;32.0;3.7;691.0;53.0;1272.0;70.0;1377.0;929.0;11.5;63.1;0.8533
1079244000;1.0;1076.0;29.0;2.5;618.0;44.0;1395.0;63.0;1333.0;872.0;11.6;62.2;0.8473
1079247600;0.9;1028.0;27.0;2.4;615.0;74.0;1384.0;67.0;1340.0;853.0;10.4;67.6;0.853
1079251200;1.4;1155.0;36.0;4.2;722.0;101.0;1225.0;84.0;1414.0;959.0;11.6;62.7;0.853
1079254800;1.6;1235.0;57.0;6.4;828.0;118.0;1055.0;83.0;1527.0;1093.0;12.4;60.0;0.8627
1079258400;2.2;1332.0;129.0;8.6;923.0;144.0;952.0;98.0;1614.0;1225.0;14.5;53.1;0.8728
1079262000;2.8;1445.0;148.0;10.9;1009.0;176.0;878.0;114.0;1696.0;1355.0;16.9;46.1;0.8789
1079265600;2.8;1416.0;145.0;10.7;1002.0;161.0;907.0;119.0;1677.0;1262.0;19.3;38.3;0.8474
1079269200;2.0;1281.0;93.0;7.5;880.0;113.0;1084.0;104.0;1525.0;980.0;21.2;31.4;0.7812
1079272800;1.8;1207.0;84.0;7.5;879.0;103.0;1104.0;102.0;1490.0;872.0;21.4;30.2;0.7616
1079276400;1.9;1258.0;99.0;8.2;906.0;112.0;1081.0;107.0;1511.0;900.0;21.9;29.0;0.7525
1079280000;3.0;1458.0;150.0;11.9;1045.0;170.0;974.0;129.0;1646.0;1099.0;22.2;28.4;0.7516
1079283600;2.9;1438.0;156.0;12.0;1051.0;180.0;943.0;128.0;1668.0;1206.0;21.3;30.8;0.7696
1079287200;2.5;1478.0;122.0;12.2;1055.0;160.0;929.0;121.0;1671.0;1262.0;19.7;36.7;0.8307
1079290800;4.6;1808.0;262.0;20.6;1312.0;261.0;753.0;157.0;1993.0;1698.0;18.4;41.7;0.8732
1079294400;5.9;1898.0;341.0;23.1;1381.0;325.0;681.0;173.0;2103.0;1905.0;17.6;46.1;0.921
1079298000;3.4;1560.0;214.0;14.7;1140.0;217.0;784.0;146.0;1818.0;1648.0;16.7;49.6;0.932
1079301600;2.1;1324.0;100.0;9.0;940.0;146.0;924.0;121.0;1587.0;1423.0;16.3;51.0;0.9341
1079305200;2.2;1349.0;79.0;8.8;933.0;152.0;933.0;119.0;1617.0;1349.0;14.7;55.9;0.9314
1079308800;1.8;1239.0;66.0;7.4;872.0;104.0;985.0;99.0;1547.0;1250.0;14.8;54.7;0.9164
1079312400;1.8;1239.0;73.0;6.9;853.0;106.0;1010.0;93.0;1543.0;1174.0;14.0;57.0;0.9094
1079316000;1.8;1224.0;66.0;7.0;855.0;108.0;998.0;88.0;1566.0;1149.0;13.4;61.3;0.9361
1079319600;1.1;1078.0;44.0;4.4;734.0;-200.0;1128.0;-200.0;1487.0;1021.0;12.6;63.5;0.923
1079323200;-200.0;1078.0;44.0;4.0;711.0;66.0;1150.0;71.0;1468.0;1013.0;12.3;65.4;0.9351
1079326800;1.0;1075.0;39.0;3.9;703.0;88.0;1156.0;74.0;1464.0;1010.0;11.9;67.4;0.9375
1079330400;1.4;1157.0;51.0;6.4;830.0;138.0;1030.0;80.0;1584.0;1083.0;11.4;70.5;0.9475
1079334000;2.2;1314.0;107.0;9.7;966.0;228.0;897.0;89.0;1710.0;1235.0;11.3;70.2;0.9401
1079337600;5.5;1797.0;336.0;25.9;1451.0;360.0;652.0;114.0;2323.0;1680.0;12.4;63.9;0.917
1079341200;8.1;1961.0;618.0;36.7;1701.0;478.0;537.0;149.0;2665.0;2184.0;14.8;54.3;0.9076
1079344800;5.8;1771.0;438.0;26.6;1470.0;394.0;622.0;157.0;2262.0;1973.0;17.4;45.6;0.8993
1079348400;4.2;1564.0;334.0;20.1;1300.0;319.0;710.0;155.0;2029.0;1798.0;19.8;38.5;0.8801
1079352000;3.1;1430.0;221.0;14.1;1120.0;201.0;831.0;134.0;1783.0;1522.0;22.0;34.1;0.8904
1079355600;2.9;1417.0;207.0;14.9;1146.0;171.0;830.0;119.0;1831.0;1404.0;23.3;32.2;0.9096
1079359200;2.9;1400.0;191.0;15.4;1162.0;159.0;838.0;111.0;1829.0;1263.0;23.9;30.0;0.8757
1079362800;2.5;1317.0;185.0;12.1;1053.0;153.0;926.0;104.0;1707.0;1137.0;24.4;28.9;0.8736
1079366400;2.3;1318.0;141.0;11.5;1033.0;143.0;950.0;99.0;1675.0;1068.0;24.4;29.4;0.8848
1079370000;2.8;1445.0;214.0;14.8;1141.0;156.0;857.0;110.0;1824.0;1252.0;23.8;31.3;0.9137
1079373600;6.1;1917.0;471.0;32.1;1601.0;314.0;631.0;162.0;2447.0;1843.0;22.5;35.4;0.9547
1079377200;8.0;2040.0;685.0;39.2;1754.0;404.0;542.0;187.0;2679.0;2122.0;20.4;42.5;1.0086
1079380800;6.5;1895.0;538.0;31.0;1573.0;320.0;565.0;165.0;2443.0;1992.0;18.3;52.6;1.0945
1079384400;4.2;1595.0;319.0;19.9;1294.0;256.0;678.0;145.0;2058.0;1707.0;16.7;57.4;1.0786
1079388000;3.2;1439.0;224.0;15.3;1159.0;193.0;764.0;125.0;1856.0;1494.0;15.7;60.2;1.0654
1079391600;1.4;1142.0;67.0;6.9;852.0;89.0;1008.0;101.0;1547.0;1164.0;15.3;61.4;1.058
1079395200;2.1;1304.0;155.0;11.1;1019.0;127.0;852.0;103.0;1731.0;1272.0;14.1;65.7;1.0494
1079398800;1.2;1074.0;49.0;5.4;784.0;79.0;1098.0;88.0;1483.0;1040.0;14.8;60.6;1.0148
1079402400;0.8;968.0;29.0;2.8;640.0;43.0;1320.0;61.0;1386.0;867.0;14.8;59.2;0.9879
1079406000;0.7;929.0;25.0;2.3;608.0;-200.0;1376.0;-200.0;1364.0;826.0;13.6;62.1;0.9636
1079409600;-200.0;941.0;25.0;2.6;626.0;59.0;1316.0;59.0;1373.0;840.0;12.3;66.2;0.945
1079413200;0.6;937.0;17.0;2.0;585.0;38.0;1412.0;52.0;1348.0;793.0;12.8;63.2;0.9283
1079416800;0.9;1017.0;27.0;3.5;681.0;82.0;1246.0;64.0;1418.0;870.0;11.2;68.5;0.9081
1079420400;1.3;1171.0;50.0;5.1;770.0;99.0;1162.0;70.0;1467.0;930.0;11.0;66.5;0.8705
1079424000;3.4;1541.0;218.0;16.2;1185.0;263.0;770.0;97.0;1889.0;1407.0;11.7;63.7;0.8719
1079427600;3.7;1539.0;285.0;19.7;1287.0;229.0;698.0;95.0;2055.0;1507.0;13.6;56.3;0.8743
1079431200;5.3;1735.0;437.0;25.1;1431.0;396.0;628.0;150.0;2211.0;1843.0;17.8;42.9;0.8672
1079434800;4.1;1571.0;327.0;20.0;1297.0;314.0;730.0;162.0;1973.0;1729.0;21.4;33.3;0.8417
1079438400;3.3;1452.0;283.0;18.3;1250.0;217.0;776.0;154.0;1868.0;1583.0;24.4;27.4;0.8231
1079442000;4.0;1579.0;366.0;22.3;1359.0;252.0;724.0;161.0;1998.0;1671.0;25.3;26.1;0.8264
1079445600;3.8;1466.0;318.0;20.4;1309.0;263.0;773.0;161.0;1897.0;1491.0;25.8;23.2;0.7589
1079449200;2.8;1280.0;228.0;14.6;1136.0;180.0;893.0;128.0;1675.0;1240.0;27.0;20.2;0.7094
1079452800;2.9;1407.0;201.0;16.6;1197.0;184.0;905.0;129.0;1759.0;1313.0;28.2;18.6;0.7014
1079456400;2.9;1389.0;199.0;15.8;1173.0;190.0;898.0;133.0;1739.0;1363.0;28.0;19.1;0.7098
1079460000;3.4;1447.0;237.0;17.8;1235.0;184.0;859.0;139.0;1778.0;1296.0;23.9;25.7;0.7519
1079463600;3.9;1551.0;261.0;19.1;1271.0;181.0;800.0;137.0;1875.0;1432.0;21.3;34.8;0.873
1079467200;3.2;1474.0;230.0;15.8;1173.0;166.0;854.0;143.0;1776.0;1432.0;20.4;36.7;0.8704
1079470800;5.1;1800.0;349.0;24.9;1426.0;317.0;700.0;177.0;2106.0;2034.0;19.0;41.3;0.9007
1079474400;2.6;1379.0;183.0;13.5;1101.0;184.0;818.0;138.0;1710.0;1602.0;17.9;45.9;0.9342
1079478000;1.7;1201.0;88.0;9.1;943.0;130.0;935.0;117.0;1560.0;1362.0;16.7;48.9;0.9226
1079481600;1.7;1205.0;85.0;8.6;925.0;132.0;922.0;107.0;1547.0;1314.0;15.5;52.9;0.9271
1079485200;1.2;1072.0;47.0;5.4;784.0;95.0;1066.0;90.0;1442.0;1114.0;15.5;51.9;0.9059
1079488800;0.9;998.0;34.0;4.1;714.0;70.0;1169.0;79.0;1383.0;992.0;14.1;55.6;0.891
1079492400;0.7;933.0;26.0;2.6;625.0;-200.0;1292.0;-200.0;1332.0;884.0;13.1;57.9;0.8666
1079496000;-200.0;883.0;17.0;1.9;577.0;54.0;1396.0;60.0;1303.0;808.0;12.7;57.9;0.8447
1079499600;0.5;869.0;11.0;1.6;554.0;28.0;1460.0;40.0;1268.0;667.0;11.8;58.0;0.8026
1079503200;0.5;891.0;18.0;1.9;576.0;46.0;1417.0;53.0;1289.0;733.0;11.9;57.4;0.7978
1079506800;1.6;1173.0;84.0;7.5;878.0;160.0;1038.0;84.0;1556.0;1052.0;9.9;65.2;0.7956
1079510400;4.1;1587.0;260.0;21.4;1334.0;320.0;702.0;108.0;1999.0;1534.0;11.1;60.2;0.7958
1079514000;6.6;1852.0;534.0;36.4;1696.0;377.0;553.0;127.0;2535.0;1931.0;14.1;50.0;0.802
1079517600;4.3;1522.0;368.0;21.3;1331.0;280.0;703.0;134.0;2026.0;1734.0;17.7;40.1;0.8048
1079521200;2.9;1438.0;200.0;15.4;1161.0;221.0;819.0;135.0;1782.0;1595.0;21.1;33.4;0.8265
1079524800;2.5;1393.0;145.0;12.5;1067.0;210.0;905.0;142.0;1654.0;1490.0;24.3;28.3;0.8471
1079528400;2.8;1452.0;188.0;15.1;1152.0;204.0;861.0;153.0;1747.0;1508.0;25.6;25.6;0.8254
1079532000;2.6;1389.0;152.0;13.7;1108.0;161.0;887.0;123.0;1712.0;1334.0;25.9;25.9;0.8503
1079535600;2.0;1207.0;103.0;10.4;994.0;135.0;1013.0;104.0;1520.0;1045.0;26.8;18.7;0.65
1079539200;2.9;1365.0;193.0;15.2;1154.0;186.0;940.0;129.0;1679.0;1221.0;29.3;15.8;0.6309
1079542800;2.5;1247.0;134.0;12.3;1060.0;147.0;1032.0;114.0;1525.0;1069.0;28.5;14.9;0.5708
1079546400;5.0;1557.0;386.0;27.0;1478.0;299.0;793.0;158.0;1981.0;1569.0;25.9;16.0;0.5237
1079550000;7.6;1973.0;577.0;38.4;1737.0;411.0;617.0;194.0;2414.0;2306.0;23.1;26.5;0.7403
1079553600;6.7;1975.0;523.0;35.1;1667.0;347.0;597.0;182.0;2416.0;2359.0;20.5;38.2;0.9133
1079557200;5.7;1795.0;472.0;27.2;1485.0;336.0;653.0;180.0;2174.0;2050.0;19.1;42.6;0.9294
1079560800;2.8;1444.0;206.0;15.0;1150.0;202.0;770.0;136.0;1727.0;1727.0;17.2;44.1;0.8558
1079564400;2.6;1488.0;216.0;15.7;1171.0;178.0;731.0;127.0;1778.0;1705.0;16.0;50.9;0.9206
1079568000;2.3;1371.0;159.0;13.0;1083.0;154.0;796.0;116.0;1669.0;1551.0;14.8;53.9;0.9024
1079571600;1.4;1161.0;70.0;8.1;904.0;92.0;947.0;107.0;1502.0;1240.0;14.3;55.4;0.8975
1079575200;1.0;1064.0;44.0;5.5;787.0;61.0;1057.0;88.0;1407.0;1115.0;14.8;52.1;0.8686
1079578800;0.7;970.0;42.0;3.6;687.0;-200.0;1196.0;-200.0;1351.0;969.0;13.9;53.9;0.8501
1079582400;-200.0;954.0;28.0;2.9;645.0;60.0;1260.0;78.0;1334.0;925.0;11.6;61.9;0.8442
1079586000;0.6;931.0;20.0;2.5;623.0;37.0;1293.0;57.0;1307.0;828.0;12.0;58.9;0.8233
1079589600;0.7;938.0;26.0;3.0;650.0;68.0;1251.0;71.0;1333.0;893.0;10.9;62.1;0.8113
1079593200;1.5;1166.0;78.0;7.7;885.0;139.0;1005.0;85.0;1551.0;1075.0;10.6;63.3;0.8067
1079596800;4.7;1643.0;319.0;23.3;1384.0;339.0;667.0;124.0;2094.0;1610.0;11.5;60.0;0.8117
1079600400;6.6;1934.0;506.0;35.8;1682.0;421.0;541.0;151.0;2468.0;2051.0;14.3;50.6;0.8186
1079604000;4.5;1617.0;-200.0;21.3;1333.0;349.0;686.0;150.0;2010.0;1819.0;17.8;40.5;0.821
1079607600;2.8;1473.0;-200.0;14.3;1127.0;224.0;831.0;152.0;1752.0;1568.0;20.8;34.4;0.8365
1079611200;2.2;1379.0;-200.0;12.5;1068.0;171.0;899.0;139.0;1663.0;1374.0;23.8;28.2;0.8219
1079614800;2.2;1385.0;-200.0;12.2;1056.0;149.0;891.0;133.0;1648.0;1268.0;24.2;28.7;0.8515
1079618400;2.3;1379.0;-200.0;13.1;1087.0;137.0;901.0;126.0;1660.0;1144.0;25.2;24.9;0.7829
1079622000;2.2;1322.0;-200.0;14.4;1129.0;149.0;934.0;128.0;1639.0;1109.0;27.0;17.8;0.6275
1079625600;2.8;1496.0;-200.0;16.8;1205.0;172.0;822.0;169.0;1767.0;1347.0;27.1;23.1;0.818
1079629200;2.7;1409.0;-200.0;14.5;1131.0;166.0;873.0;149.0;1689.0;1206.0;25.8;23.9;0.7832
1079632800;3.7;1513.0;-200.0;21.5;1338.0;214.0;764.0;156.0;1957.0;1397.0;23.0;26.8;0.7446
1079636400;5.1;1667.0;-200.0;26.4;1464.0;280.0;683.0;168.0;2118.0;1588.0;20.7;31.1;0.7523
1079640000;5.1;1667.0;-200.0;26.0;1453.0;276.0;684.0;176.0;2051.0;1569.0;18.6;36.2;0.7676
1079643600;3.2;1430.0;-200.0;14.1;1121.0;178.0;814.0;135.0;1732.0;1322.0;16.0;48.4;0.8768
1079647200;2.1;1333.0;-200.0;10.3;989.0;129.0;885.0;121.0;1621.0;1194.0;14.5;57.8;0.9456
1079650800;1.7;1262.0;-200.0;8.3;911.0;95.0;948.0;99.0;1545.0;1062.0;13.1;64.2;0.9606
1079654400;2.0;1287.0;-200.0;8.9;936.0;126.0;918.0;106.0;1606.0;1040.0;12.0;69.7;0.9735
1079658000;1.6;1134.0;-200.0;6.6;840.0;103.0;1021.0;96.0;1501.0;917.0;11.9;71.1;0.9915
1079661600;0.9;999.0;-200.0;3.6;688.0;48.0;1229.0;63.0;1380.0;594.0;12.5;69.3;1.0029
1079665200;0.7;961.0;-200.0;2.5;622.0;-200.0;1382.0;-200.0;1301.0;430.0;12.5;67.5;0.9768
1079668800;-200.0;934.0;-200.0;1.8;569.0;20.0;1440.0;32.0;1280.0;397.0;12.3;67.7;0.9665
1079672400;0.5;913.0;-200.0;1.3;525.0;18.0;1620.0;28.0;1260.0;370.0;12.5;66.8;0.962
1079676000;0.7;969.0;-200.0;2.3;607.0;56.0;1373.0;61.0;1324.0;438.0;12.3;66.3;0.9487
1079679600;1.5;1182.0;-200.0;6.7;845.0;115.0;1054.0;99.0;1539.0;704.0;12.4;64.9;0.9332
1079683200;4.8;1740.0;-200.0;22.8;1372.0;320.0;671.0;157.0;2144.0;1476.0;13.0;61.6;0.9209
1079686800;6.2;1819.0;-200.0;31.3;1582.0;357.0;575.0;166.0;2456.0;1716.0;13.6;58.8;0.912
1079690400;4.0;1427.0;-200.0;19.2;1275.0;253.0;701.0;149.0;1980.0;1398.0;13.9;57.1;0.9032
1079694000;3.3;1390.0;-200.0;16.4;1191.0;218.0;759.0;135.0;1879.0;1268.0;14.5;54.4;0.8917
1079697600;2.8;1283.0;-200.0;14.0;1117.0;192.0;813.0;127.0;1751.0;1188.0;15.5;50.1;0.8744
1079701200;3.0;1304.0;-200.0;15.3;1157.0;176.0;793.0;122.0;1801.0;1171.0;16.1;47.6;0.8655
1079704800;3.3;1364.0;-200.0;16.7;1202.0;198.0;771.0;135.0;1875.0;1250.0;16.3;47.1;0.864
1079708400;3.5;1410.0;-200.0;19.0;1268.0;212.0;724.0;139.0;1957.0;1344.0;16.4;47.5;0.8791
1079712000;4.0;1476.0;-200.0;19.4;1280.0;249.0;708.0;147.0;1955.0;1378.0;16.1;50.2;0.9094
1079715600;4.6;1522.0;-200.0;20.9;1320.0;270.0;690.0;158.0;2005.0;1435.0;16.0;50.7;0.9142
1079719200;4.1;1442.0;-200.0;20.2;1301.0;231.0;704.0;146.0;1952.0;1372.0;15.8;50.3;0.8989
1079722800;4.5;1469.0;-200.0;21.7;1344.0;251.0;677.0;144.0;1997.0;1471.0;15.5;50.6;0.884
1079726400;3.9;1467.0;-200.0;19.8;1292.0;210.0;698.0;138.0;1942.0;1439.0;15.4;51.4;0.8956
1079730000;4.0;1421.0;-200.0;16.7;1202.0;249.0;748.0;143.0;1854.0;1429.0;15.2;53.1;0.9117
1079733600;2.2;1175.0;-200.0;9.1;945.0;143.0;904.0;116.0;1604.0;1081.0;14.7;57.6;0.9573
1079737200;2.1;1215.0;-200.0;8.3;912.0;127.0;948.0;109.0;1547.0;993.0;14.2;58.3;0.938
1079740800;1.7;1127.0;-200.0;5.8;802.0;104.0;1064.0;92.0;1447.0;837.0;13.8;57.9;0.9085
1079744400;1.6;1090.0;-200.0;5.2;773.0;86.0;1105.0;83.0;1429.0;761.0;13.9;55.9;0.8842
1079748000;1.3;1017.0;-200.0;4.1;718.0;74.0;1182.0;81.0;1382.0;650.0;13.9;55.6;0.8765
1079751600;1.3;997.0;-200.0;3.4;677.0;-200.0;1252.0;-200.0;1359.0;591.0;13.8;55.1;0.8666
1079755200;-200.0;945.0;-200.0;2.9;646.0;44.0;1308.0;55.0;1332.0;505.0;13.8;54.6;0.8574
1079758800;0.8;956.0;-200.0;3.1;661.0;42.0;1260.0;53.0;1351.0;518.0;13.6;55.1;0.856
1079762400;0.8;966.0;-200.0;2.5;622.0;63.0;1317.0;67.0;1342.0;571.0;13.6;59.0;0.9129
1079766000;1.1;1064.0;-200.0;4.3;728.0;115.0;1161.0;91.0;1461.0;842.0;13.5;58.4;0.896
1079769600;2.1;1300.0;-200.0;8.9;935.0;170.0;902.0;113.0;1623.0;1145.0;13.8;58.0;0.9083
1079773200;2.4;1348.0;-200.0;10.5;998.0;147.0;834.0;102.0;1689.0;1218.0;14.6;53.1;0.8765
1079776800;2.6;1425.0;-200.0;12.5;1068.0;166.0;776.0;107.0;1764.0;1341.0;15.0;52.3;0.8881
1079780400;2.8;1474.0;-200.0;12.3;1061.0;195.0;768.0;113.0;1768.0;1406.0;15.4;52.1;0.9046
1079784000;2.6;1490.0;-200.0;11.7;1039.0;182.0;782.0;108.0;1757.0;1422.0;16.3;50.0;0.9158
1079787600;2.6;1495.0;-200.0;11.7;1040.0;168.0;809.0;105.0;1735.0;1373.0;17.1;47.9;0.9281
1079791200;2.1;1376.0;-200.0;9.3;953.0;125.0;900.0;93.0;1636.0;1153.0;19.0;42.9;0.937
1079794800;1.7;1305.0;-200.0;7.6;884.0;95.0;980.0;87.0;1573.0;927.0;19.5;42.3;0.9476
1079798400;1.6;1283.0;-200.0;6.7;844.0;79.0;1036.0;76.0;1539.0;766.0;19.5;42.3;0.9493
1079802000;2.1;1392.0;-200.0;9.7;967.0;119.0;930.0;94.0;1649.0;941.0;19.1;43.8;0.9556
1079805600;2.3;1452.0;-200.0;12.4;1063.0;142.0;856.0;110.0;1774.0;1146.0;18.5;46.3;0.9744
1079809200;3.5;1633.0;-200.0;16.6;1199.0;215.0;734.0;136.0;1919.0;1417.0;17.4;51.6;1.0159
1079812800;3.9;1625.0;-200.0;16.4;1191.0;229.0;733.0;139.0;1885.0;1442.0;17.1;51.3;0.9914
1079816400;3.3;1535.0;-200.0;13.7;1108.0;206.0;785.0;125.0;1820.0;1323.0;16.4;53.8;0.9964
1079820000;2.3;1323.0;-200.0;9.9;973.0;147.0;864.0;111.0;1712.0;1125.0;16.2;55.4;1.0132
1079823600;2.1;1309.0;-200.0;8.9;937.0;122.0;905.0;97.0;1672.0;1036.0;15.9;57.7;1.0356
1079827200;2.8;1456.0;-200.0;10.6;999.0;175.0;835.0;107.0;1714.0;1202.0;15.7;58.6;1.0396
1079830800;2.1;1300.0;-200.0;7.4;872.0;133.0;941.0;90.0;1577.0;1054.0;15.1;60.9;1.0398
1079834400;1.6;1203.0;-200.0;6.2;823.0;89.0;1004.0;84.0;1526.0;903.0;15.6;56.6;0.9951
1079838000;1.6;1195.0;-200.0;6.5;836.0;-200.0;987.0;-200.0;1554.0;885.0;15.2;57.9;0.9941
1079841600;-200.0;1117.0;-200.0;5.8;802.0;85.0;1029.0;87.0;1539.0;818.0;15.4;57.8;1.0021
1079845200;1.1;1062.0;-200.0;4.0;711.0;55.0;1136.0;66.0;1461.0;700.0;14.9;60.6;1.0196
1079848800;0.7;947.0;-200.0;2.1;594.0;24.0;1300.0;36.0;1390.0;580.0;14.5;63.0;1.0316
1079852400;0.8;1065.0;-200.0;3.6;687.0;72.0;1143.0;62.0;1492.0;815.0;14.2;66.2;1.063
1079856000;1.2;1155.0;-200.0;4.4;734.0;122.0;1062.0;91.0;1528.0;1035.0;14.5;65.3;1.0704
1079859600;1.4;1220.0;-200.0;5.4;782.0;111.0;996.0;89.0;1560.0;1067.0;15.3;62.1;1.073
1079863200;1.7;1301.0;-200.0;7.1;862.0;123.0;914.0;93.0;1633.0;1114.0;16.3;59.0;1.0868
1079866800;1.8;1279.0;-200.0;7.3;870.0;106.0;911.0;81.0;1646.0;1000.0;18.9;49.6;1.07
1079870400;1.8;1267.0;-200.0;7.6;883.0;103.0;953.0;82.0;1617.0;906.0;19.4;46.1;1.0249
1079874000;1.9;1239.0;-200.0;6.8;848.0;102.0;981.0;80.0;1568.0;822.0;20.8;41.6;1.0091
1079877600;1.3;1128.0;-200.0;4.6;742.0;48.0;1144.0;48.0;1507.0;610.0;21.4;40.3;1.0126
1079881200;1.6;1243.0;-200.0;8.4;916.0;63.0;962.0;61.0;1669.0;657.0;21.2;39.3;0.9791
1079884800;1.9;1208.0;-200.0;6.9;853.0;98.0;1060.0;89.0;1506.0;647.0;20.3;38.0;0.8942
1079888400;2.3;1306.0;-200.0;9.0;938.0;132.0;961.0;105.0;1607.0;762.0;19.4;41.3;0.9206
1079892000;3.8;1546.0;-200.0;15.1;1151.0;173.0;769.0;116.0;1874.0;1122.0;18.5;43.8;0.9252
1079895600;3.5;1501.0;-200.0;12.6;1071.0;185.0;823.0;119.0;1744.0;1130.0;17.8;48.1;0.9689
1079899200;4.3;1605.0;-200.0;15.1;1153.0;266.0;769.0;144.0;1840.0;1637.0;17.9;46.9;0.952
1079902800;2.8;1316.0;-200.0;9.9;974.0;188.0;883.0;123.0;1673.0;1272.0;17.4;49.1;0.9688
1079906400;1.9;1195.0;-200.0;8.0;898.0;122.0;933.0;105.0;1594.0;1098.0;17.0;51.7;0.9914
1079910000;1.9;1211.0;-200.0;7.9;896.0;112.0;920.0;93.0;1624.0;1066.0;16.4;55.1;1.0198
1079913600;1.7;1161.0;-200.0;6.1;815.0;93.0;995.0;86.0;1582.0;909.0;16.1;60.0;1.0919
1079917200;1.5;1095.0;-200.0;5.1;767.0;74.0;1050.0;76.0;1547.0;818.0;15.8;60.5;1.0805
1079920800;0.6;897.0;-200.0;1.7;563.0;23.0;1417.0;33.0;1355.0;472.0;16.3;57.0;1.0491
1079924400;0.4;842.0;-200.0;0.7;468.0;-200.0;1813.0;-200.0;1274.0;394.0;16.9;53.9;1.0309
1079928000;-200.0;854.0;-200.0;0.8;481.0;17.0;1756.0;27.0;1304.0;396.0;16.1;55.9;1.0153
1079931600;0.3;845.0;-200.0;0.7;472.0;15.0;1786.0;23.0;1278.0;378.0;16.5;53.9;1.0049
1079935200;0.6;942.0;-200.0;2.0;586.0;41.0;1480.0;46.0;1373.0;432.0;16.4;54.0;0.9979
1079938800;1.2;1090.0;-200.0;5.1;768.0;86.0;1072.0;76.0;1538.0;699.0;15.7;57.6;1.0195
1079942400;3.6;1514.0;-200.0;17.7;1230.0;226.0;732.0;116.0;1996.0;1252.0;15.8;53.7;0.9571
1079946000;3.7;1379.0;-200.0;18.4;1252.0;214.0;711.0;115.0;1962.0;1237.0;17.4;42.1;0.8281
1079949600;1.8;1074.0;-200.0;6.9;854.0;115.0;1032.0;83.0;1484.0;772.0;17.9;38.4;0.7793
1079953200;1.6;1090.0;-200.0;7.3;868.0;124.0;1026.0;87.0;1509.0;766.0;18.5;36.7;0.7764
1079956800;1.9;1110.0;-200.0;9.6;964.0;122.0;947.0;90.0;1577.0;829.0;21.0;29.6;0.7263
1079960400;2.0;1102.0;-200.0;10.4;994.0;107.0;955.0;87.0;1599.0;783.0;21.3;28.1;0.7067
1079964000;2.2;1100.0;-200.0;11.2;1021.0;133.0;952.0;99.0;1607.0;822.0;21.3;26.1;0.6539
1079967600;2.1;1094.0;-200.0;10.7;1003.0;130.0;965.0;99.0;1574.0;813.0;21.3;26.8;0.6681
1079971200;2.3;1076.0;451.0;11.6;1034.0;150.0;964.0;101.0;1544.0;813.0;21.3;24.2;0.606
1079974800;2.6;1152.0;185.0;12.4;1062.0;138.0;928.0;103.0;1606.0;850.0;20.2;28.5;0.6682
1079978400;3.8;1407.0;426.0;18.3;1249.0;213.0;720.0;129.0;1932.0;1276.0;17.0;43.1;0.8264
1079982000;4.4;1438.0;672.0;21.0;1325.0;232.0;678.0;143.0;1993.0;1401.0;15.6;47.4;0.8347
1079985600;4.5;1425.0;624.0;21.0;1325.0;238.0;678.0;146.0;1965.0;1356.0;15.3;47.4;0.8178
1079989200;3.3;1279.0;325.0;14.5;1131.0;180.0;775.0;124.0;1758.0;1243.0;14.5;49.7;0.8177
1079992800;2.0;1132.0;143.0;8.4;916.0;128.0;920.0;113.0;1561.0;1083.0;13.9;52.0;0.8231
1079996400;1.1;1006.0;89.0;4.3;729.0;65.0;1142.0;80.0;1370.0;795.0;14.5;49.4;0.8106
1080000000;0.9;982.0;73.0;3.8;700.0;53.0;1204.0;72.0;1359.0;735.0;13.8;51.4;0.8071
1080003600;0.8;969.0;48.0;2.7;636.0;47.0;1271.0;64.0;1309.0;684.0;14.0;51.3;0.8163
1080007200;0.7;941.0;47.0;2.5;621.0;51.0;1298.0;70.0;1330.0;714.0;13.0;56.8;0.8444
1080010800;0.5;892.0;36.0;1.2;522.0;-200.0;1522.0;-200.0;1285.0;456.0;11.0;70.0;0.9215
1080014400;-200.0;855.0;25.0;0.8;478.0;20.0;1701.0;31.0;1261.0;401.0;10.1;76.8;0.9483
1080018000;0.3;834.0;19.0;0.6;459.0;13.0;1908.0;22.0;1212.0;361.0;8.8;80.5;0.9147
1080021600;0.5;909.0;26.0;1.8;567.0;33.0;1542.0;47.0;1287.0;418.0;9.6;75.4;0.9004
1080025200;1.1;1061.0;60.0;4.6;745.0;103.0;1178.0;88.0;1429.0;616.0;9.8;75.0;0.9093
1080028800;3.0;1441.0;248.0;14.2;1124.0;224.0;851.0;130.0;1829.0;1089.0;10.0;74.2;0.9117
1080032400;3.8;1498.0;535.0;21.0;1325.0;244.0;684.0;132.0;2095.0;1329.0;11.2;69.7;0.9232
1080036000;3.4;1343.0;340.0;16.2;1185.0;237.0;760.0;132.0;1857.0;1311.0;12.0;62.9;0.8803
1080039600;3.0;1308.0;325.0;15.5;1166.0;220.0;792.0;131.0;1794.0;1236.0;12.8;55.8;0.821
1080043200;2.7;1209.0;267.0;13.4;1097.0;207.0;837.0;129.0;1746.0;1147.0;13.1;54.8;0.8234
1080046800;3.5;1310.0;325.0;16.9;1207.0;208.0;770.0;132.0;1847.0;1301.0;13.8;53.4;0.8351
1080050400;2.8;1171.0;268.0;12.4;1064.0;160.0;881.0;110.0;1639.0;1097.0;16.0;42.4;0.7674
1080054000;1.9;1112.0;136.0;10.1;980.0;131.0;924.0;99.0;1589.0;900.0;14.1;49.8;0.7971
1080057600;2.0;1132.0;118.0;8.7;927.0;128.0;944.0;100.0;1570.0;781.0;12.0;61.1;0.8537
1080061200;3.0;1225.0;276.0;13.8;1111.0;176.0;818.0;122.0;1719.0;1013.0;13.6;54.6;0.8465
1080064800;1.9;1065.0;151.0;9.3;953.0;107.0;962.0;97.0;1514.0;790.0;13.7;49.5;0.7695
1080068400;2.7;1236.0;236.0;13.0;1084.0;131.0;854.0;112.0;1688.0;1059.0;11.7;57.1;0.7822
1080072000;3.3;1309.0;220.0;14.3;1126.0;166.0;812.0;128.0;1722.0;1205.0;11.5;58.2;0.7867
1080075600;1.7;1089.0;87.0;7.6;884.0;89.0;1006.0;101.0;1487.0;975.0;12.6;54.2;0.7881
1080079200;1.3;1000.0;81.0;5.3;776.0;81.0;1141.0;96.0;1375.0;896.0;12.0;54.9;0.7664
1080082800;1.3;1041.0;74.0;5.4;782.0;78.0;1105.0;86.0;1425.0;911.0;11.0;61.4;0.8057
1080086400;1.2;1045.0;55.0;4.9;756.0;70.0;1137.0;85.0;1411.0;902.0;11.1;62.2;0.8199
1080090000;1.1;997.0;74.0;4.6;744.0;76.0;1151.0;79.0;1405.0;832.0;10.8;62.5;0.8082
1080093600;0.9;948.0;35.0;2.7;634.0;43.0;1320.0;61.0;1326.0;715.0;11.3;60.0;0.8025
1080097200;0.6;878.0;29.0;1.6;551.0;-200.0;1493.0;-200.0;1272.0;683.0;10.6;61.6;0.7856
1080100800;-200.0;908.0;29.0;1.7;559.0;44.0;1477.0;66.0;1287.0;721.0;10.2;62.7;0.7813
1080104400;0.6;892.0;20.0;1.2;522.0;34.0;1572.0;54.0;1255.0;648.0;10.9;58.6;0.7628
1080108000;0.8;954.0;32.0;1.7;561.0;43.0;1496.0;57.0;1255.0;612.0;10.8;57.2;0.7382
1080111600;1.2;1045.0;84.0;4.8;751.0;79.0;1186.0;75.0;1403.0;800.0;10.4;59.2;0.7455
1080115200;3.1;1383.0;245.0;13.8;1109.0;174.0;832.0;97.0;1706.0;1173.0;11.0;57.3;0.7501
1080118800;4.4;1597.0;553.0;23.7;1395.0;235.0;652.0;110.0;2080.0;1519.0;11.2;56.9;0.7565
1080122400;3.4;1318.0;450.0;14.2;1124.0;218.0;762.0;113.0;1770.0;1287.0;12.1;54.9;0.7734
1080126000;1.7;1138.0;118.0;8.0;898.0;136.0;950.0;88.0;1505.0;966.0;15.1;44.3;0.7535
1080129600;1.5;1098.0;118.0;6.7;842.0;117.0;1012.0;85.0;1440.0;828.0;15.6;40.6;0.7146
1080133200;1.7;1118.0;144.0;8.7;927.0;119.0;959.0;96.0;1477.0;825.0;16.9;34.6;0.6597
1080136800;2.2;1170.0;159.0;10.8;1009.0;126.0;879.0;106.0;1566.0;872.0;16.6;35.6;0.6697
1080140400;-200.0;1112.0;122.0;6.7;842.0;100.0;1015.0;91.0;1494.0;680.0;11.3;63.9;0.8554
1080144000;2.7;1390.0;230.0;11.4;1028.0;197.0;829.0;126.0;1730.0;1002.0;9.6;81.1;0.972
1080147600;2.8;1353.0;320.0;13.4;1096.0;195.0;774.0;130.0;1783.0;1159.0;11.7;69.1;0.9497
1080151200;2.7;1260.0;263.0;12.0;1050.0;156.0;828.0;111.0;1722.0;979.0;10.7;68.5;0.8794
1080154800;4.5;1501.0;556.0;20.2;1302.0;247.0;681.0;134.0;2008.0;1311.0;10.7;67.3;0.8643
1080158400;3.5;1273.0;458.0;14.4;1130.0;190.0;795.0;136.0;1744.0;1071.0;10.8;65.7;0.8486
1080162000;2.6;1179.0;214.0;9.4;955.0;169.0;928.0;125.0;1571.0;899.0;10.3;66.3;0.8336
1080165600;1.7;1047.0;97.0;5.9;809.0;118.0;1064.0;108.0;1435.0;766.0;10.1;66.9;0.8248
1080169200;1.3;973.0;79.0;4.5;739.0;81.0;1186.0;87.0;1354.0;589.0;10.4;61.1;0.7717
1080172800;1.3;997.0;81.0;4.5;737.0;80.0;1168.0;89.0;1341.0;631.0;10.3;59.9;0.7516
1080176400;1.0;970.0;52.0;2.5;621.0;42.0;1400.0;58.0;1249.0;479.0;11.0;58.4;0.7686
1080180000;0.7;902.0;38.0;1.8;568.0;38.0;1450.0;54.0;1253.0;479.0;9.1;68.1;0.789
1080183600;0.7;921.0;35.0;1.4;538.0;-200.0;1564.0;-200.0;1224.0;417.0;9.5;68.2;0.8091
1080187200;0.5;858.0;29.0;0.9;490.0;18.0;1707.0;28.0;1212.0;378.0;9.3;72.3;0.8496
1080190800;0.5;878.0;21.0;0.6;457.0;12.0;1935.0;20.0;1158.0;344.0;9.9;66.8;0.8152
1080194400;0.6;893.0;46.0;1.4;540.0;43.0;1604.0;51.0;1268.0;413.0;7.6;83.2;0.8695
1080198000;1.1;1038.0;55.0;3.8;697.0;84.0;1260.0;82.0;1383.0;605.0;8.1;79.0;0.8544
1080201600;2.7;1320.0;271.0;11.6;1035.0;184.0;902.0;112.0;1721.0;991.0;8.7;74.6;0.8429
1080205200;3.5;1353.0;434.0;17.8;1235.0;202.0;740.0;119.0;1937.0;1175.0;8.6;75.1;0.8415
1080208800;2.3;1133.0;300.0;8.8;933.0;133.0;969.0;99.0;1552.0;923.0;9.7;69.7;0.8389
1080212400;1.6;1066.0;116.0;6.8;849.0;130.0;1039.0;98.0;1468.0;829.0;11.0;64.4;0.8447
1080216000;1.3;1027.0;95.0;5.9;809.0;106.0;1081.0;88.0;1442.0;733.0;13.6;53.0;0.8209
1080219600;2.0;1106.0;211.0;8.9;935.0;132.0;958.0;96.0;1570.0;819.0;14.2;48.4;0.778
1080223200;1.9;1038.0;168.0;8.2;907.0;106.0;976.0;81.0;1492.0;723.0;14.2;46.3;0.7438
1080226800;1.9;1084.0;154.0;8.6;924.0;125.0;986.0;92.0;1501.0;786.0;16.0;41.3;0.7462
1080230400;2.2;1105.0;267.0;10.1;982.0;138.0;939.0;105.0;1545.0;850.0;17.7;35.4;0.7094
1080234000;2.0;1102.0;143.0;9.4;957.0;120.0;968.0;88.0;1527.0;820.0;17.1;37.4;0.7225
1080237600;2.9;1240.0;374.0;14.6;1137.0;158.0;836.0;103.0;1748.0;991.0;14.9;40.5;0.6835
1080241200;5.2;1443.0;797.0;24.6;1418.0;253.0;666.0;141.0;2060.0;1454.0;13.4;47.8;0.7293
1080244800;4.6;1389.0;698.0;21.6;1341.0;231.0;692.0;133.0;1982.0;1488.0;12.6;52.5;0.7642
1080248400;2.5;1183.0;234.0;10.3;989.0;150.0;904.0;119.0;1539.0;1205.0;12.2;53.2;0.7555
1080252000;1.5;1014.0;104.0;5.7;798.0;99.0;1083.0;106.0;1376.0;909.0;10.6;56.1;0.714
1080255600;1.2;979.0;67.0;4.5;736.0;75.0;1154.0;92.0;1324.0;769.0;9.9;59.5;0.7276
1080259200;1.7;1048.0;88.0;5.5;787.0;93.0;1098.0;97.0;1373.0;835.0;9.6;61.1;0.7323
1080262800;1.4;1024.0;79.0;4.8;753.0;79.0;1131.0;91.0;1357.0;793.0;9.7;61.6;0.7425
1080266400;1.2;974.0;61.0;3.6;690.0;67.0;1208.0;83.0;1313.0;733.0;9.4;62.6;0.7398
1080270000;0.6;862.0;43.0;1.7;561.0;-200.0;1449.0;-200.0;1219.0;502.0;8.2;68.5;0.7455
1080273600;0.7;925.0;40.0;2.2;602.0;45.0;1398.0;59.0;1263.0;562.0;8.0;69.4;0.7459
1080277200;0.8;952.0;52.0;3.0;654.0;72.0;1210.0;73.0;1312.0;832.0;7.7;72.4;0.7655
1080280800;0.9;1005.0;64.0;4.0;713.0;103.0;1130.0;78.0;1363.0;924.0;8.0;71.8;0.7711
1080284400;1.6;1122.0;88.0;6.7;842.0;132.0;1015.0;90.0;1438.0;974.0;8.5;66.3;0.7375
1080288000;3.4;1351.0;375.0;16.7;1201.0;239.0;783.0;110.0;1828.0;1307.0;9.8;59.6;0.7214
1080291600;3.8;1408.0;592.0;19.3;1278.0;275.0;682.0;114.0;1928.0;1481.0;11.2;57.0;0.7544
1080295200;3.1;1304.0;357.0;14.8;1142.0;232.0;772.0;119.0;1747.0;1405.0;14.8;44.1;0.7407
1080298800;2.7;1207.0;296.0;13.4;1098.0;180.0;826.0;121.0;1664.0;1195.0;16.8;35.3;0.6729
1080302400;2.0;1099.0;181.0;11.0;1014.0;112.0;948.0;97.0;1503.0;868.0;19.2;27.1;0.5976
1080306000;2.3;1106.0;211.0;12.5;1068.0;116.0;915.0;99.0;1535.0;874.0;19.1;26.2;0.5741
1080309600;1.9;1009.0;199.0;8.4;916.0;103.0;1015.0;85.0;1391.0;738.0;16.3;30.8;0.5683
1080313200;1.3;962.0;81.0;5.3;776.0;89.0;1152.0;75.0;1279.0;550.0;14.2;36.8;0.5922
1080316800;1.9;1093.0;143.0;8.8;933.0;112.0;976.0;87.0;1454.0;777.0;13.4;41.0;0.6292
1080320400;2.3;1180.0;247.0;11.2;1023.0;127.0;886.0;102.0;1588.0;966.0;14.2;43.3;0.6982
1080324000;2.4;1168.0;239.0;11.6;1037.0;125.0;868.0;105.0;1580.0;990.0;12.1;45.6;0.6403
1080327600;2.7;1168.0;267.0;12.4;1063.0;120.0;876.0;98.0;1540.0;944.0;10.4;48.0;0.6046
1080331200;2.6;1140.0;261.0;10.6;1000.0;120.0;916.0;93.0;1490.0;962.0;10.0;51.1;0.628
1080334800;1.5;1001.0;97.0;6.0;811.0;99.0;1097.0;91.0;1308.0;778.0;9.8;50.8;0.6172
1080338400;1.2;953.0;66.0;4.6;743.0;79.0;1185.0;85.0;1252.0;690.0;9.7;50.4;0.6063
1080342000;1.1;972.0;60.0;4.1;715.0;66.0;1237.0;74.0;1258.0;644.0;9.9;50.2;0.6103
1080345600;1.5;1021.0;77.0;5.2;776.0;94.0;1144.0;87.0;1307.0;753.0;9.4;53.4;0.63
1080349200;1.0;940.0;57.0;3.2;664.0;70.0;1290.0;79.0;1232.0;646.0;8.6;57.8;0.6488
1080352800;1.2;1046.0;65.0;4.5;736.0;75.0;1142.0;78.0;1312.0;838.0;8.1;62.1;0.6746
1080356400;1.1;1026.0;59.0;3.8;699.0;-200.0;1191.0;-200.0;1292.0;851.0;7.9;63.5;0.6777
1080360000;-200.0;983.0;48.0;3.8;698.0;57.0;1209.0;63.0;1296.0;801.0;7.4;64.8;0.6683
1080363600;0.8;915.0;27.0;1.9;578.0;32.0;1417.0;48.0;1212.0;665.0;8.2;58.9;0.6444
1080367200;0.9;935.0;25.0;2.4;615.0;54.0;1373.0;59.0;1250.0;717.0;6.3;66.6;0.641
1080370800;1.1;976.0;42.0;3.3;669.0;68.0;1270.0;65.0;1266.0;795.0;7.2;62.9;0.6396
1080374400;1.5;1124.0;78.0;6.7;842.0;98.0;1050.0;71.0;1418.0;936.0;7.2;63.9;0.65
1080378000;1.8;1163.0;128.0;8.5;919.0;128.0;922.0;84.0;1530.0;1076.0;11.1;50.5;0.6654
1080381600;2.1;1167.0;184.0;9.7;966.0;129.0;942.0;93.0;1520.0;1016.0;15.5;36.1;0.6313
1080385200;2.1;1121.0;156.0;9.4;955.0;130.0;992.0;99.0;1451.0;834.0;17.8;29.2;0.592
1080388800;1.9;1071.0;176.0;9.0;940.0;111.0;994.0;93.0;1449.0;756.0;17.6;30.1;0.6013
1080392400;2.1;1065.0;232.0;10.0;979.0;106.0;950.0;96.0;1467.0;766.0;19.1;26.8;0.5861
1080396000;2.5;1157.0;305.0;12.6;1072.0;137.0;888.0;114.0;1596.0;905.0;17.7;28.6;0.5735
1080399600;1.9;1046.0;150.0;7.6;883.0;113.0;1051.0;101.0;1357.0;765.0;17.8;28.4;0.5737
1080403200;2.2;1147.0;188.0;11.8;1042.0;122.0;934.0;108.0;1538.0;830.0;18.7;26.0;0.5555
1080406800;2.3;1119.0;221.0;11.2;1022.0;137.0;916.0;117.0;1508.0;853.0;17.1;31.3;0.6038
1080410400;2.7;1210.0;219.0;12.4;1062.0;165.0;886.0;125.0;1586.0;981.0;15.8;36.1;0.644
1080414000;3.0;1306.0;306.0;12.9;1079.0;196.0;827.0;133.0;1621.0;1286.0;14.7;40.1;0.6657
1080417600;2.8;1258.0;270.0;12.2;1057.0;174.0;841.0;119.0;1633.0;1244.0;13.6;44.9;0.6991
1080421200;2.2;1148.0;231.0;8.8;930.0;140.0;948.0;107.0;1475.0;1056.0;12.5;48.1;0.6946
1080424800;1.6;1108.0;125.0;6.8;848.0;102.0;1023.0;96.0;1421.0;1003.0;11.8;50.8;0.7042
1080428400;2.1;1231.0;122.0;8.6;924.0;130.0;906.0;105.0;1483.0;1245.0;10.9;56.1;0.7326
1080432000;2.3;1293.0;161.0;8.9;937.0;121.0;930.0;102.0;1464.0;1200.0;10.9;55.9;0.7277
1080435600;2.3;1274.0;101.0;8.3;912.0;111.0;939.0;97.0;1451.0;1188.0;10.3;58.1;0.7278
1080439200;1.7;1135.0;95.0;6.3;827.0;87.0;1013.0;79.0;1395.0;1070.0;9.3;62.2;0.7294
1080442800;2.2;1151.0;129.0;8.3;911.0;-200.0;935.0;-200.0;1501.0;1075.0;8.2;66.7;0.7276
1080446400;1.3;1010.0;96.0;5.1;769.0;77.0;1110.0;69.0;1396.0;895.0;8.3;64.9;0.7124
1080450000;0.8;870.0;54.0;2.6;626.0;39.0;1325.0;52.0;1284.0;755.0;9.6;58.5;0.7
1080453600;1.1;983.0;63.0;3.6;688.0;77.0;1251.0;62.0;1342.0;806.0;7.7;66.4;0.699
1080457200;1.4;995.0;72.0;3.6;691.0;91.0;1219.0;69.0;1321.0;836.0;7.4;68.0;0.7043
1080460800;1.3;1024.0;91.0;4.7;747.0;105.0;1136.0;75.0;1382.0;897.0;9.7;58.6;0.7035
1080464400;1.9;1163.0;127.0;7.5;880.0;133.0;959.0;83.0;1486.0;1073.0;12.5;50.1;0.7242
1080468000;2.3;1218.0;193.0;9.0;938.0;128.0;918.0;94.0;1501.0;1088.0;16.8;36.9;0.7018
1080471600;2.3;1210.0;188.0;9.5;958.0;126.0;933.0;96.0;1514.0;1036.0;19.2;31.3;0.6887
1080475200;1.8;1114.0;151.0;7.7;887.0;92.0;1020.0;86.0;1438.0;768.0;21.3;26.4;0.6607
1080478800;1.4;995.0;103.0;5.7;796.0;66.0;1159.0;72.0;1287.0;587.0;21.2;23.1;0.5768
1080482400;1.0;927.0;55.0;3.8;700.0;50.0;1285.0;53.0;1189.0;452.0;18.6;25.0;0.5319
1080486000;1.4;1002.0;104.0;4.8;754.0;70.0;1189.0;65.0;1260.0;470.0;18.0;27.3;0.5594
1080489600;1.3;987.0;116.0;4.3;727.0;73.0;1213.0;70.0;1244.0;502.0;18.2;28.3;0.5848
1080493200;1.3;993.0;93.0;4.1;714.0;77.0;1217.0;75.0;1238.0;516.0;17.0;31.4;0.6048
1080496800;1.4;1012.0;93.0;4.7;746.0;86.0;1174.0;86.0;1301.0;555.0;15.6;35.0;0.617
1080500400;1.9;1114.0;155.0;6.2;823.0;93.0;1068.0;94.0;1357.0;671.0;14.1;40.2;0.6438
1080504000;1.8;1093.0;115.0;5.5;789.0;105.0;1102.0;103.0;1329.0;788.0;13.4;43.2;0.6623
1080507600;1.1;968.0;75.0;3.3;669.0;67.0;1261.0;81.0;1246.0;538.0;12.3;46.8;0.6686
1080511200;1.1;960.0;65.0;3.2;666.0;63.0;1266.0;80.0;1224.0;544.0;11.9;46.5;0.6449
1080514800;1.1;942.0;57.0;2.9;648.0;63.0;1300.0;77.0;1204.0;500.0;11.5;46.6;0.6319
1080518400;0.9;888.0;40.0;2.2;598.0;46.0;1396.0;58.0;1156.0;417.0;10.6;48.0;0.6135
1080522000;0.6;818.0;27.0;1.3;524.0;21.0;1588.0;31.0;1071.0;341.0;10.7;45.8;0.5895
1080525600;0.5;840.0;23.0;1.1;509.0;22.0;1643.0;38.0;1076.0;352.0;10.4;46.6;0.5901
1080529200;0.7;894.0;28.0;1.3;524.0;-200.0;1557.0;-200.0;1095.0;397.0;10.1;47.8;0.5913
1080532800;0.6;864.0;21.0;1.2;516.0;39.0;1496.0;59.0;1153.0;502.0;11.3;46.9;0.628
1080536400;0.7;898.0;33.0;1.7;559.0;55.0;1441.0;70.0;1180.0;648.0;10.1;51.2;0.6341
1080540000;0.9;946.0;40.0;2.9;643.0;76.0;1309.0;75.0;1232.0;760.0;9.9;50.7;0.6167
1080543600;2.9;1309.0;279.0;14.3;1125.0;181.0;844.0;103.0;1687.0;1183.0;8.1;56.8;0.615
1080547200;4.1;1326.0;743.0;19.7;1289.0;259.0;714.0;134.0;1806.0;1431.0;10.9;44.1;0.5748
1080550800;1.5;966.0;147.0;5.5;786.0;118.0;1111.0;98.0;1258.0;705.0;11.8;37.6;0.5184
1080554400;1.5;975.0;97.0;5.6;793.0;119.0;1133.0;97.0;1254.0;637.0;13.9;33.2;0.5222
1080558000;1.5;988.0;118.0;5.8;803.0;123.0;1105.0;98.0;1293.0;658.0;15.6;30.1;0.5285
1080561600;1.4;971.0;91.0;5.5;786.0;92.0;1129.0;78.0;1272.0;546.0;16.5;29.0;0.5406
1080565200;1.6;1010.0;146.0;6.5;833.0;91.0;1070.0;83.0;1332.0;561.0;17.5;27.9;0.5517
1080568800;1.5;984.0;139.0;5.5;790.0;103.0;1131.0;92.0;1268.0;532.0;17.9;26.8;0.5446
1080572400;1.4;962.0;155.0;5.2;776.0;102.0;1131.0;81.0;1247.0;535.0;18.2;26.1;0.5387
1080576000;1.5;1012.0;128.0;5.8;801.0;94.0;1098.0;90.0;1289.0;525.0;18.0;27.1;0.5522
1080579600;1.9;1058.0;166.0;7.9;896.0;98.0;996.0;95.0;1358.0;603.0;17.0;28.9;0.5558
1080583200;2.5;1173.0;299.0;10.2;985.0;126.0;905.0;114.0;1477.0;802.0;16.1;31.3;0.568
1080586800;2.1;1127.0;163.0;8.2;907.0;108.0;957.0;106.0;1404.0;796.0;14.5;35.4;0.5839
1080590400;1.6;1020.0;154.0;5.7;797.0;95.0;1066.0;99.0;1302.0;689.0;13.2;37.9;0.5733
1080594000;1.2;949.0;80.0;3.8;700.0;78.0;1221.0;90.0;1178.0;553.0;13.1;34.4;0.517
1080597600;1.1;930.0;58.0;4.0;710.0;61.0;1278.0;82.0;1137.0;509.0;13.5;28.5;0.4405
1080601200;1.0;900.0;55.0;2.8;643.0;55.0;1339.0;74.0;1089.0;455.0;12.4;31.9;0.4583
1080604800;1.0;899.0;33.0;2.6;630.0;57.0;1418.0;76.0;1050.0;425.0;13.1;26.8;0.4023
1080608400;0.7;866.0;33.0;1.8;569.0;41.0;1468.0;66.0;1055.0;436.0;11.6;33.6;0.4595
1080612000;0.7;900.0;32.0;1.7;563.0;46.0;1402.0;73.0;1130.0;618.0;10.5;42.9;0.5442
1080615600;0.8;949.0;25.0;1.4;540.0;-200.0;1457.0;-200.0;1104.0;747.0;11.7;38.7;0.5298
1080619200;-200.0;897.0;29.0;1.3;529.0;41.0;1462.0;69.0;1101.0;693.0;12.2;37.2;0.5277
1080622800;0.7;956.0;26.0;2.3;605.0;52.0;1341.0;71.0;1117.0;691.0;12.9;33.9;0.5037
1080626400;1.1;1054.0;86.0;5.3;779.0;111.0;1080.0;98.0;1266.0;1013.0;11.3;40.3;0.5376
1080630000;2.6;1343.0;294.0;13.4;1096.0;191.0;839.0;115.0;1587.0;1311.0;11.9;38.4;0.5341
1080633600;4.0;1584.0;664.0;23.8;1399.0;244.0;642.0;130.0;1947.0;1675.0;13.3;35.6;0.5416
1080637200;4.2;1556.0;695.0;21.5;1337.0;283.0;674.0;150.0;1852.0;1689.0;16.3;28.8;0.5305
1080640800;4.7;1565.0;735.0;21.0;1324.0;320.0;695.0;159.0;1872.0;1688.0;17.9;28.2;0.5741
1080644400;3.9;1429.0;649.0;18.4;1251.0;249.0;734.0;146.0;1754.0;1548.0;18.3;26.6;0.5529
1080648000;3.7;1419.0;586.0;18.9;1267.0;219.0;742.0;138.0;1763.0;1490.0;20.8;22.5;0.5463
1080651600;3.4;1373.0;546.0;17.1;1213.0;200.0;791.0;128.0;1711.0;1354.0;22.4;20.0;0.5352
1080655200;2.2;1185.0;245.0;10.4;992.0;138.0;942.0;97.0;1448.0;1014.0;20.9;21.7;0.5295
1080658800;1.9;1122.0;178.0;8.0;897.0;118.0;991.0;91.0;1372.0;831.0;19.1;26.5;0.579
1080662400;1.6;1085.0;130.0;6.2;820.0;99.0;1060.0;81.0;1325.0;699.0;18.1;30.6;0.6295
1080666000;2.1;1249.0;151.0;9.7;968.0;112.0;874.0;99.0;1527.0;926.0;17.3;34.7;0.6788
1080669600;2.2;1236.0;272.0;9.6;962.0;117.0;853.0;101.0;1532.0;928.0;15.8;40.4;0.7228
1080673200;2.7;1334.0;301.0;11.9;1047.0;129.0;815.0;106.0;1638.0;1038.0;15.9;42.0;0.7541
1080676800;2.4;1264.0;237.0;8.7;928.0;132.0;884.0;102.0;1534.0;1035.0;15.9;43.5;0.779
1080680400;1.3;1073.0;95.0;4.7;746.0;73.0;1072.0;84.0;1360.0;789.0;15.0;46.1;0.7833
1080684000;1.2;1053.0;68.0;3.8;701.0;68.0;1147.0;81.0;1323.0;692.0;15.1;44.6;0.7574
1080687600;1.5;1098.0;101.0;4.7;747.0;80.0;1094.0;91.0;1360.0;764.0;14.9;43.5;0.7302
1080691200;1.3;1029.0;81.0;3.8;702.0;68.0;1180.0;82.0;1287.0;639.0;14.8;41.0;0.685
1080694800;1.0;973.0;50.0;2.7;631.0;44.0;1287.0;64.0;1240.0;541.0;14.8;40.8;0.6814
1080698400;0.9;972.0;66.0;2.8;639.0;47.0;1222.0;70.0;1256.0;678.0;14.8;40.8;0.6834
1080702000;0.5;832.0;22.0;1.0;496.0;-200.0;1613.0;-200.0;1066.0;381.0;14.2;36.1;0.5823
1080705600;0.5;851.0;18.0;0.8;477.0;15.0;1699.0;26.0;1064.0;343.0;14.5;36.1;0.5928
1080709200;0.6;909.0;31.0;1.5;545.0;44.0;1473.0;58.0;1131.0;436.0;14.6;36.0;0.5947
1080712800;1.0;1038.0;57.0;3.5;684.0;85.0;1220.0;93.0;1279.0;688.0;14.4;38.5;0.6291
1080716400;3.1;1636.0;342.0;15.6;1168.0;207.0;721.0;110.0;1926.0;1438.0;13.8;58.2;0.9129
1080720000;4.1;1580.0;644.0;19.9;1295.0;230.0;639.0;115.0;1957.0;1489.0;13.2;61.1;0.9256
1080723600;2.2;1262.0;216.0;8.6;924.0;181.0;872.0;125.0;1576.0;1093.0;10.4;74.4;0.9384
1080727200;1.7;1197.0;117.0;6.5;837.0;144.0;957.0;118.0;1498.0;965.0;11.5;71.0;0.9582
1080730800;1.9;1277.0;156.0;7.7;886.0;140.0;902.0;109.0;1579.0;1004.0;12.2;70.0;0.9924
1080734400;2.9;1430.0;332.0;11.3;1025.0;204.0;779.0;123.0;1772.0;1166.0;12.3;73.3;1.0442
1080738000;2.2;1242.0;232.0;9.1;944.0;149.0;846.0;114.0;1638.0;991.0;11.3;78.1;1.0411
1080741600;2.6;1349.0;295.0;11.2;1023.0;171.0;804.0;114.0;1748.0;1054.0;13.6;69.2;1.0746
1080745200;3.1;1390.0;386.0;13.5;1100.0;195.0;755.0;119.0;1799.0;1192.0;14.9;59.3;0.9974
1080748800;2.3;1224.0;278.0;10.1;980.0;152.0;850.0;111.0;1637.0;1055.0;15.7;50.9;0.8997
1080752400;2.4;1253.0;263.0;11.3;1026.0;128.0;810.0;103.0;1681.0;1048.0;15.2;52.9;0.9087
1080756000;2.8;1312.0;322.0;11.8;1041.0;121.0;821.0;103.0;1712.0;1073.0;15.5;50.8;0.8881
1080759600;2.7;1254.0;226.0;11.5;1033.0;142.0;819.0;107.0;1669.0;1068.0;14.3;52.9;0.8581
1080763200;2.3;1198.0;221.0;9.3;953.0;131.0;882.0;105.0;1588.0;1019.0;13.2;56.0;0.8446
1080766800;1.5;1060.0;109.0;5.5;787.0;81.0;1044.0;91.0;1418.0;833.0;12.6;57.0;0.8315
1080770400;1.4;1050.0;105.0;5.1;769.0;60.0;1078.0;79.0;1409.0;759.0;12.3;57.8;0.8224
1080774000;1.2;1029.0;84.0;4.8;754.0;57.0;1098.0;79.0;1395.0;749.0;12.0;58.4;0.8164
1080777600;1.6;1143.0;106.0;6.3;825.0;96.0;986.0;86.0;1477.0;978.0;12.0;61.6;0.8593
1080781200;1.2;1044.0;100.0;5.1;770.0;85.0;1031.0;70.0;1425.0;944.0;11.5;63.9;0.8652
1080784800;1.1;1034.0;71.0;4.1;716.0;50.0;1085.0;55.0;1405.0;891.0;10.7;67.2;0.863
1080788400;0.9;956.0;72.0;4.0;713.0;-200.0;1099.0;-200.0;1422.0;849.0;9.0;73.1;0.8394
1080792000;0.7;909.0;44.0;2.4;615.0;57.0;1237.0;49.0;1322.0;790.0;10.2;66.6;0.8299
1080795600;0.9;996.0;45.0;2.9;648.0;64.0;1176.0;50.0;1340.0;852.0;11.0;63.7;0.8325
1080799200;1.7;1154.0;134.0;7.4;876.0;153.0;1002.0;67.0;1561.0;987.0;9.6;68.8;0.8243
1080802800;4.2;1510.0;505.0;19.8;1291.0;342.0;675.0;94.0;1949.0;1435.0;9.5;69.6;0.8273
1080806400;6.2;1722.0;1042.0;31.9;1595.0;378.0;539.0;119.0;2439.0;1798.0;11.9;60.9;0.8455
1080810000;4.6;1512.0;737.0;21.0;1323.0;304.0;631.0;139.0;2001.0;1677.0;16.2;48.6;0.8892
1080813600;2.8;1258.0;375.0;11.7;1040.0;192.0;800.0;113.0;1701.0;1282.0;19.2;39.6;0.8693
1080817200;1.6;1094.0;124.0;6.8;850.0;130.0;970.0;88.0;1489.0;871.0;19.7;38.4;0.8743
1080820800;1.7;1129.0;137.0;7.4;875.0;106.0;974.0;73.0;1524.0;759.0;20.6;36.7;0.8797
1080824400;1.7;1125.0;179.0;8.6;924.0;102.0;937.0;73.0;1542.0;790.0;21.8;33.9;0.8771
1080828000;1.7;-200.0;222.0;-200.0;-200.0;99.0;-200.0;72.0;-200.0;-200.0;-200.0;-200.0;-200.0
1080831600;1.9;-200.0;197.0;-200.0;-200.0;108.0;-200.0;81.0;-200.0;-200.0;-200.0;-200.0;-200.0
1080835200;2.3;-200.0;319.0;-200.0;-200.0;131.0;-200.0;93.0;-200.0;-200.0;-200.0;-200.0;-200.0
1080838800;3.3;1308.0;388.0;16.4;1193.0;163.0;793.0;106.0;1193.0;1187.0;23.6;27.5;0.7913
1080842400;4.2;1529.0;589.0;21.2;1331.0;211.0;700.0;132.0;2028.0;1399.0;22.8;32.1;0.8814
1080846000;5.5;1592.0;840.0;25.0;1429.0;267.0;624.0;164.0;2089.0;1644.0;20.8;36.7;0.8878
1080849600;4.9;1536.0;655.0;20.2;1302.0;269.0;666.0;161.0;1922.0;1599.0;18.3;40.9;0.8493
1080853200;2.5;1192.0;254.0;10.8;1007.0;154.0;827.0;124.0;1604.0;1223.0;16.8;44.0;0.8341
1080856800;2.0;1186.0;188.0;9.9;976.0;127.0;844.0;113.0;1570.0;1200.0;15.8;48.0;0.8569
1080860400;2.0;1203.0;120.0;8.5;920.0;122.0;898.0;103.0;1529.0;1118.0;14.9;52.0;0.8757
1080864000;2.0;1139.0;157.0;8.0;899.0;126.0;921.0;104.0;1514.0;1067.0;14.1;54.4;0.8701
1080867600;1.3;1072.0;88.0;5.6;795.0;84.0;986.0;93.0;1442.0;1048.0;13.3;58.8;0.8922
1080871200;1.0;954.0;68.0;3.2;667.0;58.0;1180.0;60.0;1350.0;718.0;13.3;60.9;0.9229
1080874800;0.9;951.0;57.0;3.3;673.0;-200.0;1137.0;-200.0;1381.0;797.0;11.8;64.3;0.8869
1080878400;-200.0;926.0;36.0;2.8;638.0;37.0;1195.0;52.0;1342.0;749.0;11.2;65.9;0.8775
1080882000;0.7;968.0;51.0;2.6;628.0;56.0;1197.0;66.0;1372.0;737.0;11.3;72.9;0.9738
1080885600;1.1;1067.0;93.0;4.3;727.0;91.0;1055.0;82.0;1448.0;903.0;11.4;71.8;0.9671
1080889200;2.6;1386.0;284.0;13.0;1083.0;159.0;798.0;109.0;1833.0;1159.0;11.9;73.7;1.0254
1080892800;3.9;1474.0;486.0;20.3;1306.0;190.0;634.0;114.0;2060.0;1365.0;12.6;70.2;1.0221
1080896400;5.0;1569.0;798.0;20.7;1316.0;249.0;634.0;139.0;2054.0;1510.0;13.6;65.3;1.0136
1080900000;3.3;1375.0;524.0;15.9;1177.0;196.0;706.0;127.0;1898.0;1386.0;16.9;52.3;1.0013
1080903600;2.9;1328.0;468.0;14.2;1123.0;180.0;738.0;127.0;1821.0;1368.0;19.4;44.1;0.9855
1080907200;3.1;1341.0;454.0;15.9;1176.0;167.0;748.0;135.0;1825.0;1347.0;22.9;33.8;0.9322
1080910800;3.0;1297.0;461.0;16.1;1183.0;159.0;765.0;130.0;1773.0;1242.0;23.6;31.3;0.9001
1080914400;2.7;1303.0;391.0;14.7;1139.0;152.0;790.0;126.0;1761.0;1138.0;24.7;30.5;0.9371
1080918000;2.7;1281.0;337.0;14.0;1116.0;149.0;809.0;121.0;1703.0;1080.0;26.1;27.3;0.9101
1080921600;2.6;1248.0;297.0;13.6;1103.0;143.0;872.0;122.0;1632.0;1002.0;27.6;22.8;0.8288
1080925200;3.7;1382.0;588.0;19.7;1288.0;185.0;778.0;138.0;1799.0;1212.0;26.9;22.3;0.7792
1080928800;4.5;1491.0;721.0;23.3;1385.0;223.0;685.0;165.0;1915.0;1486.0;24.3;30.1;0.9012
1080932400;4.7;1620.0;710.0;24.1;1407.0;215.0;641.0;154.0;2052.0;1567.0;21.2;40.1;0.9978
1080936000;5.5;1693.0;787.0;25.4;1439.0;271.0;618.0;168.0;2083.0;1723.0;19.4;42.5;0.9483
1080939600;3.0;1374.0;415.0;14.1;1121.0;180.0;771.0;146.0;1685.0;1399.0;18.5;43.0;0.9074
1080943200;1.9;1287.0;245.0;10.1;982.0;115.0;841.0;124.0;1582.0;1291.0;17.8;47.0;0.9467
1080946800;2.3;1408.0;294.0;12.1;1052.0;149.0;761.0;124.0;1684.0;1443.0;16.8;53.2;1.01
1080950400;1.6;1254.0;139.0;9.0;941.0;98.0;828.0;106.0;1566.0;1270.0;17.1;51.8;0.999
1080954000;1.3;1141.0;98.0;6.3;827.0;73.0;936.0;88.0;1488.0;1110.0;16.2;54.2;0.9933
1080957600;1.2;1141.0;88.0;5.3;777.0;69.0;986.0;83.0;1455.0;1060.0;15.1;58.2;0.9886
1080961200;0.9;1042.0;66.0;3.8;697.0;-200.0;1056.0;-200.0;1410.0;965.0;15.1;57.6;0.9796
1080964800;0.8;986.0;57.0;3.0;651.0;60.0;1145.0;74.0;1380.0;891.0;14.5;58.0;0.9488
1080968400;0.8;1005.0;57.0;3.3;673.0;56.0;1103.0;64.0;1387.0;905.0;13.7;61.6;0.9631
1080972000;0.9;1041.0;60.0;3.5;683.0;73.0;1112.0;69.0;1398.0;899.0;13.9;59.6;0.9408
1080975600;2.0;1272.0;200.0;9.5;959.0;159.0;846.0;91.0;1660.0;1136.0;13.3;61.7;0.9399
1080979200;3.0;1436.0;451.0;15.2;1154.0;203.0;704.0;96.0;1872.0;1391.0;15.1;55.8;0.9486
1080982800;3.1;1472.0;422.0;14.3;1126.0;211.0;720.0;106.0;1816.0;1460.0;17.0;50.5;0.9684
1080986400;-200.0;1418.0;-200.0;11.2;1023.0;-200.0;785.0;-200.0;1720.0;1410.0;19.7;43.3;0.9837
1080990000;-200.0;1410.0;-200.0;11.4;1030.0;-200.0;781.0;-200.0;1743.0;1372.0;20.7;41.7;1.0092
1080993600;-200.0;1438.0;-200.0;13.4;1096.0;-200.0;781.0;-200.0;1779.0;1266.0;23.3;35.8;1.0098
1080997200;-200.0;1278.0;-200.0;10.6;1000.0;-200.0;866.0;-200.0;1621.0;1014.0;23.8;30.5;0.8897
1081000800;-200.0;1257.0;-200.0;10.8;1006.0;-200.0;915.0;-200.0;1573.0;870.0;24.8;27.0;0.8325
1081004400;-200.0;1331.0;-200.0;11.9;1046.0;-200.0;882.0;-200.0;1635.0;905.0;25.0;27.5;0.8575
1081008000;-200.0;1361.0;-200.0;13.5;1102.0;-200.0;834.0;-200.0;1704.0;991.0;25.8;26.5;0.8675
1081011600;-200.0;1398.0;-200.0;15.2;1156.0;-200.0;812.0;-200.0;1722.0;1076.0;25.1;27.1;0.8496
1081015200;-200.0;1483.0;-200.0;17.1;1213.0;-200.0;764.0;-200.0;1798.0;1249.0;23.7;28.6;0.8273
1081018800;-200.0;1697.0;-200.0;26.7;1471.0;-200.0;625.0;-200.0;2153.0;1548.0;22.1;36.8;0.9681
1081022400;-200.0;1459.0;-200.0;14.2;1124.0;-200.0;736.0;-200.0;1823.0;1300.0;19.9;47.5;1.0912
1081026000;-200.0;1268.0;-200.0;8.5;918.0;-200.0;873.0;-200.0;1602.0;1029.0;18.7;50.4;1.0772
1081029600;-200.0;1469.0;-200.0;14.3;1128.0;-200.0;762.0;-200.0;1870.0;1207.0;18.1;51.3;1.0587
1081033200;-200.0;1316.0;-200.0;9.3;952.0;-200.0;847.0;-200.0;1644.0;1047.0;17.5;53.8;1.0648
1081036800;-200.0;1224.0;-200.0;7.8;892.0;-200.0;884.0;-200.0;1580.0;923.0;16.7;56.5;1.0634
1081040400;-200.0;1215.0;-200.0;6.7;843.0;-200.0;929.0;-200.0;1551.0;862.0;15.9;59.2;1.0635
1081044000;-200.0;1115.0;-200.0;5.4;782.0;-200.0;980.0;-200.0;1500.0;752.0;15.2;62.4;1.0726
1081047600;-200.0;1124.0;-200.0;5.6;793.0;-200.0;965.0;-200.0;1521.0;791.0;14.7;65.0;1.0766
1081051200;-200.0;1028.0;-200.0;3.5;682.0;-200.0;1090.0;-200.0;1448.0;697.0;14.3;65.3;1.0594
1081054800;-200.0;1010.0;-200.0;3.0;650.0;-200.0;1171.0;-200.0;1434.0;664.0;13.7;66.5;1.0393
1081058400;-200.0;1074.0;-200.0;4.4;731.0;-200.0;1020.0;-200.0;1488.0;891.0;12.9;69.1;1.0264
1081062000;-200.0;1034.0;-200.0;3.5;684.0;-200.0;1110.0;-200.0;1423.0;813.0;13.7;64.8;1.0135
1081065600;-200.0;1130.0;-200.0;4.2;720.0;-200.0;1063.0;-200.0;1461.0;828.0;15.3;59.0;1.0181
1081069200;-200.0;1275.0;-200.0;8.0;900.0;-200.0;868.0;-200.0;1634.0;1057.0;18.1;49.8;1.0272
1081072800;-200.0;1324.0;-200.0;9.0;939.0;-200.0;846.0;-200.0;1658.0;1011.0;21.5;40.7;1.0301
1081076400;-200.0;1268.0;-200.0;8.1;902.0;-200.0;906.0;-200.0;1589.0;932.0;23.3;37.1;1.0457
1081080000;-200.0;1272.0;-200.0;8.6;924.0;-200.0;895.0;-200.0;1603.0;881.0;25.1;33.8;1.0594
1081083600;-200.0;1160.0;-200.0;7.1;860.0;-200.0;969.0;-200.0;1531.0;646.0;25.6;32.1;1.0393
1081087200;-200.0;1136.0;-200.0;5.6;792.0;-200.0;1057.0;-200.0;1476.0;536.0;25.8;31.1;1.0143
1081090800;-200.0;1296.0;-200.0;10.0;977.0;-200.0;863.0;-200.0;1642.0;746.0;26.1;30.8;1.0253
1081094400;-200.0;1345.0;-200.0;10.5;996.0;-200.0;841.0;-200.0;1678.0;833.0;24.4;36.0;1.085
1081098000;-200.0;1296.0;-200.0;10.1;983.0;-200.0;845.0;-200.0;1626.0;802.0;23.0;36.2;1.0053
1081101600;-200.0;1258.0;-200.0;10.0;977.0;-200.0;838.0;-200.0;1636.0;838.0;22.1;39.3;1.0336
1081105200;-200.0;1420.0;-200.0;13.0;1085.0;-200.0;755.0;-200.0;1756.0;1051.0;19.8;44.6;1.0208
1081108800;-200.0;1366.0;-200.0;10.5;997.0;-200.0;830.0;-200.0;1673.0;1041.0;18.5;48.9;1.0323
1081112400;-200.0;1113.0;-200.0;5.2;772.0;-200.0;989.0;-200.0;1493.0;646.0;16.6;56.1;1.0481
1081116000;-200.0;1196.0;-200.0;6.9;853.0;-200.0;909.0;-200.0;1556.0;769.0;15.8;58.8;1.0464
1081119600;-200.0;1188.0;-200.0;6.4;829.0;-200.0;930.0;-200.0;1540.0;785.0;15.3;60.8;1.0501
1081123200;-200.0;1102.0;-200.0;4.7;750.0;-200.0;1007.0;-200.0;1470.0;613.0;14.7;64.4;1.0717
1081126800;-200.0;969.0;-200.0;2.4;611.0;-200.0;1239.0;-200.0;1330.0;430.0;14.8;63.3;1.0584
1081130400;-200.0;983.0;-200.0;2.2;600.0;-200.0;1233.0;-200.0;1375.0;485.0;15.0;61.5;1.0418
1081134000;-200.0;876.0;-200.0;1.1;505.0;-200.0;1456.0;-200.0;1294.0;467.0;15.5;56.9;0.9961
1081137600;-200.0;884.0;-200.0;0.9;489.0;-200.0;1536.0;-200.0;1278.0;436.0;16.0;54.0;0.9742
1081141200;-200.0;1024.0;-200.0;3.1;658.0;-200.0;1175.0;-200.0;1417.0;682.0;13.5;63.9;0.9809
1081144800;-200.0;1126.0;-200.0;6.2;822.0;-200.0;945.0;-200.0;1541.0;927.0;12.9;65.3;0.9688
1081148400;-200.0;1415.0;-200.0;13.2;1089.0;-200.0;767.0;-200.0;1795.0;1192.0;13.4;62.5;0.9582
1081152000;-200.0;1631.0;-200.0;25.8;1449.0;-200.0;570.0;-200.0;2299.0;1615.0;14.5;58.8;0.963
1081155600;-200.0;1499.0;-200.0;18.2;1247.0;-200.0;647.0;-200.0;1972.0;1505.0;15.3;56.7;0.9773
1081159200;3.1;1461.0;424.0;14.3;1127.0;236.0;703.0;124.0;1836.0;1451.0;15.6;57.4;1.0075
1081162800;3.0;1430.0;339.0;13.7;1107.0;228.0;713.0;121.0;1853.0;1409.0;16.6;55.2;1.0382
1081166400;3.2;1498.0;445.0;15.7;1171.0;206.0;684.0;114.0;1942.0;1434.0;17.0;54.3;1.0434
1081170000;3.1;1454.0;535.0;15.4;1162.0;188.0;682.0;114.0;1915.0;1457.0;18.0;51.5;1.0552
1081173600;2.5;1402.0;278.0;12.6;1069.0;158.0;733.0;106.0;1793.0;1325.0;19.5;47.5;1.0653
1081177200;2.1;1327.0;256.0;9.8;971.0;124.0;803.0;89.0;1705.0;1120.0;21.6;41.7;1.0606
1081180800;2.0;1273.0;245.0;9.6;963.0;98.0;832.0;82.0;1662.0;931.0;22.2;38.3;1.0106
1081184400;3.2;1457.0;458.0;16.3;1190.0;160.0;678.0;111.0;1877.0;1212.0;20.3;42.8;1.0053
1081188000;4.1;1543.0;710.0;19.8;1290.0;194.0;631.0;132.0;2011.0;1353.0;19.7;45.4;1.0312
1081191600;3.9;1499.0;678.0;18.0;1239.0;174.0;651.0;121.0;1957.0;1359.0;18.8;47.5;1.0199
1081195200;3.1;1378.0;436.0;13.6;1102.0;157.0;742.0;116.0;1796.0;1273.0;17.9;49.4;1.0064
1081198800;2.0;1243.0;178.0;8.7;928.0;109.0;852.0;100.0;1622.0;1079.0;17.5;50.9;1.009
1081202400;1.7;1196.0;160.0;7.7;885.0;85.0;884.0;89.0;1589.0;973.0;17.4;51.8;1.023
1081206000;1.6;1137.0;177.0;7.3;869.0;90.0;890.0;92.0;1554.0;951.0;17.0;53.9;1.0363
1081209600;1.0;1015.0;101.0;4.1;718.0;61.0;1065.0;71.0;1428.0;714.0;16.6;55.4;1.0408
1081213200;0.8;978.0;66.0;2.7;635.0;36.0;1188.0;51.0;1382.0;579.0;15.9;57.0;1.0224
1081216800;0.5;933.0;40.0;1.5;547.0;25.0;1357.0;39.0;1336.0;542.0;15.0;59.2;1.0059
1081220400;0.5;927.0;54.0;1.9;579.0;-200.0;1267.0;-200.0;1370.0;562.0;14.5;61.4;1.0041
1081224000;0.5;908.0;39.0;1.8;569.0;24.0;1303.0;35.0;1360.0;526.0;14.1;61.6;0.9883
1081227600;0.8;980.0;62.0;3.4;677.0;73.0;1141.0;64.0;1435.0;659.0;14.6;58.8;0.9711
1081231200;1.7;1236.0;120.0;8.5;920.0;164.0;880.0;94.0;1641.0;1012.0;14.4;58.9;0.9594
1081234800;4.5;1664.0;599.0;24.1;1407.0;329.0;594.0;134.0;2198.0;1564.0;15.3;55.2;0.9538
1081238400;6.2;1757.0;1084.0;33.7;1636.0;302.0;494.0;129.0;2560.0;1806.0;16.2;52.5;0.9576
1081242000;4.4;1524.0;776.0;22.0;1350.0;256.0;588.0;125.0;2096.0;1604.0;18.4;46.3;0.9734
1081245600;2.9;1329.0;470.0;14.1;1119.0;182.0;707.0;107.0;1823.0;1288.0;19.6;41.8;0.9407
1081249200;1.6;1167.0;169.0;7.6;884.0;105.0;881.0;78.0;1580.0;931.0;20.2;40.1;0.937
1081252800;2.6;1369.0;304.0;14.5;1132.0;136.0;715.0;91.0;1818.0;1162.0;20.9;36.6;0.8939
1081256400;2.9;1284.0;405.0;13.6;1103.0;167.0;755.0;116.0;1704.0;1064.0;20.4;34.7;0.8229
1081260000;2.5;1221.0;297.0;11.5;1032.0;166.0;811.0;131.0;1630.0;913.0;19.3;35.4;0.7813
1081263600;1.9;1096.0;220.0;9.2;947.0;115.0;872.0;113.0;1519.0;684.0;18.6;36.9;0.7829
1081267200;1.9;1143.0;226.0;10.3;988.0;109.0;849.0;98.0;1590.0;710.0;18.8;36.8;0.7883
1081270800;2.7;1251.0;456.0;14.0;1116.0;143.0;760.0;116.0;1716.0;923.0;17.5;40.6;0.8068
1081274400;3.0;1268.0;470.0;15.0;1148.0;159.0;728.0;120.0;1776.0;1006.0;16.8;44.3;0.8428
1081278000;3.3;1314.0;503.0;15.1;1150.0;181.0;726.0;126.0;1784.0;1083.0;16.3;47.7;0.8746
1081281600;3.2;1315.0;459.0;14.8;1142.0;178.0;724.0;126.0;1807.0;1161.0;15.6;50.7;0.8947
1081285200;1.8;1095.0;227.0;8.5;918.0;91.0;896.0;90.0;1527.0;800.0;15.7;49.4;0.8768
1081288800;1.3;1027.0;152.0;5.9;808.0;76.0;996.0;81.0;1458.0;647.0;15.8;48.6;0.8653
1081292400;1.1;1012.0;94.0;4.8;752.0;66.0;1053.0;74.0;1393.0;649.0;15.7;47.0;0.8325
1081296000;0.9;948.0;93.0;4.0;710.0;56.0;1127.0;67.0;1352.0;575.0;15.7;45.9;0.8121
1081299600;0.7;889.0;49.0;2.3;603.0;35.0;1308.0;46.0;1271.0;455.0;15.6;44.9;0.792
1081303200;0.4;830.0;30.0;1.4;538.0;21.0;1475.0;30.0;1214.0;392.0;15.6;44.4;0.7827
1081306800;0.3;801.0;30.0;0.7;464.0;-200.0;1749.0;-200.0;1154.0;340.0;16.1;42.4;0.7718
1081310400;0.3;804.0;30.0;0.7;468.0;12.0;1826.0;19.0;1166.0;320.0;15.7;45.4;0.8063
1081314000;0.3;824.0;32.0;0.8;478.0;22.0;1705.0;32.0;1200.0;331.0;15.3;50.1;0.8617
1081317600;0.8;1000.0;59.0;3.6;688.0;55.0;1257.0;61.0;1398.0;426.0;14.2;58.6;0.9443
1081321200;2.8;1307.0;277.0;12.9;1082.0;152.0;777.0;111.0;1769.0;830.0;14.3;58.2;0.9431
1081324800;3.1;1286.0;454.0;15.7;1171.0;153.0;716.0;102.0;1821.0;1006.0;15.0;52.0;0.8817
1081328400;2.3;1150.0;211.0;8.6;925.0;152.0;865.0;116.0;1576.0;820.0;13.6;61.4;0.9519
1081332000;1.6;1087.0;196.0;7.4;876.0;112.0;911.0;96.0;1554.0;737.0;16.1;53.1;0.9675
1081335600;1.5;1016.0;110.0;6.6;839.0;119.0;991.0;97.0;1448.0;790.0;16.6;44.3;0.8294
1081339200;1.6;1029.0;164.0;7.8;892.0;122.0;937.0;110.0;1474.0;760.0;17.4;40.3;0.7922
1081342800;1.8;1109.0;151.0;9.1;943.0;115.0;883.0;103.0;1604.0;767.0;18.1;42.2;0.8679
1081346400;1.4;997.0;112.0;6.1;817.0;84.0;1030.0;79.0;1426.0;626.0;14.4;51.8;0.8433
1081350000;1.9;1177.0;117.0;7.5;880.0;146.0;927.0;104.0;1552.0;776.0;10.9;76.4;0.9953
1081353600;1.2;1045.0;120.0;5.9;808.0;65.0;1038.0;69.0;1421.0;589.0;16.4;47.7;0.8819
1081357200;2.3;1171.0;251.0;12.7;1073.0;120.0;847.0;96.0;1623.0;872.0;18.0;37.1;0.7598
1081360800;3.3;1221.0;435.0;13.5;1101.0;185.0;799.0;121.0;1700.0;996.0;14.7;48.7;0.8089
1081364400;3.1;1262.0;345.0;14.5;1133.0;157.0;774.0;129.0;1748.0;1033.0;11.3;71.3;0.9514
1081368000;3.3;1207.0;343.0;11.0;1013.0;174.0;876.0;116.0;1632.0;982.0;10.0;74.0;0.9087
1081371600;1.2;956.0;62.0;3.2;666.0;62.0;1235.0;71.0;1282.0;518.0;9.8;71.8;0.8702
1081375200;1.3;1020.0;70.0;4.3;727.0;81.0;1153.0;85.0;1391.0;631.0;9.3;75.2;0.8796
1081378800;1.9;1107.0;114.0;7.1;861.0;118.0;957.0;101.0;1510.0;879.0;9.6;76.0;0.9088
1081382400;1.4;1020.0;88.0;4.8;752.0;95.0;1074.0;97.0;1398.0;839.0;9.3;75.0;0.8799
1081386000;1.5;1051.0;95.0;5.7;798.0;84.0;1016.0;89.0;1455.0;876.0;9.0;76.7;0.8825
1081389600;1.1;965.0;83.0;4.1;716.0;56.0;1087.0;72.0;1383.0;827.0;8.2;79.6;0.8672
1081393200;0.8;890.0;63.0;3.3;672.0;-200.0;1183.0;-200.0;1338.0;781.0;7.6;80.6;0.8437
1081396800;-200.0;823.0;38.0;1.8;568.0;43.0;1366.0;57.0;1263.0;699.0;8.3;75.6;0.8302
1081400400;0.8;869.0;68.0;2.8;642.0;69.0;1291.0;62.0;1288.0;723.0;8.1;72.1;0.7798
1081404000;1.1;939.0;59.0;4.8;754.0;74.0;1169.0;64.0;1384.0;797.0;8.1;70.4;0.7609
1081407600;2.6;1274.0;226.0;13.8;1109.0;161.0;820.0;80.0;1723.0;1138.0;8.1;70.5;0.7627
1081411200;5.1;1512.0;802.0;27.1;1482.0;308.0;596.0;118.0;2189.0;1605.0;9.9;64.3;0.7859
1081414800;4.2;1435.0;585.0;19.1;1271.0;300.0;676.0;130.0;1885.0;1569.0;13.0;54.2;0.809
1081418400;2.6;1207.0;324.0;11.7;1041.0;189.0;813.0;113.0;1620.0;1319.0;16.5;42.6;0.7912
1081422000;2.4;1223.0;308.0;12.7;1075.0;164.0;818.0;112.0;1678.0;1198.0;19.3;34.2;0.7566
1081425600;2.1;1121.0;238.0;11.3;1026.0;122.0;865.0;96.0;1541.0;958.0;21.5;27.4;0.6941
1081429200;2.6;1176.0;301.0;14.2;1123.0;166.0;816.0;125.0;1609.0;1068.0;20.4;26.7;0.6323
1081432800;2.8;1144.0;294.0;13.9;1114.0;181.0;845.0;128.0;1551.0;1010.0;20.6;22.6;0.5432
1081436400;2.5;1136.0;353.0;13.2;1089.0;127.0;856.0;101.0;1552.0;928.0;20.6;24.8;0.5931
1081440000;1.9;1085.0;209.0;10.7;1004.0;106.0;888.0;95.0;1454.0;816.0;21.0;25.4;0.6264
1081443600;3.6;1297.0;538.0;19.7;1287.0;192.0;723.0;138.0;1798.0;1216.0;21.5;24.5;0.6203
1081447200;4.6;1408.0;808.0;24.0;1404.0;241.0;646.0;154.0;1972.0;1463.0;19.3;28.6;0.6357
1081450800;6.3;1618.0;974.0;29.1;1530.0;326.0;579.0;171.0;2167.0;1791.0;18.0;32.9;0.6737
1081454400;4.3;1319.0;544.0;15.8;1172.0;232.0;746.0;136.0;1699.0;1425.0;15.8;39.8;0.7096
1081458000;1.6;1045.0;138.0;7.0;857.0;92.0;968.0;93.0;1410.0;922.0;15.3;41.5;0.7194
1081461600;1.4;1058.0;92.0;6.3;824.0;95.0;993.0;99.0;1411.0;971.0;14.1;46.0;0.7363
1081465200;2.0;-200.0;137.0;-200.0;-200.0;129.0;-200.0;106.0;-200.0;-200.0;-200.0;-200.0;-200.0
1081468800;2.4;-200.0;189.0;-200.0;-200.0;154.0;-200.0;109.0;-200.0;-200.0;-200.0;-200.0;-200.0
1081472400;1.8;-200.0;159.0;-200.0;-200.0;118.0;-200.0;97.0;-200.0;-200.0;-200.0;-200.0;-200.0
1081476000;1.0;-200.0;80.0;-200.0;-200.0;69.0;-200.0;83.0;-200.0;-200.0;-200.0;-200.0;-200.0
1081479600;1.0;-200.0;66.0;-200.0;-200.0;-200.0;-200.0;-200.0;-200.0;-200.0;-200.0;-200.0;-200.0
1081483200;1.0;-200.0;87.0;-200.0;-200.0;97.0;-200.0;79.0;-200.0;-200.0;-200.0;-200.0;-200.0
1081486800;0.9;-200.0;79.0;-200.0;-200.0;145.0;-200.0;84.0;-200.0;-200.0;-200.0;-200.0;-200.0
1081490400;1.5;-200.0;150.0;-200.0;-200.0;169.0;-200.0;86.0;-200.0;-200.0;-200.0;-200.0;-200.0
1081494000;2.6;-200.0;196.0;-200.0;-200.0;250.0;-200.0;111.0;-200.0;-200.0;-200.0;-200.0;-200.0
1081497600;2.9;-200.0;299.0;-200.0;-200.0;215.0;-200.0;117.0;-200.0;-200.0;-200.0;-200.0;-200.0
1081501200;2.7;-200.0;254.0;-200.0;-200.0;237.0;-200.0;122.0;-200.0;-200.0;-200.0;-200.0;-200.0
1081504800;2.4;-200.0;226.0;-200.0;-200.0;190.0;-200.0;119.0;-200.0;-200.0;-200.0;-200.0;-200.0
1081508400;2.6;-200.0;262.0;-200.0;-200.0;219.0;-200.0;121.0;-200.0;-200.0;-200.0;-200.0;-200.0
1081512000;4.1;-200.0;505.0;-200.0;-200.0;294.0;-200.0;127.0;-200.0;-200.0;-200.0;-200.0;-200.0
1081515600;4.3;-200.0;512.0;-200.0;-200.0;253.0;-200.0;135.0;-200.0;-200.0;-200.0;-200.0;-200.0
1081519200;2.2;-200.0;159.0;-200.0;-200.0;176.0;-200.0;119.0;-200.0;-200.0;-200.0;-200.0;-200.0
1081522800;3.4;-200.0;337.0;-200.0;-200.0;243.0;-200.0;137.0;-200.0;-200.0;-200.0;-200.0;-200.0
1081526400;3.6;-200.0;357.0;-200.0;-200.0;214.0;-200.0;139.0;-200.0;-200.0;-200.0;-200.0;-200.0
1081530000;2.5;-200.0;194.0;-200.0;-200.0;141.0;-200.0;117.0;-200.0;-200.0;-200.0;-200.0;-200.0
1081533600;2.8;-200.0;278.0;-200.0;-200.0;166.0;-200.0;127.0;-200.0;-200.0;-200.0;-200.0;-200.0
1081537200;3.4;-200.0;303.0;-200.0;-200.0;197.0;-200.0;137.0;-200.0;-200.0;-200.0;-200.0;-200.0
1081540800;3.0;-200.0;234.0;-200.0;-200.0;191.0;-200.0;127.0;-200.0;-200.0;-200.0;-200.0;-200.0
1081544400;2.1;-200.0;128.0;-200.0;-200.0;159.0;-200.0;107.0;-200.0;-200.0;-200.0;-200.0;-200.0
1081548000;2.4;-200.0;160.0;-200.0;-200.0;175.0;-200.0;102.0;-200.0;-200.0;-200.0;-200.0;-200.0
1081551600;2.3;1176.0;169.0;8.4;917.0;157.0;866.0;95.0;1560.0;1151.0;12.0;67.9;0.9523
1081555200;1.3;1047.0;77.0;5.4;783.0;83.0;1014.0;79.0;1449.0;975.0;12.0;66.9;0.9336
1081558800;1.7;1116.0;98.0;6.9;854.0;118.0;929.0;78.0;1533.0;1034.0;11.5;70.1;0.9503
1081562400;1.7;1074.0;102.0;6.4;832.0;101.0;951.0;75.0;1507.0;980.0;11.4;69.8;0.939
1081566000;1.0;922.0;65.0;3.6;687.0;-200.0;1142.0;-200.0;1390.0;825.0;11.1;69.3;0.9128
1081569600;0.8;898.0;69.0;3.3;669.0;46.0;1163.0;52.0;1386.0;807.0;10.8;70.3;0.9092
1081573200;1.0;970.0;89.0;4.0;708.0;81.0;1121.0;55.0;1435.0;842.0;10.2;73.4;0.9129
1081576800;1.4;1073.0;134.0;6.0;812.0;112.0;988.0;65.0;1500.0;950.0;10.8;70.5;0.9142
1081580400;1.7;1081.0;157.0;8.2;906.0;150.0;895.0;72.0;1591.0;1024.0;11.0;71.0;0.9279
1081584000;2.0;1159.0;167.0;9.9;976.0;138.0;837.0;76.0;1663.0;1098.0;12.4;64.0;0.9206
1081587600;2.0;1112.0;157.0;8.8;931.0;124.0;869.0;84.0;1588.0;1011.0;15.0;53.1;0.8993
1081591200;1.9;1112.0;172.0;8.4;917.0;124.0;897.0;90.0;1542.0;931.0;16.6;44.4;0.8313
1081594800;2.1;1063.0;114.0;7.5;877.0;115.0;971.0;89.0;1481.0;811.0;18.0;38.4;0.7862
1081598400;1.8;1032.0;166.0;7.8;892.0;101.0;973.0;87.0;1457.0;756.0;20.6;30.0;0.7213
1081602000;1.5;936.0;94.0;6.4;829.0;90.0;1054.0;88.0;1336.0;607.0;19.9;26.7;0.6137
1081605600;1.3;883.0;108.0;5.1;766.0;90.0;1152.0;81.0;1238.0;498.0;19.8;23.1;0.5283
1081609200;1.4;942.0;98.0;6.9;852.0;89.0;1055.0;89.0;1318.0;540.0;21.4;22.7;0.5722
1081612800;1.5;943.0;132.0;6.8;850.0;92.0;1084.0;91.0;1296.0;544.0;22.1;21.3;0.5605
1081616400;1.7;1007.0;144.0;7.4;875.0;103.0;1027.0;104.0;1357.0;620.0;21.1;24.5;0.604
1081620000;2.0;1037.0;165.0;8.7;927.0;122.0;949.0;111.0;1426.0;740.0;18.3;31.6;0.6562
1081623600;2.5;1127.0;210.0;11.2;1022.0;159.0;871.0;129.0;1534.0;921.0;16.1;35.0;0.6372
1081627200;2.4;1123.0;277.0;10.5;996.0;172.0;861.0;133.0;1551.0;1033.0;14.8;41.5;0.6929
1081630800;2.0;1110.0;168.0;8.2;909.0;125.0;916.0;115.0;1487.0;984.0;13.2;50.3;0.7577
1081634400;2.9;1247.0;248.0;11.6;1037.0;187.0;812.0;125.0;1618.0;1193.0;12.3;55.5;0.7916
1081638000;2.5;1220.0;235.0;9.7;967.0;174.0;844.0;117.0;1545.0;1219.0;11.8;56.6;0.7833
1081641600;1.4;1028.0;84.0;5.1;770.0;75.0;1047.0;84.0;1326.0;913.0;11.2;56.2;0.7469
1081645200;1.2;978.0;75.0;4.0;711.0;48.0;1144.0;63.0;1304.0;750.0;11.0;56.6;0.7418
1081648800;1.0;949.0;62.0;3.7;694.0;61.0;1160.0;68.0;1310.0;772.0;9.3;64.3;0.7531
1081652400;1.0;910.0;66.0;4.0;709.0;-200.0;1162.0;-200.0;1329.0;712.0;8.8;66.0;0.7501
1081656000;-200.0;863.0;49.0;3.0;651.0;38.0;1224.0;52.0;1286.0;712.0;7.8;70.4;0.7463
1081659600;0.7;836.0;38.0;2.9;643.0;38.0;1244.0;49.0;1306.0;727.0;7.7;70.7;0.7463
1081663200;0.8;856.0;44.0;2.9;644.0;41.0;1259.0;49.0;1301.0;746.0;7.4;71.0;0.7346
1081666800;0.9;888.0;60.0;3.0;651.0;51.0;1240.0;52.0;1298.0;733.0;8.2;66.6;0.7283
1081670400;1.1;912.0;88.0;3.7;694.0;61.0;1196.0;58.0;1343.0;727.0;8.7;64.3;0.7267
1081674000;1.0;938.0;70.0;3.9;706.0;47.0;1177.0;51.0;1320.0;642.0;13.0;47.9;0.7116
1081677600;1.6;1053.0;94.0;6.2;823.0;87.0;1040.0;77.0;1386.0;810.0;17.4;35.4;0.699
1081681200;1.8;1087.0;126.0;7.3;870.0;107.0;1014.0;90.0;1412.0;851.0;20.2;29.2;0.683
1081684800;2.6;1153.0;181.0;9.2;945.0;161.0;969.0;118.0;1425.0;911.0;22.7;22.9;0.6224
1081688400;1.1;894.0;66.0;4.0;710.0;61.0;1209.0;70.0;1200.0;611.0;22.3;22.4;0.5955
1081692000;0.6;797.0;54.0;2.3;606.0;26.0;1452.0;35.0;1076.0;368.0;22.2;18.9;0.4993
1081695600;0.9;854.0;48.0;3.1;658.0;42.0;1409.0;46.0;1108.0;369.0;22.0;19.0;0.4969
1081699200;1.0;892.0;66.0;3.2;665.0;55.0;1348.0;58.0;1150.0;394.0;21.0;23.6;0.5788
1081702800;1.2;935.0;65.0;3.3;672.0;65.0;1299.0;61.0;1183.0;415.0;19.6;27.4;0.6162
1081706400;1.4;989.0;68.0;4.0;709.0;75.0;1225.0;80.0;1233.0;469.0;17.9;30.8;0.6258
1081710000;2.0;1063.0;118.0;5.7;797.0;93.0;1079.0;93.0;1285.0;607.0;16.4;35.3;0.6532
1081713600;1.1;922.0;65.0;3.4;674.0;63.0;1220.0;78.0;1205.0;498.0;15.6;37.5;0.6575
1081717200;1.1;925.0;63.0;3.5;680.0;60.0;1223.0;76.0;1217.0;481.0;15.5;36.7;0.6438
1081720800;1.1;924.0;61.0;2.9;648.0;63.0;1272.0;74.0;1186.0;465.0;14.5;39.0;0.6428
1081724400;1.1;914.0;63.0;3.1;661.0;66.0;1256.0;81.0;1187.0;478.0;14.2;38.2;0.6163
1081728000;0.7;840.0;31.0;1.6;556.0;41.0;1474.0;58.0;1094.0;366.0;13.7;38.3;0.5957
1081731600;0.6;799.0;29.0;1.1;514.0;42.0;1615.0;59.0;1036.0;332.0;14.1;34.0;0.5442
1081735200;0.7;856.0;34.0;2.0;581.0;36.0;1448.0;54.0;1111.0;346.0;14.6;34.0;0.5605
1081738800;0.6;830.0;34.0;1.7;560.0;-200.0;1452.0;-200.0;1066.0;350.0;14.4;32.8;0.5364
1081742400;0.3;753.0;9.0;0.7;462.0;16.0;1822.0;25.0;955.0;274.0;13.9;30.9;0.4868
1081746000;0.3;785.0;14.0;0.5;448.0;16.0;1923.0;26.0;1003.0;263.0;13.5;37.9;0.5852
1081749600;0.4;835.0;23.0;0.7;472.0;33.0;1756.0;49.0;1117.0;314.0;13.9;43.6;0.6871
1081753200;0.5;865.0;36.0;0.9;494.0;39.0;1613.0;53.0;1185.0;367.0;13.5;50.1;0.7706
1081756800;0.6;922.0;39.0;1.5;541.0;45.0;1453.0;57.0;1246.0;432.0;13.3;53.6;0.8169
1081760400;0.8;975.0;38.0;2.2;598.0;63.0;1268.0;73.0;1293.0;536.0;13.4;56.0;0.8576
1081764000;1.0;1040.0;55.0;2.9;646.0;71.0;1210.0;78.0;1325.0;555.0;13.0;59.6;0.886
1081767600;1.3;1115.0;75.0;3.9;707.0;104.0;1105.0;93.0;1384.0;677.0;12.7;62.7;0.9173
1081771200;1.1;1004.0;64.0;2.8;641.0;85.0;1201.0;71.0;1305.0;557.0;12.1;60.5;0.8505
1081774800;0.6;895.0;39.0;1.4;536.0;53.0;1415.0;56.0;1229.0;421.0;11.2;64.4;0.8537
1081778400;0.7;917.0;42.0;1.7;563.0;58.0;1415.0;60.0;1257.0;423.0;10.7;67.6;0.8703
1081782000;1.2;1025.0;78.0;3.6;689.0;89.0;1189.0;77.0;1325.0;519.0;11.4;61.2;0.8236
1081785600;1.4;1035.0;69.0;3.1;660.0;96.0;1222.0;82.0;1301.0;533.0;9.9;70.5;0.8581
1081789200;1.2;1025.0;67.0;3.5;682.0;88.0;1197.0;77.0;1313.0;537.0;10.3;65.2;0.8151
1081792800;1.3;1040.0;83.0;3.9;705.0;100.0;1149.0;91.0;1324.0;612.0;11.0;58.9;0.7714
1081796400;1.8;1070.0;79.0;5.2;776.0;127.0;1065.0;93.0;1369.0;697.0;10.6;59.5;0.7595
1081800000;1.2;964.0;68.0;3.7;692.0;88.0;1176.0;82.0;1292.0;573.0;10.6;57.7;0.7362
1081803600;0.8;904.0;56.0;2.7;635.0;66.0;1269.0;74.0;1233.0;489.0;10.6;56.1;0.7149
1081807200;0.8;913.0;49.0;2.6;626.0;61.0;1271.0;68.0;1234.0;474.0;10.3;58.0;0.7239
1081810800;0.8;914.0;56.0;2.4;610.0;54.0;1322.0;65.0;1230.0;455.0;10.4;58.4;0.7352
1081814400;0.7;893.0;48.0;2.0;587.0;46.0;1368.0;58.0;1219.0;433.0;10.7;58.2;0.7459
1081818000;0.5;844.0;27.0;1.3;532.0;25.0;1499.0;36.0;1176.0;376.0;10.5;59.9;0.7624
1081821600;0.3;837.0;29.0;1.2;518.0;18.0;1581.0;29.0;1182.0;360.0;10.5;60.8;0.7704
1081825200;0.4;868.0;32.0;1.3;530.0;-200.0;1482.0;-200.0;1215.0;384.0;10.6;63.1;0.8068
1081828800;0.3;825.0;47.0;0.9;489.0;21.0;1565.0;28.0;1171.0;363.0;11.1;60.1;0.7925
1081832400;0.7;956.0;66.0;3.1;656.0;76.0;1251.0;68.0;1356.0;525.0;10.1;68.4;0.8443
1081836000;1.6;1124.0;163.0;6.9;853.0;149.0;960.0;99.0;1531.0;873.0;10.0;68.7;0.8456
1081839600;3.9;1496.0;524.0;19.1;1272.0;328.0;667.0;130.0;2011.0;1399.0;11.0;64.2;0.8398
1081843200;4.5;1452.0;657.0;22.1;1354.0;282.0;620.0;128.0;2057.0;1501.0;12.0;58.1;0.8138
1081846800;2.7;1172.0;324.0;11.8;1042.0;206.0;797.0;120.0;1641.0;1186.0;12.8;52.0;0.7643
1081850400;1.6;1020.0;144.0;7.3;871.0;133.0;956.0;93.0;1426.0;911.0;12.6;50.8;0.7387
1081854000;1.6;1044.0;135.0;8.0;900.0;137.0;934.0;96.0;1471.0;919.0;13.8;47.4;0.7435
1081857600;1.6;1020.0;140.0;7.2;866.0;116.0;972.0;84.0;1429.0;791.0;15.1;42.7;0.7294
1081861200;1.5;1009.0;141.0;7.7;885.0;112.0;994.0;87.0;1439.0;751.0;16.3;38.1;0.7006
1081864800;1.8;1073.0;181.0;9.7;966.0;128.0;935.0;87.0;1537.0;805.0;16.6;36.7;0.6867
1081868400;2.1;1098.0;227.0;9.8;971.0;145.0;877.0;103.0;1527.0;966.0;15.8;40.5;0.7241
1081872000;1.7;1061.0;149.0;7.7;887.0;110.0;920.0;88.0;1462.0;869.0;16.3;41.8;0.7712
1081875600;3.0;1289.0;425.0;15.3;1158.0;184.0;755.0;118.0;1791.0;1196.0;16.1;42.8;0.7783
1081879200;4.6;1442.0;669.0;21.5;1337.0;243.0;630.0;134.0;2004.0;1523.0;15.3;46.8;0.8074
1081882800;5.0;1479.0;680.0;21.7;1343.0;259.0;631.0;144.0;1995.0;1579.0;14.7;47.0;0.7815
1081886400;3.5;1266.0;446.0;14.6;1138.0;205.0;726.0;129.0;1747.0;1370.0;14.1;49.6;0.7931
1081890000;2.1;1149.0;205.0;9.3;952.0;144.0;845.0;108.0;1577.0;1204.0;13.5;54.1;0.8351
1081893600;2.1;1168.0;194.0;9.4;954.0;152.0;843.0;104.0;1586.0;1201.0;12.3;59.2;0.8461
1081897200;1.5;1079.0;115.0;6.8;847.0;108.0;925.0;90.0;1463.0;1122.0;11.6;62.2;0.851
1081900800;1.1;1047.0;74.0;4.9;760.0;64.0;1032.0;74.0;1379.0;1003.0;11.5;61.4;0.8303
1081904400;0.9;936.0;85.0;3.9;705.0;73.0;1086.0;73.0;1364.0;918.0;10.9;64.6;0.8395
1081908000;0.7;900.0;66.0;2.7;635.0;47.0;1207.0;60.0;1307.0;836.0;11.1;63.2;0.8331
1081911600;0.4;839.0;60.0;1.9;576.0;-200.0;1325.0;-200.0;1285.0;759.0;10.7;64.4;0.8284
1081915200;-200.0;840.0;40.0;1.7;563.0;45.0;1349.0;57.0;1275.0;755.0;10.7;63.8;0.8174
1081918800;0.9;905.0;47.0;3.3;670.0;79.0;1191.0;62.0;1346.0;820.0;10.2;65.8;0.8196
1081922400;1.6;1079.0;116.0;7.4;875.0;113.0;947.0;71.0;1535.0;998.0;10.3;65.6;0.8225
1081926000;3.9;1417.0;478.0;18.2;1246.0;263.0;669.0;94.0;1921.0;1403.0;10.8;64.0;0.8307
1081929600;5.0;1529.0;836.0;27.7;1497.0;275.0;569.0;99.0;2278.0;1641.0;13.3;55.6;0.8453
1081933200;4.3;1397.0;655.0;18.3;1248.0;263.0;659.0;119.0;1906.0;1534.0;15.8;46.8;0.8328
1081936800;2.7;1214.0;312.0;12.3;1061.0;183.0;780.0;103.0;1662.0;1257.0;19.5;34.4;0.7738
1081940400;2.1;1109.0;195.0;8.9;935.0;147.0;882.0;95.0;1518.0;1026.0;21.1;30.2;0.745
1081944000;2.1;1122.0;238.0;10.4;993.0;132.0;859.0;95.0;1571.0;993.0;18.4;34.2;0.7185
1081947600;-200.0;1094.0;-200.0;9.7;966.0;-200.0;877.0;-200.0;1519.0;919.0;21.0;30.6;0.7538
1081951200;-200.0;1164.0;-200.0;12.8;1076.0;-200.0;788.0;-200.0;1653.0;1032.0;21.4;28.7;0.7231
1081954800;-200.0;1188.0;-200.0;12.9;1082.0;-200.0;790.0;-200.0;1653.0;1077.0;21.3;27.3;0.6856
1081958400;-200.0;1098.0;-200.0;8.9;934.0;-200.0;895.0;-200.0;1497.0;883.0;20.4;30.4;0.7193
1081962000;-200.0;1180.0;-200.0;11.0;1014.0;-200.0;826.0;-200.0;1595.0;1036.0;18.7;34.8;0.7436
1081965600;-200.0;1195.0;-200.0;12.6;1072.0;-200.0;799.0;-200.0;1609.0;1144.0;18.6;34.7;0.7369
1081969200;-200.0;1234.0;-200.0;13.3;1095.0;-200.0;789.0;-200.0;1638.0;1212.0;17.9;35.8;0.7276
1081972800;-200.0;1425.0;-200.0;18.1;1242.0;-200.0;675.0;-200.0;1858.0;1486.0;16.5;42.1;0.7856
1081976400;-200.0;1320.0;-200.0;13.0;1085.0;-200.0;730.0;-200.0;1689.0;1440.0;14.8;49.7;0.8321
1081980000;-200.0;1158.0;-200.0;7.8;892.0;-200.0;870.0;-200.0;1494.0;1242.0;13.4;54.3;0.8291
1081983600;-200.0;1060.0;-200.0;5.8;805.0;-200.0;964.0;-200.0;1418.0;1089.0;13.4;54.2;0.8319
1081987200;-200.0;1036.0;-200.0;4.7;746.0;-200.0;1034.0;-200.0;1364.0;993.0;12.3;57.6;0.8223
1081990800;-200.0;943.0;-200.0;3.1;660.0;-200.0;1163.0;-200.0;1297.0;862.0;11.6;58.8;0.7996
1081994400;-200.0;899.0;-200.0;2.1;591.0;-200.0;1243.0;-200.0;1259.0;815.0;10.7;62.3;0.7988
1081998000;-200.0;889.0;-200.0;1.7;559.0;-200.0;1331.0;-200.0;1241.0;714.0;10.2;63.2;0.7865
1082001600;-200.0;847.0;-200.0;1.3;527.0;-200.0;1416.0;-200.0;1216.0;682.0;10.5;61.3;0.7761
1082005200;-200.0;918.0;-200.0;2.6;625.0;-200.0;1255.0;-200.0;1298.0;744.0;9.3;65.8;0.7722
1082008800;-200.0;1105.0;-200.0;7.9;897.0;-200.0;906.0;-200.0;1510.0;1050.0;9.1;67.4;0.7814
1082012400;-200.0;1491.0;-200.0;21.4;1335.0;-200.0;625.0;-200.0;2001.0;1522.0;10.2;62.9;0.7831
1082016000;-200.0;1508.0;-200.0;22.1;1355.0;-200.0;609.0;-200.0;2034.0;1623.0;11.6;58.7;0.7999
1082019600;3.9;1489.0;536.0;19.1;1270.0;309.0;633.0;114.0;1889.0;1638.0;13.5;53.4;0.8196
1082023200;3.8;1451.0;481.0;17.3;1219.0;327.0;661.0;127.0;1804.0;1633.0;15.0;49.3;0.8364
1082026800;3.8;1454.0;460.0;17.5;1225.0;299.0;661.0;135.0;1809.0;1654.0;17.1;42.1;0.812
1082030400;3.9;1392.0;597.0;17.0;1210.0;257.0;689.0;135.0;1792.0;1559.0;18.4;36.9;0.7758
1082034000;3.5;1351.0;465.0;17.0;1210.0;195.0;709.0;120.0;1783.0;1374.0;19.3;35.4;0.7824
1082037600;4.0;1418.0;542.0;19.5;1282.0;231.0;681.0;129.0;1890.0;1418.0;19.2;35.7;0.7826
1082041200;3.0;1303.0;437.0;14.8;1143.0;170.0;748.0;114.0;1734.0;1228.0;21.5;30.4;0.7677
1082044800;3.1;1292.0;383.0;14.0;1116.0;192.0;746.0;129.0;1676.0;1293.0;19.6;34.6;0.7807
1082048400;5.2;1560.0;778.0;24.4;1413.0;251.0;594.0;149.0;2046.0;1642.0;19.6;35.5;0.8017
1082052000;5.9;1765.0;926.0;28.1;1507.0;289.0;533.0;149.0;2271.0;1895.0;18.3;44.1;0.9183
1082055600;7.3;1875.0;1189.0;33.7;1637.0;351.0;482.0;158.0;2446.0;2086.0;17.4;47.8;0.9392
1082059200;6.1;1746.0;824.0;24.2;1409.0;319.0;553.0;148.0;2119.0;1898.0;16.8;49.8;0.9446
1082062800;4.6;1607.0;660.0;19.8;1290.0;264.0;587.0;134.0;1960.0;1758.0;16.2;53.2;0.9723
1082066400;2.5;1277.0;203.0;9.3;952.0;144.0;802.0;111.0;1607.0;1284.0;14.9;59.1;0.9928
1082070000;2.2;1207.0;136.0;7.3;868.0;119.0;877.0;106.0;1532.0;1075.0;13.9;64.0;1.013
1082073600;2.0;1209.0;114.0;7.1;863.0;120.0;882.0;108.0;1547.0;1084.0;13.7;66.8;1.041
1082077200;1.9;1189.0;110.0;6.7;844.0;96.0;887.0;93.0;1566.0;1049.0;13.4;69.6;1.0688
1082080800;1.6;1132.0;127.0;6.0;810.0;77.0;899.0;83.0;1532.0;1021.0;12.8;71.9;1.0632
1082084400;1.0;974.0;68.0;2.7;635.0;-200.0;1159.0;-200.0;1387.0;778.0;12.9;68.5;1.0155
1082088000;1.0;1033.0;70.0;3.6;686.0;63.0;1030.0;69.0;1420.0;948.0;11.9;74.8;1.038
1082091600;1.2;1075.0;93.0;5.4;782.0;97.0;941.0;77.0;1505.0;988.0;11.6;76.4;1.0415
1082095200;2.0;1242.0;179.0;10.0;978.0;180.0;778.0;87.0;1686.0;1184.0;11.7;75.3;1.0325
1082098800;4.5;1657.0;523.0;23.2;1384.0;352.0;579.0;109.0;2176.0;1600.0;12.8;71.0;1.0428
1082102400;4.1;1406.0;546.0;18.7;1258.0;279.0;636.0;116.0;1890.0;1495.0;13.8;61.1;0.9595
1082106000;2.6;1150.0;251.0;9.9;973.0;186.0;827.0;105.0;1590.0;1188.0;15.3;51.4;0.8886
1082109600;2.3;1184.0;222.0;10.2;983.0;169.0;823.0;106.0;1604.0;1166.0;16.6;48.7;0.9146
1082113200;2.6;1223.0;212.0;11.0;1014.0;172.0;781.0;108.0;1666.0;1219.0;17.6;46.7;0.9324
1082116800;2.4;1196.0;263.0;10.5;997.0;127.0;802.0;100.0;1644.0;1128.0;19.2;42.7;0.9425
1082120400;4.3;1559.0;535.0;18.9;1267.0;230.0;653.0;149.0;2047.0;1373.0;15.7;62.5;1.1092
1082124000;4.6;1544.0;609.0;18.9;1266.0;280.0;613.0;148.0;2066.0;1415.0;14.5;75.7;1.2425
1082127600;4.0;1485.0;449.0;17.5;1223.0;242.0;650.0;126.0;1980.0;1302.0;14.4;77.4;1.2654
1082131200;4.7;1498.0;536.0;17.7;1230.0;250.0;649.0;140.0;1963.0;1308.0;14.6;74.9;1.2391
1082134800;5.7;1593.0;743.0;23.0;1378.0;309.0;582.0;142.0;2159.0;1449.0;14.6;76.0;1.2573
1082138400;5.2;1529.0;575.0;20.4;1309.0;270.0;627.0;141.0;2083.0;1385.0;14.0;76.3;1.2166
1082142000;6.4;1689.0;783.0;26.8;1474.0;323.0;560.0;149.0;2298.0;1492.0;13.9;78.0;1.2303
1082145600;6.0;1535.0;706.0;19.9;1295.0;307.0;627.0;140.0;2039.0;1380.0;13.8;78.0;1.2229
1082149200;3.4;1304.0;299.0;12.5;1067.0;224.0;737.0;117.0;1811.0;1167.0;13.5;79.4;1.2224
1082152800;2.7;1235.0;159.0;9.6;963.0;166.0;803.0;103.0;1680.0;1095.0;13.1;80.1;1.2016
1082156400;3.1;1281.0;171.0;10.0;977.0;171.0;794.0;99.0;1695.0;1105.0;12.8;81.0;1.1915
1082160000;2.6;1167.0;162.0;8.1;904.0;169.0;846.0;100.0;1627.0;1051.0;12.7;80.6;1.1819
1082163600;2.2;1134.0;111.0;7.1;863.0;120.0;869.0;88.0;1599.0;1009.0;12.5;81.8;1.1838
1082167200;1.9;1100.0;134.0;6.4;829.0;103.0;887.0;83.0;1565.0;972.0;12.7;81.2;1.1849
1082170800;-200.0;1057.0;-200.0;5.1;768.0;-200.0;958.0;-200.0;1527.0;884.0;12.4;82.4;1.1848
1082174400;-200.0;902.0;-200.0;3.0;652.0;-200.0;1158.0;-200.0;1437.0;661.0;12.6;79.9;1.1619
1082178000;-200.0;982.0;-200.0;4.2;724.0;-200.0;1055.0;-200.0;1508.0;774.0;12.8;80.0;1.1761
1082181600;-200.0;997.0;-200.0;5.1;769.0;-200.0;1002.0;-200.0;1524.0;868.0;12.6;79.9;1.1596
1082185200;-200.0;1141.0;-200.0;8.1;902.0;-200.0;905.0;-200.0;1672.0;965.0;12.5;79.6;1.1538
1082188800;-200.0;1163.0;-200.0;8.8;930.0;-200.0;849.0;-200.0;1691.0;985.0;12.8;80.8;1.1863
1082192400;-200.0;1107.0;-200.0;7.2;864.0;-200.0;911.0;-200.0;1604.0;963.0;13.5;78.1;1.1997
1082196000;-200.0;1228.0;-200.0;9.2;949.0;-200.0;838.0;-200.0;1706.0;1069.0;14.6;74.9;1.2348
1082199600;-200.0;1033.0;-200.0;6.0;810.0;-200.0;969.0;-200.0;1526.0;864.0;16.8;61.0;1.1599
1082203200;-200.0;984.0;-200.0;5.0;763.0;-200.0;1054.0;-200.0;1472.0;641.0;18.8;50.1;1.0769
1082206800;-200.0;1066.0;-200.0;7.5;879.0;-200.0;939.0;-200.0;1536.0;740.0;19.3;47.1;1.0445
1082210400;-200.0;926.0;-200.0;3.9;707.0;-200.0;1130.0;-200.0;1429.0;532.0;19.3;46.6;1.0298
1082214000;-200.0;979.0;-200.0;5.0;764.0;-200.0;1054.0;-200.0;1462.0;572.0;19.7;44.4;1.0081
1082217600;-200.0;993.0;-200.0;5.4;783.0;-200.0;1033.0;-200.0;1482.0;630.0;19.3;45.7;1.0161
1082221200;-200.0;970.0;-200.0;5.0;763.0;-200.0;1043.0;-200.0;1462.0;608.0;17.9;49.9;1.0135
1082224800;-200.0;997.0;-200.0;5.5;788.0;-200.0;1014.0;-200.0;1482.0;644.0;16.9;53.2;1.0179
1082228400;-200.0;1097.0;-200.0;7.8;892.0;-200.0;909.0;-200.0;1594.0;833.0;16.1;56.0;1.0151
1082232000;-200.0;1105.0;-200.0;8.2;908.0;-200.0;900.0;-200.0;1566.0;923.0;16.5;52.8;0.986
1082235600;-200.0;993.0;-200.0;5.3;777.0;-200.0;1022.0;-200.0;1482.0;790.0;16.9;51.1;0.9743
1082239200;-200.0;1136.0;-200.0;7.9;896.0;-200.0;919.0;-200.0;1623.0;961.0;17.0;50.8;0.9751
1082242800;-200.0;1297.0;-200.0;10.7;1003.0;-200.0;798.0;-200.0;1700.0;1177.0;16.9;54.8;1.0455
1082246400;-200.0;1110.0;-200.0;6.9;855.0;-200.0;897.0;-200.0;1568.0;943.0;16.3;57.2;1.0492
1082250000;-200.0;1027.0;-200.0;6.3;827.0;-200.0;942.0;-200.0;1529.0;742.0;16.0;56.2;1.0164
1082253600;-200.0;1024.0;-200.0;5.6;795.0;-200.0;982.0;-200.0;1501.0;705.0;15.6;60.2;1.0617
1082257200;-200.0;992.0;-200.0;5.4;783.0;-200.0;988.0;-200.0;1527.0;663.0;14.6;68.2;1.1282
1082260800;-200.0;929.0;-200.0;3.2;664.0;-200.0;1144.0;-200.0;1449.0;536.0;14.3;69.6;1.1257
1082264400;-200.0;892.0;-200.0;1.9;579.0;-200.0;1309.0;-200.0;1396.0;441.0;13.8;71.9;1.1312
1082268000;-200.0;895.0;-200.0;2.3;609.0;-200.0;1268.0;-200.0;1410.0;477.0;13.8;72.7;1.1402
1082271600;-200.0;915.0;-200.0;2.4;612.0;-200.0;1266.0;-200.0;1411.0;506.0;14.2;72.3;1.1632
1082275200;-200.0;947.0;-200.0;2.9;649.0;-200.0;1154.0;-200.0;1459.0;608.0;14.5;72.9;1.195
1082278800;-200.0;1032.0;-200.0;4.2;721.0;-200.0;1052.0;-200.0;1546.0;663.0;14.2;75.6;1.2201
1082282400;-200.0;1219.0;-200.0;6.8;849.0;-200.0;901.0;-200.0;1664.0;912.0;14.5;77.2;1.2695
1082286000;-200.0;1217.0;-200.0;7.3;869.0;-200.0;873.0;-200.0;1660.0;963.0;14.9;74.5;1.253
1082289600;-200.0;1097.0;-200.0;5.3;779.0;-200.0;980.0;-200.0;1565.0;803.0;15.5;67.4;1.178
1082293200;-200.0;938.0;-200.0;3.4;674.0;-200.0;1136.0;-200.0;1433.0;564.0;16.7;56.0;1.0544
1082296800;-200.0;944.0;-200.0;3.4;677.0;-200.0;1140.0;-200.0;1436.0;501.0;17.1;55.5;1.0724
1082300400;-200.0;1139.0;-200.0;6.8;847.0;-200.0;929.0;-200.0;1604.0;701.0;16.2;62.4;1.1423
1082304000;-200.0;1163.0;-200.0;7.0;859.0;-200.0;921.0;-200.0;1603.0;783.0;17.4;58.9;1.1567
1082307600;-200.0;1157.0;-200.0;7.7;885.0;-200.0;916.0;-200.0;1590.0;784.0;17.5;54.6;1.08
1082311200;-200.0;1154.0;-200.0;8.5;919.0;-200.0;876.0;-200.0;1623.0;861.0;17.5;54.2;1.0722
1082314800;-200.0;1342.0;-200.0;13.5;1102.0;-200.0;744.0;-200.0;1824.0;1156.0;17.0;55.1;1.0621
1082318400;-200.0;1178.0;-200.0;9.2;949.0;-200.0;847.0;-200.0;1653.0;1047.0;16.4;57.8;1.0669
1082322000;-200.0;1152.0;-200.0;8.7;926.0;-200.0;854.0;-200.0;1669.0;1034.0;15.8;60.4;1.0744
1082325600;-200.0;1078.0;-200.0;6.6;841.0;-200.0;920.0;-200.0;1595.0;962.0;15.5;63.3;1.1071
1082329200;-200.0;1167.0;-200.0;9.1;945.0;-200.0;826.0;-200.0;1702.0;1100.0;15.0;65.2;1.1045
1082332800;-200.0;1111.0;-200.0;7.8;890.0;-200.0;871.0;-200.0;1658.0;1047.0;14.5;67.3;1.1054
1082336400;-200.0;988.0;-200.0;4.2;722.0;-200.0;1029.0;-200.0;1500.0;874.0;14.1;70.1;1.1224
1082340000;-200.0;917.0;-200.0;3.4;677.0;-200.0;1103.0;-200.0;1494.0;747.0;13.8;73.3;1.1518
1082343600;-200.0;850.0;-200.0;1.7;562.0;-200.0;1275.0;-200.0;1407.0;589.0;13.1;78.3;1.1716
1082347200;-200.0;885.0;-200.0;2.1;589.0;-200.0;1238.0;-200.0;1443.0;635.0;13.0;78.2;1.1664
1082350800;-200.0;888.0;-200.0;2.2;597.0;-200.0;1242.0;-200.0;1428.0;671.0;14.3;70.1;1.1328
1082354400;-200.0;1101.0;-200.0;6.9;852.0;-200.0;913.0;-200.0;1655.0;992.0;14.0;70.9;1.1306
1082358000;-200.0;1399.0;-200.0;16.5;1195.0;-200.0;680.0;-200.0;1976.0;1308.0;15.4;64.2;1.1123
1082361600;-200.0;1325.0;-200.0;18.7;1260.0;-200.0;652.0;-200.0;1969.0;1303.0;16.5;57.9;1.0826
1082365200;-200.0;1058.0;-200.0;8.5;921.0;-200.0;876.0;-200.0;1594.0;893.0;18.8;48.0;1.0323
1082368800;-200.0;990.0;-200.0;6.8;846.0;-200.0;947.0;-200.0;1503.0;715.0;19.5;43.3;0.9706
1082372400;-200.0;1018.0;-200.0;7.5;879.0;-200.0;950.0;-200.0;1574.0;685.0;18.5;45.5;0.9606
1082376000;-200.0;1105.0;-200.0;10.9;1010.0;-200.0;811.0;-200.0;1709.0;947.0;18.0;46.7;0.9569
1082379600;-200.0;1194.0;-200.0;13.4;1097.0;-200.0;743.0;-200.0;1847.0;1049.0;16.5;58.2;1.0813
1082383200;-200.0;1088.0;-200.0;7.9;893.0;-200.0;892.0;-200.0;1565.0;741.0;12.1;75.6;1.0662
1082386800;-200.0;1084.0;-200.0;8.8;933.0;-200.0;872.0;-200.0;1602.0;801.0;11.1;75.6;0.9974
1082390400;-200.0;1207.0;-200.0;11.5;1032.0;-200.0;797.0;-200.0;1701.0;969.0;10.5;79.0;1.0016
1082394000;-200.0;1186.0;-200.0;11.8;1042.0;-200.0;808.0;-200.0;1684.0;1038.0;10.0;80.5;0.9853
1082397600;-200.0;1053.0;-200.0;8.3;911.0;-200.0;916.0;-200.0;1528.0;889.0;11.3;70.5;0.9389
1082401200;-200.0;1032.0;-200.0;7.9;895.0;-200.0;921.0;-200.0;1508.0;879.0;10.7;71.5;0.9197
1082404800;-200.0;989.0;-200.0;6.7;846.0;-200.0;960.0;-200.0;1476.0;846.0;9.9;74.0;0.9009
1082408400;-200.0;930.0;-200.0;4.6;745.0;-200.0;1085.0;-200.0;1391.0;712.0;10.8;68.2;0.8806
1082412000;-200.0;951.0;-200.0;5.0;766.0;-200.0;1056.0;-200.0;1431.0;747.0;10.2;74.0;0.9176
1082415600;-200.0;985.0;-200.0;5.3;780.0;-200.0;1017.0;-200.0;1444.0;791.0;10.1;77.5;0.9579
1082419200;-200.0;937.0;-200.0;3.9;703.0;-200.0;1136.0;-200.0;1377.0;637.0;9.9;77.7;0.9497
1082422800;-200.0;887.0;-200.0;2.9;648.0;-200.0;1222.0;-200.0;1357.0;553.0;9.5;80.2;0.9533
1082426400;-200.0;806.0;-200.0;1.5;544.0;-200.0;1429.0;-200.0;1290.0;449.0;9.5;79.7;0.9489
1082430000;-200.0;771.0;-200.0;0.8;483.0;-200.0;1587.0;-200.0;1277.0;485.0;9.7;78.9;0.9487
1082433600;-200.0;802.0;-200.0;1.2;519.0;-200.0;1523.0;-200.0;1315.0;540.0;9.8;80.0;0.967
1082437200;-200.0;878.0;-200.0;2.9;644.0;-200.0;1260.0;-200.0;1410.0;685.0;10.0;79.6;0.98
1082440800;-200.0;1070.0;-200.0;7.6;883.0;-200.0;942.0;-200.0;1625.0;925.0;10.3;79.4;0.9927
1082444400;-200.0;1430.0;-200.0;20.7;1316.0;-200.0;638.0;-200.0;2069.0;1382.0;11.0;77.4;1.0135
1082448000;-200.0;1565.0;-200.0;29.9;1549.0;-200.0;540.0;-200.0;2396.0;1645.0;12.3;69.2;0.9906
1082451600;-200.0;1365.0;-200.0;20.1;1299.0;-200.0;637.0;-200.0;1999.0;1514.0;14.5;60.4;0.9936
1082455200;-200.0;1348.0;-200.0;17.1;1214.0;-200.0;678.0;-200.0;1874.0;1509.0;16.0;56.3;1.0185
1082458800;-200.0;1311.0;-200.0;19.4;1279.0;-200.0;648.0;-200.0;1991.0;1520.0;18.1;51.1;1.0551
1082462400;-200.0;1302.0;-200.0;18.7;1260.0;-200.0;658.0;-200.0;1970.0;1471.0;23.0;37.5;1.0389
1082466000;-200.0;1250.0;-200.0;15.8;1173.0;-200.0;720.0;-200.0;1870.0;1282.0;21.8;39.6;1.0209
1082469600;-200.0;1083.0;-200.0;10.3;988.0;-200.0;859.0;-200.0;1643.0;1004.0;21.9;37.2;0.9683
1082473200;-200.0;1005.0;-200.0;7.9;894.0;-200.0;956.0;-200.0;1530.0;714.0;23.8;31.4;0.9132
1082476800;-200.0;1129.0;-200.0;13.7;1107.0;-200.0;844.0;-200.0;1742.0;940.0;25.9;26.9;0.8845
1082480400;-200.0;1327.0;-200.0;19.7;1289.0;-200.0;712.0;-200.0;1938.0;1272.0;25.8;29.9;0.9808
1082484000;-200.0;1428.0;-200.0;25.3;1437.0;-200.0;599.0;-200.0;2156.0;1526.0;22.6;39.5;1.0679
1082487600;-200.0;1426.0;-200.0;23.9;1400.0;-200.0;612.0;-200.0;2102.0;1488.0;19.9;45.0;1.0364
1082491200;-200.0;1310.0;-200.0;20.6;1313.0;-200.0;663.0;-200.0;1958.0;1475.0;17.9;47.4;0.9657
1082494800;-200.0;1114.0;-200.0;12.3;1059.0;-200.0;792.0;-200.0;1704.0;1182.0;16.8;50.4;0.9545
1082498400;-200.0;991.0;-200.0;7.7;889.0;-200.0;932.0;-200.0;1550.0;933.0;16.0;52.0;0.9375
1082502000;-200.0;1089.0;-200.0;9.0;940.0;-200.0;866.0;-200.0;1589.0;1001.0;14.2;59.1;0.952
1082505600;-200.0;911.0;-200.0;4.5;740.0;-200.0;1071.0;-200.0;1412.0;756.0;14.2;56.7;0.9111
1082509200;-200.0;1005.0;-200.0;5.8;802.0;-200.0;976.0;-200.0;1474.0;952.0;12.2;67.7;0.9625
1082512800;-200.0;863.0;-200.0;3.2;664.0;-200.0;1172.0;-200.0;1381.0;808.0;13.2;61.7;0.9328
1082516400;-200.0;857.0;-200.0;3.0;653.0;-200.0;1197.0;-200.0;1375.0;779.0;10.9;71.0;0.9249
1082520000;-200.0;804.0;-200.0;2.0;585.0;-200.0;1301.0;-200.0;1319.0;717.0;11.3;67.6;0.9038
1082523600;-200.0;871.0;-200.0;3.7;694.0;-200.0;1160.0;-200.0;1421.0;779.0;10.1;71.8;0.888
1082527200;-200.0;1035.0;-200.0;8.7;929.0;-200.0;887.0;-200.0;1599.0;1009.0;10.2;70.9;0.8841
1082530800;-200.0;1513.0;-200.0;27.0;1480.0;-200.0;572.0;-200.0;2249.0;1595.0;11.8;66.0;0.9085
1082534400;-200.0;1726.0;-200.0;40.3;1776.0;-200.0;478.0;-200.0;2684.0;1940.0;14.0;58.2;0.9271
1082538000;-200.0;1396.0;-200.0;20.0;1296.0;-200.0;619.0;-200.0;1991.0;1628.0;17.0;50.2;0.9646
1082541600;-200.0;1333.0;-200.0;17.1;1212.0;-200.0;668.0;-200.0;1854.0;1573.0;22.3;36.9;0.9838
1082545200;-200.0;1161.0;-200.0;11.0;1016.0;-200.0;849.0;-200.0;1642.0;1187.0;24.4;30.9;0.934
1082548800;-200.0;1081.0;-200.0;10.6;1000.0;-200.0;900.0;-200.0;1561.0;900.0;25.9;26.7;0.8771
1082552400;-200.0;1075.0;-200.0;10.5;998.0;-200.0;914.0;-200.0;1574.0;800.0;25.8;26.1;0.854
1082556000;-200.0;1055.0;-200.0;9.6;964.0;-200.0;953.0;-200.0;1513.0;770.0;26.3;24.8;0.8393
1082559600;-200.0;1053.0;-200.0;9.3;953.0;-200.0;988.0;-200.0;1483.0;758.0;27.0;22.2;0.7805
1082563200;-200.0;1087.0;-200.0;12.7;1075.0;-200.0;944.0;-200.0;1558.0;886.0;27.3;20.5;0.7308
1082566800;-200.0;1304.0;-200.0;19.8;1291.0;-200.0;765.0;-200.0;1838.0;1219.0;25.8;24.1;0.7912
1082570400;-200.0;1625.0;-200.0;32.5;1608.0;-200.0;601.0;-200.0;2271.0;1725.0;25.3;28.9;0.9151
1082574000;-200.0;1649.0;-200.0;33.6;1633.0;-200.0;584.0;-200.0;2328.0;1745.0;23.8;33.7;0.9786
1082577600;-200.0;1443.0;-200.0;26.0;1455.0;-200.0;635.0;-200.0;2073.0;1600.0;21.4;36.0;0.9059
1082581200;-200.0;1209.0;-200.0;16.4;1193.0;-200.0;753.0;-200.0;1737.0;1310.0;19.8;39.5;0.9016
1082584800;-200.0;1105.0;-200.0;10.6;1000.0;-200.0;847.0;-200.0;1573.0;1208.0;19.2;42.1;0.9273
1082588400;-200.0;1020.0;-200.0;7.1;863.0;-200.0;933.0;-200.0;1492.0;1074.0;18.8;45.8;0.9855
1082592000;-200.0;991.0;-200.0;6.4;828.0;-200.0;973.0;-200.0;1469.0;993.0;17.1;50.8;0.9828
1082595600;-200.0;937.0;-200.0;4.6;741.0;-200.0;1058.0;-200.0;1420.0;923.0;16.2;53.4;0.9775
1082599200;-200.0;882.0;-200.0;3.0;654.0;-200.0;1141.0;-200.0;1377.0;819.0;16.0;53.5;0.9691
1082602800;-200.0;843.0;-200.0;2.2;597.0;-200.0;1242.0;-200.0;1341.0;727.0;14.3;59.2;0.9601
1082606400;-200.0;819.0;-200.0;1.7;565.0;-200.0;1295.0;-200.0;1316.0;694.0;13.3;62.6;0.9498
1082610000;-200.0;834.0;-200.0;2.2;596.0;-200.0;1276.0;-200.0;1335.0;727.0;13.4;59.5;0.9097
1082613600;-200.0;977.0;-200.0;5.7;800.0;-200.0;990.0;-200.0;1474.0;926.0;12.2;64.1;0.9062
1082617200;-200.0;1234.0;-200.0;13.8;1109.0;-200.0;767.0;-200.0;1729.0;1194.0;13.9;57.2;0.9029
1082620800;-200.0;1403.0;-200.0;21.6;1340.0;-200.0;623.0;-200.0;2003.0;1502.0;15.2;53.2;0.9107
1082624400;-200.0;1538.0;-200.0;26.1;1458.0;-200.0;593.0;-200.0;2186.0;1743.0;19.2;41.6;0.9154
1082628000;-200.0;1343.0;-200.0;20.1;1299.0;-200.0;694.0;-200.0;1945.0;1542.0;23.7;30.6;0.8854
1082631600;-200.0;1243.0;-200.0;15.4;1162.0;-200.0;766.0;-200.0;1731.0;1354.0;26.1;26.8;0.8921
1082635200;-200.0;1201.0;-200.0;13.6;1102.0;-200.0;814.0;-200.0;1682.0;1175.0;28.1;24.4;0.9138
1082638800;-200.0;1121.0;-200.0;11.1;1020.0;-200.0;893.0;-200.0;1585.0;916.0;28.3;23.9;0.906
1082642400;-200.0;1087.0;-200.0;12.2;1055.0;-200.0;908.0;-200.0;1562.0;818.0;28.0;21.0;0.7814
1082646000;-200.0;1165.0;-200.0;17.5;1225.0;-200.0;824.0;-200.0;1676.0;1028.0;30.8;16.4;0.7167
1082649600;-200.0;1224.0;-200.0;19.1;1270.0;-200.0;806.0;-200.0;1739.0;1113.0;31.3;16.2;0.7262
1082653200;-200.0;1431.0;-200.0;27.1;1482.0;-200.0;679.0;-200.0;2025.0;1431.0;29.4;20.5;0.8262
1082656800;-200.0;1433.0;-200.0;28.3;1510.0;-200.0;661.0;-200.0;2038.0;1503.0;25.8;24.3;0.794
1082660400;-200.0;1527.0;-200.0;35.0;1664.0;-200.0;587.0;-200.0;2238.0;1775.0;23.8;29.5;0.8559
1082664000;-200.0;1387.0;-200.0;22.4;1361.0;-200.0;701.0;-200.0;1932.0;1505.0;22.0;34.8;0.908
1082667600;-200.0;1158.0;-200.0;13.5;1100.0;-200.0;835.0;-200.0;1659.0;1211.0;20.2;37.4;0.8748
1082671200;-200.0;1009.0;-200.0;8.2;907.0;-200.0;982.0;-200.0;1466.0;872.0;19.3;38.8;0.8559
1082674800;-200.0;1026.0;-200.0;7.8;890.0;-200.0;976.0;-200.0;1467.0;855.0;17.9;43.7;0.8856
1082678400;-200.0;1119.0;-200.0;10.0;979.0;-200.0;873.0;-200.0;1593.0;1170.0;17.2;47.9;0.9334
1082682000;-200.0;1000.0;-200.0;6.6;839.0;-200.0;958.0;-200.0;1467.0;1024.0;16.3;49.7;0.916
1082685600;-200.0;866.0;-200.0;3.4;675.0;-200.0;1155.0;-200.0;1337.0;841.0;16.7;46.5;0.8755
1082689200;-200.0;848.0;-200.0;2.8;642.0;-200.0;1202.0;-200.0;1325.0;760.0;14.6;53.0;0.8775
1082692800;-200.0;844.0;-200.0;2.3;608.0;-200.0;1213.0;-200.0;1314.0;803.0;14.1;53.9;0.8633
1082696400;0.6;852.0;46.0;2.9;646.0;59.0;1186.0;59.0;1321.0;793.0;14.2;52.2;0.8413
1082700000;0.8;923.0;56.0;4.9;757.0;72.0;1041.0;67.0;1418.0;906.0;14.3;55.4;0.9003
1082703600;4.0;1490.0;452.0;22.6;1368.0;244.0;627.0;95.0;2119.0;1541.0;14.0;58.0;0.9202
1082707200;5.6;1662.0;880.0;31.1;1576.0;351.0;523.0;123.0;2417.0;1861.0;15.4;53.3;0.9289
1082710800;5.0;1553.0;759.0;22.1;1354.0;358.0;621.0;142.0;2030.0;1895.0;19.1;42.1;0.9233
1082714400;3.2;1423.0;394.0;18.3;1247.0;245.0;706.0;142.0;1887.0;1684.0;23.7;31.0;0.8968
1082718000;3.8;1458.0;639.0;22.0;1350.0;240.0;677.0;169.0;1947.0;1731.0;26.9;25.7;0.8942
1082721600;3.3;1349.0;541.0;20.1;1299.0;179.0;728.0;142.0;1838.0;1402.0;29.7;20.6;0.8478
1082725200;3.0;1326.0;468.0;18.9;1265.0;160.0;757.0;136.0;1835.0;1246.0;29.2;21.5;0.8573
1082728800;3.2;1356.0;483.0;20.6;1312.0;174.0;729.0;147.0;1865.0;1342.0;29.6;20.1;0.8181
1082732400;4.4;1460.0;682.0;25.3;1438.0;260.0;680.0;196.0;1953.0;1489.0;30.0;19.4;0.81
1082736000;4.6;1497.0;698.0;25.8;1449.0;281.0;679.0;186.0;1985.0;1532.0;29.5;20.1;0.8136
1082739600;5.2;1645.0;832.0;30.6;1566.0;284.0;599.0;177.0;2228.0;1909.0;27.0;26.8;0.9403
1082743200;4.8;1557.0;872.0;27.1;1483.0;250.0;615.0;164.0;2087.0;1757.0;24.9;30.8;0.954
1082746800;5.6;1747.0;899.0;32.5;1608.0;281.0;557.0;161.0;2335.0;1983.0;23.1;36.7;1.0244
1082750400;4.6;1482.0;692.0;20.8;1319.0;230.0;660.0;146.0;1975.0;1703.0;21.5;40.8;1.0333
1082754000;1.8;1211.0;145.0;10.9;1010.0;98.0;816.0;98.0;1619.0;1246.0;20.5;41.5;0.9864
1082757600;2.2;1294.0;208.0;13.0;1083.0;121.0;770.0;108.0;1687.0;1321.0;19.2;44.9;0.9875
1082761200;2.0;1300.0;204.0;11.8;1043.0;110.0;777.0;107.0;1659.0;1375.0;18.8;47.7;1.0221
1082764800;2.8;1402.0;240.0;13.4;1098.0;161.0;736.0;113.0;1729.0;1456.0;18.2;49.7;1.0284
1082768400;2.6;1349.0;251.0;13.4;1097.0;148.0;707.0;100.0;1763.0;1442.0;16.1;57.4;1.0451
1082772000;1.8;1161.0;173.0;9.0;938.0;109.0;827.0;87.0;1597.0;1243.0;16.3;55.3;1.0178
1082775600;1.1;1022.0;113.0;5.8;802.0;-200.0;916.0;-200.0;1481.0;1078.0;15.7;53.6;0.9483
1082779200;-200.0;948.0;55.0;3.8;700.0;45.0;1045.0;60.0;1430.0;939.0;16.9;49.8;0.9514
1082782800;0.7;933.0;65.0;3.7;697.0;71.0;1045.0;65.0;1403.0;937.0;14.8;57.7;0.9644
1082786400;0.9;1021.0;119.0;5.7;800.0;75.0;931.0;64.0;1483.0;1019.0;14.0;59.7;0.9499
1082790000;1.5;1134.0;151.0;10.0;979.0;106.0;794.0;73.0;1639.0;1140.0;14.6;56.8;0.9385
1082793600;2.5;1311.0;305.0;15.0;1147.0;166.0;681.0;86.0;1838.0;1351.0;16.7;51.9;0.9788
1082797200;3.0;1409.0;415.0;15.6;1169.0;188.0;685.0;105.0;1874.0;1459.0;20.0;45.0;1.039
1082800800;2.6;1301.0;321.0;12.3;1059.0;161.0;787.0;107.0;1727.0;1297.0;23.9;33.7;0.9837
1082804400;2.6;1354.0;358.0;14.4;1130.0;139.0;765.0;114.0;1808.0;1291.0;26.8;29.5;1.0209
1082808000;2.6;1391.0;350.0;14.6;1136.0;134.0;738.0;105.0;1840.0;1296.0;27.2;32.4;1.1493
1082811600;1.9;1200.0;238.0;8.7;929.0;84.0;879.0;74.0;1623.0;972.0;26.9;32.1;1.1217
1082815200;2.0;1338.0;215.0;11.0;1016.0;98.0;798.0;95.0;1766.0;1194.0;24.3;41.8;1.2561
1082818800;1.7;1223.0;192.0;9.0;938.0;91.0;884.0;89.0;1610.0;880.0;25.6;36.0;1.1629
1082822400;1.9;1278.0;205.0;10.7;1003.0;99.0;845.0;95.0;1691.0;909.0;27.0;31.8;1.1176
1082826000;1.8;1257.0;165.0;9.9;973.0;90.0;860.0;93.0;1634.0;839.0;27.5;31.6;1.1417
1082829600;2.8;1497.0;283.0;15.7;1171.0;147.0;725.0;123.0;1899.0;1248.0;24.9;38.1;1.1838
1082833200;3.5;1567.0;467.0;19.4;1280.0;177.0;661.0;134.0;1970.0;1476.0;23.4;39.7;1.1276
1082836800;3.4;1503.0;485.0;16.8;1203.0;162.0;651.0;126.0;1863.0;1502.0;21.2;50.8;1.2631
1082840400;2.0;1169.0;202.0;6.8;850.0;88.0;906.0;79.0;1584.0;873.0;15.6;73.5;1.2953
1082844000;1.1;1007.0;64.0;3.0;650.0;53.0;1157.0;54.0;1404.0;528.0;12.9;79.7;1.1774
1082847600;1.3;1004.0;71.0;3.2;667.0;68.0;1157.0;69.0;1365.0;492.0;11.5;76.9;1.0436
1082851200;1.2;967.0;84.0;3.1;661.0;61.0;1181.0;67.0;1321.0;463.0;12.2;66.8;0.9455
1082854800;1.3;984.0;70.0;3.9;707.0;71.0;1131.0;73.0;1359.0;494.0;12.4;64.1;0.9209
1082858400;1.0;931.0;61.0;3.6;689.0;63.0;1161.0;73.0;1317.0;503.0;12.7;58.7;0.8605
1082862000;1.3;966.0;92.0;4.5;737.0;-200.0;1083.0;-200.0;1363.0;581.0;12.6;58.6;0.8529
1082865600;-200.0;777.0;40.0;1.2;521.0;23.0;1535.0;33.0;1121.0;350.0;12.5;51.2;0.7374
1082869200;0.3;763.0;20.0;0.7;471.0;14.0;1783.0;20.0;1098.0;305.0;12.5;50.9;0.7346
1082872800;0.5;804.0;31.0;1.1;505.0;34.0;1718.0;37.0;1148.0;329.0;12.8;49.3;0.7285
1082876400;0.6;830.0;41.0;1.4;535.0;42.0;1496.0;50.0;1184.0;375.0;13.5;48.6;0.7487
1082880000;0.6;833.0;40.0;1.6;553.0;40.0;1476.0;45.0;1180.0;373.0;14.4;45.9;0.7476
1082883600;0.8;875.0;35.0;2.3;603.0;48.0;1370.0;48.0;1206.0;385.0;15.1;43.9;0.7487
1082887200;1.0;882.0;44.0;2.5;621.0;61.0;1346.0;56.0;1216.0;403.0;16.6;38.6;0.7236
1082890800;0.9;862.0;71.0;2.7;635.0;58.0;1320.0;58.0;1193.0;393.0;17.2;35.0;0.6789
1082894400;1.0;863.0;66.0;2.7;636.0;57.0;1290.0;52.0;1185.0;388.0;17.4;33.9;0.6683
1082898000;0.8;830.0;46.0;2.2;596.0;54.0;1389.0;52.0;1145.0;371.0;17.9;30.7;0.6234
1082901600;0.7;807.0;50.0;2.0;584.0;41.0;1488.0;44.0;1104.0;347.0;18.3;27.2;0.5675
1082905200;0.9;873.0;51.0;3.4;675.0;57.0;1343.0;59.0;1181.0;396.0;19.4;25.7;0.5738
1082908800;1.3;931.0;64.0;4.5;739.0;83.0;1274.0;74.0;1219.0;474.0;20.2;24.1;0.563
1082912400;1.4;918.0;138.0;4.7;748.0;81.0;1228.0;76.0;1219.0;505.0;19.6;24.9;0.5625
1082916000;1.5;1001.0;137.0;6.0;811.0;98.0;1122.0;83.0;1344.0;625.0;18.5;27.8;0.5843
1082919600;2.7;1169.0;303.0;11.7;1039.0;124.0;883.0;100.0;1550.0;941.0;17.8;30.3;0.6129
1082923200;2.5;1085.0;204.0;8.2;907.0;133.0;976.0;101.0;1419.0;893.0;16.6;34.0;0.6353
1082926800;1.4;940.0;95.0;5.1;769.0;100.0;1103.0;90.0;1310.0;731.0;15.5;37.0;0.6447
1082930400;2.8;1126.0;347.0;13.0;1083.0;116.0;875.0;93.0;1654.0;955.0;14.8;39.5;0.6595
1082934000;2.1;978.0;252.0;7.0;858.0;102.0;1013.0;79.0;1379.0;761.0;14.5;42.0;0.6896
1082937600;1.1;893.0;66.0;3.9;703.0;55.0;1192.0;57.0;1283.0;515.0;14.1;44.9;0.7206
1082941200;0.7;838.0;45.0;2.2;601.0;33.0;1361.0;43.0;1220.0;434.0;14.2;45.5;0.7333
1082944800;0.4;803.0;36.0;1.3;527.0;17.0;1513.0;25.0;1152.0;369.0;14.1;45.3;0.7247
1082948400;0.3;775.0;26.0;0.8;477.0;-200.0;1722.0;-200.0;1115.0;335.0;14.0;44.3;0.7038
1082952000;-200.0;767.0;17.0;0.6;454.0;10.0;1826.0;17.0;1091.0;319.0;14.1;43.0;0.689
1082955600;0.4;809.0;21.0;1.2;521.0;35.0;1575.0;44.0;1158.0;378.0;13.9;43.9;0.6923
1082959200;0.8;898.0;60.0;3.4;676.0;70.0;1271.0;72.0;1307.0;517.0;14.0;43.8;0.6959
1082962800;1.9;1053.0;155.0;7.5;880.0;116.0;982.0;91.0;1464.0;786.0;14.4;43.6;0.7113
1082966400;2.1;1033.0;235.0;8.9;934.0;134.0;917.0;89.0;1490.0;844.0;15.0;41.7;0.7093
1082970000;1.4;941.0;89.0;5.3;780.0;113.0;1080.0;84.0;1343.0;720.0;16.3;38.4;0.7052
1082973600;1.4;941.0;76.0;5.4;782.0;110.0;1102.0;83.0;1328.0;668.0;18.3;32.3;0.676
1082977200;1.3;917.0;101.0;5.2;772.0;98.0;1098.0;78.0;1311.0;605.0;18.8;31.7;0.6821
1082980800;1.5;977.0;109.0;6.6;837.0;96.0;1038.0;80.0;1413.0;646.0;19.6;30.9;0.6968
1082984400;1.6;994.0;143.0;6.9;851.0;95.0;1018.0;75.0;1436.0;640.0;20.2;30.7;0.7176
1082988000;1.3;942.0;104.0;5.4;785.0;86.0;1065.0;77.0;1365.0;571.0;19.7;32.5;0.7396
1082991600;1.4;981.0;107.0;6.0;810.0;86.0;1060.0;77.0;1395.0;605.0;20.7;31.6;0.7602
1082995200;1.5;984.0;133.0;6.4;832.0;91.0;1034.0;81.0;1410.0;636.0;20.0;32.7;0.7545
1082998800;2.2;1116.0;171.0;10.7;1003.0;119.0;864.0;101.0;1625.0;886.0;18.6;35.4;0.7535
1083002400;3.2;1181.0;405.0;13.9;1114.0;147.0;787.0;119.0;1685.0;1032.0;18.3;35.9;0.7501
1083006000;3.0;1163.0;334.0;12.5;1068.0;135.0;811.0;111.0;1616.0;977.0;17.8;37.5;0.7568
1083009600;2.6;1081.0;236.0;9.3;950.0;124.0;907.0;109.0;1496.0;924.0;17.3;38.8;0.7584
1083013200;1.6;1017.0;99.0;6.7;842.0;89.0;1000.0;101.0;1441.0;846.0;17.3;38.8;0.7596
1083016800;1.5;966.0;93.0;5.3;778.0;79.0;1057.0;89.0;1359.0;755.0;16.4;40.8;0.7542
1083020400;1.2;924.0;82.0;4.0;709.0;63.0;1158.0;75.0;1318.0;610.0;16.0;41.4;0.7487
1083024000;0.8;861.0;51.0;2.2;601.0;39.0;1351.0;51.0;1225.0;439.0;15.4;43.0;0.7482
1083027600;0.7;826.0;41.0;1.7;560.0;25.0;1424.0;39.0;1197.0;402.0;15.7;42.5;0.7539
1083031200;0.5;846.0;31.0;1.6;557.0;19.0;1385.0;32.0;1212.0;406.0;15.6;43.4;0.7651
1083034800;0.5;842.0;41.0;1.5;545.0;-200.0;1423.0;-200.0;1224.0;424.0;15.2;45.8;0.7864
1083038400;-200.0;909.0;41.0;2.5;617.0;34.0;1236.0;49.0;1302.0;558.0;14.7;49.9;0.828
1083042000;0.7;930.0;38.0;3.3;670.0;58.0;1143.0;68.0;1339.0;746.0;15.5;47.3;0.8282
1083045600;1.4;1120.0;111.0;8.9;935.0;112.0;843.0;76.0;1593.0;1126.0;14.4;53.1;0.8677
1083049200;4.1;1518.0;584.0;23.4;1389.0;314.0;589.0;122.0;2101.0;1703.0;15.9;48.5;0.8704
1083052800;4.6;1461.0;633.0;23.8;1398.0;240.0;630.0;129.0;2050.0;1628.0;18.1;40.3;0.8294
1083056400;1.9;1075.0;145.0;7.9;896.0;128.0;938.0;94.0;1487.0;936.0;19.6;35.9;0.81
1083060000;1.9;1061.0;155.0;8.2;908.0;141.0;968.0;99.0;1455.0;890.0;22.8;29.1;0.796
1083063600;1.7;1066.0;128.0;8.8;931.0;118.0;979.0;81.0;1474.0;757.0;24.8;25.3;0.7793
1083067200;2.4;1179.0;255.0;14.6;1137.0;132.0;829.0;87.0;1651.0;949.0;27.2;22.0;0.7785
1083070800;3.0;1251.0;411.0;18.0;1238.0;150.0;773.0;107.0;1779.0;1109.0;28.2;20.4;0.7677
1083074400;2.0;1120.0;173.0;12.0;1048.0;121.0;898.0;95.0;1560.0;870.0;25.4;24.2;0.7733
1083078000;2.7;1187.0;277.0;14.8;1142.0;149.0;840.0;110.0;1651.0;1011.0;25.7;23.8;0.7737
1083081600;2.2;1145.0;259.0;12.5;1066.0;120.0;903.0;99.0;1592.0;885.0;27.2;22.1;0.7811
1083085200;2.9;1215.0;274.0;15.5;1164.0;155.0;817.0;113.0;1689.0;1015.0;27.0;22.3;0.786
1083088800;3.4;1317.0;377.0;17.7;1231.0;172.0;766.0;127.0;1798.0;1155.0;24.5;27.8;0.8433
1083092400;3.9;1388.0;457.0;21.6;1341.0;177.0;702.0;131.0;1955.0;1315.0;23.7;30.2;0.8718
1083096000;3.6;1295.0;555.0;18.9;1266.0;181.0;716.0;137.0;1849.0;1359.0;21.5;34.5;0.8746
1083099600;2.5;1153.0;279.0;12.5;1066.0;135.0;811.0;122.0;1651.0;1194.0;19.9;37.8;0.8675
1083103200;1.8;1078.0;137.0;8.8;932.0;99.0;905.0;100.0;1511.0;951.0;18.9;40.6;0.8771
1083106800;2.0;1133.0;203.0;10.9;1012.0;111.0;806.0;108.0;1608.0;1054.0;17.9;43.5;0.884
1083110400;1.3;1055.0;101.0;8.0;899.0;72.0;880.0;83.0;1504.0;980.0;17.4;46.3;0.9112
1083114000;1.0;953.0;86.0;4.4;735.0;54.0;999.0;74.0;1396.0;898.0;18.1;44.7;0.9186
1083117600;0.6;892.0;51.0;2.8;639.0;41.0;1139.0;64.0;1359.0;803.0;16.5;50.1;0.9331
1083121200;0.6;895.0;47.0;2.7;632.0;-200.0;1167.0;-200.0;1347.0;684.0;14.2;56.9;0.9141
1083124800;-200.0;859.0;35.0;2.2;602.0;24.0;1209.0;40.0;1321.0;644.0;14.7;56.2;0.9341
1083128400;0.5;856.0;33.0;2.5;619.0;29.0;1191.0;39.0;1345.0;677.0;16.3;52.8;0.9722
1083132000;1.1;1030.0;95.0;7.5;880.0;76.0;892.0;69.0;1539.0;996.0;13.9;60.7;0.9597
1083135600;5.5;1689.0;754.0;30.4;1560.0;321.0;529.0;104.0;2396.0;1736.0;15.0;58.3;0.9876
1083139200;4.2;1486.0;588.0;22.0;1351.0;274.0;571.0;100.0;2112.0;1692.0;16.1;54.8;0.996
1083142800;4.6;1592.0;658.0;24.7;1423.0;322.0;577.0;146.0;2155.0;2108.0;19.3;46.4;1.0248
1083146400;3.4;1469.0;372.0;18.4;1252.0;255.0;692.0;155.0;1903.0;1807.0;24.2;33.8;1.0097
1083150000;2.8;1364.0;386.0;16.8;1205.0;196.0;723.0;139.0;1850.0;1566.0;26.7;28.7;0.9895
1083153600;2.5;1285.0;333.0;14.2;1123.0;136.0;755.0;121.0;1741.0;1293.0;27.4;28.2;1.0098
1083157200;2.4;1311.0;293.0;15.7;1170.0;119.0;748.0;108.0;1787.0;1219.0;28.1;26.9;1.0094
1083160800;3.2;1416.0;511.0;21.9;1348.0;169.0;684.0;126.0;1969.0;1330.0;27.7;26.5;0.9693
1083164400;3.5;1387.0;559.0;20.8;1318.0;197.0;701.0;145.0;1890.0;1299.0;28.4;23.4;0.8935
1083168000;2.9;1329.0;375.0;16.2;1185.0;140.0;768.0;121.0;1750.0;1111.0;28.4;26.0;0.9922
1083171600;3.6;1496.0;509.0;19.8;1292.0;178.0;680.0;145.0;1878.0;1300.0;27.3;30.0;1.0752
1083175200;4.8;1676.0;790.0;28.9;1525.0;223.0;567.0;160.0;2226.0;1653.0;24.3;37.3;1.1199
1083178800;5.4;1724.0;816.0;28.3;1510.0;222.0;562.0;155.0;2252.0;1716.0;23.1;42.2;1.1746
1083182400;5.3;1642.0;804.0;24.9;1426.0;265.0;597.0;162.0;2117.0;1720.0;21.8;43.6;1.1226
1083186000;2.7;1267.0;332.0;13.1;1088.0;151.0;764.0;129.0;1740.0;1339.0;19.8;46.8;1.0702
1083189600;1.4;1146.0;156.0;8.6;923.0;79.0;845.0;96.0;1575.0;1166.0;19.6;49.8;1.1221
1083193200;1.6;1216.0;143.0;9.5;960.0;87.0;788.0;92.0;1662.0;1256.0;17.9;56.2;1.142
1083196800;1.5;1128.0;117.0;7.8;891.0;88.0;838.0;89.0;1574.0;1125.0;17.4;55.6;1.0963
1083200400;1.0;1042.0;84.0;5.2;772.0;51.0;923.0;61.0;1495.0;968.0;16.8;59.5;1.1269
1083204000;0.6;926.0;60.0;2.8;639.0;34.0;1115.0;54.0;1409.0;814.0;15.9;60.1;1.0806
1083207600;0.4;898.0;76.0;2.3;608.0;-200.0;1154.0;-200.0;1386.0;743.0;15.6;61.2;1.0784
1083211200;-200.0;889.0;40.0;2.5;617.0;31.0;1168.0;44.0;1382.0;758.0;14.6;63.4;1.0446
1083214800;0.8;959.0;64.0;4.4;734.0;76.0;1038.0;57.0;1470.0;861.0;13.3;67.0;1.0203
1083218400;1.5;1097.0;148.0;9.4;956.0;139.0;827.0;68.0;1620.0;1047.0;12.9;66.5;0.9846
1083222000;4.9;1674.0;635.0;29.8;1547.0;293.0;539.0;95.0;2405.0;1665.0;14.8;61.3;1.0237
1083225600;7.2;1771.0;1129.0;36.2;1690.0;368.0;461.0;125.0;2572.0;1982.0;16.1;56.5;1.0274
1083229200;3.5;1408.0;475.0;18.0;1241.0;250.0;648.0;135.0;1886.0;1711.0;18.6;47.8;1.0143
1083232800;2.1;1156.0;220.0;10.9;1009.0;145.0;875.0;118.0;1583.0;1204.0;23.8;30.2;0.8771
1083236400;1.5;1042.0;105.0;9.0;941.0;110.0;971.0;91.0;1491.0;871.0;25.4;25.0;0.7966
1083240000;2.0;1167.0;190.0;14.4;1128.0;104.0;829.0;89.0;1716.0;1040.0;25.6;25.5;0.8234
1083243600;3.8;1398.0;516.0;22.3;1360.0;205.0;656.0;129.0;2037.0;1439.0;24.9;29.9;0.9325
1083247200;3.4;1458.0;346.0;20.9;1321.0;201.0;654.0;122.0;2023.0;1516.0;22.4;37.9;1.016
1083250800;4.4;1554.0;565.0;23.1;1379.0;266.0;614.0;138.0;2151.0;1693.0;21.7;44.0;1.1242
1083254400;3.9;1495.0;483.0;21.2;1331.0;246.0;615.0;136.0;2069.0;1635.0;21.4;44.4;1.1176
1083258000;4.9;1560.0;651.0;24.8;1424.0;247.0;579.0;143.0;2176.0;1688.0;20.8;45.3;1.1016
1083261600;5.4;1664.0;657.0;28.6;1519.0;271.0;553.0;145.0;2312.0;1820.0;20.2;48.6;1.1354
1083265200;6.5;1761.0;830.0;32.6;1610.0;332.0;502.0;146.0;2488.0;2006.0;20.2;50.8;1.1924
1083268800;4.3;1524.0;435.0;19.2;1275.0;245.0;608.0;122.0;2046.0;1740.0;18.6;57.6;1.2233
1083272400;2.9;1398.0;209.0;16.3;1189.0;180.0;646.0;112.0;1931.0;1577.0;18.2;58.8;1.2173
1083276000;2.7;1342.0;202.0;13.7;1106.0;156.0;694.0;102.0;1856.0;1443.0;17.8;61.0;1.2352
1083279600;2.8;1433.0;174.0;13.6;1104.0;172.0;681.0;97.0;1876.0;1411.0;17.0;70.7;1.3554
1083283200;2.3;1297.0;170.0;11.1;1019.0;137.0;733.0;85.0;1823.0;1217.0;16.2;76.9;1.4051
1083286800;1.7;1179.0;116.0;7.6;884.0;91.0;830.0;76.0;1696.0;1086.0;15.7;78.6;1.3943
1083290400;1.2;1097.0;91.0;5.9;809.0;80.0;897.0;74.0;1628.0;1050.0;15.7;78.4;1.3917
1083294000;1.0;1054.0;71.0;5.0;761.0;-200.0;963.0;-200.0;1598.0;965.0;15.7;77.4;1.3683
1083297600;-200.0;1017.0;59.0;4.0;711.0;46.0;1009.0;56.0;1554.0;906.0;15.4;78.5;1.3635
1083301200;0.8;1005.0;48.0;4.5;738.0;68.0;1005.0;66.0;1563.0;917.0;15.7;74.7;1.3194
1083304800;1.7;1206.0;111.0;9.3;949.0;162.0;818.0;90.0;1771.0;1116.0;15.9;73.1;1.3136
1083308400;3.0;1458.0;345.0;18.3;1249.0;213.0;662.0;111.0;2033.0;1380.0;16.6;68.2;1.2737
1083312000;3.4;1405.0;332.0;19.9;1295.0;161.0;638.0;103.0;2065.0;1378.0;18.7;57.6;1.2323
1083315600;3.3;1381.0;344.0;16.6;1199.0;209.0;685.0;117.0;1970.0;1365.0;17.6;65.0;1.2945
1083319200;2.7;1315.0;212.0;12.6;1072.0;191.0;736.0;116.0;1833.0;1273.0;16.3;73.2;1.3458
1083322800;2.6;1332.0;166.0;12.9;1082.0;215.0;707.0;109.0;1889.0;1242.0;16.0;78.5;1.4209
1083326400;3.2;1362.0;214.0;14.9;1145.0;212.0;673.0;116.0;1973.0;1294.0;17.3;72.4;1.4125
1083330000;3.4;1399.0;377.0;17.4;1222.0;202.0;643.0;115.0;2061.0;1413.0;19.4;60.9;1.3545
1083333600;2.6;1310.0;210.0;15.4;1160.0;153.0;695.0;94.0;1939.0;1224.0;21.4;50.9;1.2823
1083337200;3.4;1399.0;265.0;16.7;1201.0;185.0;699.0;121.0;1971.0;1318.0;22.7;45.8;1.2465
1083340800;4.0;1524.0;365.0;18.0;1239.0;210.0;644.0;114.0;2139.0;1404.0;20.9;60.8;1.4852
1083344400;4.5;1487.0;454.0;19.2;1274.0;215.0;641.0;110.0;2133.0;1471.0;21.0;54.3;1.3353
1083348000;4.2;1480.0;460.0;21.0;1324.0;215.0;622.0;122.0;2162.0;1623.0;20.8;54.4;1.3194
1083351600;5.7;1626.0;642.0;26.9;1476.0;281.0;555.0;135.0;2356.0;1786.0;19.8;58.6;1.3392
1083355200;4.4;1449.0;501.0;19.5;1282.0;254.0;625.0;133.0;2100.0;1569.0;19.1;61.1;1.3345
1083358800;3.1;1363.0;234.0;15.1;1152.0;189.0;684.0;110.0;1951.0;1495.0;18.2;65.4;1.3529
1083362400;3.0;1371.0;212.0;14.6;1136.0;174.0;689.0;102.0;1927.0;1471.0;18.1;66.1;1.3579
1083366000;3.1;1406.0;275.0;13.7;1107.0;167.0;718.0;108.0;1872.0;1384.0;17.7;66.9;1.3422
1083369600;3.5;1425.0;275.0;15.2;1155.0;185.0;709.0;110.0;1936.0;1789.0;17.8;66.8;1.346
1083373200;2.4;1179.0;-200.0;9.3;951.0;129.0;826.0;84.0;1724.0;1323.0;17.3;68.3;1.3346
1083376800;1.6;1047.0;-200.0;6.5;833.0;85.0;939.0;71.0;1647.0;1081.0;16.5;70.2;1.3099
1083380400;1.3;1009.0;-200.0;6.3;825.0;-200.0;950.0;-200.0;1629.0;938.0;15.7;73.1;1.2902
1083384000;-200.0;882.0;-200.0;3.5;685.0;35.0;1134.0;42.0;1492.0;673.0;16.2;69.9;1.2756
1083387600;0.6;858.0;-200.0;2.6;624.0;24.0;1205.0;32.0;1434.0;543.0;16.7;67.1;1.2619
1083391200;0.7;875.0;-200.0;3.1;659.0;30.0;1180.0;35.0;1452.0;561.0;16.7;66.9;1.2631
1083394800;1.2;1012.0;-200.0;6.5;833.0;75.0;916.0;67.0;1632.0;862.0;16.9;66.5;1.2688
1083398400;1.5;1049.0;-200.0;6.5;836.0;79.0;926.0;73.0;1615.0;901.0;17.7;62.0;1.2458
1083402000;1.8;1131.0;-200.0;8.8;932.0;104.0;854.0;86.0;1693.0;1048.0;19.4;54.6;1.2184
1083405600;2.1;1120.0;-200.0;8.8;931.0;118.0;886.0;89.0;1652.0;971.0;21.6;46.1;1.1725
1083409200;1.9;1117.0;-200.0;9.2;946.0;105.0;909.0;86.0;1657.0;915.0;24.6;36.7;1.1202
1083412800;2.0;1110.0;-200.0;9.2;948.0;101.0;901.0;86.0;1632.0;891.0;26.0;31.9;1.0566
1083416400;1.3;962.0;-200.0;6.1;816.0;65.0;1044.0;66.0;1489.0;628.0;25.6;31.5;1.0184
1083420000;1.3;963.0;-200.0;6.5;835.0;59.0;1029.0;68.0;1495.0;556.0;24.8;34.8;1.0716
1083423600;1.8;1050.0;-200.0;9.2;948.0;80.0;928.0;82.0;1584.0;652.0;26.1;30.3;1.0101
1083427200;2.0;1053.0;-200.0;8.3;911.0;98.0;949.0;91.0;1603.0;683.0;25.5;33.5;1.0767
1083430800;1.8;1045.0;-200.0;8.3;910.0;89.0;948.0;95.0;1598.0;624.0;23.7;37.2;1.0746
1083434400;2.4;1124.0;-200.0;11.0;1013.0;114.0;849.0;104.0;1676.0;733.0;22.3;38.9;1.0324
1083438000;4.0;1330.0;-200.0;14.7;1140.0;195.0;759.0;131.0;1780.0;1062.0;20.7;42.8;1.0298
1083441600;2.8;1171.0;-200.0;10.8;1006.0;156.0;835.0;112.0;1674.0;988.0;19.0;51.7;1.1222
1083445200;2.0;1085.0;-200.0;9.4;954.0;109.0;866.0;100.0;1656.0;871.0;17.8;55.5;1.1174
1083448800;3.6;1358.0;-200.0;14.8;1144.0;184.0;727.0;115.0;1851.0;1243.0;17.4;57.6;1.1342
1083452400;3.7;1385.0;-200.0;13.3;1094.0;190.0;765.0;129.0;1769.0;1175.0;17.6;58.5;1.1645
1083456000;2.3;1167.0;-200.0;8.4;914.0;105.0;876.0;99.0;1599.0;1126.0;17.2;59.3;1.1551
1083459600;1.8;1072.0;-200.0;7.9;894.0;76.0;893.0;74.0;1646.0;1118.0;17.1;60.4;1.1633
1083463200;0.9;938.0;-200.0;5.5;789.0;38.0;989.0;55.0;1536.0;864.0;16.4;62.2;1.1507
1083466800;1.6;1000.0;-200.0;6.6;838.0;-200.0;910.0;-200.0;1580.0;942.0;14.8;67.6;1.1352
1083470400;-200.0;854.0;-200.0;3.3;670.0;26.0;1141.0;35.0;1460.0;684.0;14.8;65.8;1.1028
1083474000;0.6;815.0;-200.0;2.6;628.0;33.0;1212.0;37.0;1426.0;689.0;14.7;65.2;1.0811
1083477600;0.7;866.0;-200.0;3.6;689.0;57.0;1138.0;45.0;1456.0;767.0;13.1;70.2;1.0554
1083481200;0.8;911.0;-200.0;4.8;751.0;48.0;1036.0;46.0;1518.0;817.0;14.3;66.2;1.0728
1083484800;1.2;988.0;-200.0;5.9;806.0;87.0;951.0;68.0;1568.0;940.0;16.0;61.6;1.1083
1083488400;1.4;1046.0;-200.0;6.9;851.0;94.0;920.0;77.0;1595.0;908.0;17.7;56.4;1.1342
1083492000;1.6;1085.0;-200.0;8.5;918.0;89.0;890.0;79.0;1639.0;871.0;21.3;44.7;1.1157
1083495600;1.3;1008.0;-200.0;6.1;816.0;78.0;1015.0;72.0;1531.0;689.0;23.6;36.4;1.0431
1083499200;1.3;1004.0;-200.0;6.2;821.0;72.0;1031.0;68.0;1510.0;629.0;24.3;34.0;1.0149
1083502800;1.1;948.0;-200.0;4.8;754.0;64.0;1086.0;64.0;1436.0;602.0;24.4;32.7;0.9863
1083506400;1.2;1026.0;-200.0;6.8;847.0;70.0;1010.0;73.0;1519.0;617.0;24.6;31.7;0.9647
1083510000;1.5;1047.0;-200.0;7.0;859.0;92.0;948.0;84.0;1538.0;677.0;23.9;34.3;1.002
1083513600;1.1;1018.0;-200.0;5.5;790.0;69.0;1047.0;67.0;1443.0;580.0;25.9;28.1;0.9258
1083517200;1.9;1160.0;-200.0;9.5;957.0;131.0;884.0;106.0;1637.0;861.0;24.5;32.3;0.9815
1083520800;2.3;1269.0;-200.0;11.9;1047.0;144.0;809.0;114.0;1721.0;1080.0;22.6;39.3;1.06
1083524400;3.3;1394.0;-200.0;13.8;1111.0;209.0;736.0;123.0;1853.0;1288.0;21.2;47.5;1.1828
1083528000;2.6;1292.0;-200.0;10.7;1003.0;170.0;789.0;108.0;1753.0;1163.0;19.9;54.9;1.2632
1083531600;2.2;1212.0;-200.0;9.7;966.0;152.0;840.0;100.0;1691.0;1043.0;19.4;52.1;1.1642
1083535200;2.3;1137.0;-200.0;10.2;985.0;171.0;858.0;118.0;1607.0;1045.0;19.4;42.6;0.9485
1083538800;2.0;1080.0;-200.0;8.3;910.0;153.0;923.0;121.0;1548.0;929.0;19.1;44.1;0.966
1083542400;1.6;1031.0;-200.0;7.1;861.0;97.0;903.0;94.0;1534.0;825.0;18.0;49.3;1.0086
1083546000;0.8;917.0;-200.0;3.0;654.0;37.0;1169.0;52.0;1414.0;545.0;17.6;54.6;1.0918
1083549600;0.6;888.0;-200.0;2.2;598.0;26.0;1228.0;39.0;1397.0;500.0;16.4;62.1;1.1493
1083553200;0.4;872.0;-200.0;1.7;564.0;-200.0;1284.0;-200.0;1385.0;494.0;15.6;65.3;1.1484
1083556800;-200.0;876.0;-200.0;1.5;547.0;25.0;1256.0;33.0;1351.0;505.0;16.0;61.4;1.1043
1083560400;0.7;964.0;-200.0;3.7;697.0;61.0;1067.0;57.0;1516.0;717.0;15.8;64.3;1.1416
1083564000;1.3;1147.0;-200.0;8.2;906.0;152.0;815.0;80.0;1687.0;1126.0;16.0;65.8;1.1844
1083567600;3.4;1493.0;-200.0;21.1;1328.0;283.0;577.0;101.0;2193.0;1597.0;16.8;62.5;1.1869
1083571200;4.7;1597.0;-200.0;26.5;1466.0;320.0;518.0;109.0;2400.0;1687.0;16.9;66.1;1.2613
1083574800;3.4;1483.0;-200.0;17.4;1222.0;318.0;597.0;109.0;2054.0;1529.0;17.4;68.9;1.3557
1083578400;2.5;1222.0;-200.0;12.9;1080.0;201.0;742.0;111.0;1755.0;1366.0;21.4;45.0;1.1291
1083582000;2.0;1060.0;-200.0;10.9;1010.0;135.0;858.0;102.0;1623.0;1074.0;23.9;30.7;0.9002
1083585600;1.9;1048.0;-200.0;11.0;1013.0;127.0;886.0;96.0;1584.0;940.0;26.8;25.2;0.8721
1083589200;1.7;1051.0;-200.0;10.8;1008.0;102.0;911.0;90.0;1561.0;921.0;28.4;23.6;0.8983
1083592800;1.4;998.0;-200.0;10.0;977.0;74.0;947.0;69.0;1496.0;695.0;30.3;20.1;0.8539
1083596400;1.5;1058.0;-200.0;11.2;1023.0;81.0;896.0;74.0;1580.0;795.0;30.9;19.7;0.8649
1083600000;2.4;1203.0;-200.0;16.8;1204.0;129.0;790.0;102.0;1744.0;1079.0;30.2;20.5;0.8672
1083603600;3.9;1491.0;-200.0;23.6;1392.0;190.0;630.0;128.0;2149.0;1473.0;26.4;34.6;1.1724
1083607200;4.2;1467.0;-200.0;23.3;1385.0;192.0;623.0;130.0;2084.0;1493.0;24.9;39.4;1.2268
1083610800;3.7;1407.0;-200.0;19.4;1279.0;163.0;660.0;120.0;2009.0;1308.0;23.5;43.7;1.2484
1083614400;3.2;1324.0;-200.0;13.1;1086.0;149.0;692.0;113.0;1903.0;1189.0;19.3;63.1;1.4028
1083618000;2.0;1214.0;-200.0;9.8;970.0;119.0;777.0;100.0;1771.0;1076.0;18.7;64.6;1.3836
1083621600;1.1;1016.0;-200.0;5.3;780.0;61.0;967.0;70.0;1566.0;806.0;19.5;57.1;1.2806
1083625200;1.5;1135.0;-200.0;6.7;842.0;84.0;872.0;83.0;1653.0;973.0;18.9;62.5;1.3521
1083628800;1.3;1065.0;-200.0;5.5;789.0;79.0;936.0;81.0;1620.0;929.0;18.4;65.8;1.3802
1083632400;1.0;999.0;-200.0;3.7;692.0;58.0;1038.0;69.0;1588.0;778.0;16.4;79.2;1.4681
1083636000;0.6;911.0;-200.0;2.2;599.0;32.0;1189.0;48.0;1517.0;633.0;16.1;80.0;1.4562
1083639600;0.4;873.0;-200.0;1.5;545.0;-200.0;1308.0;-200.0;1471.0;497.0;15.6;81.0;1.4302
1083643200;-200.0;881.0;-200.0;1.5;546.0;21.0;1335.0;28.0;1465.0;458.0;15.6;81.0;1.4216
1083646800;0.6;967.0;-200.0;2.9;646.0;49.0;1117.0;47.0;1552.0;579.0;15.7;80.5;1.4236
1083650400;1.9;1280.0;-200.0;9.9;976.0;180.0;780.0;88.0;1912.0;1003.0;16.0;80.8;1.4602
1083654000;4.5;1564.0;-200.0;23.0;1379.0;302.0;552.0;109.0;2306.0;1393.0;16.6;78.0;1.4572
1083657600;4.3;1505.0;-200.0;22.3;1358.0;258.0;556.0;113.0;2248.0;1406.0;16.1;79.2;1.4398
1083661200;3.2;1309.0;-200.0;16.2;1186.0;192.0;649.0;104.0;1973.0;1308.0;17.7;70.8;1.4171
1083664800;1.3;1035.0;-200.0;7.9;895.0;84.0;898.0;65.0;1657.0;863.0;20.3;54.8;1.2867
1083668400;2.2;1148.0;-200.0;12.4;1062.0;128.0;753.0;87.0;1825.0;1004.0;21.2;49.3;1.2271
1083672000;2.6;1152.0;-200.0;13.6;1104.0;145.0;725.0;99.0;1860.0;1023.0;21.5;47.9;1.2178
1083675600;2.3;1131.0;-200.0;12.3;1059.0;132.0;772.0;100.0;1784.0;978.0;21.4;47.7;1.2047
1083679200;2.4;1142.0;-200.0;12.1;1053.0;136.0;753.0;105.0;1814.0;979.0;20.4;54.0;1.2757
1083682800;2.6;1197.0;-200.0;12.9;1082.0;140.0;753.0;97.0;1851.0;971.0;19.9;57.1;1.3158
1083686400;1.2;960.0;-200.0;6.3;828.0;55.0;971.0;54.0;1565.0;617.0;19.9;55.2;1.2701
1083690000;1.6;1077.0;-200.0;10.6;1001.0;67.0;836.0;59.0;1764.0;717.0;19.5;55.7;1.2512
1083693600;3.9;1377.0;-200.0;20.6;1313.0;191.0;612.0;109.0;2120.0;1220.0;18.3;62.8;1.3127
1083697200;4.7;1405.0;-200.0;22.1;1353.0;227.0;602.0;125.0;2185.0;1296.0;17.2;68.3;1.3289
1083700800;5.4;1484.0;-200.0;20.8;1319.0;264.0;591.0;132.0;2166.0;1413.0;16.1;75.2;1.3654
1083704400;3.0;1187.0;-200.0;11.8;1042.0;196.0;766.0;110.0;1840.0;1093.0;16.6;70.8;1.3253
1083708000;0.9;870.0;-200.0;4.3;729.0;43.0;1096.0;53.0;1475.0;586.0;18.5;56.0;1.181
1083711600;1.1;932.0;-200.0;5.0;765.0;58.0;1054.0;61.0;1543.0;575.0;17.3;59.5;1.1667
1083715200;0.7;830.0;-200.0;2.3;608.0;33.0;1282.0;41.0;1370.0;441.0;18.6;52.3;1.1121
1083718800;0.5;778.0;-200.0;1.4;534.0;14.0;1480.0;22.0;1294.0;358.0;19.0;49.8;1.0831
1083722400;0.5;820.0;-200.0;1.5;541.0;18.0;1450.0;28.0;1360.0;377.0;15.7;64.5;1.14
1083726000;0.5;842.0;-200.0;1.8;565.0;-200.0;1327.0;-200.0;1399.0;437.0;15.5;66.9;1.1691
1083729600;-200.0;867.0;-200.0;2.1;589.0;28.0;1267.0;41.0;1439.0;468.0;14.7;74.1;1.2302
1083733200;0.8;927.0;-200.0;3.5;682.0;56.0;1109.0;54.0;1526.0;580.0;14.6;77.1;1.2727
1083736800;1.3;1060.0;-200.0;6.9;851.0;108.0;912.0;81.0;1673.0;805.0;14.5;78.3;1.2851
1083740400;3.5;1440.0;-200.0;19.1;1271.0;251.0;630.0;107.0;2163.0;1273.0;15.1;76.8;1.3061
1083744000;-200.0;1449.0;-200.0;22.0;1350.0;-200.0;571.0;-200.0;2264.0;1452.0;16.4;70.8;1.3088
1083747600;3.9;1384.0;-200.0;18.9;1265.0;255.0;620.0;124.0;2143.0;1307.0;16.4;72.4;1.3379
1083751200;2.9;1172.0;-200.0;13.0;1085.0;214.0;737.0;123.0;1876.0;1102.0;16.3;68.6;1.2657
1083754800;2.6;1143.0;-200.0;13.0;1083.0;190.0;735.0;120.0;1887.0;1083.0;17.2;62.9;1.2228
1083758400;3.0;1167.0;-200.0;14.5;1134.0;182.0;709.0;113.0;1920.0;1083.0;17.4;61.1;1.206
1083762000;3.7;1303.0;-200.0;19.7;1288.0;202.0;618.0;114.0;2116.0;1236.0;16.8;66.8;1.2691
1083765600;3.9;1264.0;-200.0;19.4;1279.0;224.0;631.0;120.0;2049.0;1223.0;17.3;62.6;1.226
1083769200;3.5;1242.0;-200.0;16.4;1193.0;221.0;684.0;125.0;1945.0;1175.0;17.5;60.8;1.2029
1083772800;2.4;1070.0;-200.0;11.2;1022.0;126.0;824.0;88.0;1740.0;933.0;17.5;59.2;1.1725
1083776400;1.6;981.0;-200.0;10.0;978.0;79.0;857.0;72.0;1682.0;835.0;17.7;56.9;1.1392
1083780000;3.0;1198.0;-200.0;14.6;1136.0;137.0;717.0;103.0;1870.0;1291.0;17.1;61.5;1.1873
1083783600;1.6;1000.0;-200.0;8.5;918.0;68.0;881.0;67.0;1661.0;802.0;17.5;63.9;1.2667
1083787200;2.1;1110.0;-200.0;9.2;949.0;96.0;850.0;79.0;1733.0;842.0;15.9;70.7;1.2672
1083790800;1.8;1023.0;-200.0;6.9;854.0;111.0;918.0;89.0;1637.0;744.0;15.1;75.1;1.2799
1083794400;1.1;861.0;-200.0;3.7;695.0;56.0;1130.0;67.0;1438.0;500.0;13.9;72.5;1.1502
1083798000;1.5;969.0;-200.0;4.9;760.0;81.0;1059.0;83.0;1518.0;560.0;12.0;79.8;1.1175
1083801600;1.4;898.0;-200.0;4.6;741.0;79.0;1085.0;76.0;1468.0;589.0;12.5;75.8;1.0938
1083805200;0.9;835.0;-200.0;3.4;674.0;46.0;1201.0;58.0;1416.0;488.0;12.0;75.0;1.0499
1083808800;0.5;766.0;-200.0;1.2;523.0;19.0;1534.0;30.0;1310.0;387.0;12.6;72.2;1.0503
1083812400;0.4;743.0;-200.0;1.0;502.0;-200.0;1635.0;-200.0;1292.0;355.0;12.7;71.6;1.0486
1083816000;-200.0;758.0;-200.0;1.2;517.0;15.0;1625.0;22.0;1294.0;351.0;13.1;67.1;1.0079
1083819600;0.6;804.0;-200.0;2.3;604.0;48.0;1366.0;50.0;1357.0;420.0;13.2;64.6;0.9774
1083823200;1.3;948.0;-200.0;6.1;817.0;128.0;1048.0;92.0;1546.0;695.0;13.1;65.6;0.9815
1083826800;2.9;1204.0;-200.0;16.8;1205.0;193.0;729.0;101.0;1984.0;1139.0;14.7;58.5;0.9688
1083830400;3.6;1231.0;-200.0;20.3;1304.0;203.0;652.0;121.0;2029.0;1315.0;15.9;53.1;0.9529
1083834000;3.4;1176.0;-200.0;16.4;1191.0;220.0;705.0;130.0;1836.0;1217.0;17.9;46.1;0.9388
1083837600;2.5;1043.0;-200.0;12.5;1066.0;161.0;789.0;114.0;1692.0;1014.0;20.2;37.7;0.8833
1083841200;2.1;992.0;-200.0;9.8;970.0;135.0;869.0;100.0;1624.0;884.0;18.5;42.8;0.9026
1083844800;1.1;885.0;-200.0;5.2;772.0;57.0;1035.0;56.0;1450.0;524.0;13.0;64.3;0.9586
1083848400;1.8;991.0;-200.0;8.9;937.0;91.0;874.0;75.0;1581.0;644.0;15.1;54.5;0.9309
1083852000;3.0;1182.0;-200.0;14.1;1119.0;219.0;733.0;121.0;1831.0;1032.0;13.6;65.5;1.0184
1083855600;3.1;1191.0;-200.0;12.7;1074.0;239.0;741.0;128.0;1816.0;1038.0;12.3;78.3;1.1154
1083859200;3.6;1272.0;-200.0;14.6;1136.0;209.0;730.0;139.0;1869.0;1077.0;12.7;74.2;1.0863
1083862800;3.3;1138.0;-200.0;12.4;1063.0;169.0;804.0;122.0;1728.0;983.0;14.4;64.2;1.049
1083866400;1.8;1008.0;-200.0;9.4;954.0;92.0;892.0;92.0;1626.0;834.0;15.6;58.3;1.0266
1083870000;2.1;1075.0;-200.0;11.0;1015.0;107.0;824.0;97.0;1722.0;949.0;15.0;61.4;1.0385
1083873600;2.2;1034.0;-200.0;8.9;935.0;122.0;870.0;98.0;1605.0;941.0;13.7;65.8;1.0254
1083877200;1.6;934.0;-200.0;6.6;841.0;100.0;973.0;93.0;1497.0;756.0;12.3;66.4;0.944
1083880800;0.9;883.0;-200.0;3.9;705.0;51.0;1133.0;65.0;1422.0;655.0;15.4;58.8;1.0215
1083884400;1.8;1021.0;-200.0;7.3;871.0;93.0;938.0;81.0;1586.0;805.0;14.1;64.9;1.0405
1083888000;2.3;1059.0;-200.0;8.2;907.0;145.0;879.0;102.0;1579.0;970.0;13.8;64.7;1.0168
1083891600;2.0;1023.0;-200.0;7.5;878.0;106.0;896.0;91.0;1568.0;969.0;13.5;67.8;1.042
1083895200;0.9;855.0;-200.0;3.3;669.0;46.0;1160.0;56.0;1427.0;671.0;13.7;69.4;1.0794
1083898800;0.6;826.0;-200.0;2.4;616.0;-200.0;1227.0;-200.0;1384.0;575.0;13.9;67.7;1.0712
1083902400;-200.0;831.0;-200.0;2.2;602.0;32.0;1269.0;41.0;1386.0;535.0;14.0;67.8;1.0787
1083906000;0.7;817.0;-200.0;2.8;639.0;51.0;1260.0;48.0;1364.0;489.0;14.6;61.1;1.0075
1083909600;1.5;972.0;-200.0;7.5;880.0;89.0;964.0;72.0;1590.0;689.0;14.3;60.5;0.9847
1083913200;3.7;1200.0;-200.0;19.8;1290.0;214.0;657.0;106.0;2014.0;1196.0;14.9;56.9;0.9582
1083916800;4.2;1234.0;-200.0;22.1;1355.0;196.0;621.0;107.0;2095.0;1266.0;16.4;50.2;0.9286
1083920400;3.4;1164.0;-200.0;15.0;1148.0;224.0;741.0;127.0;1824.0;1130.0;16.0;50.9;0.9211
1083924000;2.4;976.0;-200.0;9.3;952.0;174.0;878.0;114.0;1582.0;834.0;18.6;42.8;0.9091
1083927600;1.3;844.0;-200.0;6.3;825.0;90.0;1027.0;101.0;1405.0;536.0;19.7;33.7;0.7646
1083931200;1.5;851.0;-200.0;8.2;906.0;89.0;989.0;95.0;1418.0;545.0;21.2;27.7;0.6864
1083934800;2.2;926.0;-200.0;10.9;1010.0;132.0;904.0;110.0;1526.0;720.0;19.7;28.5;0.6445
1083938400;1.8;890.0;-200.0;9.3;950.0;114.0;940.0;101.0;1460.0;655.0;19.8;29.7;0.678
1083942000;1.9;921.0;-200.0;8.4;914.0;107.0;937.0;106.0;1481.0;614.0;19.2;35.6;0.7856
1083945600;2.3;1052.0;-200.0;9.4;956.0;140.0;869.0;116.0;1600.0;725.0;14.2;60.5;0.9765
1083949200;3.6;1247.0;-200.0;17.9;1238.0;187.0;691.0;124.0;1948.0;1036.0;12.9;69.1;1.0249
1083952800;4.3;1205.0;-200.0;17.4;1222.0;222.0;684.0;133.0;1911.0;1127.0;12.7;70.4;1.0294
1083956400;2.2;1016.0;-200.0;10.5;995.0;117.0;857.0;96.0;1642.0;854.0;13.9;62.7;0.9905
1083960000;1.5;984.0;-200.0;7.5;879.0;89.0;940.0;85.0;1527.0;792.0;13.9;62.9;0.9948
1083963600;2.0;1041.0;-200.0;8.0;898.0;130.0;922.0;97.0;1595.0;891.0;13.4;65.2;0.9996
1083967200;2.0;1027.0;-200.0;7.7;887.0;133.0;927.0;97.0;1568.0;876.0;13.4;64.6;0.9864
1083970800;2.1;1025.0;-200.0;7.3;869.0;144.0;954.0;101.0;1531.0;851.0;13.3;63.6;0.9677
1083974400;1.5;984.0;-200.0;6.4;829.0;99.0;1003.0;85.0;1516.0;787.0;13.3;61.8;0.9433
1083978000;2.2;969.0;-200.0;5.6;791.0;102.0;1084.0;80.0;1446.0;711.0;13.6;59.7;0.9271
1083981600;0.5;758.0;-200.0;1.5;546.0;27.0;1483.0;33.0;1252.0;396.0;14.6;53.3;0.8807
1083985200;-200.0;767.0;-200.0;1.5;547.0;-200.0;1482.0;-200.0;1239.0;375.0;14.3;51.7;0.8412
1083988800;-200.0;772.0;-200.0;1.2;518.0;-200.0;1544.0;-200.0;1202.0;343.0;10.9;67.5;0.8785
1083992400;-200.0;831.0;-200.0;1.6;557.0;-200.0;1480.0;-200.0;1257.0;401.0;7.4;85.2;0.8808
1083996000;-200.0;871.0;-200.0;2.6;628.0;-200.0;1243.0;-200.0;1329.0;518.0;8.7;81.5;0.919
1083999600;-200.0;995.0;-200.0;5.9;808.0;-200.0;1028.0;-200.0;1479.0;685.0;10.3;75.6;0.9458
1084003200;-200.0;1093.0;-200.0;8.5;918.0;-200.0;857.0;-200.0;1589.0;939.0;11.0;75.0;0.9821
1084006800;-200.0;1079.0;-200.0;7.7;885.0;-200.0;884.0;-200.0;1588.0;974.0;13.6;66.1;1.0236
1084010400;-200.0;1084.0;-200.0;6.9;852.0;-200.0;910.0;-200.0;1575.0;959.0;14.7;63.1;1.0488
1084014000;-200.0;1204.0;-200.0;10.1;982.0;-200.0;791.0;-200.0;1739.0;1067.0;13.8;72.3;1.1361
1084017600;-200.0;1213.0;-200.0;11.1;1018.0;-200.0;760.0;-200.0;1778.0;1061.0;13.3;76.8;1.1703
1084021200;-200.0;1124.0;-200.0;9.2;949.0;-200.0;827.0;-200.0;1671.0;1008.0;16.2;60.0;1.0937
1084024800;-200.0;945.0;-200.0;4.3;726.0;-200.0;1053.0;-200.0;1432.0;637.0;16.3;55.3;1.0146
1084028400;-200.0;964.0;-200.0;6.5;833.0;-200.0;1003.0;-200.0;1489.0;647.0;20.0;40.4;0.9354
1084032000;-200.0;903.0;-200.0;5.4;786.0;-200.0;1073.0;-200.0;1375.0;523.0;19.8;35.4;0.8099
1084035600;-200.0;918.0;-200.0;7.1;863.0;-200.0;992.0;-200.0;1408.0;539.0;19.8;33.6;0.767
1084039200;-200.0;1028.0;-200.0;9.5;961.0;-200.0;913.0;-200.0;1502.0;649.0;17.8;38.5;0.7763
1084042800;-200.0;1175.0;-200.0;17.0;1209.0;-200.0;720.0;-200.0;1829.0;1071.0;16.7;44.6;0.8393
1084046400;-200.0;1215.0;-200.0;15.4;1161.0;-200.0;714.0;-200.0;1802.0;1237.0;15.1;51.8;0.8816
1084050000;-200.0;1072.0;-200.0;9.9;976.0;-200.0;835.0;-200.0;1603.0;1018.0;14.1;56.2;0.9028
1084053600;-200.0;1070.0;-200.0;9.3;952.0;-200.0;858.0;-200.0;1573.0;966.0;13.8;58.3;0.9147
1084057200;-200.0;1021.0;-200.0;6.9;853.0;-200.0;979.0;-200.0;1457.0;901.0;13.7;59.7;0.9285
1084060800;-200.0;1063.0;-200.0;7.1;859.0;-200.0;952.0;-200.0;1519.0;949.0;13.7;60.3;0.9405
1084064400;-200.0;1068.0;-200.0;9.0;938.0;-200.0;862.0;-200.0;1575.0;1057.0;12.7;64.9;0.9506
1084068000;-200.0;993.0;-200.0;8.3;913.0;-200.0;879.0;-200.0;1601.0;989.0;12.6;65.4;0.9529
1084071600;-200.0;1034.0;-200.0;8.7;928.0;-200.0;848.0;-200.0;1619.0;1005.0;12.1;68.6;0.964
1084075200;-200.0;1025.0;-200.0;8.4;914.0;-200.0;856.0;-200.0;1605.0;1003.0;12.3;68.0;0.9722
1084078800;-200.0;1036.0;-200.0;8.1;902.0;-200.0;825.0;-200.0;1558.0;1087.0;11.9;71.1;0.9899
1084082400;-200.0;924.0;-200.0;5.2;774.0;-200.0;987.0;-200.0;1460.0;909.0;11.3;73.8;0.9848
1084086000;-200.0;922.0;-200.0;4.5;737.0;-200.0;1050.0;-200.0;1414.0;882.0;13.1;62.6;0.9419
1084089600;-200.0;830.0;-200.0;2.6;625.0;-200.0;1266.0;-200.0;1303.0;568.0;16.8;46.8;0.8881
1084093200;-200.0;947.0;-200.0;4.8;752.0;-200.0;1068.0;-200.0;1434.0;620.0;17.9;44.8;0.9104
1084096800;-200.0;977.0;-200.0;4.5;737.0;-200.0;1025.0;-200.0;1450.0;686.0;17.8;49.5;0.9986
1084100400;-200.0;1025.0;-200.0;4.9;761.0;-200.0;1008.0;-200.0;1476.0;700.0;18.8;46.4;0.9968
1084104000;-200.0;1040.0;-200.0;5.8;804.0;-200.0;940.0;-200.0;1502.0;780.0;19.3;44.0;0.9783
1084107600;-200.0;1013.0;-200.0;4.1;718.0;-200.0;1041.0;-200.0;1492.0;558.0;14.7;68.4;1.1405
1084111200;-200.0;1035.0;-200.0;4.8;755.0;-200.0;997.0;-200.0;1521.0;608.0;15.6;65.8;1.1577
1084114800;-200.0;1086.0;-200.0;7.0;859.0;-200.0;892.0;-200.0;1595.0;754.0;17.7;54.0;1.0826
1084118400;-200.0;967.0;-200.0;4.8;753.0;-200.0;1048.0;-200.0;1420.0;544.0;17.8;46.7;0.9466
1084122000;-200.0;968.0;-200.0;5.4;785.0;-200.0;1011.0;-200.0;1446.0;550.0;17.8;44.4;0.8967
1084125600;-200.0;1004.0;-200.0;6.3;827.0;-200.0;972.0;-200.0;1465.0;627.0;17.8;44.3;0.8929
1084129200;-200.0;1132.0;-200.0;10.1;981.0;-200.0;850.0;-200.0;1614.0;877.0;16.4;47.8;0.8851
1084132800;-200.0;1121.0;-200.0;10.2;985.0;-200.0;833.0;-200.0;1625.0;981.0;15.6;51.6;0.9063
1084136400;-200.0;1068.0;-200.0;8.4;917.0;-200.0;889.0;-200.0;1570.0;832.0;14.9;55.0;0.9228
1084140000;-200.0;1123.0;-200.0;8.9;937.0;-200.0;866.0;-200.0;1606.0;941.0;13.8;59.8;0.9398
1084143600;-200.0;1101.0;-200.0;8.8;933.0;-200.0;845.0;-200.0;1600.0;1022.0;13.8;62.1;0.9721
1084147200;-200.0;997.0;-200.0;6.5;835.0;-200.0;951.0;-200.0;1501.0;888.0;13.9;61.1;0.9656
1084150800;-200.0;875.0;-200.0;3.0;654.0;-200.0;1172.0;-200.0;1375.0;683.0;14.9;57.6;0.9684
1084154400;-200.0;815.0;-200.0;1.8;569.0;-200.0;1361.0;-200.0;1344.0;534.0;14.4;60.1;0.9797
1084158000;-200.0;803.0;-200.0;1.3;531.0;-200.0;1462.0;-200.0;1318.0;489.0;13.8;63.2;0.9952
1084161600;-200.0;829.0;-200.0;1.8;570.0;-200.0;1304.0;-200.0;1357.0;562.0;14.2;62.9;1.0136
1084165200;-200.0;867.0;-200.0;2.6;625.0;-200.0;1213.0;-200.0;1385.0;652.0;14.0;63.8;1.0167
1084168800;-200.0;1118.0;-200.0;9.8;970.0;-200.0;837.0;-200.0;1705.0;1019.0;13.4;67.4;1.0292
1084172400;-200.0;1632.0;-200.0;31.5;1587.0;-200.0;523.0;-200.0;2459.0;1678.0;14.7;62.3;1.0351
1084176000;-200.0;1598.0;-200.0;35.2;1668.0;-200.0;490.0;-200.0;2617.0;1749.0;16.0;57.3;1.0342
1084179600;4.4;1378.0;-200.0;20.2;1303.0;257.0;633.0;117.0;2051.0;1494.0;17.8;51.1;1.0362
1084183200;2.5;1132.0;-200.0;13.4;1096.0;178.0;731.0;107.0;1808.0;1186.0;20.0;45.0;1.0379
1084186800;2.1;1108.0;-200.0;11.7;1040.0;145.0;767.0;95.0;1748.0;1051.0;20.3;44.1;1.0392
1084190400;2.4;1131.0;-200.0;13.4;1097.0;137.0;735.0;93.0;1797.0;1027.0;20.7;42.4;1.0248
1084194000;2.2;1105.0;-200.0;12.9;1080.0;139.0;751.0;104.0;1758.0;981.0;20.8;40.6;0.9888
1084197600;2.2;1120.0;-200.0;13.4;1096.0;130.0;753.0;102.0;1767.0;976.0;21.5;39.7;1.0042
1084201200;2.3;1100.0;-200.0;13.7;1108.0;148.0;800.0;109.0;1731.0;932.0;25.0;30.1;0.9394
1084204800;2.1;1098.0;-200.0;14.2;1124.0;120.0;810.0;97.0;1716.0;871.0;25.2;29.7;0.9371
1084208400;2.5;1137.0;-200.0;17.8;1234.0;132.0;749.0;104.0;1824.0;990.0;23.4;32.0;0.91
1084212000;3.6;1267.0;-200.0;22.0;1352.0;188.0;651.0;124.0;1961.0;1196.0;21.0;37.8;0.9298
1084215600;4.0;1319.0;-200.0;24.4;1413.0;204.0;597.0;135.0;2050.0;1329.0;19.2;45.7;1.0084
1084219200;3.0;1160.0;-200.0;16.3;1189.0;167.0;698.0;122.0;1824.0;1151.0;17.7;50.9;1.0232
1084222800;2.1;1084.0;-200.0;12.4;1063.0;128.0;775.0;109.0;1703.0;1031.0;16.8;53.6;1.0167
1084226400;1.7;1025.0;-200.0;9.6;963.0;106.0;842.0;95.0;1621.0;917.0;15.8;56.2;1.0033
1084230000;1.1;953.0;-200.0;6.4;830.0;88.0;986.0;86.0;1521.0;860.0;16.0;56.5;1.0166
1084233600;0.9;959.0;-200.0;6.0;812.0;77.0;961.0;78.0;1518.0;910.0;14.2;64.1;1.0346
1084237200;0.4;834.0;-200.0;2.8;637.0;36.0;1187.0;53.0;1362.0;699.0;15.0;59.8;1.0142
1084240800;0.2;787.0;-200.0;1.6;549.0;28.0;1366.0;43.0;1317.0;596.0;14.3;61.9;1.0031
1084244400;0.2;799.0;-200.0;1.6;555.0;-200.0;1327.0;-200.0;1320.0;643.0;12.8;66.0;0.969
1084248000;-200.0;807.0;-200.0;1.8;571.0;46.0;1305.0;53.0;1335.0;704.0;11.4;70.5;0.9484
1084251600;0.6;866.0;-200.0;3.6;686.0;55.0;1135.0;48.0;1405.0;741.0;12.0;68.0;0.9547
1084255200;1.4;1035.0;-200.0;8.4;917.0;135.0;882.0;64.0;1606.0;968.0;11.3;70.4;0.9443
1084258800;4.6;1469.0;-200.0;27.5;1491.0;327.0;555.0;95.0;2301.0;1561.0;12.7;65.6;0.962
1084262400;5.5;1553.0;-200.0;31.0;1575.0;383.0;508.0;120.0;2423.0;1779.0;14.5;59.8;0.9795
1084266000;4.8;1513.0;-200.0;26.0;1455.0;366.0;554.0;153.0;2182.0;1822.0;17.5;49.8;0.9877
1084269600;4.5;1395.0;-200.0;22.6;1368.0;322.0;605.0;163.0;2032.0;1675.0;21.9;35.2;0.9128
1084273200;3.0;1209.0;-200.0;18.3;1248.0;188.0;712.0;119.0;1891.0;1295.0;23.5;29.5;0.8435
1084276800;2.5;1142.0;-200.0;13.9;1115.0;144.0;776.0;96.0;1735.0;1091.0;24.3;29.8;0.8926
1084280400;2.3;1140.0;-200.0;14.4;1129.0;132.0;765.0;94.0;1728.0;1023.0;23.8;31.7;0.9212
1084284000;2.0;1105.0;-200.0;11.6;1035.0;117.0;826.0;86.0;1643.0;877.0;24.2;31.2;0.9257
1084287600;1.9;1131.0;-200.0;12.2;1058.0;121.0;824.0;91.0;1664.0;931.0;26.5;27.2;0.9282
1084291200;1.9;1162.0;-200.0;12.4;1064.0;124.0;832.0;97.0;1675.0;913.0;25.7;28.4;0.9248
1084294800;3.5;1336.0;-200.0;21.1;1326.0;188.0;674.0;125.0;1923.0;1255.0;26.3;27.5;0.9306
1084298400;4.6;1533.0;-200.0;29.9;1549.0;226.0;573.0;140.0;2233.0;1571.0;24.4;31.6;0.9545
1084302000;6.3;1650.0;-200.0;34.3;1649.0;266.0;528.0;158.0;2345.0;1779.0;23.1;35.3;0.9845
1084305600;5.0;1535.0;-200.0;26.1;1458.0;269.0;568.0;159.0;2120.0;1735.0;21.1;40.2;0.997
1084309200;3.3;1382.0;-200.0;18.1;1243.0;183.0;632.0;128.0;1941.0;1511.0;19.2;52.3;1.1516
1084312800;2.7;1335.0;-200.0;14.2;1122.0;167.0;673.0;114.0;1840.0;1424.0;18.1;58.7;1.2072
1084316400;2.2;1267.0;-200.0;12.4;1064.0;138.0;706.0;100.0;1766.0;1348.0;17.3;58.8;1.1494
1084320000;1.7;1122.0;-200.0;8.7;926.0;105.0;805.0;88.0;1619.0;1174.0;16.9;58.8;1.125
1084323600;0.8;986.0;-200.0;5.2;771.0;54.0;964.0;67.0;1518.0;947.0;17.6;57.6;1.1484
1084327200;0.8;966.0;-200.0;4.6;744.0;58.0;967.0;65.0;1511.0;935.0;15.6;63.9;1.1287
1084330800;0.6;919.0;-200.0;3.1;661.0;-200.0;1089.0;-200.0;1468.0;838.0;14.9;65.7;1.1073
1084334400;-200.0;872.0;-200.0;2.7;632.0;37.0;1132.0;47.0;1403.0;768.0;15.6;62.2;1.0961
1084338000;0.8;967.0;-200.0;4.7;749.0;84.0;996.0;57.0;1517.0;881.0;14.0;68.3;1.0884
1084341600;1.5;1152.0;-200.0;9.6;964.0;134.0;800.0;73.0;1705.0;1096.0;14.5;65.7;1.0804
1084345200;4.1;1500.0;-200.0;23.6;1393.0;279.0;560.0;95.0;2163.0;1495.0;15.5;62.2;1.0875
1084348800;5.9;1754.0;-200.0;37.4;1716.0;333.0;452.0;110.0;2667.0;1895.0;17.0;56.8;1.0909
1084352400;5.1;1558.0;-200.0;26.6;1469.0;336.0;525.0;121.0;2281.0;1758.0;18.8;52.4;1.1285
1084356000;3.9;1446.0;-200.0;22.0;1350.0;280.0;568.0;108.0;2140.0;1630.0;19.7;51.9;1.1796
1084359600;3.4;1349.0;-200.0;17.9;1236.0;275.0;627.0;125.0;1964.0;1530.0;20.9;44.6;1.0872
1084363200;3.3;1452.0;-200.0;22.7;1371.0;207.0;576.0;117.0;2138.0;1622.0;21.9;43.3;1.1265
1084366800;5.1;1676.0;-200.0;29.3;1534.0;305.0;496.0;131.0;2413.0;1828.0;20.4;55.7;1.3205
1084370400;3.1;1327.0;-200.0;14.7;1139.0;236.0;658.0;126.0;1894.0;1323.0;17.4;67.0;1.325
1084374000;2.5;1248.0;-200.0;12.6;1072.0;183.0;713.0;114.0;1797.0;1188.0;17.1;64.0;1.2413
1084377600;2.4;1250.0;-200.0;12.7;1074.0;162.0;724.0;123.0;1806.0;1166.0;17.3;61.1;1.1957
1084381200;2.8;1222.0;-200.0;13.0;1084.0;157.0;727.0;116.0;1797.0;1108.0;17.7;56.3;1.13
1084384800;2.9;1159.0;-200.0;13.4;1097.0;136.0;748.0;107.0;1709.0;995.0;17.4;48.6;0.9559
1084388400;3.4;1192.0;-200.0;14.8;1143.0;166.0;740.0;123.0;1767.0;1108.0;17.6;43.7;0.8698
1084392000;2.2;1074.0;-200.0;9.4;954.0;136.0;846.0;112.0;1570.0;956.0;16.7;47.2;0.892
1084395600;1.6;984.0;-200.0;6.9;851.0;112.0;959.0;101.0;1452.0;817.0;16.8;45.6;0.8636
1084399200;1.3;970.0;-200.0;5.2;773.0;87.0;1026.0;91.0;1425.0;658.0;16.1;52.0;0.946
1084402800;1.3;987.0;-200.0;5.7;800.0;86.0;989.0;88.0;1462.0;658.0;15.5;57.1;0.996
1084406400;1.6;1003.0;-200.0;6.5;836.0;98.0;949.0;96.0;1455.0;748.0;16.2;50.2;0.9156
1084410000;1.2;933.0;-200.0;4.7;747.0;62.0;1045.0;75.0;1405.0;569.0;16.4;50.5;0.938
1084413600;0.6;859.0;-200.0;2.5;620.0;32.0;1201.0;47.0;1316.0;445.0;16.2;52.8;0.9626
1084417200;0.4;815.0;-200.0;1.4;538.0;-200.0;1412.0;-200.0;1272.0;379.0;16.0;53.7;0.9723
1084420800;-200.0;792.0;-200.0;1.0;501.0;21.0;1554.0;25.0;1252.0;354.0;16.2;53.0;0.9672
1084424400;0.4;835.0;-200.0;1.7;560.0;41.0;1409.0;49.0;1317.0;407.0;16.2;53.7;0.9799
1084428000;1.0;975.0;-200.0;4.5;736.0;86.0;1069.0;85.0;1459.0;611.0;15.9;55.3;0.991
1084431600;2.0;1133.0;-200.0;9.4;957.0;174.0;815.0;106.0;1652.0;944.0;16.2;55.6;1.0151
1084435200;3.6;1347.0;-200.0;17.9;1237.0;264.0;645.0;136.0;1984.0;1328.0;16.0;59.3;1.0711
1084438800;2.4;1122.0;-200.0;10.6;1000.0;211.0;783.0;119.0;1663.0;1085.0;16.6;55.6;1.042
1084442400;2.4;1152.0;-200.0;11.0;1014.0;208.0;774.0;122.0;1714.0;1139.0;17.4;51.8;1.022
1084446000;1.6;1020.0;-200.0;7.2;866.0;139.0;907.0;90.0;1554.0;799.0;17.6;49.7;0.9944
1084449600;1.9;1066.0;-200.0;8.7;927.0;138.0;846.0;97.0;1608.0;804.0;17.2;52.8;1.0236
1084453200;2.4;1105.0;-200.0;11.1;1016.0;142.0;789.0;98.0;1736.0;930.0;18.2;49.6;1.0268
1084456800;1.7;1056.0;-200.0;7.9;894.0;131.0;891.0;93.0;1576.0;771.0;19.5;45.0;1.0114
1084460400;2.1;1084.0;-200.0;9.8;970.0;132.0;818.0;98.0;1626.0;845.0;19.5;45.5;1.0189
1084464000;3.1;1288.0;-200.0;16.4;1191.0;178.0;691.0;123.0;1910.0;1192.0;19.8;44.3;1.0104
1084467600;4.6;1390.0;-200.0;22.6;1368.0;228.0;605.0;148.0;2092.0;1494.0;20.3;43.1;1.0114
1084471200;4.5;1374.0;-200.0;20.2;1303.0;232.0;636.0;148.0;2036.0;1457.0;20.3;44.4;1.0457
1084474800;3.9;1378.0;-200.0;21.7;1342.0;204.0;612.0;133.0;2076.0;1489.0;19.8;47.9;1.092
1084478400;4.6;1428.0;-200.0;21.2;1329.0;250.0;594.0;141.0;2102.0;1602.0;19.1;52.3;1.1486
1084482000;3.3;1336.0;-200.0;15.9;1176.0;208.0;656.0;131.0;1891.0;1468.0;18.2;54.7;1.1336
1084485600;2.7;1234.0;-200.0;12.0;1049.0;158.0;746.0;121.0;1733.0;1274.0;17.8;55.0;1.1097
1084489200;3.3;1300.0;-200.0;17.4;1221.0;197.0;648.0;123.0;1946.0;1401.0;17.5;56.4;1.1175
1084492800;2.5;1246.0;-200.0;15.0;1150.0;152.0;654.0;107.0;1873.0;1354.0;17.3;57.8;1.1298
1084496400;2.1;1141.0;-200.0;11.1;1017.0;112.0;740.0;104.0;1690.0;1188.0;16.8;57.5;1.0912
1084500000;1.3;1014.0;-200.0;6.9;853.0;75.0;883.0;91.0;1538.0;975.0;16.3;57.0;1.0484
1084503600;1.0;938.0;-200.0;5.1;769.0;-200.0;978.0;-200.0;1463.0;816.0;16.2;56.3;1.0262
1084507200;-200.0;988.0;-200.0;6.1;814.0;74.0;908.0;87.0;1512.0;921.0;15.5;59.9;1.0498
1084510800;1.2;983.0;-200.0;6.5;833.0;116.0;894.0;102.0;1524.0;1012.0;16.0;58.3;1.0481
1084514400;1.5;1033.0;-200.0;8.4;917.0;118.0;882.0;95.0;1617.0;905.0;17.2;52.3;1.0169
1084518000;3.7;1388.0;-200.0;22.8;1372.0;272.0;601.0;140.0;2105.0;1449.0;18.5;49.4;1.0397
1084521600;-200.0;1512.0;-200.0;29.1;1530.0;-200.0;527.0;-200.0;2326.0;1725.0;20.0;45.6;1.0524
1084525200;3.3;1148.0;-200.0;13.6;1104.0;258.0;723.0;138.0;1713.0;1301.0;21.0;37.9;0.9313
1084528800;2.5;1095.0;-200.0;11.1;1019.0;186.0;815.0;113.0;1618.0;1181.0;22.8;32.4;0.887
1084532400;1.9;987.0;-200.0;10.0;979.0;130.0;923.0;101.0;1515.0;962.0;25.5;25.6;0.8218
1084536000;2.0;984.0;-200.0;10.5;998.0;134.0;905.0;97.0;1523.0;862.0;25.9;23.6;0.7771
1084539600;2.5;1072.0;-200.0;13.0;1084.0;148.0;843.0;114.0;1622.0;1017.0;27.7;20.8;0.7599
1084543200;2.1;1048.0;-200.0;12.5;1068.0;147.0;869.0;110.0;1573.0;993.0;27.1;21.6;0.7618
1084546800;2.1;1042.0;-200.0;11.4;1029.0;123.0;907.0;103.0;1540.0;879.0;28.4;20.2;0.7697
1084550400;2.3;1113.0;-200.0;13.1;1086.0;138.0;882.0;119.0;1584.0;926.0;28.1;21.9;0.8184
1084554000;3.0;1146.0;-200.0;14.9;1145.0;162.0;836.0;126.0;1647.0;1011.0;27.6;22.3;0.8116
1084557600;4.1;1239.0;-200.0;19.1;1272.0;214.0;748.0;144.0;1790.0;1380.0;25.2;24.3;0.7671
1084561200;4.5;1302.0;-200.0;21.8;1346.0;230.0;706.0;164.0;1880.0;1698.0;24.6;25.1;0.7636
1084564800;3.5;1181.0;-200.0;16.1;1183.0;191.0;792.0;148.0;1711.0;1432.0;23.1;27.2;0.7575
1084568400;2.1;1068.0;-200.0;11.6;1037.0;128.0;869.0;119.0;1567.0;1217.0;22.0;28.6;0.7483
1084572000;2.3;1135.0;-200.0;12.4;1065.0;138.0;803.0;111.0;1630.0;1317.0;20.8;34.5;0.8365
1084575600;1.9;1121.0;-200.0;10.4;992.0;126.0;844.0;115.0;1505.0;1255.0;20.4;35.3;0.8352
1084579200;1.9;1131.0;-200.0;9.7;965.0;107.0;843.0;103.0;1520.0;1223.0;19.1;38.3;0.8381
1084582800;1.2;947.0;-200.0;5.7;798.0;67.0;964.0;81.0;1395.0;930.0;18.0;40.5;0.8271
1084586400;1.0;935.0;-200.0;5.4;786.0;55.0;964.0;71.0;1389.0;954.0;17.4;43.4;0.8553
1084590000;1.1;941.0;-200.0;5.6;792.0;-200.0;975.0;-200.0;1397.0;889.0;14.8;50.6;0.8489
1084593600;-200.0;867.0;-200.0;4.4;734.0;48.0;1043.0;58.0;1324.0;808.0;14.6;51.4;0.8489
1084597200;0.5;839.0;-200.0;2.8;638.0;33.0;1171.0;44.0;1271.0;643.0;15.7;46.9;0.8329
1084600800;0.6;873.0;-200.0;3.9;704.0;41.0;1091.0;49.0;1322.0;756.0;15.3;49.7;0.8552
1084604400;1.4;1065.0;-200.0;9.1;942.0;106.0;890.0;68.0;1576.0;1067.0;16.0;47.4;0.8564
1084608000;2.6;1187.0;-200.0;13.6;1104.0;208.0;727.0;108.0;1721.0;1391.0;17.6;43.3;0.8647
1084611600;2.8;1249.0;-200.0;15.8;1174.0;193.0;712.0;117.0;1774.0;1486.0;20.3;37.4;0.8807
1084615200;2.6;1157.0;-200.0;12.7;1072.0;191.0;802.0;127.0;1653.0;1327.0;23.1;30.3;0.8425
1084618800;1.6;988.0;-200.0;8.6;924.0;113.0;1015.0;93.0;1463.0;835.0;25.0;24.2;0.7568
1084622400;1.7;1025.0;-200.0;9.4;955.0;111.0;997.0;94.0;1457.0;834.0;25.6;23.5;0.7611
1084626000;1.7;997.0;-200.0;9.2;947.0;106.0;998.0;87.0;1460.0;815.0;25.5;22.6;0.7288
1084629600;1.3;916.0;-200.0;6.4;829.0;82.0;1124.0;75.0;1333.0;621.0;26.1;21.1;0.7023
1084633200;1.4;965.0;-200.0;8.3;910.0;79.0;1056.0;81.0;1389.0;643.0;28.2;19.4;0.7303
1084636800;1.4;985.0;-200.0;8.1;903.0;90.0;1059.0;86.0;1437.0;712.0;27.4;20.5;0.7379
1084640400;1.7;1026.0;-200.0;8.5;920.0;104.0;1037.0;97.0;1455.0;746.0;26.0;22.7;0.7532
1084644000;2.3;1125.0;-200.0;11.0;1016.0;148.0;910.0;117.0;1564.0;991.0;23.8;27.1;0.7858
1084647600;2.5;1159.0;-200.0;12.1;1054.0;158.0;878.0;120.0;1603.0;1046.0;23.0;28.7;0.7976
1084651200;3.3;1284.0;-200.0;15.0;1149.0;234.0;780.0;149.0;1725.0;1304.0;21.7;31.8;0.8191
1084654800;2.2;1101.0;-200.0;10.2;986.0;163.0;852.0;124.0;1574.0;1100.0;20.9;33.2;0.8098
1084658400;1.6;1101.0;-200.0;9.9;972.0;95.0;879.0;97.0;1552.0;1001.0;20.2;34.3;0.8017
1084662000;2.6;1183.0;-200.0;12.0;1049.0;146.0;762.0;112.0;1594.0;1290.0;19.6;37.0;0.8325
1084665600;2.3;1132.0;-200.0;10.5;996.0;102.0;822.0;95.0;1564.0;1205.0;18.1;40.9;0.8441
1084669200;1.5;998.0;-200.0;7.1;859.0;90.0;919.0;88.0;1450.0;1045.0;17.0;43.3;0.8341
1084672800;0.9;911.0;-200.0;4.6;743.0;41.0;1052.0;54.0;1370.0;739.0;16.7;43.4;0.8193
1084676400;0.8;875.0;-200.0;4.2;721.0;-200.0;1083.0;-200.0;1328.0;683.0;15.9;44.7;0.8009
1084680000;-200.0;808.0;-200.0;2.6;630.0;30.0;1234.0;43.0;1256.0;573.0;15.2;45.5;0.783
1084683600;0.4;792.0;-200.0;2.2;599.0;32.0;1262.0;45.0;1235.0;564.0;13.5;50.1;0.7706
1084687200;0.4;822.0;-200.0;2.0;581.0;34.0;1326.0;47.0;1256.0;602.0;14.2;49.9;0.8025
1084690800;0.8;918.0;-200.0;4.2;721.0;57.0;1069.0;58.0;1353.0;785.0;13.8;51.4;0.8059
1084694400;0.9;975.0;-200.0;5.2;774.0;73.0;1001.0;69.0;1393.0;878.0;16.3;45.1;0.8286
1084698000;1.6;1047.0;-200.0;8.2;908.0;119.0;913.0;89.0;1458.0;981.0;19.2;35.4;0.7812
1084701600;2.0;1053.0;-200.0;9.8;970.0;138.0;930.0;105.0;1473.0;991.0;25.5;21.1;0.677
1084705200;1.6;1017.0;-200.0;7.9;897.0;96.0;1013.0;92.0;1400.0;780.0;28.2;19.0;0.7164
1084708800;1.4;1021.0;-200.0;7.7;889.0;80.0;1022.0;82.0;1405.0;684.0;29.5;19.8;0.8013
1084712400;0.9;941.0;-200.0;4.8;753.0;45.0;1173.0;56.0;1311.0;468.0;30.6;19.4;0.8348
1084716000;0.9;991.0;-200.0;5.3;776.0;45.0;1122.0;60.0;1375.0;468.0;29.9;22.0;0.9181
1084719600;1.2;1117.0;-200.0;7.1;862.0;54.0;995.0;64.0;1476.0;530.0;31.5;21.9;0.997
1084723200;1.4;1217.0;-200.0;9.2;947.0;66.0;887.0;85.0;1566.0;648.0;31.2;24.6;1.0987
1084726800;1.9;1248.0;-200.0;10.1;982.0;95.0;880.0;107.0;1617.0;746.0;30.4;26.5;1.1347
1084730400;1.8;1242.0;-200.0;9.9;973.0;99.0;856.0;106.0;1632.0;819.0;26.8;33.5;1.1602
1084734000;2.7;1403.0;-200.0;15.1;1151.0;147.0;747.0;125.0;1820.0;1125.0;25.5;37.4;1.1995
1084737600;2.4;1238.0;-200.0;10.6;999.0;129.0;833.0;118.0;1648.0;1013.0;23.7;39.4;1.1381
1084741200;1.6;1093.0;-200.0;7.0;858.0;96.0;975.0;95.0;1495.0;816.0;22.9;37.0;1.0197
1084744800;1.4;1034.0;-200.0;5.9;805.0;92.0;1030.0;97.0;1416.0;750.0;20.8;36.3;0.8775
1084748400;1.4;934.0;-200.0;5.6;795.0;88.0;1098.0;93.0;1328.0;673.0;20.3;28.5;0.6686
1084752000;1.4;913.0;-200.0;5.4;785.0;89.0;1110.0;85.0;1273.0;692.0;19.6;26.5;0.5974
1084755600;0.9;835.0;-200.0;3.7;691.0;52.0;1265.0;67.0;1182.0;517.0;19.1;25.9;0.5673
1084759200;0.5;773.0;-200.0;1.8;568.0;25.0;1474.0;37.0;1113.0;392.0;18.4;27.6;0.5799
1084762800;0.4;771.0;-200.0;1.4;533.0;-200.0;1566.0;-200.0;1110.0;360.0;17.4;30.2;0.5945
1084766400;-200.0;805.0;-200.0;1.4;534.0;28.0;1454.0;40.0;1112.0;409.0;16.3;34.1;0.6257
1084770000;0.5;930.0;-200.0;3.5;684.0;65.0;1059.0;75.0;1220.0;779.0;15.8;36.5;0.6535
1084773600;1.3;1009.0;-200.0;7.0;859.0;132.0;944.0;102.0;1420.0;1016.0;16.0;38.1;0.6879
1084777200;2.6;1196.0;-200.0;14.4;1131.0;216.0;775.0;113.0;1675.0;1243.0;17.6;35.0;0.6965
1084780800;2.0;1010.0;-200.0;8.9;937.0;180.0;945.0;142.0;1444.0;949.0;18.5;31.2;0.6611
1084784400;1.8;990.0;-200.0;8.6;924.0;140.0;974.0;90.0;1404.0;861.0;19.8;28.5;0.652
1084788000;1.7;988.0;-200.0;8.5;918.0;141.0;1007.0;94.0;1393.0;850.0;22.3;24.1;0.6394
1084791600;1.5;979.0;-200.0;8.3;910.0;123.0;1028.0;92.0;1396.0;788.0;24.2;21.7;0.6451
1084795200;1.9;1029.0;-200.0;10.1;983.0;129.0;950.0;97.0;1470.0;879.0;25.1;20.8;0.6516
1084798800;1.7;984.0;-200.0;9.1;945.0;115.0;990.0;88.0;1423.0;747.0;25.8;19.5;0.6392
1084802400;1.5;985.0;-200.0;8.5;919.0;104.0;1028.0;86.0;1387.0;700.0;26.3;18.9;0.6344
1084806000;1.7;981.0;-200.0;7.7;886.0;129.0;1054.0;99.0;1363.0;695.0;25.8;18.6;0.608
1084809600;1.7;1020.0;-200.0;9.0;941.0;138.0;1016.0;95.0;1425.0;756.0;25.7;19.4;0.6304
1084813200;2.4;1106.0;-200.0;13.4;1097.0;135.0;902.0;105.0;1552.0;941.0;26.7;17.1;0.5909
1084816800;3.1;1153.0;-200.0;15.6;1168.0;163.0;842.0;121.0;1644.0;1021.0;24.3;19.8;0.5933
1084820400;3.4;1215.0;-200.0;17.8;1234.0;180.0;796.0;125.0;1735.0;1167.0;23.5;20.8;0.5937
1084824000;3.0;1094.0;-200.0;12.7;1072.0;170.0;888.0;122.0;1545.0;1105.0;22.0;24.0;0.6263
1084827600;1.2;944.0;-200.0;6.4;832.0;72.0;1072.0;81.0;1350.0;712.0;21.1;26.2;0.6481
1084831200;1.2;964.0;-200.0;7.1;861.0;69.0;1014.0;73.0;1398.0;735.0;20.9;28.8;0.7014
1084834800;1.3;1003.0;-200.0;7.4;872.0;79.0;988.0;80.0;1439.0;851.0;20.2;31.2;0.7304
1084838400;1.0;914.0;-200.0;5.2;774.0;53.0;1091.0;65.0;1323.0;706.0;20.0;31.5;0.7262
1084842000;0.4;839.0;-200.0;2.4;609.0;36.0;1276.0;59.0;1286.0;643.0;20.8;32.3;0.7813
1084845600;0.3;830.0;-200.0;2.0;582.0;30.0;1310.0;50.0;1264.0;608.0;20.0;34.5;0.7954
1084849200;0.2;812.0;-200.0;1.2;521.0;-200.0;1413.0;-200.0;1233.0;469.0;21.2;32.9;0.8178
1084852800;-200.0;832.0;-200.0;1.5;547.0;15.0;1320.0;23.0;1254.0;469.0;18.3;40.0;0.8345
1084856400;0.5;903.0;-200.0;3.1;656.0;38.0;1155.0;37.0;1361.0;618.0;17.0;44.6;0.8593
1084860000;0.9;1022.0;-200.0;6.3;825.0;68.0;931.0;54.0;1487.0;931.0;17.1;45.3;0.8784
1084863600;2.7;1378.0;-200.0;19.3;1277.0;192.0;628.0;94.0;1970.0;1519.0;17.1;46.5;0.901
1084867200;6.5;1745.0;-200.0;38.9;1748.0;346.0;484.0;139.0;2605.0;2054.0;18.8;39.7;0.8547
1084870800;3.2;1326.0;-200.0;14.6;1137.0;225.0;719.0;115.0;1760.0;1550.0;20.3;38.1;0.8946
1084874400;2.4;1215.0;-200.0;12.3;1062.0;199.0;794.0;119.0;1650.0;1381.0;25.3;27.0;0.8565
1084878000;1.9;1138.0;-200.0;11.0;1015.0;140.0;854.0;103.0;1604.0;1115.0;27.4;22.8;0.8219
1084881600;2.7;1244.0;-200.0;15.4;1162.0;162.0;765.0;123.0;1735.0;1189.0;30.0;20.0;0.8338
1084885200;2.9;1261.0;-200.0;17.0;1210.0;173.0;736.0;126.0;1769.0;1200.0;30.9;19.1;0.8394
1084888800;2.0;1182.0;-200.0;12.5;1066.0;121.0;818.0;106.0;1663.0;965.0;30.6;20.2;0.8719
1084892400;2.3;1208.0;-200.0;13.8;1111.0;133.0;783.0;127.0;1653.0;1018.0;32.2;18.9;0.8964
1084896000;1.9;1158.0;-200.0;10.1;981.0;96.0;862.0;105.0;1573.0;775.0;31.7;19.5;0.8981
1084899600;3.0;1346.0;-200.0;19.3;1278.0;141.0;701.0;130.0;1873.0;1193.0;30.9;20.5;0.8996
1084903200;4.4;1443.0;-200.0;22.7;1371.0;221.0;664.0;160.0;1988.0;1425.0;27.5;24.7;0.8899
1084906800;4.7;1440.0;-200.0;25.5;1443.0;232.0;635.0;162.0;2068.0;1594.0;25.8;27.0;0.8821
1084910400;3.4;1232.0;-200.0;15.8;1173.0;174.0;751.0;135.0;1750.0;1284.0;23.7;30.0;0.8633
1084914000;2.4;1159.0;-200.0;12.3;1061.0;138.0;812.0;122.0;1648.0;1174.0;22.2;33.4;0.8806
1084917600;1.2;1081.0;-200.0;8.7;929.0;65.0;910.0;75.0;1518.0;937.0;21.1;36.5;0.9019
1084921200;1.7;1083.0;-200.0;8.3;911.0;107.0;883.0;96.0;1507.0;985.0;20.2;38.6;0.9016
1084924800;1.2;1069.0;-200.0;7.7;887.0;70.0;859.0;84.0;1542.0;1041.0;19.3;43.0;0.9535
1084928400;0.7;940.0;-200.0;4.2;724.0;44.0;1012.0;68.0;1407.0;867.0;19.2;43.6;0.9591
1084932000;0.5;901.0;-200.0;3.0;653.0;41.0;1094.0;65.0;1367.0;822.0;18.4;45.7;0.9599
1084935600;0.3;848.0;-200.0;1.8;571.0;-200.0;1224.0;-200.0;1297.0;624.0;18.7;44.3;0.9453
1084939200;-200.0;846.0;-200.0;2.2;598.0;33.0;1211.0;52.0;1332.0;669.0;16.3;51.4;0.9468
1084942800;0.3;848.0;-200.0;2.2;598.0;32.0;1219.0;46.0;1318.0;628.0;17.0;49.2;0.9459
1084946400;0.7;980.0;-200.0;5.7;800.0;46.0;983.0;54.0;1462.0;810.0;16.4;52.1;0.9612
1084950000;3.1;1408.0;-200.0;20.9;1321.0;173.0;618.0;94.0;2044.0;1495.0;16.4;53.4;0.9863
1084953600;6.2;1716.0;-200.0;36.7;1701.0;320.0;490.0;155.0;2545.0;2018.0;18.6;46.8;0.99
1084957200;4.6;1475.0;-200.0;22.0;1351.0;294.0;625.0;165.0;2006.0;1696.0;21.0;41.1;1.0104
1084960800;2.6;1262.0;-200.0;13.4;1096.0;182.0;772.0;134.0;1711.0;1340.0;26.4;28.9;0.9785
1084964400;2.1;1156.0;-200.0;11.5;1034.0;154.0;813.0;122.0;1640.0;1123.0;27.7;26.3;0.9652
1084968000;2.0;1192.0;-200.0;13.4;1097.0;118.0;796.0;113.0;1688.0;971.0;30.1;22.1;0.9281
1084971600;2.2;1233.0;-200.0;15.2;1154.0;116.0;746.0;115.0;1740.0;1000.0;31.0;22.9;1.0144
1084975200;2.1;1208.0;-200.0;13.0;1083.0;121.0;792.0;118.0;1702.0;891.0;31.0;22.6;1.0012
1084978800;2.3;1215.0;-200.0;14.0;1116.0;116.0;784.0;125.0;1715.0;852.0;31.6;21.0;0.959
1084982400;2.5;1251.0;-200.0;15.5;1165.0;144.0;747.0;135.0;1774.0;975.0;30.4;24.7;1.0526
1084986000;3.4;1358.0;-200.0;19.3;1278.0;176.0;689.0;149.0;1899.0;1192.0;28.8;26.3;1.0271
1084989600;4.3;1379.0;-200.0;21.9;1349.0;214.0;645.0;162.0;1961.0;1373.0;26.4;30.1;1.0204
1084993200;3.8;1379.0;-200.0;21.1;1326.0;191.0;659.0;151.0;1961.0;1307.0;24.7;31.5;0.9672
1084996800;3.8;1373.0;-200.0;18.4;1252.0;205.0;670.0;154.0;1889.0;1325.0;22.9;36.5;1.0083
1085000400;2.0;1197.0;-200.0;9.3;950.0;110.0;823.0;118.0;1592.0;918.0;20.8;41.8;1.0155
1085004000;1.7;1238.0;-200.0;9.0;940.0;95.0;815.0;103.0;1622.0;877.0;19.7;47.1;1.0666
1085007600;2.0;1255.0;-200.0;9.6;963.0;126.0;781.0;122.0;1665.0;1024.0;18.9;52.2;1.1313
1085011200;1.5;1164.0;-200.0;8.2;908.0;90.0;821.0;102.0;1574.0;1019.0;18.5;50.1;1.0539
1085014800;0.8;1046.0;-200.0;5.8;803.0;48.0;900.0;73.0;1490.0;823.0;18.0;53.0;1.0832
1085018400;0.5;956.0;-200.0;3.1;661.0;38.0;1043.0;59.0;1398.0;701.0;18.4;51.7;1.0819
1085022000;0.3;885.0;-200.0;1.7;565.0;-200.0;1217.0;-200.0;1329.0;542.0;19.8;46.2;1.056
1085025600;-200.0;877.0;-200.0;1.6;549.0;14.0;1265.0;26.0;1317.0;463.0;19.6;47.7;1.0736
1085029200;0.3;925.0;-200.0;2.3;609.0;26.0;1168.0;35.0;1363.0;533.0;17.3;54.1;1.0582
1085032800;0.9;1086.0;-200.0;6.6;837.0;83.0;885.0;68.0;1553.0;906.0;15.8;59.0;1.0495
1085036400;2.8;1490.0;-200.0;19.6;1286.0;188.0;593.0;97.0;2053.0;1447.0;16.6;55.9;1.0486
1085040000;5.4;1763.0;-200.0;32.9;1617.0;253.0;489.0;146.0;2503.0;1835.0;18.7;52.8;1.1279
1085043600;4.0;1462.0;-200.0;18.1;1242.0;149.0;637.0;83.0;1961.0;1552.0;20.7;46.4;1.1227
1085047200;2.2;1232.0;-200.0;12.4;1062.0;155.0;787.0;117.0;1707.0;1092.0;26.1;30.0;0.9972
1085050800;2.2;1239.0;-200.0;12.5;1067.0;146.0;779.0;117.0;1702.0;1071.0;28.6;25.8;0.9989
1085054400;2.0;1218.0;-200.0;12.0;1051.0;121.0;796.0;108.0;1689.0;881.0;30.3;23.3;0.9869
1085058000;2.0;1235.0;-200.0;13.3;1094.0;111.0;756.0;107.0;1729.0;907.0;31.3;22.3;1.0043
1085061600;1.9;1196.0;-200.0;12.3;1061.0;116.0;791.0;120.0;1649.0;899.0;31.1;22.3;0.9888
1085065200;2.7;1288.0;-200.0;16.0;1179.0;167.0;717.0;150.0;1799.0;1074.0;32.4;20.4;0.9732
1085068800;2.2;1248.0;-200.0;13.7;1108.0;145.0;772.0;138.0;1701.0;969.0;32.6;19.3;0.935
1085072400;3.5;1401.0;-200.0;21.7;1342.0;192.0;663.0;148.0;1959.0;1267.0;31.2;20.3;0.9064
1085076000;4.1;1401.0;-200.0;23.7;1396.0;231.0;645.0;168.0;2009.0;1402.0;27.7;24.8;0.9106
1085079600;4.4;1444.0;-200.0;22.1;1354.0;248.0;655.0;172.0;1956.0;1437.0;25.7;27.9;0.908
1085083200;4.5;1379.0;-200.0;20.6;1312.0;267.0;683.0;179.0;1870.0;1382.0;24.1;29.9;0.8879
1085086800;2.9;1251.0;-200.0;13.4;1097.0;181.0;771.0;143.0;1680.0;1280.0;22.2;34.4;0.9072
1085090400;2.6;1269.0;-200.0;12.8;1077.0;163.0;773.0;137.0;1706.0;1250.0;20.7;38.0;0.9149
1085094000;2.1;1242.0;-200.0;12.3;1060.0;141.0;745.0;117.0;1693.0;1359.0;20.2;42.8;0.9983
1085097600;1.2;1045.0;-200.0;6.8;850.0;78.0;889.0;93.0;1506.0;1102.0;20.5;42.0;1.0004
1085101200;0.6;937.0;-200.0;3.8;698.0;42.0;1039.0;64.0;1382.0;768.0;20.1;42.0;0.9763
1085104800;0.3;875.0;-200.0;2.5;622.0;35.0;1167.0;58.0;1331.0;656.0;20.0;41.5;0.9571
1085108400;0.3;889.0;-200.0;2.7;633.0;-200.0;1123.0;-200.0;1344.0;683.0;16.3;51.6;0.9461
1085112000;-200.0;888.0;-200.0;2.8;640.0;33.0;1089.0;47.0;1330.0;670.0;16.5;50.2;0.932
1085115600;0.3;881.0;-200.0;2.6;624.0;38.0;1135.0;47.0;1319.0;656.0;16.4;50.2;0.931
1085119200;0.7;998.0;-200.0;7.0;856.0;65.0;894.0;62.0;1488.0;926.0;14.9;54.7;0.9203
1085122800;4.2;1517.0;-200.0;26.2;1460.0;296.0;551.0;113.0;2205.0;1677.0;16.4;51.3;0.9474
1085126400;4.8;1522.0;-200.0;28.2;1509.0;303.0;543.0;126.0;2275.0;1828.0;18.2;46.2;0.9575
1085130000;3.4;1417.0;-200.0;20.2;1303.0;244.0;635.0;139.0;1964.0;1752.0;20.7;40.0;0.9639
1085133600;2.8;1329.0;-200.0;17.1;1214.0;216.0;700.0;148.0;1845.0;1581.0;26.5;27.0;0.9217
1085137200;1.8;1203.0;-200.0;11.2;1023.0;137.0;825.0;117.0;1622.0;1132.0;28.5;23.8;0.915
1085140800;1.9;1234.0;-200.0;11.6;1037.0;120.0;788.0;106.0;1658.0;1037.0;29.7;23.7;0.9714
1085144400;2.0;1286.0;-200.0;13.2;1090.0;100.0;750.0;98.0;1719.0;1023.0;31.7;21.7;0.9966
1085148000;1.9;1298.0;-200.0;12.7;1075.0;103.0;749.0;98.0;1690.0;1022.0;31.7;21.5;0.9902
1085151600;2.0;1308.0;-200.0;13.0;1084.0;123.0;757.0;110.0;1724.0;989.0;32.8;19.5;0.9515
1085155200;2.3;1276.0;-200.0;13.5;1099.0;136.0;783.0;114.0;1680.0;925.0;32.5;18.6;0.8948
1085158800;2.7;1234.0;-200.0;10.2;985.0;158.0;815.0;122.0;1572.0;795.0;30.2;22.6;0.9524
1085162400;3.6;1419.0;-200.0;20.1;1300.0;216.0;670.0;155.0;1923.0;1263.0;27.6;25.7;0.9382
1085166000;3.8;1325.0;-200.0;19.1;1273.0;211.0;716.0;145.0;1815.0;1184.0;25.9;24.9;0.8195
1085169600;3.5;1346.0;-200.0;17.5;1224.0;202.0;715.0;146.0;1794.0;1272.0;23.9;29.4;0.8589
1085173200;2.5;1241.0;-200.0;13.8;1110.0;147.0;772.0;130.0;1698.0;1177.0;22.3;32.1;0.8515
1085176800;2.5;1274.0;-200.0;13.3;1094.0;160.0;771.0;126.0;1682.0;1231.0;20.5;35.9;0.8565
1085180400;3.0;1321.0;-200.0;14.8;1144.0;162.0;732.0;127.0;1745.0;1243.0;19.8;37.2;0.8509
1085184000;3.7;1424.0;-200.0;18.0;1240.0;194.0;662.0;126.0;1841.0;1427.0;19.1;41.9;0.9158
1085187600;3.3;1357.0;-200.0;16.0;1178.0;167.0;674.0;124.0;1782.0;1454.0;17.8;46.1;0.9344
1085191200;1.5;1123.0;-200.0;9.7;966.0;91.0;770.0;93.0;1594.0;1183.0;17.6;47.6;0.9465
1085194800;0.7;1003.0;-200.0;6.2;820.0;-200.0;902.0;-200.0;1455.0;908.0;17.9;46.3;0.9394
1085198400;-200.0;951.0;-200.0;4.0;713.0;42.0;994.0;58.0;1385.0;821.0;16.9;49.8;0.9544
1085202000;0.5;941.0;-200.0;3.6;687.0;50.0;1024.0;59.0;1374.0;777.0;15.8;53.8;0.9615
1085205600;0.5;986.0;-200.0;4.6;745.0;61.0;959.0;66.0;1426.0;888.0;16.5;53.5;0.9928
1085209200;1.2;1153.0;-200.0;9.2;947.0;107.0;795.0;80.0;1643.0;1076.0;17.2;52.9;1.0276
1085212800;2.2;1323.0;-200.0;14.6;1137.0;139.0;696.0;94.0;1846.0;1285.0;19.3;48.3;1.0723
1085216400;2.2;1315.0;-200.0;11.7;1040.0;165.0;743.0;102.0;1740.0;1315.0;20.6;47.1;1.1287
1085220000;2.1;1303.0;-200.0;11.0;1015.0;139.0;777.0;96.0;1731.0;1250.0;23.7;40.0;1.153
1085223600;1.8;1238.0;-200.0;11.6;1037.0;113.0;813.0;91.0;1698.0;978.0;25.6;32.5;1.053
1085227200;2.2;1259.0;-200.0;12.9;1080.0;138.0;772.0;104.0;1736.0;1072.0;27.2;28.1;0.9989
1085230800;2.0;1246.0;-200.0;12.6;1070.0;104.0;770.0;84.0;1747.0;1064.0;27.9;28.1;1.0394
1085234400;1.4;1154.0;-200.0;8.3;912.0;78.0;872.0;76.0;1605.0;825.0;28.3;27.8;1.0539
1085238000;1.8;1237.0;-200.0;10.5;997.0;97.0;800.0;87.0;1688.0;924.0;29.2;27.0;1.081
1085241600;2.1;1315.0;-200.0;11.7;1041.0;115.0;773.0;101.0;1767.0;966.0;28.9;29.3;1.1503
1085245200;2.8;1466.0;-200.0;15.8;1174.0;152.0;680.0;115.0;1965.0;1302.0;25.4;39.8;1.2771
1085248800;2.8;1409.0;-200.0;13.9;1113.0;157.0;710.0;110.0;1850.0;1256.0;25.2;40.1;1.2642
1085252400;2.7;1366.0;-200.0;15.7;1171.0;132.0;693.0;103.0;1933.0;1068.0;24.5;39.4;1.1963
1085256000;1.8;1241.0;-200.0;10.9;1011.0;98.0;781.0;90.0;1748.0;1070.0;22.3;45.4;1.2088
1085259600;1.2;1123.0;-200.0;6.4;832.0;65.0;930.0;68.0;1565.0;792.0;21.2;48.3;1.2034
1085263200;2.6;1321.0;-200.0;12.7;1075.0;101.0;757.0;85.0;1891.0;1017.0;20.6;50.5;1.2082
1085266800;3.1;1397.0;-200.0;15.3;1159.0;134.0;681.0;100.0;1949.0;1207.0;20.2;52.9;1.234
1085270400;4.1;1507.0;-200.0;20.5;1311.0;177.0;608.0;114.0;2107.0;1499.0;19.8;54.5;1.2488
1085274000;3.6;1405.0;-200.0;15.9;1177.0;179.0;660.0;108.0;1931.0;1474.0;19.5;56.2;1.2624
1085277600;1.9;1192.0;-200.0;10.4;994.0;105.0;759.0;78.0;1780.0;1163.0;19.0;58.0;1.2581
1085281200;1.9;1199.0;-200.0;12.6;1070.0;-200.0;671.0;-200.0;1873.0;1189.0;18.1;61.6;1.2679
1085284800;-200.0;973.0;-200.0;4.9;761.0;49.0;954.0;55.0;1501.0;815.0;18.0;57.6;1.1788
1085288400;0.3;864.0;-200.0;2.1;591.0;27.0;1247.0;37.0;1374.0;507.0;17.7;56.0;1.1215
1085292000;0.4;886.0;-200.0;2.2;598.0;41.0;1257.0;53.0;1374.0;506.0;17.9;52.4;1.0655
1085295600;0.8;988.0;-200.0;4.0;713.0;78.0;1092.0;79.0;1455.0;716.0;18.9;49.3;1.0668
1085299200;0.8;1008.0;-200.0;4.3;729.0;68.0;1034.0;65.0;1490.0;795.0;20.0;48.6;1.1199
1085302800;0.8;976.0;-200.0;3.8;698.0;64.0;1156.0;64.0;1393.0;594.0;20.6;41.2;0.9841
1085306400;0.8;978.0;-200.0;4.1;718.0;67.0;1137.0;66.0;1392.0;565.0;23.6;34.0;0.9749
1085310000;0.9;987.0;-200.0;4.5;740.0;54.0;1105.0;53.0;1407.0;523.0;26.7;28.1;0.9688
1085313600;1.2;1030.0;-200.0;5.3;778.0;67.0;1071.0;69.0;1452.0;591.0;26.8;28.1;0.9785
1085317200;1.0;955.0;-200.0;4.2;723.0;51.0;1129.0;57.0;1393.0;559.0;27.7;25.8;0.9467
1085320800;0.8;924.0;-200.0;3.3;673.0;28.0;1247.0;36.0;1346.0;430.0;28.8;22.7;0.8864
1085324400;1.1;1005.0;-200.0;4.9;758.0;51.0;1091.0;57.0;1434.0;522.0;26.8;27.3;0.9462
1085328000;1.5;1059.0;-200.0;6.1;816.0;77.0;1023.0;73.0;1468.0;641.0;25.9;28.7;0.9423
1085331600;1.5;1079.0;-200.0;6.9;851.0;93.0;991.0;81.0;1490.0;738.0;25.8;27.7;0.9076
1085335200;1.4;1070.0;-200.0;6.8;850.0;94.0;997.0;91.0;1502.0;778.0;24.8;29.5;0.9077
1085338800;1.1;1085.0;-200.0;5.8;805.0;69.0;972.0;65.0;1528.0;718.0;25.3;36.3;1.1513
1085342400;0.9;1066.0;-200.0;5.5;787.0;57.0;986.0;56.0;1552.0;689.0;23.9;40.4;1.1787
1085346000;1.0;1094.0;-200.0;6.1;815.0;74.0;934.0;69.0;1563.0;852.0;21.4;46.6;1.1764
1085349600;1.1;1110.0;-200.0;6.0;814.0;75.0;948.0;73.0;1571.0;854.0;20.5;49.3;1.173
1085353200;1.0;968.0;-200.0;4.2;719.0;73.0;1081.0;76.0;1388.0;664.0;19.2;42.3;0.9339
1085356800;0.7;906.0;-200.0;4.1;714.0;56.0;1163.0;67.0;1351.0;544.0;19.2;37.9;0.8352
1085360400;0.5;849.0;-200.0;2.4;615.0;31.0;1285.0;44.0;1276.0;461.0;17.2;43.1;0.8394
1085364000;0.2;774.0;-200.0;1.0;500.0;13.0;1536.0;21.0;1169.0;352.0;15.8;45.2;0.8052
1085367600;-200.0;746.0;-200.0;0.6;450.0;-200.0;1807.0;-200.0;1111.0;308.0;15.7;42.3;0.7464
1085371200;-200.0;753.0;-200.0;0.5;437.0;14.0;1904.0;19.0;1110.0;301.0;16.3;41.0;0.7513
1085374800;0.1;749.0;-200.0;0.7;466.0;23.0;1803.0;29.0;1089.0;307.0;16.1;36.5;0.664
1085378400;0.5;864.0;-200.0;2.8;642.0;72.0;1288.0;69.0;1255.0;441.0;16.5;36.2;0.6752
1085382000;1.6;1002.0;-200.0;7.8;893.0;165.0;1010.0;111.0;1394.0;775.0;17.5;30.9;0.6111
1085385600;2.0;970.0;-200.0;9.7;966.0;118.0;944.0;81.0;1379.0;907.0;18.4;24.0;0.5046
1085389200;1.3;898.0;-200.0;6.9;853.0;85.0;1066.0;56.0;1271.0;763.0;19.2;23.8;0.5235
1085392800;1.0;847.0;-200.0;5.8;800.0;116.0;1155.0;90.0;1179.0;649.0;21.7;18.1;0.4642
1085396400;0.9;847.0;-200.0;5.5;788.0;112.0;1203.0;85.0;1162.0;598.0;22.3;17.0;0.4513
1085400000;1.2;871.0;-200.0;6.8;848.0;100.0;1139.0;83.0;1208.0;579.0;22.8;16.1;0.4404
1085403600;1.3;869.0;-200.0;7.2;866.0;109.0;1107.0;85.0;1212.0;596.0;23.8;14.5;0.4222
1085407200;1.1;875.0;-200.0;6.9;854.0;111.0;1160.0;85.0;1200.0;595.0;25.1;13.1;0.4129
1085410800;1.2;895.0;-200.0;7.5;878.0;109.0;1122.0;81.0;1238.0;607.0;25.8;12.9;0.4219
1085414400;1.4;926.0;-200.0;7.7;885.0;114.0;1101.0;92.0;1259.0;662.0;25.5;14.0;0.4495
1085418000;2.0;996.0;-200.0;12.0;1048.0;139.0;959.0;108.0;1397.0;822.0;24.5;15.4;0.4663
1085421600;2.4;997.0;-200.0;13.5;1100.0;157.0;896.0;106.0;1392.0;987.0;22.6;17.2;0.4656
1085425200;2.1;1006.0;-200.0;12.0;1048.0;147.0;925.0;114.0;1416.0;966.0;21.2;18.9;0.471
1085428800;1.2;895.0;-200.0;6.7;845.0;102.0;1072.0;96.0;1241.0;763.0;19.1;22.8;0.501
1085432400;0.7;862.0;-200.0;4.8;751.0;73.0;1154.0;77.0;1213.0;617.0;18.4;24.6;0.5169
1085436000;0.7;858.0;-200.0;4.8;756.0;65.0;1159.0;73.0;1209.0;564.0;17.3;25.6;0.5032
1085439600;0.8;853.0;-200.0;5.0;762.0;76.0;1134.0;86.0;1184.0;646.0;16.5;24.9;0.4642
1085443200;0.5;859.0;-200.0;4.3;727.0;65.0;1120.0;84.0;1187.0;753.0;16.7;28.3;0.5316
1085446800;0.2;837.0;-200.0;2.7;634.0;41.0;1200.0;56.0;1150.0;669.0;15.5;32.2;0.5641
1085450400;-200.0;746.0;-200.0;0.9;493.0;17.0;1522.0;31.0;1063.0;435.0;17.5;29.1;0.5773
1085454000;-200.0;752.0;-200.0;1.2;515.0;-200.0;1472.0;-200.0;1068.0;436.0;13.3;35.6;0.5393
1085457600;-200.0;742.0;-200.0;0.9;489.0;19.0;1559.0;30.0;1048.0;403.0;14.0;33.7;0.5355
1085461200;0.1;774.0;-200.0;1.7;560.0;45.0;1386.0;51.0;1107.0;532.0;11.6;40.0;0.5462
1085464800;0.2;798.0;-200.0;2.6;630.0;40.0;1291.0;45.0;1125.0;536.0;13.4;34.5;0.5272
1085468400;1.1;1002.0;-200.0;8.8;932.0;101.0;949.0;82.0;1405.0;917.0;15.2;31.0;0.5329
1085472000;3.0;1210.0;-200.0;22.2;1356.0;183.0;657.0;100.0;1786.0;1481.0;16.3;27.5;0.5066
1085475600;2.1;1058.0;-200.0;15.3;1158.0;149.0;820.0;91.0;1459.0;1187.0;19.2;20.0;0.439
1085479200;2.6;1106.0;-200.0;14.0;1118.0;207.0;885.0;130.0;1451.0;1220.0;24.9;13.0;0.4038
1085482800;3.2;1153.0;-200.0;18.5;1253.0;289.0;815.0;155.0;1541.0;1381.0;28.3;9.9;0.3754
1085486400;2.1;1047.0;-200.0;13.5;1101.0;159.0;913.0;114.0;1391.0;1103.0;29.2;9.8;0.3914
1085490000;2.2;1091.0;-200.0;15.8;1172.0;162.0;874.0;127.0;1459.0;1105.0;31.6;9.2;0.419
1085493600;2.4;1162.0;-200.0;18.5;1253.0;173.0;796.0;138.0;1595.0;1248.0;32.6;9.3;0.4499
1085497200;-200.0;1059.0;-200.0;12.6;1070.0;-200.0;925.0;-200.0;1401.0;976.0;32.6;9.2;0.4463
1085500800;-200.0;1083.0;-200.0;12.0;1051.0;-200.0;939.0;-200.0;1390.0;898.0;32.3;10.0;0.4747
1085504400;-200.0;1150.0;-200.0;15.4;1161.0;-200.0;867.0;-200.0;1512.0;1038.0;32.1;10.7;0.4996
1085508000;-200.0;1321.0;-200.0;24.9;1426.0;-200.0;720.0;-200.0;1859.0;1395.0;29.7;12.2;0.5007
1085511600;-200.0;-200.0;-200.0;-200.0;-200.0;-200.0;-200.0;-200.0;-200.0;-200.0;-200.0;-200.0;-200.0
1085515200;-200.0;-200.0;-200.0;-200.0;-200.0;-200.0;-200.0;-200.0;-200.0;-200.0;-200.0;-200.0;-200.0
1085518800;-200.0;-200.0;-200.0;-200.0;-200.0;-200.0;-200.0;-200.0;-200.0;-200.0;-200.0;-200.0;-200.0
1085522400;-200.0;-200.0;-200.0;-200.0;-200.0;-200.0;-200.0;-200.0;-200.0;-200.0;-200.0;-200.0;-200.0
1085526000;-200.0;-200.0;-200.0;-200.0;-200.0;-200.0;-200.0;-200.0;-200.0;-200.0;-200.0;-200.0;-200.0
1085529600;-200.0;-200.0;-200.0;-200.0;-200.0;-200.0;-200.0;-200.0;-200.0;-200.0;-200.0;-200.0;-200.0
1085533200;-200.0;-200.0;-200.0;-200.0;-200.0;-200.0;-200.0;-200.0;-200.0;-200.0;-200.0;-200.0;-200.0
1085536800;-200.0;-200.0;-200.0;-200.0;-200.0;-200.0;-200.0;-200.0;-200.0;-200.0;-200.0;-200.0;-200.0
1085540400;-200.0;-200.0;-200.0;-200.0;-200.0;-200.0;-200.0;-200.0;-200.0;-200.0;-200.0;-200.0;-200.0
1085544000;-200.0;-200.0;-200.0;-200.0;-200.0;-200.0;-200.0;-200.0;-200.0;-200.0;-200.0;-200.0;-200.0
1085547600;-200.0;-200.0;-200.0;-200.0;-200.0;-200.0;-200.0;-200.0;-200.0;-200.0;-200.0;-200.0;-200.0
1085551200;-200.0;-200.0;-200.0;-200.0;-200.0;-200.0;-200.0;-200.0;-200.0;-200.0;-200.0;-200.0;-200.0
1085554800;-200.0;-200.0;-200.0;-200.0;-200.0;-200.0;-200.0;-200.0;-200.0;-200.0;-200.0;-200.0;-200.0
1085558400;-200.0;-200.0;-200.0;-200.0;-200.0;-200.0;-200.0;-200.0;-200.0;-200.0;-200.0;-200.0;-200.0
1085562000;4.0;1303.0;-200.0;40.2;1776.0;-200.0;946.0;-200.0;1467.0;1608.0;20.4;35.7;0.844
1085565600;2.2;1137.0;-200.0;14.9;1146.0;188.0;1144.0;136.0;1392.0;1327.0;26.1;23.8;0.7938
1085569200;1.8;1139.0;-200.0;13.8;1109.0;159.0;1118.0;135.0;1436.0;1292.0;28.8;21.1;0.8193
1085572800;1.6;1099.0;-200.0;12.3;1059.0;146.0;1156.0;115.0;1416.0;1114.0;29.6;19.4;0.7897
1085576400;1.8;1088.0;-200.0;14.0;1116.0;127.0;1128.0;112.0;1449.0;1060.0;31.6;16.4;0.7489
1085580000;1.6;1027.0;-200.0;11.8;1041.0;128.0;1237.0;112.0;1345.0;915.0;32.3;13.3;0.6303
1085583600;1.6;1014.0;-200.0;12.0;1049.0;120.0;1200.0;109.0;1366.0;893.0;31.8;13.5;0.6249
1085587200;1.3;969.0;-200.0;9.7;968.0;115.0;1276.0;112.0;1325.0;768.0;31.8;13.8;0.6394
1085590800;-200.0;1120.0;-200.0;18.0;1238.0;-200.0;1023.0;-200.0;1591.0;1126.0;31.0;15.9;0.7039
1085594400;-200.0;1131.0;-200.0;22.6;1368.0;-200.0;933.0;-200.0;1707.0;1284.0;28.6;18.7;0.7216
1085598000;-200.0;1130.0;-200.0;22.7;1368.0;-200.0;933.0;-200.0;1709.0;1269.0;26.7;19.5;0.6754
1085601600;-200.0;1123.0;-200.0;20.3;1304.0;-200.0;939.0;-200.0;1720.0;1290.0;25.0;24.4;0.7616
1085605200;-200.0;1069.0;-200.0;13.1;1086.0;-200.0;1064.0;-200.0;1536.0;1119.0;22.8;28.4;0.7804
1085608800;-200.0;1021.0;-200.0;10.9;1010.0;-200.0;1116.0;-200.0;1480.0;1027.0;21.7;29.2;0.7458
1085612400;-200.0;1101.0;-200.0;13.3;1093.0;-200.0;1012.0;-200.0;1564.0;1155.0;21.1;30.9;0.7617
1085616000;-200.0;1026.0;-200.0;9.5;960.0;-200.0;1072.0;-200.0;1471.0;1078.0;19.9;36.3;0.8349
1085619600;-200.0;949.0;-200.0;6.6;841.0;-200.0;1155.0;-200.0;1393.0;954.0;18.6;39.3;0.8355
1085623200;-200.0;846.0;-200.0;3.6;687.0;-200.0;1295.0;-200.0;1288.0;726.0;18.6;38.8;0.8228
1085626800;-200.0;811.0;-200.0;2.3;606.0;-200.0;1417.0;-200.0;1248.0;656.0;19.0;38.9;0.8468
1085630400;-200.0;803.0;-200.0;2.0;586.0;-200.0;1442.0;-200.0;1232.0;573.0;18.0;40.9;0.8394
1085634000;-200.0;882.0;-200.0;4.1;715.0;-200.0;1246.0;-200.0;1367.0;780.0;15.5;48.6;0.8505
1085637600;-200.0;963.0;-200.0;6.5;836.0;-200.0;1085.0;-200.0;1429.0;920.0;16.0;47.9;0.8659
1085641200;-200.0;1413.0;-200.0;24.8;1424.0;-200.0;739.0;-200.0;2102.0;1544.0;17.0;46.0;0.883
1085644800;-200.0;1485.0;-200.0;34.4;1650.0;-200.0;632.0;-200.0;2337.0;1789.0;19.0;41.6;0.9039
1085648400;-200.0;1354.0;-200.0;24.5;1418.0;-200.0;749.0;-200.0;2043.0;1629.0;21.8;35.0;0.9002
1085652000;-200.0;1074.0;-200.0;9.0;939.0;-200.0;1071.0;-200.0;1513.0;997.0;25.6;28.0;0.9088
1085655600;-200.0;1022.0;-200.0;8.4;914.0;-200.0;1132.0;-200.0;1446.0;847.0;26.4;23.1;0.7853
1085659200;-200.0;1100.0;-200.0;11.5;1034.0;-200.0;995.0;-200.0;1586.0;958.0;27.1;24.2;0.856
1085662800;-200.0;1073.0;-200.0;12.1;1052.0;-200.0;1009.0;-200.0;1574.0;854.0;27.5;20.9;0.7565
1085666400;-200.0;1049.0;-200.0;10.1;983.0;-200.0;1071.0;-200.0;1515.0;782.0;29.5;19.7;0.8015
1085670000;-200.0;1086.0;-200.0;11.9;1048.0;-200.0;1016.0;-200.0;1580.0;888.0;30.6;18.6;0.8014
1085673600;-200.0;1059.0;-200.0;11.3;1027.0;-200.0;1066.0;-200.0;1521.0;764.0;31.3;15.8;0.7106
1085677200;-200.0;1244.0;-200.0;20.2;1301.0;-200.0;842.0;-200.0;1801.0;1170.0;29.4;21.0;0.8452
1085680800;-200.0;1320.0;-200.0;24.8;1423.0;-200.0;767.0;-200.0;1986.0;1385.0;27.0;23.5;0.8256
1085684400;-200.0;1236.0;-200.0;20.3;1304.0;-200.0;822.0;-200.0;1868.0;1237.0;25.8;26.7;0.8758
1085688000;-200.0;1136.0;-200.0;16.2;1187.0;-200.0;904.0;-200.0;1735.0;1127.0;23.7;28.4;0.8225
1085691600;-200.0;1110.0;-200.0;13.3;1093.0;-200.0;961.0;-200.0;1661.0;1091.0;21.3;33.0;0.8284
1085695200;-200.0;1026.0;-200.0;10.3;990.0;-200.0;1032.0;-200.0;1553.0;972.0;20.5;35.3;0.8435
1085698800;-200.0;1038.0;-200.0;9.6;961.0;-200.0;1026.0;-200.0;1530.0;949.0;19.4;38.1;0.8511
1085702400;-200.0;975.0;-200.0;7.8;892.0;-200.0;1015.0;-200.0;1480.0;890.0;19.4;40.7;0.9045
1085706000;-200.0;908.0;-200.0;6.1;814.0;-200.0;1089.0;-200.0;1403.0;763.0;17.8;44.9;0.903
1085709600;-200.0;896.0;-200.0;6.2;820.0;-200.0;1074.0;-200.0;1439.0;833.0;16.6;49.7;0.9295
1085713200;-200.0;810.0;-200.0;3.8;697.0;-200.0;1221.0;-200.0;1321.0;675.0;16.5;48.6;0.9028
1085716800;-200.0;789.0;-200.0;2.8;638.0;-200.0;1305.0;-200.0;1309.0;672.0;15.2;53.6;0.919
1085720400;-200.0;814.0;-200.0;3.4;678.0;-200.0;1276.0;-200.0;1339.0;626.0;15.5;51.7;0.9019
1085724000;-200.0;958.0;-200.0;8.2;907.0;-200.0;992.0;-200.0;1536.0;882.0;14.9;54.8;0.9247
1085727600;-200.0;1213.0;-200.0;19.2;1274.0;-200.0;762.0;-200.0;1914.0;1264.0;16.3;51.3;0.9416
1085731200;-200.0;1221.0;-200.0;22.6;1367.0;-200.0;722.0;-200.0;2008.0;1330.0;18.4;45.7;0.9559
1085734800;-200.0;1245.0;-200.0;19.4;1281.0;-200.0;774.0;-200.0;1952.0;1324.0;20.8;43.6;1.0614
1085738400;-200.0;1050.0;-200.0;9.6;963.0;-200.0;998.0;-200.0;1609.0;901.0;24.3;35.1;1.0477
1085742000;-200.0;1048.0;-200.0;9.8;969.0;-200.0;1012.0;-200.0;1600.0;852.0;26.4;29.3;0.9889
1085745600;-200.0;1141.0;-200.0;14.4;1128.0;-200.0;902.0;-200.0;1738.0;1009.0;28.3;25.0;0.9495
1085749200;-200.0;1052.0;-200.0;12.1;1053.0;-200.0;949.0;-200.0;1641.0;831.0;28.9;23.7;0.9285
1085752800;-200.0;1152.0;-200.0;13.5;1099.0;-200.0;908.0;-200.0;1706.0;954.0;28.5;25.8;0.9931
1085756400;1.7;1026.0;-200.0;12.3;1061.0;133.0;982.0;115.0;1564.0;814.0;29.6;18.9;0.7692
1085760000;1.7;1039.0;-200.0;12.2;1055.0;131.0;966.0;117.0;1590.0;845.0;28.0;23.2;0.8613
1085763600;2.1;1148.0;-200.0;12.5;1067.0;133.0;887.0;105.0;1790.0;956.0;23.6;41.0;1.1786
1085767200;2.2;1176.0;-200.0;13.9;1114.0;141.0;843.0;114.0;1805.0;1102.0;21.5;48.1;1.2148
1085770800;1.8;1100.0;-200.0;11.4;1028.0;112.0;900.0;103.0;1710.0;994.0;22.1;44.1;1.1573
1085774400;1.8;1081.0;-200.0;10.4;992.0;147.0;959.0;119.0;1680.0;935.0;20.2;47.2;1.1043
1085778000;0.9;976.0;-200.0;7.0;858.0;104.0;1070.0;102.0;1547.0;839.0;20.0;47.6;1.103
1085781600;1.0;979.0;-200.0;7.0;857.0;97.0;1082.0;96.0;1546.0;797.0;19.8;46.8;1.0697
1085785200;2.0;1092.0;-200.0;11.3;1024.0;128.0;937.0;109.0;1706.0;968.0;19.6;47.0;1.0606
1085788800;1.8;1044.0;-200.0;9.2;946.0;138.0;1009.0;119.0;1594.0;886.0;19.3;46.3;1.0279
1085792400;1.1;940.0;-200.0;6.8;849.0;93.0;1091.0;103.0;1509.0;764.0;18.5;48.7;1.0286
1085796000;0.6;892.0;-200.0;5.1;767.0;71.0;1180.0;84.0;1466.0;657.0;18.0;51.4;1.0504
1085799600;0.3;838.0;-200.0;3.4;675.0;-200.0;1302.0;-200.0;1390.0;540.0;17.9;50.8;1.0355
1085803200;-200.0;853.0;-200.0;4.3;727.0;44.0;1179.0;59.0;1417.0;621.0;17.7;51.9;1.0379
1085806800;-200.0;738.0;-200.0;1.5;545.0;18.0;1562.0;29.0;1266.0;450.0;17.7;49.7;0.997
1085810400;0.1;762.0;-200.0;2.0;581.0;41.0;1588.0;45.0;1277.0;434.0;17.9;46.1;0.9383
1085814000;0.5;841.0;-200.0;4.0;713.0;84.0;1293.0;80.0;1356.0;559.0;18.4;43.9;0.9192
1085817600;0.6;843.0;-200.0;4.0;712.0;77.0;1303.0;77.0;1343.0;548.0;18.9;42.1;0.9081
1085821200;0.5;841.0;-200.0;4.0;713.0;73.0;1326.0;68.0;1330.0;525.0;19.2;39.7;0.8728
1085824800;0.7;862.0;-200.0;4.2;721.0;72.0;1329.0;66.0;1335.0;522.0;20.8;36.6;0.8878
1085828400;0.7;869.0;-200.0;4.5;740.0;77.0;1296.0;70.0;1366.0;535.0;21.3;35.8;0.8975
1085832000;0.9;894.0;-200.0;6.0;810.0;82.0;1204.0;74.0;1421.0;585.0;21.8;34.9;0.9004
1085835600;0.7;844.0;-200.0;4.8;755.0;67.0;1284.0;64.0;1350.0;521.0;22.8;31.4;0.8615
1085839200;0.4;823.0;-200.0;3.8;699.0;59.0;1382.0;60.0;1311.0;493.0;22.9;31.3;0.862
1085842800;0.5;843.0;-200.0;4.2;719.0;61.0;1353.0;63.0;1330.0;501.0;22.9;30.7;0.8461
1085846400;0.6;865.0;-200.0;5.1;767.0;76.0;1279.0;75.0;1369.0;559.0;23.8;29.2;0.8499
1085850000;0.6;873.0;-200.0;5.6;792.0;73.0;1247.0;79.0;1397.0;589.0;23.2;30.2;0.8442
1085853600;0.8;899.0;-200.0;5.8;803.0;87.0;1221.0;83.0;1426.0;596.0;22.4;31.3;0.8365
1085857200;1.0;921.0;-200.0;7.0;856.0;98.0;1163.0;93.0;1437.0;681.0;21.7;32.2;0.825
1085860800;1.2;937.0;-200.0;7.9;893.0;123.0;1106.0;112.0;1463.0;783.0;20.8;33.2;0.8061
1085864400;1.0;901.0;-200.0;6.5;834.0;102.0;1177.0;103.0;1408.0;738.0;20.1;35.0;0.8149
1085868000;1.3;955.0;-200.0;8.5;918.0;102.0;1056.0;93.0;1511.0;762.0;19.5;36.9;0.8258
1085871600;2.7;1065.0;-200.0;13.7;1106.0;142.0;897.0;112.0;1707.0;929.0;19.0;38.2;0.8327
1085875200;2.7;1035.0;-200.0;13.8;1110.0;148.0;907.0;125.0;1652.0;1044.0;18.5;39.4;0.832
1085878800;1.6;956.0;-200.0;9.1;945.0;107.0;1030.0;107.0;1509.0;892.0;17.8;41.7;0.844
1085882400;0.6;869.0;-200.0;6.5;835.0;61.0;1078.0;76.0;1437.0;807.0;19.2;42.0;0.9248
1085886000;0.3;831.0;-200.0;6.2;822.0;-200.0;1085.0;-200.0;1418.0;710.0;17.8;44.8;0.9048
1085889600;-200.0;815.0;-200.0;5.2;774.0;43.0;1113.0;55.0;1374.0;712.0;17.0;47.7;0.9185
1085893200;0.1;781.0;-200.0;3.1;661.0;25.0;1271.0;37.0;1299.0;568.0;17.2;47.2;0.9178
1085896800;0.1;781.0;-200.0;2.9;645.0;32.0;1295.0;45.0;1320.0;575.0;17.3;47.6;0.9295
1085900400;0.2;828.0;-200.0;3.6;690.0;48.0;1263.0;61.0;1353.0;658.0;18.6;44.2;0.9385
1085904000;0.3;803.0;-200.0;2.7;635.0;60.0;1417.0;67.0;1272.0;537.0;20.2;37.8;0.8837
1085907600;0.3;811.0;-200.0;3.0;653.0;52.0;1411.0;60.0;1269.0;486.0;22.0;31.9;0.8335
1085911200;0.4;844.0;-200.0;3.7;696.0;58.0;1353.0;64.0;1292.0;507.0;25.5;25.9;0.8339
1085914800;0.3;833.0;-200.0;3.8;697.0;54.0;1361.0;64.0;1294.0;496.0;27.5;22.8;0.8249
1085918400;0.3;832.0;-200.0;4.2;719.0;52.0;1318.0;59.0;1299.0;502.0;28.7;20.7;0.8024
1085922000;0.1;771.0;-200.0;2.6;626.0;34.0;1502.0;41.0;1210.0;430.0;29.1;19.6;0.7771
1085925600;0.1;783.0;-200.0;2.8;637.0;41.0;1498.0;46.0;1215.0;439.0;29.8;18.4;0.7595
1085929200;0.2;815.0;-200.0;4.2;723.0;41.0;1378.0;46.0;1256.0;471.0;32.0;15.0;0.7028
1085932800;0.6;912.0;-200.0;6.2;819.0;65.0;1224.0;77.0;1368.0;589.0;30.3;17.0;0.7232
1085936400;0.5;894.0;-200.0;5.2;774.0;65.0;1239.0;83.0;1339.0;598.0;31.7;16.2;0.745
1085940000;0.9;963.0;-200.0;7.7;885.0;84.0;1102.0;90.0;1447.0;695.0;29.2;19.6;0.7817
1085943600;1.1;990.0;-200.0;8.8;930.0;89.0;1045.0;95.0;1506.0;739.0;27.4;23.8;0.858
1085947200;1.3;1025.0;-200.0;10.1;980.0;114.0;986.0;113.0;1591.0;891.0;25.0;26.9;0.8408
1085950800;1.5;997.0;-200.0;9.8;971.0;127.0;993.0;128.0;1573.0;930.0;23.6;30.1;0.8663
1085954400;1.2;976.0;-200.0;8.4;916.0;117.0;1044.0;117.0;1515.0;880.0;22.3;33.6;0.8913
1085958000;0.4;878.0;-200.0;5.4;784.0;46.0;1181.0;64.0;1407.0;610.0;21.4;36.9;0.9271
1085961600;0.2;836.0;-200.0;4.3;728.0;16.0;1213.0;28.0;1353.0;518.0;20.6;39.9;0.9597
1085965200;0.3;855.0;-200.0;4.8;751.0;27.0;1107.0;46.0;1418.0;664.0;19.7;43.2;0.9812
1085968800;-200.0;759.0;-200.0;2.1;588.0;4.0;1323.0;8.0;1286.0;515.0;19.7;42.4;0.9636
1085972400;-200.0;738.0;-200.0;1.4;539.0;-200.0;1421.0;-200.0;1257.0;477.0;18.9;45.0;0.9703
1085976000;-200.0;736.0;-200.0;1.3;528.0;19.0;1451.0;32.0;1254.0;477.0;18.7;45.4;0.9694
1085979600;-200.0;765.0;-200.0;2.3;609.0;48.0;1304.0;57.0;1319.0;581.0;16.4;52.4;0.9709
1085983200;0.5;909.0;-200.0;6.5;834.0;82.0;1031.0;60.0;1527.0;763.0;16.6;52.1;0.9785
1085986800;1.6;1108.0;-200.0;14.2;1123.0;167.0;804.0;83.0;1801.0;1111.0;17.4;50.9;1.0017
1085990400;3.6;1252.0;-200.0;22.7;1369.0;248.0;681.0;129.0;2120.0;1390.0;19.3;46.0;1.0185
1085994000;2.2;1175.0;-200.0;16.3;1188.0;213.0;790.0;137.0;1901.0;1251.0;20.9;43.6;1.0683
1085997600;1.6;1111.0;-200.0;14.1;1120.0;161.0;839.0;121.0;1790.0;1141.0;25.6;33.3;1.0773
1086001200;1.4;1044.0;-200.0;12.6;1069.0;144.0;889.0;123.0;1683.0;942.0;28.9;26.0;1.0188
1086004800;1.4;1018.0;-200.0;13.1;1088.0;127.0;909.0;120.0;1677.0;795.0;30.3;22.8;0.9695
1086008400;1.5;1060.0;-200.0;14.2;1122.0;116.0;863.0;119.0;1721.0;836.0;30.9;24.4;1.0724
1086012000;1.3;1071.0;-200.0;13.8;1110.0;124.0;864.0;121.0;1733.0;847.0;30.5;26.2;1.1278
1086015600;1.2;1006.0;-200.0;12.1;1054.0;115.0;921.0;111.0;1636.0;769.0;30.7;23.4;1.015
1086019200;1.8;1104.0;-200.0;15.7;1171.0;150.0;827.0;128.0;1803.0;968.0;28.1;29.8;1.1132
1086022800;3.0;1196.0;-200.0;21.4;1336.0;221.0;739.0;159.0;1971.0;1157.0;26.9;32.2;1.1267
1086026400;3.5;1243.0;-200.0;25.0;1429.0;227.0;687.0;161.0;2093.0;1367.0;26.0;34.6;1.1485
1086030000;2.4;1124.0;-200.0;16.6;1199.0;156.0;794.0;116.0;1858.0;1101.0;24.5;37.7;1.1454
1086033600;1.1;1020.0;-200.0;10.7;1003.0;97.0;904.0;96.0;1716.0;916.0;21.7;46.9;1.2044
1086037200;0.8;1035.0;-200.0;7.5;878.0;78.0;977.0;69.0;1694.0;825.0;19.3;68.8;1.519
1086040800;0.4;986.0;-200.0;5.3;781.0;60.0;1063.0;58.0;1633.0;693.0;17.6;81.6;1.6296
1086044400;0.6;1017.0;-200.0;6.5;834.0;61.0;986.0;59.0;1676.0;734.0;17.8;80.3;1.6212
1086048000;0.3;922.0;-200.0;4.7;750.0;46.0;1085.0;45.0;1585.0;685.0;18.6;75.7;1.6074
1086051600;-200.0;830.0;-200.0;2.9;644.0;17.0;1235.0;23.0;1487.0;524.0;19.6;68.4;1.5443
1086055200;-200.0;805.0;-200.0;2.0;583.0;18.0;1339.0;26.0;1494.0;527.0;18.0;76.4;1.5608
1086058800;-200.0;760.0;-200.0;1.1;505.0;-200.0;1527.0;-200.0;1413.0;452.0;17.3;77.2;1.5104
1086062400;-200.0;783.0;-200.0;1.3;529.0;16.0;1437.0;24.0;1435.0;466.0;16.5;82.3;1.5318
1086066000;0.1;854.0;-200.0;2.4;613.0;39.0;1272.0;41.0;1515.0;565.0;16.8;81.3;1.5452
1086069600;0.3;985.0;-200.0;6.1;816.0;107.0;987.0;65.0;1677.0;799.0;17.3;78.6;1.5412
1086073200;1.4;1225.0;-200.0;12.5;1067.0;190.0;760.0;94.0;1922.0;1102.0;16.9;80.9;1.5472
1086076800;2.7;1313.0;-200.0;19.5;1283.0;236.0;671.0;100.0;2180.0;1299.0;17.1;79.8;1.542
1086080400;2.3;1199.0;-200.0;15.2;1156.0;227.0;758.0;103.0;1958.0;1272.0;18.5;70.3;1.4826
1086084000;1.8;1182.0;-200.0;12.0;1051.0;211.0;829.0;89.0;1870.0;1206.0;19.6;66.7;1.5023
1086087600;1.6;1173.0;-200.0;12.4;1063.0;201.0;814.0;86.0;1905.0;1218.0;20.4;63.1;1.4969
1086091200;1.9;1259.0;-200.0;15.9;1178.0;191.0;722.0;89.0;2060.0;1367.0;21.6;61.8;1.5775
1086094800;2.5;1263.0;-200.0;15.7;1171.0;192.0;759.0;88.0;2029.0;1290.0;24.0;49.3;1.4509
1086098400;1.6;1156.0;-200.0;13.5;1100.0;143.0;800.0;73.0;1884.0;1175.0;25.7;43.8;1.4262
1086102000;1.5;1167.0;-200.0;12.4;1065.0;148.0;808.0;78.0;1886.0;1139.0;24.6;47.5;1.4487
1086105600;2.5;1278.0;-200.0;17.1;1213.0;183.0;733.0;95.0;2041.0;1293.0;24.8;47.4;1.4628
1086109200;3.6;1342.0;-200.0;22.0;1351.0;216.0;657.0;109.0;2201.0;1419.0;23.7;50.5;1.4636
1086112800;3.5;1353.0;-200.0;19.9;1292.0;184.0;683.0;95.0;2178.0;1326.0;23.0;53.8;1.4968
1086116400;4.8;1501.0;-200.0;27.9;1501.0;248.0;588.0;101.0;2486.0;1517.0;21.5;65.8;1.6688
1086120000;3.7;1355.0;-200.0;19.7;1289.0;221.0;678.0;88.0;2158.0;1391.0;21.0;66.9;1.6436
1086123600;2.1;1230.0;-200.0;15.7;1169.0;159.0;737.0;77.0;2020.0;1275.0;20.6;68.1;1.6329
1086127200;1.6;1148.0;-200.0;12.0;1048.0;136.0;822.0;75.0;1883.0;1168.0;20.5;66.9;1.5914
1086130800;2.2;1171.0;-200.0;13.1;1088.0;168.0;822.0;81.0;1889.0;1132.0;20.2;65.2;1.5251
1086134400;0.8;1021.0;-200.0;9.2;949.0;95.0;927.0;57.0;1764.0;977.0;19.5;68.0;1.5269
1086138000;-200.0;964.0;-200.0;7.5;877.0;70.0;958.0;49.0;1692.0;942.0;19.9;66.4;1.5203
1086141600;-200.0;887.0;-200.0;4.9;758.0;43.0;1094.0;38.0;1622.0;804.0;19.1;69.0;1.5043
1086145200;-200.0;885.0;-200.0;5.2;773.0;-200.0;1051.0;-200.0;1641.0;805.0;18.5;70.7;1.4962
1086148800;-200.0;830.0;-200.0;3.2;662.0;30.0;1217.0;31.0;1556.0;704.0;18.9;67.8;1.4689
1086152400;-200.0;792.0;-200.0;2.4;611.0;22.0;1280.0;23.0;1529.0;657.0;20.0;63.7;1.4742
1086156000;-200.0;813.0;-200.0;2.8;639.0;25.0;1267.0;22.0;1538.0;655.0;19.8;64.7;1.4769
1086159600;-200.0;890.0;-200.0;3.9;703.0;48.0;1145.0;33.0;1601.0;751.0;19.7;65.3;1.4843
1086163200;-200.0;984.0;-200.0;6.9;854.0;73.0;964.0;43.0;1751.0;885.0;20.8;62.0;1.5002
1086166800;-200.0;1043.0;-200.0;8.5;920.0;95.0;925.0;53.0;1777.0;955.0;22.2;56.6;1.4973
1086170400;-200.0;1054.0;-200.0;8.9;936.0;86.0;915.0;54.0;1791.0;962.0;24.3;49.0;1.4724
1086174000;-200.0;1063.0;-200.0;8.8;930.0;102.0;925.0;62.0;1749.0;957.0;25.0;46.5;1.4492
1086177600;-200.0;978.0;-200.0;7.4;873.0;80.0;1003.0;53.0;1669.0;788.0;28.9;34.8;1.3603
1086181200;-200.0;887.0;-200.0;4.7;748.0;36.0;1141.0;34.0;1560.0;596.0;29.6;33.4;1.3581
1086184800;-200.0;887.0;-200.0;4.8;754.0;32.0;1164.0;30.0;1523.0;560.0;30.9;30.7;1.3493
1086188400;-200.0;977.0;-200.0;6.8;850.0;46.0;1035.0;37.0;1645.0;701.0;31.8;31.0;1.4286
1086192000;-200.0;1043.0;-200.0;8.9;934.0;61.0;929.0;47.0;1707.0;811.0;31.4;31.2;1.4127
1086195600;-200.0;1010.0;-200.0;8.1;902.0;59.0;966.0;44.0;1676.0;724.0;28.9;35.7;1.3985
1086199200;-200.0;1094.0;-200.0;10.5;996.0;76.0;876.0;53.0;1807.0;864.0;27.2;42.5;1.5135
1086202800;-200.0;1223.0;-200.0;14.8;1142.0;145.0;778.0;88.0;1965.0;1084.0;26.2;46.4;1.5573
1086206400;-200.0;1109.0;-200.0;11.8;1042.0;140.0;834.0;95.0;1888.0;998.0;24.5;51.0;1.5454
1086210000;-200.0;1026.0;-200.0;8.7;927.0;102.0;915.0;82.0;1781.0;878.0;22.8;56.1;1.5353
1086213600;-200.0;1036.0;-200.0;8.7;928.0;89.0;914.0;59.0;1787.0;909.0;21.9;60.9;1.5799
1086217200;-200.0;963.0;-200.0;6.9;853.0;62.0;995.0;43.0;1732.0;789.0;21.7;61.0;1.5617
1086220800;-200.0;996.0;-200.0;7.3;868.0;69.0;957.0;51.0;1741.0;857.0;20.8;64.8;1.568
1086224400;-200.0;999.0;-200.0;6.9;853.0;63.0;951.0;49.0;1756.0;885.0;20.3;70.9;1.6699
1086228000;-200.0;893.0;-200.0;4.6;741.0;31.0;1056.0;36.0;1664.0;743.0;18.9;79.0;1.704
1086231600;-200.0;730.0;-200.0;1.3;530.0;-200.0;1517.0;-200.0;1362.0;445.0;18.1;64.6;1.3276
1086235200;-200.0;753.0;-200.0;1.7;562.0;17.0;1420.0;24.0;1414.0;454.0;18.6;64.5;1.3655
1086238800;-200.0;825.0;-200.0;3.2;663.0;61.0;1203.0;58.0;1504.0;610.0;17.6;67.4;1.346
1086242400;-200.0;1012.0;-200.0;10.1;982.0;184.0;882.0;73.0;1796.0;1024.0;17.6;67.6;1.3479
1086246000;-200.0;1221.0;-200.0;19.9;1293.0;248.0;688.0;74.0;2144.0;1316.0;19.0;61.7;1.3393
1086249600;-200.0;1215.0;-200.0;20.2;1303.0;220.0;694.0;97.0;2180.0;1358.0;20.0;57.4;1.3268
1086253200;-200.0;1234.0;-200.0;20.8;1318.0;243.0;714.0;108.0;2108.0;2202.0;22.6;45.9;1.2418
1086256800;-200.0;1138.0;-200.0;15.1;1152.0;164.0;798.0;93.0;1877.0;1947.0;27.3;34.3;1.2284
1086260400;-200.0;987.0;-200.0;10.9;1009.0;-200.0;914.0;-200.0;1697.0;1227.0;27.4;31.0;1.1184
1086264000;-200.0;980.0;-200.0;11.1;1019.0;-200.0;921.0;-200.0;1720.0;950.0;26.2;33.6;1.1244
1086267600;-200.0;966.0;-200.0;12.1;1054.0;-200.0;885.0;-200.0;1742.0;917.0;26.8;32.4;1.1263
1086271200;-200.0;905.0;-200.0;8.6;923.0;-200.0;1025.0;-200.0;1582.0;707.0;28.7;27.7;1.071
1086274800;-200.0;903.0;-200.0;9.7;968.0;-200.0;992.0;-200.0;1565.0;740.0;28.7;25.0;0.9684
1086278400;-200.0;914.0;-200.0;11.0;1014.0;-200.0;988.0;-200.0;1597.0;775.0;29.1;22.3;0.8811
1086282000;-200.0;1050.0;-200.0;16.6;1199.0;-200.0;849.0;-200.0;1781.0;1035.0;29.0;24.5;0.9655
1086285600;-200.0;1043.0;-200.0;14.7;1139.0;-200.0;876.0;-200.0;1756.0;1001.0;27.2;28.3;1.0016
1086289200;-200.0;1125.0;-200.0;19.5;1283.0;-200.0;792.0;-200.0;1899.0;1101.0;25.3;30.0;0.952
1086292800;-200.0;1058.0;-200.0;14.5;1134.0;-200.0;855.0;-200.0;1797.0;1034.0;24.1;34.8;1.0333
1086296400;-200.0;951.0;-200.0;7.8;892.0;-200.0;1015.0;-200.0;1611.0;786.0;23.0;43.1;1.1993
1086300000;-200.0;944.0;-200.0;7.8;891.0;-200.0;1016.0;-200.0;1593.0;844.0;22.1;43.9;1.1521
1086303600;-200.0;959.0;-200.0;7.8;892.0;-200.0;996.0;-200.0;1616.0;866.0;21.0;48.1;1.178
1086307200;-200.0;974.0;-200.0;8.5;919.0;-200.0;976.0;-200.0;1638.0;909.0;20.6;49.2;1.1754
1086310800;-200.0;880.0;-200.0;5.7;799.0;-200.0;1097.0;-200.0;1533.0;724.0;21.2;47.6;1.1799
1086314400;-200.0;853.0;-200.0;4.5;740.0;-200.0;1146.0;-200.0;1526.0;715.0;21.0;50.1;1.2338
1086318000;-200.0;912.0;-200.0;5.6;795.0;-200.0;1042.0;-200.0;1564.0;827.0;20.1;53.1;1.2342
1086321600;-200.0;863.0;-200.0;4.6;745.0;-200.0;1098.0;-200.0;1496.0;786.0;19.0;54.0;1.1745
1086325200;-200.0;729.0;-200.0;1.2;520.0;-200.0;1570.0;-200.0;1318.0;445.0;19.2;51.1;1.124
1086328800;-200.0;830.0;-200.0;3.4;674.0;-200.0;1246.0;-200.0;1459.0;607.0;19.2;53.1;1.1662
1086332400;-200.0;1198.0;-200.0;17.0;1209.0;-200.0;779.0;-200.0;2058.0;1213.0;20.6;49.0;1.1748
1086336000;-200.0;971.0;-200.0;10.0;977.0;-200.0;921.0;-200.0;1667.0;910.0;21.8;41.9;1.077
1086339600;-200.0;885.0;-200.0;6.0;812.0;-200.0;1100.0;-200.0;1495.0;675.0;22.8;37.6;1.0315
1086343200;-200.0;862.0;-200.0;5.7;798.0;-200.0;1148.0;-200.0;1456.0;582.0;24.8;31.3;0.9646
1086346800;-200.0;892.0;-200.0;6.9;853.0;-200.0;1080.0;-200.0;1509.0;666.0;26.0;29.4;0.976
1086350400;-200.0;933.0;-200.0;9.5;960.0;-200.0;994.0;-200.0;1577.0;726.0;27.0;27.8;0.9731
1086354000;-200.0;975.0;-200.0;11.1;1017.0;-200.0;930.0;-200.0;1668.0;801.0;27.0;29.3;1.0277
1086357600;-200.0;927.0;-200.0;8.1;905.0;-200.0;1016.0;-200.0;1554.0;711.0;27.0;29.6;1.0419
1086361200;-200.0;993.0;-200.0;10.2;985.0;-200.0;950.0;-200.0;1680.0;790.0;25.8;32.6;1.072
1086364800;2.7;1053.0;-200.0;13.3;1093.0;-200.0;873.0;-200.0;1749.0;924.0;26.2;32.6;1.0892
1086368400;3.6;1116.0;-200.0;16.6;1198.0;-200.0;811.0;-200.0;1863.0;1045.0;28.3;27.5;1.0418
1086372000;3.3;1097.0;-200.0;16.9;1206.0;-200.0;813.0;-200.0;1867.0;1088.0;26.5;29.7;1.0123
1086375600;3.6;1116.0;-200.0;17.5;1226.0;-200.0;792.0;-200.0;1938.0;1038.0;25.7;31.8;1.0317
1086379200;2.9;1057.0;-200.0;13.1;1087.0;-200.0;871.0;-200.0;1769.0;981.0;24.4;35.2;1.0632
1086382800;1.9;973.0;-200.0;9.2;949.0;-200.0;987.0;-200.0;1615.0;820.0;23.5;36.9;1.0518
1086386400;2.0;1016.0;-200.0;10.0;977.0;-200.0;951.0;-200.0;1652.0;948.0;22.4;41.0;1.1006
1086390000;2.9;1120.0;-200.0;13.1;1088.0;-200.0;849.0;-200.0;1785.0;1067.0;21.7;44.7;1.1451
1086393600;2.7;1076.0;-200.0;12.9;1080.0;-200.0;846.0;-200.0;1787.0;1070.0;21.1;48.1;1.1864
1086397200;1.5;937.0;-200.0;7.8;890.0;-200.0;970.0;-200.0;1625.0;877.0;20.7;50.0;1.203
1086400800;1.6;980.0;-200.0;9.2;948.0;-200.0;888.0;-200.0;1702.0;1028.0;19.8;53.1;1.2093
1086404400;1.3;937.0;-200.0;6.9;853.0;-200.0;962.0;-200.0;1604.0;969.0;19.8;53.6;1.2214
1086408000;0.7;852.0;-200.0;4.5;739.0;37.0;1095.0;63.0;1525.0;837.0;19.6;54.8;1.236
1086411600;0.7;858.0;-200.0;4.9;757.0;57.0;1066.0;71.0;1542.0;904.0;19.3;57.3;1.265
1086415200;1.2;963.0;-200.0;7.9;894.0;131.0;942.0;91.0;1702.0;1065.0;19.7;58.4;1.3254
1086418800;1.5;966.0;-200.0;7.4;874.0;171.0;969.0;95.0;1682.0;999.0;19.8;59.4;1.3554
1086422400;1.5;983.0;-200.0;8.0;901.0;187.0;954.0;96.0;1691.0;986.0;20.9;54.8;1.3387
1086426000;1.6;990.0;-200.0;7.6;881.0;133.0;985.0;81.0;1685.0;874.0;22.4;47.9;1.2817
1086429600;1.1;891.0;-200.0;5.3;780.0;87.0;1110.0;68.0;1543.0;689.0;24.1;41.3;1.2202
1086433200;1.1;883.0;-200.0;5.3;778.0;61.0;1130.0;57.0;1545.0;608.0;25.9;36.9;1.2133
1086436800;1.4;914.0;-200.0;8.0;900.0;86.0;1010.0;68.0;1596.0;706.0;30.7;26.0;1.1287
1086440400;1.4;896.0;-200.0;8.4;917.0;83.0;1017.0;72.0;1577.0;704.0;30.3;25.2;1.0652
1086444000;1.0;841.0;-200.0;6.0;811.0;61.0;1135.0;62.0;1463.0;609.0;30.1;25.4;1.0641
1086447600;1.3;926.0;-200.0;7.3;868.0;80.0;1048.0;75.0;1599.0;687.0;27.6;35.1;1.2764
1086451200;1.9;1133.0;-200.0;10.2;984.0;110.0;838.0;92.0;1897.0;976.0;26.6;47.6;1.6315
1086454800;1.7;1042.0;-200.0;9.0;939.0;108.0;917.0;89.0;1744.0;860.0;30.4;31.3;1.3331
1086458400;2.3;1124.0;-200.0;14.0;1118.0;134.0;793.0;105.0;1915.0;1021.0;27.8;35.0;1.282
1086462000;2.4;1157.0;-200.0;16.1;1183.0;133.0;738.0;111.0;1970.0;1079.0;26.6;37.9;1.2994
1086465600;1.8;989.0;-200.0;8.2;906.0;118.0;954.0;102.0;1681.0;826.0;23.4;44.4;1.2646
1086469200;0.6;841.0;-200.0;3.8;699.0;17.0;1123.0;30.0;1508.0;558.0;23.0;51.1;1.4175
1086472800;0.8;916.0;-200.0;5.6;791.0;26.0;1007.0;43.0;1588.0;679.0;22.1;53.5;1.4087
1086476400;1.7;1008.0;-200.0;8.0;900.0;55.0;907.0;67.0;1681.0;850.0;21.6;53.6;1.3674
1086480000;1.1;895.0;-200.0;5.6;792.0;39.0;975.0;58.0;1574.0;733.0;21.9;52.7;1.365
1086483600;0.6;810.0;-200.0;3.8;702.0;15.0;1093.0;24.0;1529.0;612.0;21.3;54.9;1.3707
1086487200;1.1;968.0;-200.0;6.6;840.0;47.0;891.0;58.0;1727.0;788.0;17.5;79.1;1.5709
1086490800;1.1;922.0;-200.0;7.0;859.0;-200.0;871.0;-200.0;1739.0;728.0;17.6;78.6;1.5722
1086494400;1.0;892.0;-200.0;5.2;773.0;49.0;926.0;62.0;1660.0;724.0;17.1;81.8;1.5816
1086498000;0.5;806.0;-200.0;2.4;615.0;21.0;1172.0;34.0;1525.0;543.0;16.6;80.2;1.5002
1086501600;0.7;827.0;-200.0;3.1;659.0;33.0;1115.0;46.0;1552.0;616.0;16.8;77.4;1.4739
1086505200;1.0;881.0;-200.0;5.2;776.0;63.0;1037.0;62.0;1623.0;677.0;18.3;66.5;1.381
1086508800;1.2;877.0;-200.0;5.9;808.0;73.0;1011.0;70.0;1614.0;723.0;20.4;55.8;1.3196
1086512400;0.7;784.0;-200.0;2.8;638.0;51.0;1314.0;54.0;1412.0;529.0;21.6;45.3;1.1533
1086516000;0.9;806.0;-200.0;3.4;675.0;61.0;1270.0;61.0;1414.0;528.0;23.1;39.4;1.0983
1086519600;0.8;775.0;-200.0;3.0;653.0;52.0;1349.0;53.0;1365.0;491.0;25.4;31.6;1.0058
1086523200;0.8;773.0;-200.0;3.4;676.0;49.0;1331.0;49.0;1374.0;489.0;26.6;29.0;0.9928
1086526800;0.5;734.0;-200.0;2.3;603.0;40.0;1471.0;48.0;1303.0;450.0;25.9;28.8;0.9475
1086530400;0.5;757.0;-200.0;2.7;635.0;36.0;1445.0;45.0;1345.0;451.0;27.0;28.0;0.981
1086534000;0.7;817.0;-200.0;3.6;688.0;51.0;1299.0;60.0;1435.0;512.0;23.6;38.1;1.0917
1086537600;0.9;815.0;-200.0;4.2;720.0;56.0;1225.0;59.0;1418.0;525.0;25.9;32.0;1.0529
1086541200;1.0;844.0;-200.0;4.9;757.0;71.0;1186.0;67.0;1445.0;556.0;26.3;31.5;1.0643
1086544800;1.2;880.0;-200.0;5.9;807.0;79.0;1123.0;72.0;1510.0;599.0;23.9;36.8;1.0774
1086548400;1.3;906.0;-200.0;6.6;838.0;117.0;1084.0;88.0;1547.0;694.0;23.7;36.8;1.0609
1086552000;1.6;904.0;-200.0;7.6;882.0;127.0;1048.0;94.0;1549.0;744.0;22.5;37.8;1.0157
1086555600;1.4;877.0;-200.0;7.0;858.0;118.0;1080.0;89.0;1535.0;724.0;21.8;39.2;1.0115
1086559200;1.7;918.0;-200.0;7.5;879.0;130.0;1030.0;96.0;1569.0;804.0;20.9;42.6;1.04
1086562800;1.7;930.0;-200.0;8.4;914.0;131.0;991.0;98.0;1631.0;862.0;20.0;45.6;1.0555
1086566400;1.4;870.0;-200.0;7.0;858.0;102.0;1061.0;95.0;1557.0;811.0;19.3;47.9;1.059
1086570000;0.8;793.0;-200.0;3.9;703.0;48.0;1222.0;64.0;1439.0;627.0;18.7;49.0;1.0462
1086573600;0.4;760.0;-200.0;2.6;626.0;22.0;1263.0;38.0;1386.0;575.0;17.8;54.1;1.0938
1086577200;0.3;733.0;-200.0;2.0;588.0;-200.0;1281.0;-200.0;1394.0;589.0;18.6;52.7;1.1206
1086580800;-200.0;726.0;-200.0;2.1;591.0;22.0;1263.0;34.0;1386.0;579.0;17.2;57.9;1.127
1086584400;0.5;732.0;-200.0;2.4;613.0;44.0;1273.0;40.0;1413.0;605.0;18.2;54.1;1.1155
1086588000;1.5;933.0;-200.0;9.6;962.0;167.0;867.0;76.0;1705.0;974.0;17.3;57.6;1.1289
1086591600;2.6;1061.0;-200.0;15.4;1162.0;220.0;777.0;90.0;1898.0;1132.0;19.9;49.4;1.1354
1086595200;4.3;1201.0;-200.0;25.0;1428.0;285.0;664.0;118.0;2249.0;1378.0;21.7;44.2;1.1321
1086598800;3.1;1065.0;-200.0;15.1;1151.0;272.0;801.0;118.0;1894.0;1160.0;23.5;40.0;1.1386
1086602400;2.9;1075.0;-200.0;17.4;1222.0;238.0;774.0;122.0;1943.0;1213.0;28.4;29.7;1.1345
1086606000;2.5;998.0;-200.0;14.1;1119.0;207.0;832.0;120.0;1780.0;1057.0;31.6;24.1;1.0994
1086609600;1.9;922.0;-200.0;11.8;1042.0;152.0;887.0;132.0;1744.0;832.0;31.3;24.1;1.0816
1086613200;2.5;1023.0;-200.0;14.9;1147.0;185.0;829.0;115.0;1842.0;983.0;34.4;20.4;1.0857
1086616800;2.5;1039.0;-200.0;16.0;1180.0;184.0;833.0;127.0;1815.0;1047.0;33.7;21.3;1.0988
1086620400;2.8;1054.0;-200.0;16.5;1195.0;205.0;815.0;126.0;1848.0;1078.0;35.9;18.9;1.0999
1086624000;2.3;1022.0;-200.0;15.2;1155.0;172.0;871.0;113.0;1840.0;979.0;34.3;19.4;1.0279
1086627600;3.3;1082.0;-200.0;18.9;1266.0;227.0;788.0;124.0;1910.0;1139.0;33.5;19.9;1.0112
1086631200;2.8;1056.0;-200.0;19.0;1268.0;187.0;786.0;108.0;1896.0;1111.0;30.5;24.2;1.0386
1086634800;4.8;1243.0;-200.0;28.9;1524.0;290.0;647.0;142.0;2281.0;1470.0;30.3;26.2;1.1161
1086638400;2.5;1029.0;-200.0;13.4;1097.0;155.0;825.0;125.0;1827.0;980.0;27.0;36.7;1.2898
1086642000;2.0;1004.0;-200.0;10.9;1011.0;108.0;867.0;116.0;1754.0;893.0;24.6;41.9;1.2752
1086645600;1.8;979.0;-200.0;8.9;937.0;94.0;919.0;101.0;1683.0;858.0;23.3;44.5;1.2566
1086649200;1.7;972.0;-200.0;8.5;919.0;103.0;934.0;101.0;1668.0;904.0;22.4;46.9;1.2544
1086652800;1.3;942.0;-200.0;6.7;846.0;78.0;980.0;92.0;1615.0;905.0;21.7;50.8;1.3019
1086656400;0.7;825.0;-200.0;4.2;720.0;38.0;1129.0;55.0;1511.0;678.0;21.0;51.9;1.2794
1086660000;0.5;780.0;-200.0;2.5;621.0;26.0;1277.0;42.0;1452.0;586.0;20.5;54.3;1.2926
1086663600;0.4;746.0;-200.0;1.7;565.0;-200.0;1369.0;-200.0;1423.0;608.0;20.9;52.5;1.2852
1086667200;0.3;734.0;-200.0;1.4;538.0;19.0;1449.0;30.0;1400.0;514.0;21.0;53.1;1.3031
1086670800;0.5;785.0;-200.0;2.8;640.0;35.0;1265.0;40.0;1467.0;588.0;19.6;57.1;1.2851
1086674400;1.4;946.0;-200.0;8.8;931.0;126.0;917.0;69.0;1745.0;884.0;18.2;62.3;1.2903
1086678000;3.3;1201.0;-200.0;19.4;1279.0;309.0;683.0;100.0;2144.0;1338.0;19.5;57.7;1.2966
1086681600;5.8;1377.0;-200.0;36.1;1688.0;376.0;525.0;125.0;2746.0;1708.0;21.6;51.7;1.313
1086685200;5.0;1346.0;-200.0;27.1;1481.0;441.0;602.0;174.0;2367.0;1681.0;23.9;44.4;1.3029
1086688800;3.5;1230.0;-200.0;19.0;1268.0;309.0;698.0;171.0;2049.0;1509.0;28.1;35.2;1.312
1086692400;2.9;1160.0;-200.0;16.9;1208.0;220.0;728.0;149.0;1925.0;1330.0;31.4;28.6;1.298
1086696000;2.5;1146.0;-200.0;15.7;1171.0;168.0;761.0;124.0;1902.0;1138.0;33.7;25.5;1.3095
1086699600;2.3;1078.0;-200.0;14.1;1121.0;149.0;818.0;119.0;1806.0;963.0;35.9;20.8;1.2103
1086703200;2.4;1111.0;-200.0;16.5;1194.0;160.0;794.0;130.0;1875.0;1015.0;37.5;18.1;1.1529
1086706800;2.6;1083.0;-200.0;14.8;1141.0;177.0;825.0;143.0;1793.0;1008.0;37.7;17.7;1.1383
1086710400;2.2;1056.0;-200.0;13.0;1083.0;-200.0;865.0;-200.0;1723.0;898.0;37.8;17.4;1.1219
1086714000;3.5;1220.0;-200.0;21.4;1334.0;176.0;695.0;183.0;2066.0;1215.0;36.6;20.6;1.2445
1086717600;3.9;1268.0;-200.0;23.6;1393.0;202.0;650.0;161.0;2144.0;1334.0;32.5;26.0;1.2502
1086721200;4.5;1256.0;-200.0;25.0;1430.0;255.0;660.0;170.0;2151.0;1380.0;30.8;27.2;1.1832
1086724800;3.8;1213.0;-200.0;21.6;1341.0;210.0;683.0;143.0;2090.0;1601.0;28.8;30.2;1.1761
1086728400;2.8;1145.0;-200.0;15.7;1170.0;157.0;751.0;123.0;1894.0;1376.0;26.7;35.4;1.2233
1086732000;1.7;1050.0;-200.0;10.9;1011.0;96.0;836.0;89.0;1739.0;1161.0;25.3;40.7;1.291
1086735600;1.2;972.0;-200.0;8.1;902.0;59.0;933.0;67.0;1647.0;878.0;24.9;41.2;1.2809
1086739200;1.6;1020.0;-200.0;10.2;984.0;81.0;853.0;81.0;1753.0;1031.0;23.7;45.1;1.3033
1086742800;1.0;934.0;-200.0;7.5;878.0;40.0;940.0;54.0;1644.0;847.0;22.5;49.0;1.3151
1086746400;0.9;914.0;-200.0;5.8;801.0;42.0;965.0;57.0;1609.0;908.0;22.3;50.6;1.3486
1086750000;0.5;824.0;-200.0;3.8;698.0;-200.0;1107.0;-200.0;1517.0;733.0;22.0;50.5;1.3199
1086753600;0.5;817.0;-200.0;3.3;672.0;31.0;1113.0;51.0;1501.0;751.0;20.8;54.4;1.3229
1086757200;0.5;833.0;-200.0;4.0;708.0;54.0;1084.0;58.0;1525.0;799.0;20.3;56.0;1.3204
1086760800;1.0;935.0;-200.0;8.1;905.0;88.0;899.0;69.0;1675.0;954.0;20.5;54.8;1.3073
1086764400;3.5;1297.0;-200.0;22.3;1359.0;261.0;630.0;107.0;2214.0;1425.0;21.7;50.6;1.2981
1086768000;6.4;1496.0;-200.0;36.9;1705.0;357.0;507.0;151.0;2691.0;2147.0;23.4;46.1;1.3091
1086771600;2.9;1201.0;-200.0;17.5;1224.0;265.0;701.0;146.0;1987.0;1532.0;25.1;43.0;1.3488
1086775200;3.4;1267.0;-200.0;19.3;1276.0;247.0;676.0;165.0;2059.0;1570.0;30.1;32.8;1.3795
1086778800;2.8;1224.0;-200.0;17.6;1228.0;189.0;711.0;159.0;1972.0;1380.0;34.7;25.9;1.4069
1086782400;2.8;1247.0;-200.0;18.6;1257.0;168.0;701.0;174.0;2000.0;1337.0;37.2;23.2;1.4478
1086786000;2.8;1183.0;-200.0;18.0;1241.0;183.0;721.0;167.0;1937.0;1308.0;39.5;18.3;1.2917
1086789600;2.3;1078.0;-200.0;14.0;1116.0;157.0;815.0;137.0;1761.0;1013.0;40.6;15.3;1.1485
1086793200;1.8;1076.0;-200.0;10.9;1012.0;113.0;894.0;116.0;1665.0;816.0;40.3;16.1;1.1896
1086796800;2.0;1052.0;-200.0;11.1;1019.0;140.0;896.0;125.0;1610.0;836.0;40.3;14.2;1.0494
1086800400;3.5;1287.0;-200.0;21.6;1340.0;230.0;699.0;194.0;2008.0;1267.0;39.6;16.7;1.1867
1086804000;4.9;1460.0;-200.0;27.6;1493.0;277.0;586.0;222.0;2288.0;1649.0;37.3;23.4;1.4672
1086807600;4.6;1357.0;-200.0;25.6;1445.0;295.0;620.0;206.0;2195.0;1622.0;33.7;27.7;1.4213
1086811200;3.4;1234.0;-200.0;18.6;1257.0;212.0;695.0;162.0;2019.0;1349.0;30.7;32.2;1.3983
1086814800;2.7;1151.0;-200.0;15.2;1154.0;151.0;747.0;132.0;1894.0;1186.0;28.4;35.7;1.3549
1086818400;1.9;1065.0;-200.0;11.7;1038.0;110.0;805.0;107.0;1763.0;1026.0;26.5;38.6;1.3154
1086822000;1.5;984.0;-200.0;8.7;929.0;83.0;917.0;84.0;1654.0;817.0;25.4;40.1;1.2822
1086825600;1.0;938.0;-200.0;7.6;881.0;48.0;956.0;61.0;1607.0;662.0;24.1;43.3;1.2839
1086829200;0.7;878.0;-200.0;5.2;774.0;27.0;1065.0;42.0;1527.0;552.0;23.9;45.6;1.3328
1086832800;1.0;919.0;-200.0;5.9;807.0;48.0;967.0;66.0;1598.0;775.0;22.0;52.8;1.3752
1086836400;0.6;836.0;-200.0;4.0;709.0;-200.0;1085.0;-200.0;1498.0;646.0;20.7;56.1;1.3565
1086840000;-200.0;814.0;-200.0;3.3;673.0;33.0;1138.0;50.0;1488.0;647.0;20.1;57.3;1.3352
1086843600;0.9;872.0;-200.0;5.4;782.0;75.0;1001.0;76.0;1607.0;874.0;19.5;59.4;1.3328
1086847200;1.2;949.0;-200.0;8.7;929.0;101.0;887.0;78.0;1711.0;973.0;20.0;56.6;1.3095
1086850800;2.9;1227.0;-200.0;19.9;1292.0;214.0;661.0;104.0;2087.0;1327.0;21.7;53.9;1.3848
1086854400;4.8;1360.0;-200.0;30.4;1561.0;290.0;545.0;139.0;2525.0;1626.0;23.7;49.0;1.4152
1086858000;4.3;1318.0;-200.0;24.6;1420.0;311.0;586.0;166.0;2316.0;1640.0;25.9;44.3;1.4544
1086861600;3.1;1196.0;-200.0;16.9;1208.0;234.0;705.0;151.0;1981.0;1341.0;30.1;34.3;1.4414
1086865200;2.4;1152.0;-200.0;13.6;1102.0;157.0;770.0;134.0;1868.0;1113.0;33.5;27.2;1.3859
1086868800;2.8;1220.0;-200.0;15.3;1157.0;165.0;715.0;148.0;1935.0;1224.0;35.4;26.1;1.4806
1086872400;2.5;1182.0;-200.0;14.1;1120.0;137.0;735.0;126.0;1893.0;1095.0;37.9;23.2;1.502
1086876000;2.6;1167.0;-200.0;17.0;1210.0;149.0;719.0;144.0;1944.0;1152.0;39.7;18.7;1.3306
1086879600;2.3;1142.0;-200.0;13.8;1109.0;140.0;782.0;133.0;1789.0;1047.0;40.4;17.2;1.2774
1086883200;2.4;1157.0;-200.0;13.6;1105.0;139.0;779.0;139.0;1792.0;982.0;40.0;18.8;1.363
1086886800;3.5;1274.0;-200.0;21.2;1329.0;221.0;670.0;178.0;2054.0;1320.0;38.9;18.8;1.29
1086890400;4.8;1372.0;-200.0;25.9;1451.0;318.0;631.0;206.0;2183.0;1541.0;35.8;22.1;1.2792
1086894000;5.1;1373.0;-200.0;25.4;1440.0;363.0;635.0;211.0;2183.0;1510.0;33.1;25.9;1.2923
1086897600;4.7;1290.0;-200.0;23.6;1393.0;341.0;655.0;180.0;2146.0;1511.0;30.9;28.2;1.2388
1086901200;2.4;1056.0;-200.0;12.0;1051.0;163.0;826.0;116.0;1758.0;1078.0;27.5;32.6;1.176
1086904800;2.5;1116.0;-200.0;14.2;1123.0;157.0;768.0;118.0;1826.0;1235.0;26.3;34.3;1.1605
1086908400;2.7;1106.0;-200.0;14.2;1122.0;202.0;783.0;115.0;1813.0;1202.0;25.5;34.1;1.0968
1086912000;1.5;1018.0;-200.0;10.4;992.0;102.0;839.0;96.0;1710.0;1103.0;24.7;39.3;1.2065
1086915600;1.1;919.0;-200.0;7.5;880.0;70.0;915.0;86.0;1628.0;1013.0;24.2;39.5;1.1764
1086919200;0.6;807.0;-200.0;3.5;681.0;41.0;1092.0;65.0;1435.0;765.0;24.8;37.8;1.1639
1086922800;0.5;787.0;-200.0;2.5;620.0;-200.0;1176.0;-200.0;1403.0;618.0;22.7;43.8;1.1952
1086926400;0.4;789.0;-200.0;2.6;623.0;36.0;1146.0;53.0;1407.0;663.0;22.0;44.3;1.1553
1086930000;0.6;825.0;-200.0;4.0;709.0;68.0;1050.0;74.0;1491.0;813.0;19.3;51.4;1.1364
1086933600;1.0;912.0;-200.0;7.0;858.0;92.0;923.0;69.0;1608.0;894.0;19.8;50.4;1.1525
1086937200;4.6;1339.0;-200.0;24.8;1425.0;332.0;595.0;131.0;2264.0;1495.0;20.5;48.2;1.1474
1086940800;4.8;1355.0;-200.0;28.9;1526.0;333.0;567.0;134.0;2397.0;1658.0;22.8;42.7;1.1667
1086944400;4.0;1250.0;-200.0;21.5;1336.0;298.0;632.0;148.0;2104.0;1506.0;25.6;35.8;1.1548
1086948000;-200.0;1105.0;-200.0;12.9;1079.0;-200.0;788.0;-200.0;1774.0;1168.0;30.0;27.5;1.1509
1086951600;2.0;1076.0;-200.0;12.2;1055.0;146.0;817.0;-200.0;1734.0;993.0;34.4;21.0;1.1248
1086955200;2.0;1096.0;-200.0;13.1;1087.0;120.0;801.0;111.0;1759.0;910.0;35.9;19.6;1.1422
1086958800;2.0;1093.0;-200.0;13.3;1094.0;108.0;797.0;110.0;1769.0;912.0;37.2;18.2;1.1389
1086962400;1.9;1027.0;-200.0;12.5;1066.0;109.0;837.0;110.0;1689.0;814.0;37.3;16.6;1.0435
1086966000;1.9;1026.0;-200.0;13.0;1085.0;124.0;848.0;116.0;1654.0;1341.0;37.4;14.9;0.9413
1086969600;1.9;1015.0;-200.0;12.3;1062.0;127.0;877.0;120.0;1668.0;847.0;36.4;15.1;0.9005
1086973200;2.6;1028.0;-200.0;15.2;1155.0;185.0;832.0;142.0;1691.0;925.0;35.4;14.7;0.8323
1086976800;3.2;1074.0;-200.0;19.1;1270.0;230.0;776.0;146.0;1833.0;1087.0;34.2;14.2;0.7502
1086980400;3.4;1124.0;-200.0;19.7;1289.0;265.0;765.0;153.0;1863.0;1132.0;31.1;18.7;0.8302
1086984000;3.4;1111.0;-200.0;18.6;1256.0;261.0;765.0;158.0;1851.0;1197.0;29.1;22.0;0.8702
1086987600;2.9;1062.0;-200.0;16.1;1183.0;219.0;794.0;140.0;1731.0;1229.0;27.2;22.5;0.7962
1086991200;2.7;1072.0;-200.0;15.0;1148.0;180.0;805.0;127.0;1683.0;1171.0;25.3;24.6;0.7796
1086994800;1.3;936.0;-200.0;7.3;871.0;108.0;990.0;97.0;1430.0;921.0;24.9;27.2;0.8429
1086998400;1.3;988.0;-200.0;8.9;937.0;98.0;894.0;91.0;1543.0;1008.0;23.5;32.2;0.922
1087002000;0.9;924.0;-200.0;6.6;839.0;57.0;957.0;68.0;1453.0;849.0;23.5;32.7;0.9349
1087005600;0.6;839.0;-200.0;4.3;725.0;36.0;1052.0;52.0;1368.0;668.0;24.1;32.0;0.9467
1087009200;0.5;826.0;-200.0;3.2;666.0;-200.0;1109.0;-200.0;1349.0;641.0;22.6;34.8;0.9441
1087012800;0.5;853.0;-200.0;4.1;716.0;45.0;1047.0;58.0;1414.0;707.0;20.8;40.2;0.9725
1087016400;0.9;918.0;-200.0;6.0;810.0;87.0;936.0;78.0;1524.0;939.0;18.8;46.6;1.0027
1087020000;0.7;890.0;-200.0;5.6;791.0;62.0;950.0;61.0;1489.0;886.0;19.8;46.0;1.0524
1087023600;0.6;865.0;-200.0;4.8;752.0;65.0;996.0;64.0;1451.0;837.0;21.3;42.3;1.0625
1087027200;1.3;1003.0;-200.0;8.9;937.0;125.0;850.0;81.0;1622.0;1005.0;21.3;41.8;1.0449
1087030800;1.9;1123.0;-200.0;13.1;1088.0;157.0;746.0;92.0;1789.0;1191.0;24.0;36.6;1.0772
1087034400;2.1;1146.0;-200.0;14.1;1119.0;171.0;746.0;101.0;1823.0;1200.0;27.2;30.7;1.0884
1087038000;1.8;1110.0;-200.0;11.2;1021.0;119.0;820.0;96.0;1724.0;971.0;32.3;23.6;1.1271
1087041600;1.8;1126.0;-200.0;10.0;979.0;110.0;849.0;101.0;1700.0;907.0;31.9;25.8;1.2023
1087045200;1.6;1067.0;-200.0;9.6;962.0;95.0;860.0;91.0;1658.0;802.0;35.1;21.8;1.2093
1087048800;1.2;1008.0;-200.0;7.2;866.0;58.0;937.0;68.0;1573.0;695.0;36.0;20.5;1.1995
1087052400;1.2;1062.0;-200.0;8.6;924.0;69.0;892.0;76.0;1683.0;777.0;37.0;20.1;1.2423
1087056000;1.4;1082.0;-200.0;9.0;939.0;76.0;869.0;84.0;1678.0;818.0;36.4;21.0;1.2515
1087059600;1.3;1042.0;-200.0;7.9;897.0;63.0;901.0;76.0;1605.0;681.0;35.2;22.6;1.267
1087063200;1.1;1022.0;-200.0;6.2;823.0;51.0;964.0;61.0;1599.0;631.0;32.5;27.6;1.3229
1087066800;1.1;1024.0;-200.0;6.3;828.0;46.0;936.0;52.0;1601.0;641.0;29.1;35.1;1.3919
1087070400;1.1;1048.0;-200.0;6.3;828.0;52.0;922.0;59.0;1618.0;683.0;26.9;39.7;1.3898
1087074000;1.8;1153.0;-200.0;11.2;1022.0;84.0;765.0;89.0;1806.0;1013.0;26.1;42.2;1.4039
1087077600;2.3;1195.0;-200.0;12.8;1077.0;130.0;731.0;113.0;1860.0;1151.0;25.5;43.8;1.4095
1087081200;2.6;1245.0;-200.0;13.2;1091.0;147.0;734.0;112.0;1870.0;1134.0;24.9;45.6;1.4135
1087084800;2.0;1086.0;-200.0;9.2;946.0;126.0;847.0;89.0;1729.0;945.0;25.2;45.2;1.4262
1087088400;1.0;972.0;-200.0;5.8;804.0;47.0;955.0;53.0;1620.0;734.0;25.4;45.5;1.457
1087092000;0.6;880.0;-200.0;3.4;677.0;24.0;1109.0;36.0;1500.0;554.0;26.2;43.6;1.4599
1087095600;0.6;906.0;-200.0;4.1;719.0;-200.0;1050.0;-200.0;1561.0;612.0;24.3;48.2;1.4476
1087099200;0.5;879.0;-200.0;3.1;658.0;25.0;1121.0;39.0;1511.0;564.0;24.4;48.3;1.4499
1087102800;0.4;842.0;-200.0;2.2;597.0;21.0;1237.0;33.0;1444.0;512.0;23.3;51.0;1.4346
1087106400;0.4;797.0;-200.0;1.5;543.0;25.0;1466.0;37.0;1347.0;410.0;21.6;48.1;1.2259
1087110000;0.4;796.0;-200.0;1.3;526.0;25.0;1534.0;36.0;1322.0;392.0;21.4;47.8;1.2005
1087113600;0.4;767.0;-200.0;1.2;520.0;30.0;1526.0;42.0;1287.0;377.0;20.5;46.8;1.1152
1087117200;0.5;784.0;-200.0;1.7;562.0;42.0;1460.0;52.0;1286.0;389.0;20.8;40.7;0.9882
1087120800;0.6;811.0;-200.0;2.5;622.0;52.0;1315.0;60.0;1307.0;432.0;22.3;35.3;0.9371
1087124400;0.7;838.0;-200.0;2.5;620.0;62.0;1292.0;74.0;1325.0;502.0;21.7;38.3;0.9842
1087128000;0.7;821.0;-200.0;2.7;632.0;67.0;1295.0;65.0;1302.0;469.0;24.4;29.6;0.8921
1087131600;0.6;793.0;-200.0;1.9;579.0;47.0;1380.0;52.0;1303.0;427.0;23.4;34.9;0.991
1087135200;0.5;794.0;-200.0;1.8;567.0;35.0;1426.0;40.0;1306.0;406.0;23.5;35.2;1.0019
1087138800;0.6;821.0;-200.0;2.4;614.0;45.0;1309.0;49.0;1350.0;430.0;22.4;39.0;1.04
1087142400;0.8;849.0;-200.0;2.6;628.0;53.0;1274.0;56.0;1379.0;453.0;22.0;41.7;1.0865
1087146000;0.8;852.0;-200.0;3.0;651.0;57.0;1246.0;59.0;1387.0;470.0;21.7;42.7;1.0949
1087149600;1.0;847.0;-200.0;2.9;645.0;71.0;1245.0;68.0;1364.0;480.0;20.7;43.4;1.047
1087153200;1.0;849.0;-200.0;3.5;682.0;67.0;1215.0;72.0;1378.0;472.0;20.3;42.6;1.0045
1087156800;1.0;865.0;-200.0;3.6;687.0;75.0;1191.0;78.0;1388.0;521.0;20.3;44.1;1.0392
1087160400;0.9;848.0;-200.0;3.6;689.0;65.0;1180.0;71.0;1403.0;520.0;20.1;45.2;1.0538
1087164000;0.7;807.0;-200.0;2.3;606.0;45.0;1340.0;54.0;1337.0;440.0;19.8;45.7;1.0424
1087167600;0.8;814.0;-200.0;2.6;627.0;46.0;1305.0;57.0;1351.0;446.0;19.6;45.3;1.0244
1087171200;0.7;785.0;-200.0;2.0;582.0;33.0;1377.0;45.0;1311.0;417.0;19.4;45.9;1.0242
1087174800;0.5;748.0;-200.0;1.2;515.0;19.0;1580.0;30.0;1261.0;381.0;19.7;44.8;1.0172
1087178400;0.3;716.0;-200.0;0.7;461.0;9.0;1795.0;16.0;1235.0;350.0;19.5;46.3;1.0363
1087182000;0.3;708.0;-200.0;0.5;437.0;-200.0;1941.0;-200.0;1227.0;334.0;19.0;49.0;1.063
1087185600;-200.0;724.0;-200.0;0.5;448.0;12.0;1917.0;18.0;1256.0;346.0;19.1;50.7;1.109
1087189200;0.3;748.0;-200.0;0.8;477.0;21.0;1703.0;28.0;1301.0;380.0;19.1;52.7;1.1545
1087192800;0.7;888.0;-200.0;3.5;683.0;66.0;1196.0;62.0;1483.0;563.0;20.3;49.3;1.1596
1087196400;1.5;973.0;-200.0;7.0;858.0;137.0;941.0;92.0;1584.0;779.0;21.1;46.2;1.1389
1087200000;1.8;993.0;-200.0;8.7;927.0;151.0;886.0;96.0;1665.0;842.0;21.5;44.5;1.129
1087203600;1.4;929.0;-200.0;6.3;825.0;115.0;992.0;87.0;1561.0;692.0;22.4;43.6;1.1637
1087207200;1.5;962.0;-200.0;7.0;858.0;118.0;941.0;84.0;1613.0;779.0;24.8;39.1;1.2039
1087210800;1.2;906.0;-200.0;5.5;786.0;95.0;1026.0;73.0;1538.0;633.0;23.9;42.1;1.2335
1087214400;1.2;915.0;-200.0;5.3;776.0;86.0;1029.0;72.0;1544.0;616.0;25.5;38.3;1.2328
1087218000;1.3;928.0;-200.0;5.5;787.0;85.0;1012.0;68.0;1585.0;606.0;25.4;39.2;1.2534
1087221600;1.0;855.0;-200.0;3.8;698.0;66.0;1134.0;62.0;1449.0;526.0;25.6;37.0;1.2006
1087225200;1.4;920.0;-200.0;5.4;783.0;74.0;1046.0;70.0;1550.0;588.0;24.5;38.4;1.1669
1087228800;1.6;917.0;-200.0;6.7;842.0;108.0;985.0;83.0;1563.0;674.0;23.9;39.9;1.1639
1087232400;2.7;1072.0;-200.0;12.2;1057.0;150.0;812.0;92.0;1820.0;885.0;24.2;39.2;1.1665
1087236000;2.3;1000.0;-200.0;10.2;985.0;157.0;846.0;103.0;1726.0;879.0;23.5;41.2;1.1759
1087239600;1.5;914.0;-200.0;6.7;845.0;93.0;972.0;82.0;1583.0;703.0;22.3;44.9;1.1973
1087243200;1.4;888.0;-200.0;5.7;799.0;76.0;1023.0;74.0;1531.0;637.0;21.7;46.5;1.1917
1087246800;1.0;851.0;-200.0;4.1;718.0;57.0;1134.0;67.0;1471.0;561.0;22.0;44.9;1.1699
1087250400;1.1;870.0;-200.0;4.7;749.0;64.0;1096.0;74.0;1487.0;612.0;22.2;44.1;1.1654
1087254000;1.2;883.0;-200.0;5.2;773.0;59.0;1062.0;72.0;1514.0;621.0;21.8;45.6;1.1763
1087257600;1.2;886.0;-200.0;5.1;767.0;68.0;1055.0;79.0;1532.0;702.0;21.6;46.0;1.1742
1087261200;0.7;792.0;-200.0;2.8;637.0;31.0;1249.0;43.0;1400.0;559.0;21.6;45.8;1.1715
1087264800;0.5;754.0;-200.0;1.4;535.0;21.0;1490.0;33.0;1335.0;435.0;20.7;48.3;1.168
1087268400;0.4;732.0;-200.0;1.0;503.0;-200.0;1525.0;-200.0;1321.0;441.0;21.0;47.1;1.1546
1087272000;0.4;770.0;-200.0;2.0;586.0;24.0;1326.0;38.0;1392.0;527.0;20.8;48.5;1.18
1087275600;0.5;797.0;-200.0;3.0;654.0;38.0;1097.0;51.0;1450.0;720.0;20.8;49.4;1.1994
1087279200;1.0;915.0;-200.0;7.5;877.0;92.0;897.0;69.0;1651.0;937.0;19.9;51.8;1.1911
1087282800;4.4;1287.0;-200.0;24.7;1423.0;311.0;610.0;116.0;2319.0;1482.0;20.9;49.3;1.2049
1087286400;4.0;1195.0;-200.0;24.8;1424.0;260.0;609.0;119.0;2244.0;1489.0;23.7;39.9;1.1508
1087290000;2.4;1003.0;-200.0;10.9;1009.0;181.0;823.0;96.0;1710.0;1015.0;25.3;35.8;1.1421
1087293600;2.1;1037.0;-200.0;11.9;1046.0;177.0;838.0;109.0;1763.0;1004.0;28.8;29.1;1.1349
1087297200;2.7;1114.0;-200.0;16.0;1181.0;180.0;747.0;115.0;1928.0;1129.0;30.3;26.9;1.1399
1087300800;2.8;1085.0;-200.0;15.7;1171.0;174.0;767.0;118.0;1863.0;1068.0;32.8;23.3;1.138
1087304400;2.3;1024.0;-200.0;13.1;1087.0;140.0;824.0;118.0;1745.0;924.0;33.9;21.4;1.1135
1087308000;2.0;1017.0;-200.0;12.2;1057.0;122.0;859.0;112.0;1698.0;861.0;35.3;19.6;1.1036
1087311600;2.6;1053.0;-200.0;15.8;1173.0;189.0;785.0;140.0;1808.0;981.0;34.0;20.8;1.0898
1087315200;2.7;1065.0;-200.0;16.6;1198.0;169.0;766.0;137.0;1852.0;1043.0;35.3;18.8;1.0572
1087318800;3.1;1136.0;-200.0;18.4;1250.0;172.0;722.0;143.0;1940.0;1124.0;32.6;24.1;1.1688
1087322400;3.1;1100.0;-200.0;16.7;1202.0;154.0;732.0;148.0;1856.0;1004.0;30.8;28.7;1.2507
1087326000;3.6;1143.0;-200.0;20.8;1319.0;192.0;673.0;158.0;2001.0;1190.0;28.7;31.2;1.2099
1087329600;2.9;1083.0;-200.0;15.3;1157.0;160.0;742.0;127.0;1884.0;1072.0;26.8;35.1;1.2201
1087333200;2.2;1009.0;-200.0;11.5;1034.0;110.0;806.0;109.0;1763.0;925.0;25.3;39.4;1.2524
1087336800;2.0;969.0;-200.0;10.1;983.0;97.0;853.0;101.0;1680.0;862.0;23.9;40.9;1.1966
1087340400;2.1;1029.0;-200.0;10.4;993.0;124.0;816.0;114.0;1728.0;969.0;23.0;44.4;1.2354
1087344000;1.9;1064.0;-200.0;9.4;956.0;108.0;812.0;104.0;1770.0;932.0;22.2;53.9;1.4237
1087347600;1.4;986.0;-200.0;6.9;853.0;61.0;865.0;81.0;1645.0;794.0;20.9;59.8;1.4659
1087351200;0.8;872.0;-200.0;4.0;709.0;34.0;1034.0;51.0;1522.0;599.0;21.3;58.1;1.457
1087354800;0.6;840.0;-200.0;3.0;654.0;-200.0;1124.0;-200.0;1489.0;614.0;20.8;58.4;1.4189
1087358400;0.6;812.0;-200.0;2.6;626.0;24.0;1134.0;40.0;1471.0;625.0;20.3;58.9;1.3878
1087362000;0.5;810.0;-200.0;2.4;612.0;27.0;1163.0;34.0;1462.0;595.0;21.3;54.5;1.3682
1087365600;1.0;936.0;-200.0;6.8;849.0;70.0;882.0;61.0;1640.0;886.0;20.6;57.4;1.3753
1087369200;2.7;1244.0;-200.0;18.9;1265.0;176.0;640.0;95.0;2084.0;1257.0;21.3;56.9;1.4226
1087372800;5.0;1440.0;-200.0;30.2;1556.0;310.0;517.0;142.0;2530.0;1561.0;22.9;52.4;1.4442
1087376400;3.3;1180.0;-200.0;14.9;1145.0;221.0;713.0;128.0;1929.0;1191.0;24.1;46.5;1.3802
1087380000;2.4;1126.0;-200.0;12.2;1058.0;168.0;765.0;115.0;1879.0;1061.0;27.1;38.8;1.3705
1087383600;1.7;1005.0;-200.0;8.3;910.0;109.0;881.0;84.0;1670.0;751.0;28.4;34.4;1.314
1087387200;1.7;1032.0;-200.0;9.0;940.0;102.0;862.0;85.0;1703.0;733.0;30.1;30.9;1.2958
1087390800;2.4;1087.0;-200.0;13.7;1106.0;129.0;755.0;110.0;1839.0;906.0;32.7;25.8;1.2547
1087394400;2.2;1090.0;-200.0;14.1;1119.0;117.0;756.0;107.0;1811.0;902.0;32.4;25.7;1.2271
1087398000;2.2;1072.0;-200.0;12.0;1050.0;112.0;802.0;107.0;1748.0;836.0;33.6;24.4;1.2472
1087401600;2.3;1101.0;-200.0;12.2;1057.0;122.0;797.0;113.0;1772.0;863.0;33.0;26.0;1.2877
1087405200;2.6;1111.0;-200.0;13.1;1086.0;114.0;787.0;107.0;1802.0;824.0;33.2;23.7;1.1855
1087408800;2.3;1048.0;-200.0;12.6;1070.0;111.0;807.0;106.0;1737.0;842.0;31.3;25.4;1.1415
1087412400;3.3;1197.0;-200.0;18.3;1249.0;158.0;698.0;125.0;1986.0;1132.0;28.3;31.7;1.1968
1087416000;3.5;1173.0;-200.0;17.2;1217.0;202.0;695.0;139.0;1930.0;1175.0;26.5;35.0;1.1981
1087419600;2.5;1075.0;-200.0;12.9;1079.0;166.0;764.0;117.0;1798.0;1111.0;24.4;40.0;1.2079
1087423200;2.5;1067.0;-200.0;13.7;1106.0;143.0;745.0;107.0;1840.0;1125.0;23.3;43.4;1.2251
1087426800;2.4;1060.0;-200.0;13.4;1099.0;122.0;742.0;98.0;1838.0;1077.0;22.5;45.3;1.2226
1087430400;2.5;1081.0;-200.0;13.5;1099.0;113.0;749.0;97.0;1854.0;1087.0;21.8;47.8;1.2325
1087434000;2.1;1017.0;-200.0;9.9;975.0;109.0;822.0;95.0;1722.0;1014.0;20.9;51.0;1.2446
1087437600;1.0;836.0;-200.0;4.4;734.0;53.0;1035.0;68.0;1501.0;801.0;20.8;51.7;1.2572
1087441200;0.8;831.0;-200.0;4.3;727.0;-200.0;1038.0;-200.0;1522.0;802.0;19.3;57.1;1.2661
1087444800;-200.0;804.0;-200.0;3.3;668.0;32.0;1102.0;51.0;1479.0;753.0;18.8;58.6;1.2581
1087448400;0.5;798.0;-200.0;3.4;677.0;35.0;1092.0;44.0;1473.0;696.0;20.2;53.8;1.2569
1087452000;1.3;966.0;-200.0;9.3;951.0;123.0;812.0;77.0;1735.0;996.0;18.3;60.8;1.2635
1087455600;3.6;1277.0;-200.0;23.4;1388.0;254.0;611.0;100.0;2241.0;1513.0;20.2;54.5;1.2777
1087459200;4.8;1335.0;-200.0;27.7;1496.0;300.0;562.0;125.0;2385.0;1598.0;21.9;49.9;1.2957
1087462800;3.7;1297.0;-200.0;22.1;1353.0;281.0;588.0;154.0;2128.0;1690.0;25.2;43.0;1.3548
1087466400;1.9;1041.0;-200.0;10.0;979.0;169.0;837.0;125.0;1705.0;1053.0;28.0;36.6;1.3603
1087470000;1.7;1027.0;-200.0;8.9;936.0;152.0;867.0;117.0;1696.0;931.0;27.1;38.3;1.3548
1087473600;1.9;1037.0;-200.0;9.8;969.0;127.0;841.0;105.0;1728.0;865.0;27.4;37.0;1.3319
1087477200;1.8;1014.0;-200.0;9.4;954.0;118.0;865.0;103.0;1697.0;818.0;29.4;32.9;1.3244
1087480800;1.7;1007.0;-200.0;9.8;971.0;120.0;866.0;106.0;1682.0;802.0;31.3;28.7;1.2885
1087484400;1.8;998.0;-200.0;9.5;958.0;125.0;881.0;107.0;1657.0;778.0;31.5;28.7;1.3058
1087488000;1.7;1014.0;-200.0;9.5;958.0;117.0;878.0;102.0;1684.0;767.0;30.9;30.3;1.3306
1087491600;2.8;1157.0;-200.0;15.4;1160.0;166.0;738.0;124.0;1936.0;1000.0;31.4;30.3;1.3689
1087495200;3.6;1225.0;-200.0;19.4;1281.0;180.0;683.0;133.0;2082.0;1143.0;30.7;31.4;1.3686
1087498800;3.3;1131.0;-200.0;16.5;1194.0;172.0;726.0;125.0;1907.0;1009.0;29.0;33.4;1.3169
1087502400;2.9;1111.0;-200.0;14.3;1126.0;160.0;754.0;124.0;1883.0;1076.0;27.3;37.5;1.342
1087506000;1.7;976.0;-200.0;8.2;909.0;103.0;878.0;97.0;1675.0;830.0;25.8;40.9;1.3389
1087509600;1.7;1016.0;-200.0;8.7;929.0;87.0;868.0;94.0;1724.0;853.0;25.2;43.0;1.358
1087513200;2.8;1177.0;-200.0;15.2;1156.0;147.0;684.0;120.0;1983.0;1310.0;24.6;45.8;1.394
1087516800;1.8;1013.0;-200.0;10.6;999.0;120.0;791.0;105.0;1751.0;1119.0;24.0;47.3;1.3914
1087520400;1.0;886.0;-200.0;6.0;813.0;63.0;936.0;81.0;1592.0;918.0;23.5;48.3;1.3777
1087524000;0.5;791.0;-200.0;3.1;658.0;30.0;1140.0;43.0;1467.0;609.0;24.0;45.8;1.3467
1087527600;0.4;762.0;-200.0;2.5;618.0;-200.0;1214.0;-200.0;1431.0;516.0;22.2;50.7;1.3405
1087531200;0.3;740.0;-200.0;1.8;568.0;19.0;1259.0;32.0;1404.0;510.0;22.8;48.1;1.3184
1087534800;0.4;775.0;-200.0;2.6;628.0;27.0;1178.0;36.0;1437.0;554.0;21.9;50.1;1.3002
1087538400;0.8;872.0;-200.0;6.5;833.0;65.0;947.0;59.0;1598.0;760.0;20.4;54.1;1.28
1087542000;2.2;1123.0;-200.0;14.5;1134.0;169.0;711.0;92.0;1922.0;1170.0;20.8;52.6;1.2758
1087545600;4.4;1306.0;-200.0;28.8;1522.0;244.0;535.0;121.0;2450.0;1545.0;22.8;47.9;1.3156
1087549200;3.7;1237.0;-200.0;21.3;1332.0;274.0;605.0;151.0;2157.0;1508.0;25.2;42.9;1.3552
1087552800;2.5;1143.0;-200.0;14.9;1146.0;202.0;701.0;142.0;1917.0;1292.0;29.3;34.8;1.397
1087556400;2.5;1170.0;-200.0;15.6;1168.0;186.0;703.0;141.0;1949.0;1287.0;33.3;27.8;1.4013
1087560000;2.3;1116.0;-200.0;14.3;1128.0;153.0;739.0;129.0;1856.0;1042.0;34.9;24.9;1.363
1087563600;2.0;1054.0;-200.0;12.6;1069.0;112.0;785.0;106.0;1766.0;817.0;36.1;22.7;1.3324
1087567200;2.0;1083.0;-200.0;13.4;1097.0;117.0;765.0;125.0;1810.0;847.0;37.6;21.1;1.3478
1087570800;2.1;1078.0;-200.0;12.6;1069.0;109.0;782.0;126.0;1780.0;806.0;37.3;21.9;1.3761
1087574400;2.4;1104.0;-200.0;14.8;1143.0;133.0;747.0;147.0;1840.0;896.0;37.2;21.6;1.3514
1087578000;3.1;1170.0;-200.0;18.6;1257.0;185.0;693.0;180.0;1956.0;1069.0;35.6;23.4;1.341
1087581600;2.9;1091.0;-200.0;16.7;1201.0;167.0;738.0;164.0;1834.0;945.0;33.1;24.3;1.2087
1087585200;3.5;1216.0;-200.0;20.8;1318.0;218.0;673.0;180.0;2043.0;1168.0;30.5;29.5;1.2635
1087588800;2.9;1125.0;-200.0;16.0;1179.0;171.0;719.0;153.0;1921.0;1065.0;28.7;35.8;1.3834
1087592400;1.5;971.0;-200.0;7.6;881.0;78.0;916.0;105.0;1635.0;672.0;26.6;42.2;1.4452
1087596000;1.7;1062.0;-200.0;10.2;984.0;84.0;816.0;98.0;1796.0;842.0;25.2;46.6;1.4733
1087599600;2.2;1140.0;-200.0;13.8;1109.0;110.0;714.0;107.0;1892.0;1123.0;24.7;47.7;1.4649
1087603200;1.6;1038.0;-200.0;10.4;992.0;87.0;802.0;87.0;1731.0;1007.0;24.4;47.4;1.4301
1087606800;1.0;935.0;-200.0;6.5;836.0;58.0;909.0;80.0;1604.0;855.0;23.3;49.9;1.4135
1087610400;0.6;861.0;-200.0;4.3;729.0;39.0;1043.0;62.0;1528.0;689.0;23.8;47.3;1.3783
1087614000;0.6;839.0;-200.0;3.4;678.0;-200.0;1062.0;-200.0;1478.0;622.0;22.9;50.2;1.3808
1087617600;0.6;850.0;-200.0;3.9;703.0;38.0;1021.0;54.0;1511.0;658.0;21.2;55.0;1.3689
1087621200;0.5;817.0;-200.0;3.0;651.0;41.0;1109.0;56.0;1472.0;628.0;21.7;52.6;1.35
1087624800;0.5;825.0;-200.0;3.2;667.0;47.0;1079.0;62.0;1475.0;659.0;22.8;48.9;1.3424
1087628400;0.9;921.0;-200.0;5.6;792.0;72.0;943.0;72.0;1595.0;799.0;23.5;47.6;1.3611
1087632000;1.4;1031.0;-200.0;9.1;945.0;100.0;806.0;86.0;1697.0;964.0;24.6;44.9;1.3661
1087635600;1.6;1092.0;-200.0;9.7;967.0;104.0;801.0;99.0;1774.0;910.0;27.0;39.9;1.402
1087639200;1.6;1095.0;-200.0;8.6;923.0;109.0;843.0;98.0;1736.0;999.0;29.3;35.9;1.4411
1087642800;1.7;1097.0;-200.0;9.6;964.0;103.0;822.0;102.0;1743.0;853.0;31.2;32.4;1.4517
1087646400;1.7;1101.0;-200.0;9.8;972.0;75.0;819.0;84.0;1714.0;752.0;34.4;26.6;1.423
1087650000;1.5;1060.0;-200.0;10.3;991.0;72.0;833.0;83.0;1718.0;778.0;36.1;22.1;1.3004
1087653600;1.2;-200.0;-200.0;-200.0;-200.0;56.0;-200.0;68.0;-200.0;-200.0;-200.0;-200.0;-200.0
1087657200;1.2;-200.0;-200.0;-200.0;-200.0;51.0;-200.0;63.0;-200.0;-200.0;-200.0;-200.0;-200.0
1087660800;1.1;-200.0;-200.0;-200.0;-200.0;52.0;-200.0;65.0;-200.0;-200.0;-200.0;-200.0;-200.0
1087664400;1.0;-200.0;-200.0;-200.0;-200.0;46.0;-200.0;63.0;-200.0;-200.0;-200.0;-200.0;-200.0
1087668000;1.1;-200.0;-200.0;-200.0;-200.0;44.0;-200.0;56.0;-200.0;-200.0;-200.0;-200.0;-200.0
1087671600;1.6;-200.0;-200.0;-200.0;-200.0;72.0;-200.0;77.0;-200.0;-200.0;-200.0;-200.0;-200.0
1087675200;1.7;-200.0;-200.0;-200.0;-200.0;88.0;-200.0;91.0;-200.0;-200.0;-200.0;-200.0;-200.0
1087678800;1.4;-200.0;-200.0;-200.0;-200.0;56.0;-200.0;70.0;-200.0;-200.0;-200.0;-200.0;-200.0
1087682400;1.7;-200.0;-200.0;-200.0;-200.0;82.0;-200.0;95.0;-200.0;-200.0;-200.0;-200.0;-200.0
1087686000;2.4;-200.0;-200.0;-200.0;-200.0;125.0;-200.0;113.0;-200.0;-200.0;-200.0;-200.0;-200.0
1087689600;2.3;-200.0;-200.0;-200.0;-200.0;144.0;-200.0;109.0;-200.0;-200.0;-200.0;-200.0;-200.0
1087693200;1.2;-200.0;-200.0;-200.0;-200.0;54.0;-200.0;65.0;-200.0;-200.0;-200.0;-200.0;-200.0
1087696800;1.0;-200.0;-200.0;-200.0;-200.0;48.0;-200.0;60.0;-200.0;-200.0;-200.0;-200.0;-200.0
1087700400;1.4;-200.0;-200.0;-200.0;-200.0;-200.0;-200.0;-200.0;-200.0;-200.0;-200.0;-200.0;-200.0
1087704000;-200.0;-200.0;-200.0;-200.0;-200.0;41.0;-200.0;62.0;-200.0;-200.0;-200.0;-200.0;-200.0
1087707600;1.0;-200.0;-200.0;-200.0;-200.0;40.0;-200.0;60.0;-200.0;-200.0;-200.0;-200.0;-200.0
1087711200;0.9;-200.0;-200.0;-200.0;-200.0;48.0;-200.0;65.0;-200.0;-200.0;-200.0;-200.0;-200.0
1087714800;0.8;-200.0;-200.0;-200.0;-200.0;44.0;-200.0;55.0;-200.0;-200.0;-200.0;-200.0;-200.0
1087718400;1.0;-200.0;-200.0;-200.0;-200.0;59.0;-200.0;66.0;-200.0;-200.0;-200.0;-200.0;-200.0
1087722000;1.2;-200.0;-200.0;-200.0;-200.0;59.0;-200.0;67.0;-200.0;-200.0;-200.0;-200.0;-200.0
1087725600;1.2;-200.0;-200.0;-200.0;-200.0;53.0;-200.0;64.0;-200.0;-200.0;-200.0;-200.0;-200.0
1087729200;1.0;-200.0;-200.0;-200.0;-200.0;42.0;-200.0;59.0;-200.0;-200.0;-200.0;-200.0;-200.0
1087732800;1.0;-200.0;-200.0;-200.0;-200.0;43.0;-200.0;59.0;-200.0;-200.0;-200.0;-200.0;-200.0
1087736400;0.6;-200.0;-200.0;-200.0;-200.0;23.0;-200.0;36.0;-200.0;-200.0;-200.0;-200.0;-200.0
1087740000;0.7;-200.0;-200.0;-200.0;-200.0;22.0;-200.0;35.0;-200.0;-200.0;-200.0;-200.0;-200.0
1087743600;0.8;-200.0;-200.0;-200.0;-200.0;37.0;-200.0;54.0;-200.0;-200.0;-200.0;-200.0;-200.0
1087747200;1.1;-200.0;-200.0;-200.0;-200.0;53.0;-200.0;71.0;-200.0;-200.0;-200.0;-200.0;-200.0
1087750800;1.4;-200.0;-200.0;-200.0;-200.0;68.0;-200.0;86.0;-200.0;-200.0;-200.0;-200.0;-200.0
1087754400;2.8;-200.0;-200.0;-200.0;-200.0;125.0;-200.0;114.0;-200.0;-200.0;-200.0;-200.0;-200.0
1087758000;2.5;-200.0;-200.0;-200.0;-200.0;96.0;-200.0;105.0;-200.0;-200.0;-200.0;-200.0;-200.0
1087761600;1.6;-200.0;-200.0;-200.0;-200.0;75.0;-200.0;87.0;-200.0;-200.0;-200.0;-200.0;-200.0
1087765200;1.4;-200.0;-200.0;-200.0;-200.0;74.0;-200.0;85.0;-200.0;-200.0;-200.0;-200.0;-200.0
1087768800;2.3;-200.0;-200.0;-200.0;-200.0;92.0;-200.0;91.0;-200.0;-200.0;-200.0;-200.0;-200.0
1087772400;4.2;-200.0;-200.0;-200.0;-200.0;136.0;-200.0;108.0;-200.0;-200.0;-200.0;-200.0;-200.0
1087776000;3.0;-200.0;-200.0;-200.0;-200.0;119.0;-200.0;99.0;-200.0;-200.0;-200.0;-200.0;-200.0
1087779600;2.2;-200.0;-200.0;-200.0;-200.0;76.0;-200.0;83.0;-200.0;-200.0;-200.0;-200.0;-200.0
1087783200;0.6;-200.0;-200.0;-200.0;-200.0;21.0;-200.0;36.0;-200.0;-200.0;-200.0;-200.0;-200.0
1087786800;0.3;-200.0;-200.0;-200.0;-200.0;-200.0;-200.0;-200.0;-200.0;-200.0;-200.0;-200.0;-200.0
1087790400;0.3;732.0;-200.0;1.5;544.0;15.0;1353.0;24.0;1367.0;466.0;18.9;55.2;1.1895
1087794000;0.5;809.0;-200.0;3.5;681.0;52.0;1108.0;43.0;1463.0;609.0;18.2;57.6;1.193
1087797600;1.3;934.0;-200.0;8.3;911.0;85.0;857.0;64.0;1639.0;863.0;18.6;56.0;1.1865
1087801200;2.5;1132.0;-200.0;17.3;1220.0;177.0;691.0;91.0;1910.0;1203.0;20.8;48.0;1.1702
1087804800;3.7;1221.0;-200.0;23.3;1386.0;232.0;626.0;109.0;2138.0;1412.0;23.3;38.6;1.0919
1087808400;2.5;1024.0;-200.0;13.8;1111.0;201.0;770.0;110.0;1753.0;1069.0;25.1;32.4;1.017
1087812000;1.8;938.0;-200.0;10.2;987.0;134.0;862.0;111.0;1597.0;817.0;27.8;25.8;0.9473
1087815600;1.5;869.0;-200.0;7.9;897.0;104.0;965.0;106.0;1480.0;649.0;29.6;21.0;0.8548
1087819200;1.5;846.0;-200.0;8.8;930.0;89.0;947.0;104.0;1467.0;598.0;30.2;18.0;0.7613
1087822800;1.2;838.0;-200.0;7.2;868.0;66.0;1005.0;76.0;1454.0;540.0;30.1;18.5;0.7747
1087826400;1.4;875.0;-200.0;8.3;912.0;85.0;978.0;84.0;1504.0;601.0;29.5;19.4;0.7872
1087830000;1.6;907.0;-200.0;9.6;961.0;105.0;920.0;102.0;1564.0;668.0;31.1;18.2;0.8079
1087833600;1.6;889.0;-200.0;9.0;939.0;99.0;920.0;102.0;1492.0;647.0;30.3;19.0;0.8103
1087837200;2.2;969.0;-200.0;12.4;1064.0;132.0;834.0;124.0;1645.0;816.0;30.1;19.3;0.8083
1087840800;3.0;1051.0;-200.0;15.3;1157.0;186.0;760.0;147.0;1787.0;963.0;28.6;22.3;0.859
1087844400;3.0;1043.0;-200.0;16.1;1181.0;174.0;736.0;138.0;1813.0;1010.0;26.1;28.3;0.9407
1087848000;2.7;1043.0;-200.0;14.1;1121.0;149.0;736.0;126.0;1793.0;967.0;24.5;35.7;1.0807
1087851600;2.1;1007.0;-200.0;11.4;1027.0;114.0;798.0;112.0;1737.0;904.0;23.1;41.5;1.1582
1087855200;1.6;966.0;-200.0;9.5;959.0;92.0;838.0;95.0;1686.0;852.0;21.8;46.3;1.1913
1087858800;1.3;920.0;-200.0;7.4;875.0;75.0;915.0;80.0;1594.0;744.0;20.9;48.9;1.1945
1087862400;1.1;889.0;-200.0;6.4;831.0;74.0;956.0;79.0;1570.0;760.0;20.5;49.9;1.1903
1087866000;0.7;825.0;-200.0;4.1;715.0;35.0;1062.0;49.0;1462.0;613.0;20.0;50.9;1.1794
1087869600;0.4;758.0;-200.0;1.9;580.0;22.0;1215.0;36.0;1374.0;531.0;22.1;44.3;1.1665
1087873200;0.2;735.0;-200.0;1.4;533.0;-200.0;1338.0;-200.0;1350.0;493.0;21.0;47.5;1.1666
1087876800;0.2;719.0;-200.0;1.2;522.0;24.0;1385.0;40.0;1343.0;509.0;19.8;50.3;1.1444
1087880400;0.3;757.0;-200.0;2.2;596.0;30.0;1236.0;37.0;1381.0;560.0;19.0;52.8;1.1489
1087884000;0.9;890.0;-200.0;6.4;831.0;93.0;922.0;67.0;1594.0;826.0;17.8;56.5;1.1375
1087887600;3.1;1181.0;-200.0;18.5;1255.0;332.0;632.0;106.0;2002.0;1334.0;18.2;55.8;1.1529
1087891200;5.0;1332.0;-200.0;30.2;1556.0;387.0;523.0;134.0;2394.0;1660.0;20.6;47.7;1.1448
1087894800;2.8;1128.0;-200.0;14.2;1124.0;267.0;717.0;123.0;1832.0;1362.0;22.8;41.9;1.1496
1087898400;2.8;1128.0;-200.0;14.3;1126.0;269.0;725.0;136.0;1856.0;1316.0;27.1;31.7;1.1147
1087902000;2.1;1064.0;-200.0;12.6;1069.0;193.0;766.0;109.0;1766.0;1089.0;30.4;26.4;1.131
1087905600;3.1;1139.0;-200.0;18.0;1240.0;239.0;702.0;144.0;1940.0;1129.0;31.1;26.2;1.1647
1087909200;3.0;1121.0;-200.0;17.1;1214.0;232.0;707.0;154.0;1912.0;1120.0;31.4;25.3;1.1444
1087912800;2.1;1032.0;-200.0;13.0;1083.0;152.0;776.0;126.0;1772.0;916.0;30.8;26.7;1.168
1087916400;1.7;1040.0;-200.0;11.2;1022.0;115.0;826.0;98.0;1747.0;812.0;31.8;25.6;1.1868
1087920000;2.2;1076.0;-200.0;13.6;1105.0;169.0;762.0;120.0;1782.0;959.0;33.5;22.9;1.1649
1087923600;3.5;1177.0;-200.0;20.5;1310.0;226.0;656.0;145.0;2011.0;1189.0;33.1;23.5;1.1673
1087927200;3.6;1196.0;-200.0;20.2;1303.0;218.0;654.0;139.0;2017.0;1199.0;31.7;25.9;1.1883
1087930800;4.1;1204.0;-200.0;23.1;1381.0;245.0;623.0;148.0;2085.0;1283.0;29.0;30.4;1.2013
1087934400;4.0;1166.0;-200.0;20.3;1304.0;236.0;646.0;139.0;2016.0;1291.0;27.4;33.6;1.2095
1087938000;1.8;959.0;-200.0;9.3;949.0;104.0;857.0;93.0;1640.0;949.0;25.2;36.4;1.1528
1087941600;1.7;1004.0;-200.0;10.5;997.0;104.0;813.0;96.0;1726.0;1018.0;24.0;39.6;1.1662
1087945200;2.4;1050.0;-200.0;13.6;1105.0;144.0;729.0;104.0;1807.0;1122.0;23.8;39.6;1.1558
1087948800;1.2;965.0;-200.0;8.0;900.0;79.0;864.0;83.0;1631.0;968.0;22.9;43.6;1.1974
1087952400;0.8;849.0;-200.0;4.6;744.0;51.0;1004.0;66.0;1496.0;806.0;22.8;43.9;1.202
1087956000;0.5;809.0;-200.0;3.2;666.0;38.0;1093.0;55.0;1455.0;714.0;21.8;47.3;1.2189
1087959600;0.3;777.0;-200.0;2.4;609.0;-200.0;1170.0;-200.0;1405.0;644.0;21.7;47.3;1.2135
1087963200;-200.0;768.0;-200.0;2.1;591.0;24.0;1183.0;37.0;1402.0;606.0;20.8;50.3;1.2207
1087966800;0.4;768.0;-200.0;2.2;597.0;30.0;1155.0;40.0;1396.0;606.0;21.7;46.8;1.2031
1087970400;1.0;917.0;-200.0;6.7;842.0;73.0;934.0;51.0;1656.0;819.0;20.3;52.3;1.2367
1087974000;3.8;1252.0;-200.0;23.1;1380.0;305.0;579.0;117.0;2210.0;1462.0;20.5;52.3;1.245
1087977600;3.2;1224.0;-200.0;19.0;1268.0;295.0;605.0;110.0;2046.0;1478.0;21.7;49.6;1.2673
1087981200;3.5;1277.0;-200.0;20.1;1300.0;331.0;608.0;136.0;2090.0;1598.0;24.0;43.1;1.2677
1087984800;3.2;1149.0;-200.0;16.4;1192.0;304.0;672.0;152.0;1944.0;1449.0;28.5;31.7;1.2144
1087988400;2.3;1091.0;-200.0;13.0;1082.0;210.0;746.0;119.0;1790.0;1221.0;32.2;25.1;1.189
1087992000;2.2;1053.0;-200.0;13.1;1087.0;163.0;763.0;106.0;1762.0;1023.0;34.9;20.5;1.1279
1087995600;2.1;1023.0;-200.0;11.8;1042.0;132.0;796.0;101.0;1711.0;910.0;35.4;19.9;1.1222
1087999200;1.9;1085.0;-200.0;12.7;1075.0;126.0;767.0;110.0;1786.0;913.0;34.4;22.5;1.205
1088002800;2.4;1116.0;-200.0;14.1;1120.0;150.0;724.0;124.0;1854.0;1035.0;34.8;22.8;1.2488
1088006400;2.5;1111.0;-200.0;14.4;1131.0;171.0;735.0;137.0;1825.0;1085.0;34.3;22.4;1.1907
1088010000;3.6;1210.0;-200.0;20.7;1316.0;234.0;645.0;159.0;2030.0;1278.0;32.5;25.3;1.2165
1088013600;3.9;1250.0;-200.0;21.6;1339.0;251.0;616.0;152.0;2075.0;1383.0;31.3;27.3;1.2234
1088017200;4.4;1297.0;-200.0;24.2;1408.0;294.0;595.0;166.0;2134.0;1473.0;30.2;29.0;1.2224
1088020800;4.8;1313.0;-200.0;21.8;1345.0;300.0;603.0;163.0;2118.0;1507.0;28.5;33.3;1.2775
1088024400;2.5;1146.0;-200.0;13.0;1084.0;159.0;713.0;121.0;1829.0;1215.0;27.3;35.3;1.2606
1088028000;2.8;1199.0;-200.0;15.1;1152.0;176.0;685.0;125.0;1897.0;1242.0;26.1;37.8;1.2575
1088031600;3.2;1274.0;-200.0;16.6;1197.0;192.0;626.0;120.0;2023.0;1356.0;24.7;47.1;1.44
1088035200;2.6;1243.0;-200.0;12.7;1072.0;152.0;675.0;103.0;1978.0;1195.0;23.6;59.8;1.7193
1088038800;1.5;1054.0;-200.0;8.6;923.0;63.0;783.0;64.0;1793.0;899.0;23.3;60.5;1.706
1088042400;1.0;962.0;-200.0;5.3;778.0;35.0;929.0;44.0;1645.0;726.0;23.3;59.4;1.6753
1088046000;0.8;915.0;-200.0;3.6;690.0;-200.0;983.0;-200.0;1570.0;743.0;22.9;57.7;1.5902
1088049600;0.6;871.0;-200.0;2.8;639.0;21.0;1062.0;35.0;1528.0;684.0;23.7;53.5;1.546
1088053200;0.6;877.0;-200.0;3.1;658.0;41.0;1047.0;46.0;1530.0;779.0;21.2;60.9;1.5092
1088056800;0.7;893.0;-200.0;3.7;696.0;48.0;1008.0;54.0;1548.0;801.0;22.1;56.2;1.48
1088060400;1.2;1030.0;-200.0;6.9;851.0;102.0;824.0;68.0;1700.0;983.0;21.9;57.0;1.4742
1088064000;1.5;1059.0;-200.0;8.6;926.0;111.0;783.0;77.0;1750.0;989.0;24.7;45.9;1.4061
1088067600;1.3;1020.0;-200.0;7.1;860.0;93.0;864.0;74.0;1649.0;875.0;27.0;40.8;1.4286
1088071200;1.6;1045.0;-200.0;6.6;840.0;118.0;879.0;92.0;1656.0;807.0;29.1;37.4;1.4833
1088074800;1.5;1029.0;-200.0;7.2;866.0;93.0;874.0;83.0;1651.0;727.0;31.1;32.4;1.4351
1088078400;1.2;959.0;-200.0;5.0;763.0;56.0;976.0;58.0;1561.0;549.0;31.9;30.3;1.4125
1088082000;1.1;975.0;-200.0;5.7;798.0;51.0;939.0;55.0;1576.0;570.0;32.8;28.9;1.412
1088085600;1.2;988.0;-200.0;6.0;813.0;52.0;927.0;61.0;1596.0;596.0;33.4;27.8;1.4119
1088089200;1.3;971.0;-200.0;6.1;818.0;59.0;942.0;65.0;1565.0;585.0;35.3;23.7;1.3331
1088092800;1.4;999.0;-200.0;8.0;899.0;62.0;869.0;74.0;1629.0;637.0;35.8;22.4;1.2915
1088096400;1.6;989.0;-200.0;7.8;889.0;85.0;889.0;89.0;1602.0;664.0;35.3;20.8;1.1664
1088100000;2.1;1075.0;-200.0;11.1;1020.0;109.0;802.0;103.0;1732.0;797.0;33.3;23.9;1.2085
1088103600;3.0;1190.0;-200.0;15.9;1177.0;168.0;695.0;128.0;1934.0;1046.0;30.3;30.8;1.3044
1088107200;2.8;1172.0;-200.0;13.7;1108.0;166.0;706.0;122.0;1878.0;1058.0;28.3;34.5;1.3084
1088110800;3.8;1256.0;-200.0;21.6;1340.0;149.0;594.0;125.0;2176.0;1214.0;27.1;38.9;1.3758
1088114400;3.2;1190.0;-200.0;16.8;1203.0;118.0;658.0;119.0;1967.0;1056.0;25.4;43.2;1.3805
1088118000;4.1;1249.0;-200.0;20.5;1310.0;160.0;601.0;126.0;2114.0;1280.0;24.6;45.3;1.3767
1088121600;2.6;1072.0;-200.0;14.1;1120.0;124.0;711.0;100.0;1838.0;1045.0;23.7;46.0;1.3346
1088125200;2.0;1035.0;-200.0;10.9;1011.0;95.0;750.0;94.0;1752.0;1039.0;23.0;48.1;1.3322
1088128800;0.9;839.0;-200.0;3.6;690.0;34.0;1030.0;52.0;1457.0;640.0;24.8;43.4;1.3366
1088132400;0.7;833.0;-200.0;3.3;671.0;-200.0;1061.0;-200.0;1482.0;705.0;23.1;47.4;1.3208
1088136000;0.6;804.0;-200.0;2.4;616.0;45.0;1144.0;64.0;1427.0;662.0;21.7;50.2;1.2917
1088139600;0.6;811.0;-200.0;3.0;651.0;35.0;1097.0;46.0;1442.0;579.0;21.9;50.7;1.3138
1088143200;1.6;1028.0;-200.0;8.9;934.0;141.0;818.0;88.0;1743.0;987.0;20.1;57.0;1.3216
1088146800;2.6;1138.0;-200.0;14.8;1141.0;199.0;671.0;104.0;1927.0;1197.0;21.5;51.8;1.3129
1088150400;2.9;1203.0;-200.0;16.2;1185.0;224.0;649.0;125.0;1968.0;1328.0;22.9;48.7;1.3416
1088154000;2.8;1193.0;-200.0;14.6;1136.0;245.0;667.0;151.0;1924.0;1370.0;25.7;41.0;1.3351
1088157600;1.9;1049.0;-200.0;8.0;898.0;153.0;858.0;113.0;1671.0;921.0;29.9;33.2;1.3793
1088161200;1.9;1090.0;-200.0;9.1;942.0;145.0;828.0;102.0;1713.0;876.0;32.9;28.0;1.3789
1088164800;2.1;1070.0;-200.0;10.0;976.0;130.0;808.0;108.0;1688.0;819.0;34.0;25.6;1.3363
1088168400;1.9;1014.0;-200.0;9.8;970.0;95.0;826.0;93.0;1684.0;763.0;34.7;22.6;1.2297
1088172000;1.6;972.0;-200.0;8.3;912.0;88.0;882.0;89.0;1596.0;675.0;35.5;20.3;1.1586
1088175600;1.6;951.0;-200.0;7.5;880.0;89.0;920.0;84.0;1539.0;637.0;35.9;18.8;1.0912
1088179200;2.1;1033.0;-200.0;11.7;1038.0;127.0;802.0;111.0;1690.0;826.0;36.2;18.6;1.0945
1088182800;2.4;983.0;-200.0;13.3;1094.0;149.0;817.0;115.0;1659.0;854.0;35.4;15.3;0.8613
1088186400;2.8;973.0;-200.0;14.4;1128.0;170.0;813.0;127.0;1642.0;894.0;32.9;15.5;0.7649
1088190000;3.4;1083.0;-200.0;17.9;1237.0;210.0;737.0;129.0;1786.0;1077.0;29.9;19.8;0.8211
1088193600;3.4;1062.0;-200.0;15.9;1176.0;230.0;763.0;140.0;1743.0;1121.0;28.1;22.4;0.8394
1088197200;2.7;1011.0;-200.0;14.2;1122.0;203.0;808.0;137.0;1680.0;1071.0;26.1;24.7;0.8233
1088200800;2.6;1054.0;-200.0;13.8;1110.0;174.0;765.0;130.0;1670.0;1167.0;25.0;28.7;0.8944
1088204400;2.3;1013.0;-200.0;11.7;1038.0;164.0;793.0;121.0;1598.0;1162.0;24.3;31.0;0.9268
1088208000;1.2;870.0;-200.0;6.2;823.0;76.0;975.0;79.0;1398.0;848.0;24.0;31.2;0.919
1088211600;1.0;857.0;-200.0;5.1;769.0;52.0;1006.0;69.0;1390.0;759.0;22.4;34.9;0.9362
1088215200;0.9;835.0;-200.0;4.5;739.0;47.0;1036.0;61.0;1382.0;694.0;21.2;37.6;0.9355
1088218800;1.1;844.0;-200.0;4.9;759.0;-200.0;1005.0;-200.0;1409.0;848.0;19.5;42.3;0.9461
1088222400;-200.0;763.0;-200.0;2.5;622.0;37.0;1129.0;58.0;1321.0;689.0;21.2;39.4;0.9802
1088226000;0.4;769.0;-200.0;2.3;606.0;41.0;1171.0;58.0;1314.0;610.0;19.5;42.4;0.9515
1088229600;0.9;891.0;-200.0;5.5;790.0;74.0;960.0;70.0;1466.0;816.0;18.6;45.8;0.9723
1088233200;1.8;1037.0;-200.0;10.4;993.0;168.0;779.0;104.0;1680.0;1158.0;19.7;44.1;1.0039
1088236800;2.2;1090.0;-200.0;12.4;1065.0;176.0;728.0;109.0;1773.0;1228.0;21.9;39.4;1.0243
1088240400;2.4;1117.0;-200.0;14.0;1118.0;184.0;716.0;129.0;1791.0;1323.0;24.5;34.3;1.0407
1088244000;2.3;1109.0;-200.0;12.7;1074.0;187.0;761.0;144.0;1734.0;1274.0;30.0;25.6;1.0674
1088247600;1.6;961.0;-200.0;9.0;939.0;118.0;912.0;101.0;1508.0;846.0;34.5;18.9;1.0168
1088251200;1.4;985.0;-200.0;8.5;919.0;89.0;918.0;90.0;1540.0;737.0;36.3;17.5;1.0411
1088254800;1.4;960.0;-200.0;8.2;909.0;70.0;910.0;86.0;1523.0;675.0;37.7;16.0;1.0231
1088258400;1.0;927.0;-200.0;5.9;806.0;51.0;1013.0;69.0;1446.0;559.0;38.3;15.8;1.0465
1088262000;1.0;958.0;-200.0;5.6;795.0;52.0;1002.0;65.0;1481.0;604.0;38.4;17.5;1.1609
1088265600;1.2;1019.0;-200.0;6.7;842.0;70.0;935.0;73.0;1565.0;729.0;37.2;20.5;1.2813
1088269200;1.3;1010.0;-200.0;6.1;816.0;80.0;955.0;73.0;1567.0;741.0;34.0;26.4;1.3781
1088272800;1.5;1030.0;-200.0;6.7;844.0;90.0;917.0;78.0;1599.0;747.0;32.3;30.4;1.445
1088276400;1.9;1100.0;-200.0;9.2;946.0;111.0;827.0;98.0;1726.0;932.0;30.5;33.9;1.4564
1088280000;1.8;1079.0;-200.0;8.2;909.0;107.0;861.0;99.0;1686.0;928.0;29.2;37.8;1.5098
1088283600;1.4;1036.0;-200.0;7.0;859.0;73.0;900.0;83.0;1645.0;860.0;28.4;39.1;1.4881
1088287200;1.7;1085.0;-200.0;9.5;959.0;75.0;827.0;88.0;1747.0;963.0;27.7;40.6;1.4828
1088290800;2.7;1214.0;-200.0;15.1;1151.0;144.0;683.0;117.0;1938.0;1309.0;27.2;42.5;1.5069
1088294400;2.1;1127.0;-200.0;11.7;1041.0;120.0;728.0;97.0;1830.0;1266.0;26.5;44.8;1.528
1088298000;1.4;1038.0;-200.0;9.3;950.0;71.0;776.0;75.0;1750.0;1181.0;25.5;47.6;1.5318
1088301600;1.0;948.0;-200.0;6.4;829.0;40.0;873.0;53.0;1638.0;937.0;25.2;47.8;1.5076
1088305200;1.0;953.0;-200.0;6.7;844.0;-200.0;848.0;-200.0;1685.0;995.0;23.2;53.7;1.5046
1088308800;0.8;869.0;-200.0;4.2;723.0;34.0;975.0;45.0;1522.0;789.0;23.2;52.3;1.4668
1088312400;0.5;809.0;-200.0;2.6;628.0;27.0;1127.0;42.0;1490.0;682.0;24.0;50.3;1.4811
1088316000;0.6;833.0;-200.0;2.8;641.0;30.0;1088.0;44.0;1496.0;717.0;23.5;51.2;1.4634
1088319600;0.6;857.0;-200.0;3.1;661.0;40.0;1083.0;50.0;1511.0;696.0;23.5;50.8;1.452
1088323200;1.0;966.0;-200.0;6.2;820.0;56.0;913.0;60.0;1634.0;807.0;24.7;47.6;1.4597
1088326800;1.6;1063.0;-200.0;7.9;894.0;104.0;823.0;100.0;1688.0;1025.0;27.2;41.1;1.4611
1088330400;1.9;1110.0;-200.0;10.5;996.0;121.0;782.0;111.0;1771.0;1090.0;31.0;32.4;1.4294
1088334000;1.7;1055.0;-200.0;9.0;941.0;100.0;844.0;110.0;1648.0;932.0;35.2;24.8;1.3854
1088337600;1.1;939.0;-200.0;6.3;828.0;59.0;991.0;74.0;1486.0;639.0;37.8;18.5;1.1977
1088341200;0.8;816.0;-200.0;3.5;684.0;42.0;1195.0;56.0;1285.0;467.0;39.0;15.1;1.0424
1088344800;0.7;841.0;-200.0;4.0;712.0;38.0;1175.0;50.0;1339.0;476.0;41.3;12.8;0.9933
1088348400;0.7;842.0;-200.0;4.2;722.0;40.0;1163.0;54.0;1294.0;490.0;41.8;11.9;0.9476
1088352000;1.2;990.0;-200.0;6.9;852.0;70.0;967.0;90.0;1488.0;669.0;42.2;14.2;1.1609
1088355600;1.6;1042.0;-200.0;7.9;894.0;95.0;916.0;109.0;1537.0;800.0;41.4;15.5;1.2089
1088359200;1.6;1089.0;-200.0;7.9;893.0;90.0;879.0;110.0;1609.0;791.0;38.9;21.4;1.4605
1088362800;1.7;1102.0;-200.0;10.3;990.0;90.0;799.0;103.0;1685.0;849.0;34.3;26.0;1.3865
1088366400;2.0;1095.0;-200.0;10.5;996.0;111.0;799.0;120.0;1695.0;934.0;32.7;27.7;1.3439
1088370000;2.3;1116.0;-200.0;12.7;1075.0;135.0;761.0;134.0;1784.0;1081.0;30.5;30.4;1.3031
1088373600;2.4;1105.0;-200.0;11.9;1046.0;146.0;777.0;137.0;1751.0;1102.0;29.0;33.6;1.3277
1088377200;1.7;1018.0;-200.0;9.3;950.0;100.0;830.0;99.0;1636.0;914.0;28.2;36.6;1.3781
1088380800;1.2;991.0;-200.0;7.9;896.0;69.0;857.0;78.0;1616.0;926.0;27.2;38.9;1.3821
1088384400;1.0;923.0;-200.0;5.0;765.0;47.0;952.0;63.0;1508.0;786.0;26.7;40.0;1.3754
1088388000;0.6;874.0;-200.0;3.4;679.0;26.0;1049.0;41.0;1444.0;619.0;26.0;41.2;1.3598
1088391600;0.5;846.0;-200.0;3.2;662.0;-200.0;1068.0;-200.0;1464.0;633.0;22.8;50.1;1.3677
1088395200;0.4;838.0;-200.0;2.7;632.0;24.0;1079.0;39.0;1438.0;634.0;24.0;46.6;1.37
1088398800;0.5;827.0;-200.0;3.1;656.0;55.0;1075.0;60.0;1447.0;722.0;24.0;46.4;1.3689
1088402400;0.7;901.0;-200.0;5.0;763.0;47.0;984.0;54.0;1552.0;717.0;23.7;47.1;1.3602
1088406000;3.2;1291.0;-200.0;20.7;1316.0;209.0;603.0;119.0;2172.0;1445.0;23.6;47.3;1.3634
1088409600;5.6;1441.0;-200.0;32.4;1606.0;348.0;503.0;159.0;2568.0;1786.0;25.5;43.1;1.3891
1088413200;4.6;1363.0;-200.0;24.2;1410.0;337.0;565.0;182.0;2199.0;1791.0;28.5;36.8;1.4128
1088416800;3.3;1218.0;-200.0;16.6;1198.0;280.0;671.0;183.0;1907.0;1413.0;32.6;28.0;1.3566
1088420400;2.1;1132.0;-200.0;13.2;1091.0;169.0;751.0;144.0;1795.0;1092.0;36.3;23.4;1.3902
1088424000;1.9;1103.0;-200.0;12.3;1060.0;126.0;770.0;118.0;1748.0;940.0;37.5;21.5;1.3673
1088427600;1.9;1081.0;-200.0;12.1;1053.0;108.0;770.0;106.0;1773.0;883.0;39.6;19.0;1.3447
1088431200;1.6;1079.0;-200.0;11.1;1018.0;93.0;793.0;97.0;1739.0;850.0;40.1;19.3;1.4013
1088434800;2.0;1167.0;-200.0;13.1;1087.0;112.0;741.0;129.0;1820.0;928.0;40.4;20.0;1.4854
1088438400;1.8;1148.0;-200.0;11.6;1037.0;110.0;772.0;130.0;1720.0;835.0;39.9;20.1;1.4495
1088442000;2.9;1221.0;-200.0;17.7;1230.0;188.0;670.0;163.0;1905.0;1157.0;39.1;19.6;1.3542
1088445600;3.4;1255.0;-200.0;19.5;1283.0;203.0;640.0;160.0;2023.0;1232.0;37.0;21.9;1.3503
1088449200;3.1;1245.0;-200.0;19.7;1287.0;167.0;635.0;140.0;2067.0;1288.0;33.9;26.8;1.3899
1088452800;2.5;1162.0;-200.0;15.1;1151.0;116.0;687.0;115.0;1912.0;1143.0;31.9;30.6;1.4201
1088456400;1.8;1079.0;-200.0;11.1;1020.0;89.0;754.0;92.0;1760.0;1014.0;29.7;33.9;1.3874
1088460000;1.8;1091.0;-200.0;11.7;1038.0;103.0;744.0;99.0;1786.0;1088.0;28.6;36.8;1.416
1088463600;2.0;1085.0;-200.0;11.7;1039.0;100.0;745.0;96.0;1790.0;1092.0;27.8;38.7;1.4187
1088467200;1.5;1050.0;-200.0;9.7;966.0;86.0;780.0;80.0;1748.0;1090.0;27.8;40.0;1.4691
1088470800;0.8;941.0;-200.0;6.0;814.0;52.0;873.0;65.0;1592.0;979.0;27.5;41.3;1.4962
1088474400;0.4;891.0;-200.0;3.9;705.0;27.0;980.0;46.0;1534.0;806.0;27.3;41.6;1.4906
1088478000;0.3;842.0;-200.0;2.6;624.0;-200.0;1080.0;-200.0;1480.0;712.0;26.0;44.2;1.4657
1088481600;-200.0;850.0;-200.0;2.8;639.0;35.0;1048.0;57.0;1519.0;853.0;24.8;48.0;1.4857
1088485200;0.5;863.0;-200.0;3.0;652.0;42.0;1055.0;54.0;1504.0;816.0;25.9;45.1;1.4889
1088488800;0.7;956.0;-200.0;5.4;784.0;57.0;928.0;62.0;1634.0;934.0;25.3;47.6;1.5108
1088492400;3.4;1384.0;-200.0;23.5;1391.0;228.0;552.0;102.0;2316.0;1548.0;24.7;49.5;1.5201
1088496000;5.7;1502.0;-200.0;33.5;1631.0;350.0;459.0;140.0;2622.0;1858.0;27.1;43.1;1.5224
1088499600;3.2;1219.0;-200.0;15.5;1163.0;232.0;642.0;121.0;1963.0;1410.0;28.3;39.8;1.5053
1088503200;2.7;1237.0;-200.0;15.3;1157.0;206.0;663.0;132.0;1968.0;1334.0;32.4;32.3;1.5484
1088506800;2.1;1181.0;-200.0;12.8;1078.0;159.0;706.0;122.0;1870.0;1140.0;35.4;27.8;1.5733
1088510400;2.8;1251.0;-200.0;15.2;1154.0;184.0;682.0;148.0;1955.0;1111.0;35.5;27.4;1.5635
1088514000;2.5;1214.0;-200.0;15.7;1170.0;136.0;681.0;133.0;1963.0;1054.0;37.8;24.4;1.5722
1088517600;2.1;1166.0;-200.0;12.3;1062.0;124.0;726.0;130.0;1825.0;924.0;37.2;25.5;1.5914
1088521200;2.5;1226.0;-200.0;15.3;1157.0;133.0;683.0;141.0;1912.0;1041.0;37.2;25.6;1.6014
1088524800;2.7;1265.0;-200.0;17.6;1229.0;156.0;636.0;172.0;2040.0;1282.0;38.0;25.0;1.6312
1088528400;3.7;1317.0;-200.0;21.5;1338.0;200.0;593.0;198.0;2132.0;1362.0;37.1;26.9;1.6635
1088532000;3.7;1372.0;-200.0;23.2;1382.0;202.0;568.0;181.0;2268.0;1441.0;36.9;27.8;1.7099
1088535600;4.6;1443.0;-200.0;25.6;1443.0;286.0;543.0;202.0;2332.0;1559.0;34.7;31.9;1.7325
1088539200;2.6;1200.0;-200.0;14.3;1126.0;141.0;664.0;120.0;1979.0;1198.0;31.9;38.4;1.7897
1088542800;2.5;1216.0;-200.0;14.4;1130.0;117.0;655.0;115.0;1994.0;1246.0;30.5;42.3;1.8173
1088546400;2.3;1160.0;-200.0;12.6;1070.0;110.0;687.0;112.0;1929.0;1192.0;29.3;45.8;1.8362
1088550000;2.2;1194.0;-200.0;13.7;1106.0;100.0;667.0;97.0;1985.0;1194.0;28.2;48.1;1.8144
1088553600;2.5;1199.0;-200.0;13.1;1087.0;112.0;658.0;100.0;1954.0;1252.0;27.3;51.0;1.8287
1088557200;0.9;965.0;-200.0;6.1;818.0;35.0;844.0;47.0;1681.0;777.0;26.8;52.4;1.8141
1088560800;0.8;961.0;-200.0;5.8;801.0;33.0;850.0;44.0;1683.0;798.0;26.0;54.9;1.8141
1088564400;0.7;901.0;-200.0;3.7;697.0;-200.0;952.0;-200.0;1586.0;800.0;26.8;51.9;1.8058
1088568000;0.5;864.0;-200.0;2.6;629.0;28.0;1052.0;42.0;1558.0;728.0;26.9;51.8;1.805
1088571600;0.7;952.0;-200.0;4.6;742.0;49.0;892.0;57.0;1656.0;953.0;24.6;59.1;1.8013
1088575200;0.9;1009.0;-200.0;7.4;875.0;81.0;797.0;61.0;1738.0;1060.0;26.4;53.1;1.7987
1088578800;2.2;1225.0;-200.0;15.2;1155.0;178.0;643.0;106.0;1992.0;1338.0;27.3;46.4;1.6542
1088582400;2.8;1245.0;-200.0;16.7;1202.0;223.0;628.0;136.0;2039.0;1622.0;28.4;40.4;1.5442
1088586000;2.9;1265.0;-200.0;17.0;1209.0;290.0;638.0;157.0;2015.0;1812.0;30.8;37.1;1.6169
1088589600;2.9;1276.0;-200.0;18.0;1241.0;274.0;642.0;171.0;2024.0;1784.0;34.2;30.7;1.6252
1088593200;3.0;1232.0;-200.0;16.1;1183.0;278.0;675.0;190.0;1920.0;1509.0;37.0;26.5;1.6352
1088596800;2.5;1193.0;-200.0;13.4;1097.0;152.0;698.0;155.0;1832.0;1139.0;36.6;27.8;1.676
1088600400;2.3;1162.0;-200.0;14.0;1117.0;118.0;700.0;139.0;1857.0;1044.0;36.9;26.9;1.6477
1088604000;2.1;1126.0;-200.0;13.4;1097.0;141.0;723.0;152.0;1810.0;1015.0;39.3;22.2;1.552
1088607600;1.9;1089.0;-200.0;10.4;993.0;131.0;801.0;143.0;1675.0;825.0;38.5;22.4;1.5018
1088611200;2.3;1134.0;-200.0;12.7;1073.0;171.0;747.0;168.0;1765.0;1022.0;39.7;20.4;1.4594
1088614800;4.2;1388.0;-200.0;24.5;1418.0;287.0;568.0;226.0;2250.0;1913.0;38.8;24.2;1.6433
1088618400;4.9;1506.0;-200.0;27.8;1499.0;267.0;506.0;207.0;2485.0;2043.0;33.5;38.0;1.939
1088622000;4.9;1352.0;-200.0;23.3;1385.0;280.0;563.0;197.0;2205.0;1661.0;34.0;32.9;1.7251
1088625600;3.5;1217.0;-200.0;17.6;1227.0;224.0;641.0;158.0;2040.0;1404.0;31.9;33.7;1.5663
1088629200;2.5;1149.0;-200.0;14.5;1132.0;137.0;688.0;124.0;1936.0;1233.0;30.2;37.6;1.587
1088632800;2.5;1156.0;-200.0;14.4;1129.0;118.0;688.0;110.0;1941.0;1181.0;28.9;41.0;1.6096
1088636400;2.6;1180.0;-200.0;14.2;1122.0;128.0;678.0;112.0;1921.0;1272.0;27.8;45.2;1.6604
1088640000;2.3;1109.0;-200.0;12.9;1080.0;111.0;696.0;102.0;1874.0;1190.0;27.1;47.4;1.6701
1088643600;1.5;1032.0;-200.0;9.9;974.0;66.0;763.0;77.0;1800.0;982.0;26.2;49.4;1.6555
1088647200;0.9;893.0;-200.0;5.1;767.0;36.0;918.0;50.0;1607.0;805.0;26.9;49.3;1.7196
1088650800;0.6;848.0;-200.0;2.8;642.0;-200.0;1079.0;-200.0;1536.0;654.0;26.3;50.8;1.7058
1088654400;0.6;850.0;-200.0;3.2;664.0;31.0;1038.0;40.0;1568.0;727.0;24.9;54.6;1.6908
1088658000;0.8;938.0;-200.0;5.4;782.0;75.0;879.0;66.0;1685.0;1001.0;23.4;58.6;1.6651
1088661600;0.9;948.0;-200.0;6.4;828.0;66.0;858.0;60.0;1711.0;994.0;24.4;55.2;1.6604
1088665200;2.4;1225.0;-200.0;17.1;1214.0;154.0;625.0;85.0;2090.0;1322.0;25.1;54.3;1.7057
1088668800;3.9;1380.0;-200.0;22.3;1359.0;239.0;538.0;120.0;2337.0;1617.0;26.6;51.2;1.7565
1088672400;2.9;1276.0;-200.0;14.6;1138.0;246.0;628.0;134.0;2021.0;1430.0;28.2;47.1;1.7752
1088676000;2.7;1246.0;-200.0;13.3;1093.0;261.0;667.0;149.0;1942.0;1357.0;31.6;39.4;1.7969
1088679600;2.0;1141.0;-200.0;10.5;996.0;179.0;767.0;125.0;1805.0;994.0;34.2;31.8;1.6837
1088683200;2.4;1199.0;-200.0;14.2;1124.0;159.0;680.0;132.0;1940.0;1054.0;36.6;27.1;1.6352
1088686800;2.0;1156.0;-200.0;12.2;1056.0;111.0;710.0;114.0;1842.0;945.0;37.6;26.9;1.715
1088690400;1.8;1158.0;-200.0;10.1;983.0;101.0;751.0;110.0;1803.0;808.0;38.1;26.3;1.7213
1088694000;1.9;1163.0;-200.0;11.7;1039.0;118.0;723.0;121.0;1814.0;888.0;37.8;26.9;1.7392
1088697600;1.8;1078.0;-200.0;10.9;1009.0;120.0;767.0;127.0;1730.0;787.0;37.8;22.7;1.4653
1088701200;2.9;1244.0;-200.0;17.3;1219.0;177.0;651.0;157.0;1949.0;1077.0;36.9;24.7;1.5134
1088704800;3.3;1236.0;-200.0;18.0;1239.0;186.0;637.0;169.0;1986.0;1106.0;34.5;28.5;1.531
1088708400;4.4;1364.0;-200.0;22.9;1376.0;235.0;580.0;179.0;2168.0;1356.0;32.5;30.9;1.4875
1088712000;3.4;1193.0;-200.0;16.5;1196.0;195.0;675.0;149.0;1888.0;1152.0;30.9;30.4;1.338
1088715600;1.9;1078.0;-200.0;10.2;985.0;106.0;778.0;111.0;1697.0;925.0;28.7;34.7;1.3457
1088719200;2.1;1140.0;-200.0;11.6;1035.0;107.0;726.0;112.0;1779.0;1059.0;27.7;39.3;1.4372
1088722800;2.5;1239.0;-200.0;14.3;1127.0;134.0;648.0;120.0;1930.0;1201.0;26.8;45.1;1.5645
1088726400;2.3;1171.0;-200.0;13.3;1093.0;117.0;669.0;105.0;1862.0;1205.0;26.1;45.3;1.5115
1088730000;1.7;1065.0;-200.0;10.0;977.0;83.0;736.0;90.0;1733.0;1103.0;25.9;46.1;1.5174
1088733600;1.5;1024.0;-200.0;7.6;882.0;77.0;791.0;87.0;1662.0;1072.0;25.3;47.6;1.513
1088737200;0.8;873.0;-200.0;3.4;679.0;-200.0;1010.0;-200.0;1501.0;713.0;26.6;43.0;1.4773
1088740800;-200.0;874.0;-200.0;3.3;668.0;37.0;1043.0;54.0;1513.0;737.0;25.3;47.2;1.5025
1088744400;0.5;887.0;-200.0;2.9;647.0;50.0;1046.0;61.0;1500.0;740.0;25.1;48.0;1.5115
1088748000;0.8;993.0;-200.0;5.6;795.0;60.0;888.0;63.0;1629.0;770.0;24.8;50.6;1.5654
1088751600;2.6;1299.0;-200.0;17.5;1225.0;179.0;620.0;102.0;2077.0;1327.0;25.7;49.7;1.615
1088755200;4.9;1529.0;-200.0;29.0;1526.0;300.0;476.0;149.0;2559.0;1763.0;27.4;45.5;1.6396
1088758800;2.9;1320.0;-200.0;17.0;1210.0;263.0;595.0;147.0;2052.0;1477.0;29.3;40.0;1.6082
1088762400;2.8;1226.0;-200.0;15.6;1168.0;265.0;650.0;158.0;1952.0;1311.0;33.6;28.7;1.4693
1088766000;1.8;1105.0;-200.0;10.1;980.0;164.0;777.0;112.0;1745.0;980.0;34.6;27.7;1.4991
1088769600;1.8;1160.0;-200.0;11.7;1040.0;122.0;720.0;108.0;1810.0;961.0;35.6;27.2;1.5557
1088773200;1.9;1125.0;-200.0;12.0;1051.0;125.0;730.0;120.0;1771.0;923.0;36.9;23.3;1.4313
1088776800;1.7;1099.0;-200.0;11.0;1015.0;125.0;763.0;117.0;1732.0;839.0;38.8;20.7;1.4036
1088780400;1.7;1124.0;-200.0;11.2;1021.0;115.0;745.0;119.0;1735.0;827.0;38.1;22.6;1.4868
1088784000;1.9;1105.0;-200.0;10.5;995.0;162.0;778.0;149.0;1681.0;821.0;37.1;23.0;1.4229
1088787600;2.1;1035.0;-200.0;11.8;1043.0;149.0;804.0;174.0;1647.0;749.0;34.8;19.3;1.0543
1088791200;2.4;1065.0;-200.0;13.8;1110.0;161.0;757.0;163.0;1691.0;871.0;33.6;20.7;1.059
1088794800;3.0;1051.0;-200.0;17.3;1220.0;201.0;739.0;161.0;1729.0;1077.0;31.4;18.5;0.8376
1088798400;2.8;1073.0;-200.0;14.2;1124.0;209.0;752.0;154.0;1688.0;1175.0;29.5;23.8;0.9623
1088802000;1.9;1008.0;-200.0;10.7;1004.0;133.0;817.0;124.0;1588.0;1125.0;27.4;27.1;0.9736
1088805600;2.1;1090.0;-200.0;12.7;1073.0;133.0;745.0;122.0;1693.0;1124.0;26.1;31.1;1.0338
1088809200;1.8;1048.0;-200.0;10.1;983.0;134.0;780.0;119.0;1643.0;1064.0;25.5;34.0;1.0935
1088812800;2.5;1131.0;-200.0;13.1;1087.0;164.0;705.0;131.0;1738.0;1240.0;24.0;37.8;1.1125
1088816400;1.1;953.0;-200.0;7.4;874.0;72.0;854.0;84.0;1528.0;899.0;24.2;37.3;1.1118
1088820000;0.7;897.0;-200.0;4.6;745.0;50.0;968.0;77.0;1461.0;807.0;23.4;40.6;1.1571
1088823600;0.7;900.0;-200.0;4.7;750.0;-200.0;932.0;-200.0;1494.0;817.0;21.8;46.6;1.1991
1088827200;0.4;828.0;-200.0;2.8;639.0;27.0;1077.0;41.0;1371.0;573.0;22.6;43.0;1.1629
1088830800;0.7;892.0;-200.0;4.5;739.0;74.0;964.0;68.0;1479.0;768.0;20.2;50.7;1.1844
1088834400;0.7;914.0;-200.0;5.9;809.0;69.0;912.0;69.0;1530.0;807.0;20.5;49.3;1.176
1088838000;1.8;1096.0;-200.0;11.1;1017.0;162.0;722.0;101.0;1743.0;1204.0;21.4;48.0;1.2086
1088841600;2.3;1173.0;-200.0;14.4;1130.0;208.0;648.0;120.0;1885.0;1401.0;23.2;43.9;1.2344
1088845200;1.9;1125.0;-200.0;11.1;1016.0;168.0;712.0;124.0;1725.0;1256.0;25.3;40.7;1.2921
1088848800;1.7;1079.0;-200.0;9.9;976.0;139.0;781.0;113.0;1669.0;999.0;29.9;31.1;1.2883
1088852400;1.3;974.0;-200.0;8.8;930.0;104.0;872.0;97.0;1536.0;712.0;33.9;21.3;1.1067
1088856000;1.5;977.0;-200.0;9.9;973.0;99.0;865.0;94.0;1550.0;712.0;36.3;16.0;0.9465
1088859600;1.3;912.0;-200.0;7.4;873.0;89.0;946.0;86.0;1436.0;614.0;36.6;15.2;0.9177
1088863200;0.8;896.0;-200.0;6.1;817.0;57.0;992.0;70.0;1426.0;554.0;37.4;15.8;0.9998
1088866800;0.8;896.0;-200.0;6.2;822.0;64.0;1002.0;70.0;1391.0;722.0;37.9;15.0;0.9721
1088870400;1.1;956.0;-200.0;7.1;862.0;65.0;930.0;82.0;1479.0;636.0;38.0;16.8;1.0933
1088874000;1.2;970.0;-200.0;8.0;900.0;79.0;909.0;93.0;1524.0;664.0;36.9;17.5;1.0789
1088877600;1.2;929.0;-200.0;7.3;869.0;80.0;942.0;89.0;1454.0;624.0;35.3;17.0;0.9561
1088881200;1.4;947.0;-200.0;8.7;926.0;81.0;905.0;90.0;1484.0;659.0;31.9;20.4;0.9462
1088884800;1.1;1003.0;-200.0;7.5;880.0;59.0;864.0;67.0;1537.0;695.0;29.1;29.6;1.1792
1088888400;1.5;1045.0;-200.0;9.0;940.0;90.0;822.0;94.0;1658.0;920.0;27.4;33.4;1.2022
1088892000;2.0;1125.0;-200.0;11.6;1035.0;122.0;728.0;109.0;1726.0;1150.0;26.7;35.8;1.2318
1088895600;1.9;1138.0;-200.0;10.2;985.0;120.0;742.0;103.0;1710.0;1141.0;25.2;42.7;1.3473
1088899200;2.2;1217.0;-200.0;12.3;1060.0;126.0;660.0;101.0;1840.0;1227.0;24.0;51.9;1.5252
1088902800;1.1;983.0;-200.0;6.4;831.0;68.0;847.0;71.0;1585.0;887.0;24.5;44.4;1.3476
1088906400;1.1;1007.0;-200.0;7.2;864.0;65.0;816.0;71.0;1639.0;987.0;22.6;51.0;1.3805
1088910000;0.8;957.0;-200.0;6.1;816.0;-200.0;846.0;-200.0;1613.0;903.0;22.2;52.7;1.3891
1088913600;0.6;914.0;-200.0;4.3;725.0;38.0;949.0;49.0;1550.0;780.0;21.2;56.8;1.4094
1088917200;0.6;886.0;-200.0;3.8;702.0;31.0;971.0;43.0;1528.0;767.0;20.3;59.6;1.3994
1088920800;0.6;899.0;-200.0;4.0;708.0;40.0;972.0;44.0;1559.0;780.0;21.3;56.7;1.4178
1088924400;0.6;942.0;-200.0;4.2;723.0;36.0;968.0;42.0;1573.0;698.0;23.0;54.6;1.5177
1088928000;1.1;1022.0;-200.0;6.1;817.0;64.0;835.0;69.0;1669.0;821.0;23.7;54.3;1.5731
1088931600;1.0;1009.0;-200.0;6.0;810.0;56.0;859.0;65.0;1634.0;772.0;25.4;49.3;1.5732
1088935200;1.0;1025.0;-200.0;5.9;809.0;56.0;877.0;68.0;1606.0;690.0;29.6;37.7;1.544
1088938800;1.0;977.0;-200.0;5.4;783.0;43.0;939.0;58.0;1543.0;586.0;33.9;26.2;1.3664
1088942400;0.8;936.0;-200.0;4.9;757.0;40.0;1007.0;52.0;1459.0;523.0;35.8;22.4;1.2933
1088946000;0.7;884.0;-200.0;3.9;703.0;34.0;1076.0;46.0;1394.0;488.0;37.9;18.8;1.222
1088949600;0.4;809.0;-200.0;3.2;664.0;28.0;1185.0;40.0;1270.0;427.0;38.5;14.8;0.9942
1088953200;0.5;852.0;-200.0;4.1;718.0;32.0;1109.0;47.0;1307.0;468.0;39.3;14.5;1.0149
1088956800;0.6;872.0;-200.0;4.0;708.0;39.0;1106.0;56.0;1331.0;489.0;38.9;15.6;1.0613
1088960400;0.7;839.0;-200.0;4.8;752.0;52.0;1102.0;64.0;1298.0;515.0;37.9;12.7;0.8211
1088964000;0.9;854.0;-200.0;5.5;788.0;60.0;1064.0;71.0;1310.0;562.0;35.8;13.4;0.7749
1088967600;1.6;971.0;-200.0;9.1;942.0;104.0;900.0;103.0;1541.0;776.0;32.3;19.7;0.9345
1088971200;1.6;985.0;-200.0;9.1;944.0;102.0;866.0;97.0;1541.0;833.0;30.1;23.5;0.9869
1088974800;1.7;1027.0;-200.0;10.1;981.0;120.0;817.0;108.0;1631.0;1023.0;28.2;28.7;1.0806
1088978400;1.3;1012.0;-200.0;7.4;876.0;89.0;853.0;87.0;1580.0;967.0;26.0;35.7;1.1842
1088982000;1.9;1086.0;-200.0;9.9;973.0;121.0;766.0;104.0;1656.0;1089.0;25.3;39.2;1.2452
1088985600;1.5;1025.0;-200.0;9.0;939.0;107.0;790.0;93.0;1635.0;1103.0;24.7;38.7;1.1845
1088989200;0.6;848.0;-200.0;3.7;692.0;41.0;1034.0;55.0;1412.0;734.0;25.5;35.7;1.1499
1088992800;0.4;839.0;-200.0;3.0;652.0;34.0;1075.0;49.0;1405.0;671.0;22.5;43.2;1.1589
1088996400;0.3;814.0;-200.0;2.5;618.0;-200.0;1097.0;-200.0;1400.0;696.0;21.6;46.1;1.1761
1089000000;-200.0;816.0;-200.0;2.6;624.0;41.0;1073.0;56.0;1422.0;729.0;19.7;51.4;1.1688
1089003600;0.4;799.0;-200.0;2.4;613.0;38.0;1120.0;43.0;1387.0;641.0;21.6;45.7;1.1665
1089007200;0.7;879.0;-200.0;5.6;792.0;59.0;906.0;57.0;1521.0;825.0;21.1;47.3;1.1654
1089010800;2.0;1104.0;-200.0;14.3;1125.0;165.0;697.0;80.0;1815.0;1179.0;21.6;44.1;1.1269
1089014400;3.9;1344.0;-200.0;27.7;1496.0;287.0;519.0;134.0;2311.0;1651.0;23.7;37.9;1.0988
1089018000;3.6;1226.0;-200.0;19.1;1272.0;317.0;632.0;157.0;1901.0;1474.0;26.0;30.1;0.9953
1089021600;3.2;1157.0;-200.0;15.9;1176.0;330.0;691.0;175.0;1779.0;1370.0;30.6;23.2;1.001
1089025200;2.2;1059.0;-200.0;12.3;1060.0;204.0;798.0;147.0;1638.0;1141.0;34.1;19.1;1.0048
1089028800;2.2;1076.0;-200.0;12.2;1057.0;189.0;778.0;140.0;1633.0;1076.0;36.2;18.0;1.0636
1089032400;2.1;1066.0;-200.0;11.7;1041.0;165.0;783.0;137.0;1641.0;1036.0;37.4;17.3;1.0914
1089036000;1.8;1049.0;-200.0;10.4;994.0;139.0;813.0;123.0;1580.0;881.0;39.5;15.6;1.102
1089039600;2.0;1097.0;-200.0;12.7;1074.0;156.0;776.0;138.0;1671.0;960.0;40.4;14.9;1.1033
1089043200;1.8;1087.0;-200.0;11.1;1018.0;130.0;791.0;132.0;1624.0;883.0;40.1;16.1;1.1699
1089046800;3.0;1269.0;-200.0;19.0;1269.0;173.0;633.0;174.0;1942.0;1221.0;39.3;18.9;1.3251
1089050400;4.3;1328.0;-200.0;24.1;1405.0;302.0;584.0;203.0;2072.0;1518.0;37.3;19.9;1.2437
1089054000;3.5;1200.0;-200.0;19.1;1270.0;239.0;654.0;176.0;1906.0;1264.0;33.6;22.9;1.1747
1089057600;2.5;1098.0;-200.0;13.6;1105.0;139.0;732.0;125.0;1768.0;1061.0;30.7;28.9;1.2501
1089061200;1.8;1058.0;-200.0;10.7;1004.0;92.0;776.0;98.0;1684.0;947.0;28.8;32.8;1.2776
1089064800;1.9;1081.0;-200.0;11.3;1025.0;104.0;738.0;103.0;1757.0;1059.0;27.3;36.8;1.3207
1089068400;1.9;1062.0;-200.0;9.6;962.0;108.0;776.0;104.0;1674.0;1030.0;26.2;39.7;1.3249
1089072000;1.9;1078.0;-200.0;9.8;971.0;107.0;752.0;105.0;1694.0;1065.0;25.4;43.0;1.37
1089075600;0.9;917.0;-200.0;4.9;761.0;55.0;931.0;75.0;1497.0;893.0;25.8;41.0;1.3461
1089079200;0.7;881.0;-200.0;4.1;718.0;43.0;965.0;60.0;1510.0;837.0;23.3;48.4;1.3677
1089082800;0.6;865.0;-200.0;3.3;671.0;-200.0;1012.0;-200.0;1477.0;807.0;23.5;47.8;1.3607
1089086400;0.4;829.0;-200.0;2.2;602.0;23.0;1123.0;36.0;1410.0;596.0;23.5;46.7;1.3361
1089090000;0.7;913.0;-200.0;4.6;743.0;65.0;931.0;66.0;1540.0;884.0;21.8;52.3;1.3539
1089093600;1.6;1077.0;-200.0;10.2;985.0;165.0;742.0;97.0;1780.0;1170.0;21.8;52.5;1.3529
1089097200;3.8;1337.0;-200.0;23.3;1386.0;274.0;565.0;115.0;2196.0;1596.0;22.9;49.1;1.3546
1089100800;5.1;1467.0;-200.0;31.0;1575.0;369.0;472.0;145.0;2460.0;1873.0;24.9;43.3;1.3422
1089104400;3.4;1257.0;-200.0;17.6;1227.0;308.0;611.0;162.0;1954.0;1608.0;26.7;39.4;1.3556
1089108000;2.6;1227.0;-200.0;14.3;1125.0;227.0;675.0;147.0;1835.0;1470.0;30.5;32.9;1.4135
1089111600;2.2;1188.0;-200.0;13.7;1108.0;178.0;693.0;132.0;1818.0;1275.0;34.2;27.2;1.4404
1089115200;3.4;1301.0;-200.0;19.3;1276.0;267.0;631.0;179.0;1953.0;1407.0;38.2;20.9;1.3701
1089118800;3.4;1201.0;-200.0;19.3;1278.0;278.0;657.0;174.0;1892.0;1302.0;39.6;16.9;1.2028
1089122400;1.8;1058.0;-200.0;11.3;1026.0;165.0;794.0;132.0;1622.0;931.0;39.9;15.8;1.141
1089126000;2.0;1037.0;-200.0;12.7;1075.0;172.0;789.0;151.0;1604.0;917.0;40.2;13.9;1.02
1089129600;2.4;1055.0;-200.0;15.3;1157.0;216.0;762.0;168.0;1674.0;985.0;39.6;13.2;0.9332
1089133200;3.8;1179.0;-200.0;22.5;1364.0;306.0;661.0;192.0;1845.0;1265.0;39.5;12.6;0.8894
1089136800;4.4;1298.0;-200.0;25.0;1430.0;317.0;632.0;194.0;1946.0;2475.0;37.9;13.9;0.9015
1089140400;3.9;1213.0;-200.0;21.1;1327.0;251.0;654.0;155.0;1864.0;2021.0;34.2;17.9;0.9444
1089144000;4.0;1233.0;-200.0;23.8;1398.0;230.0;613.0;159.0;1975.0;1834.0;32.6;20.6;0.9939
1089147600;2.5;1086.0;-200.0;14.9;1145.0;154.0;737.0;125.0;1717.0;1426.0;30.4;23.2;0.9889
1089151200;2.1;1056.0;-200.0;12.8;1078.0;137.0;765.0;108.0;1668.0;1272.0;28.8;25.1;0.9793
1089154800;2.4;1138.0;-200.0;14.3;1128.0;133.0;681.0;110.0;1737.0;1490.0;27.8;29.9;1.1018
1089158400;2.1;1112.0;-200.0;14.3;1128.0;117.0;675.0;99.0;1771.0;1440.0;26.9;32.6;1.1381
1089162000;1.6;992.0;-200.0;9.2;948.0;106.0;773.0;95.0;1609.0;1271.0;26.3;33.7;1.1377
1089165600;0.8;895.0;-200.0;5.1;767.0;55.0;931.0;69.0;1463.0;985.0;25.7;33.9;1.1065
1089169200;0.5;843.0;-200.0;3.0;655.0;-200.0;1046.0;-200.0;1377.0;826.0;24.8;36.0;1.1109
1089172800;0.4;828.0;-200.0;2.6;626.0;27.0;1073.0;45.0;1362.0;754.0;25.5;34.6;1.1096
1089176400;0.5;894.0;-200.0;4.0;709.0;46.0;997.0;53.0;1432.0;853.0;24.0;37.8;1.1077
1089180000;1.3;1072.0;-200.0;9.9;976.0;144.0;740.0;88.0;1673.0;1340.0;23.9;39.3;1.1522
1089183600;4.1;1425.0;-200.0;27.3;1486.0;392.0;512.0;136.0;2305.0;1869.0;24.8;38.4;1.1808
1089187200;4.1;1428.0;-200.0;27.9;1500.0;358.0;496.0;141.0;2275.0;2021.0;26.9;34.4;1.2036
1089190800;4.0;1359.0;-200.0;24.5;1415.0;381.0;572.0;189.0;2081.0;1902.0;29.6;28.7;1.1706
1089194400;2.2;1182.0;-200.0;14.2;1122.0;261.0;730.0;166.0;1707.0;1527.0;34.6;21.1;1.1398
1089198000;2.0;1117.0;-200.0;11.9;1045.0;207.0;761.0;154.0;1623.0;1260.0;38.3;17.0;1.1216
1089201600;2.0;1119.0;-200.0;13.1;1088.0;155.0;741.0;149.0;1640.0;1124.0;40.4;14.5;1.0736
1089205200;2.2;1068.0;-200.0;15.1;1152.0;193.0;739.0;142.0;1683.0;1309.0;42.6;9.6;0.8012
1089208800;2.2;1090.0;-200.0;14.1;1120.0;195.0;743.0;130.0;1629.0;1283.0;42.5;10.2;0.8478
1089212400;1.8;1056.0;-200.0;11.3;1024.0;159.0;792.0;121.0;1555.0;1068.0;41.0;11.6;0.8872
1089216000;1.8;1098.0;-200.0;10.8;1007.0;120.0;799.0;116.0;1546.0;937.0;41.3;13.0;1.0154
1089219600;3.3;1318.0;-200.0;21.5;1339.0;228.0;635.0;177.0;1925.0;1416.0;39.2;14.5;1.0106
1089223200;4.3;1348.0;-200.0;21.8;1347.0;348.0;599.0;233.0;1903.0;1611.0;36.9;17.9;1.096
1089226800;5.3;1502.0;-200.0;29.8;1546.0;337.0;538.0;223.0;2199.0;1919.0;35.6;20.4;1.1646
1089230400;4.3;1373.0;-200.0;22.5;1364.0;282.0;597.0;184.0;2005.0;1745.0;33.7;22.6;1.1658
1089234000;3.6;1397.0;-200.0;21.8;1346.0;228.0;580.0;165.0;2017.0;1837.0;31.5;27.8;1.2671
1089237600;2.4;1286.0;-200.0;17.1;1214.0;168.0;620.0;132.0;1880.0;1759.0;31.1;29.3;1.3055
1089241200;2.1;1222.0;-200.0;15.4;1161.0;173.0;661.0;122.0;1827.0;1593.0;30.2;30.9;1.3026
1089244800;1.2;1069.0;-200.0;10.2;983.0;87.0;749.0;88.0;1627.0;1357.0;29.8;30.2;1.2502
1089248400;0.9;1011.0;-200.0;7.2;864.0;65.0;809.0;79.0;1532.0;1231.0;28.4;32.5;1.2361
1089252000;0.6;962.0;-200.0;5.8;803.0;43.0;853.0;60.0;1507.0;1066.0;27.5;34.0;1.231
1089255600;0.5;919.0;-200.0;4.2;723.0;-200.0;910.0;-200.0;1443.0;992.0;26.8;35.3;1.2243
1089259200;-200.0;969.0;-200.0;5.1;769.0;43.0;866.0;60.0;1485.0;1063.0;24.5;40.4;1.2251
1089262800;0.6;986.0;-200.0;5.4;784.0;66.0;839.0;74.0;1503.0;1204.0;25.6;38.8;1.2545
1089266400;0.6;990.0;-200.0;6.2;821.0;57.0;848.0;62.0;1511.0;1079.0;27.5;34.6;1.2518
1089270000;2.2;1296.0;-200.0;16.9;1208.0;231.0;603.0;115.0;1914.0;1593.0;25.9;37.4;1.2289
1089273600;3.2;1371.0;-200.0;23.2;1384.0;219.0;545.0;119.0;2082.0;1745.0;28.5;32.5;1.2441
1089277200;3.0;1385.0;-200.0;18.0;1240.0;288.0;596.0;155.0;1919.0;1847.0;29.5;32.7;1.3229
1089280800;2.7;1381.0;-200.0;17.6;1227.0;312.0;595.0;162.0;1903.0;1845.0;29.8;33.1;1.3693
1089284400;3.2;1396.0;-200.0;20.3;1306.0;361.0;587.0;189.0;1934.0;1886.0;33.4;26.8;1.3586
1089288000;1.4;1070.0;-200.0;10.6;1000.0;147.0;801.0;115.0;1538.0;1039.0;40.3;15.8;1.1604
1089291600;1.3;1076.0;-200.0;9.9;972.0;111.0;819.0;109.0;1525.0;923.0;41.8;15.0;1.1989
1089295200;1.4;1126.0;-200.0;10.7;1004.0;98.0;788.0;108.0;1609.0;926.0;41.1;15.7;1.2071
1089298800;2.1;1225.0;-200.0;16.5;1196.0;156.0;673.0;145.0;1775.0;1277.0;41.9;14.8;1.1944
1089302400;2.4;1202.0;-200.0;16.9;1206.0;213.0;671.0;167.0;1807.0;1301.0;40.9;14.6;1.114
1089306000;3.1;1308.0;-200.0;20.5;1310.0;250.0;628.0;200.0;1891.0;1385.0;39.1;16.9;1.1705
1089309600;3.5;1440.0;-200.0;19.4;1281.0;253.0;580.0;178.0;2021.0;1474.0;36.4;27.3;1.6308
1089313200;5.1;1611.0;-200.0;30.0;1552.0;317.0;487.0;206.0;2371.0;1948.0;34.9;29.3;1.611
1089316800;4.5;1387.0;-200.0;24.6;1419.0;309.0;559.0;192.0;2113.0;1677.0;33.6;26.4;1.3515
1089320400;2.9;1268.0;-200.0;16.9;1206.0;201.0;648.0;137.0;1900.0;1434.0;32.2;27.6;1.3044
1089324000;2.6;1237.0;-200.0;15.8;1175.0;173.0;660.0;128.0;1834.0;1424.0;30.5;29.7;1.2742
1089327600;2.7;1302.0;-200.0;16.6;1198.0;156.0;628.0;121.0;1934.0;1504.0;29.4;35.6;1.4383
1089331200;3.2;1347.0;-200.0;19.5;1282.0;190.0;575.0;136.0;1996.0;1661.0;29.1;34.8;1.38
1089334800;2.3;1355.0;-200.0;16.6;1198.0;129.0;564.0;109.0;1905.0;1714.0;27.7;41.9;1.537
1089338400;1.0;1023.0;-200.0;6.2;822.0;65.0;823.0;74.0;1585.0;1050.0;27.9;41.6;1.5425
1089342000;0.5;903.0;-200.0;2.7;631.0;-200.0;1070.0;-200.0;1458.0;550.0;27.8;43.7;1.6039
1089345600;0.4;876.0;-200.0;2.3;605.0;29.0;1144.0;40.0;1432.0;456.0;27.4;42.2;1.5177
1089349200;0.6;932.0;-200.0;3.9;707.0;58.0;1011.0;61.0;1509.0;554.0;26.6;42.8;1.4713
1089352800;1.0;1020.0;-200.0;7.2;866.0;92.0;847.0;83.0;1636.0;744.0;26.9;40.3;1.4041
1089356400;2.9;1264.0;-200.0;18.1;1241.0;228.0;609.0;129.0;1989.0;1280.0;27.0;37.3;1.3081
1089360000;2.7;1179.0;-200.0;15.1;1153.0;172.0;654.0;-200.0;1877.0;1096.0;27.0;35.3;1.2396
1089363600;1.8;1079.0;-200.0;9.7;966.0;154.0;785.0;115.0;1640.0;927.0;27.4;32.0;1.1545
1089367200;1.8;1036.0;-200.0;9.4;955.0;166.0;829.0;130.0;1527.0;840.0;30.5;24.7;1.0592
1089370800;1.7;1002.0;-200.0;9.6;964.0;149.0;828.0;137.0;1546.0;786.0;32.9;20.1;0.9902
1089374400;1.5;995.0;-200.0;9.5;959.0;111.0;856.0;116.0;1544.0;690.0;33.9;18.4;0.9587
1089378000;1.7;1008.0;-200.0;9.6;962.0;145.0;845.0;129.0;1545.0;742.0;34.4;19.3;1.0325
1089381600;1.3;978.0;-200.0;9.6;962.0;105.0;846.0;117.0;1527.0;680.0;34.2;19.6;1.0399
1089385200;1.5;989.0;-200.0;10.3;990.0;113.0;822.0;138.0;1577.0;705.0;33.2;20.4;1.0195
1089388800;1.5;961.0;-200.0;10.2;985.0;115.0;845.0;139.0;1554.0;677.0;32.4;19.1;0.915
1089392400;2.3;1009.0;-200.0;14.0;1116.0;202.0;779.0;180.0;1602.0;877.0;32.2;17.1;0.8124
1089396000;2.2;970.0;-200.0;14.0;1117.0;180.0;786.0;162.0;1579.0;844.0;31.0;17.1;0.7526
1089399600;2.8;1097.0;-200.0;16.6;1199.0;190.0;699.0;158.0;1738.0;1006.0;28.3;24.9;0.9412
1089403200;2.7;1065.0;-200.0;13.6;1105.0;207.0;723.0;162.0;1672.0;987.0;26.6;30.2;1.033
1089406800;1.7;1036.0;-200.0;10.2;986.0;113.0;776.0;112.0;1614.0;868.0;24.8;36.8;1.1357
1089410400;1.5;1049.0;-200.0;9.5;958.0;98.0;794.0;104.0;1648.0;861.0;23.7;43.4;1.2495
1089414000;2.3;1147.0;-200.0;11.8;1043.0;152.0;727.0;125.0;1719.0;1042.0;23.0;46.2;1.2815
1089417600;2.3;1118.0;-200.0;13.0;1082.0;161.0;694.0;127.0;1792.0;1080.0;22.7;47.7;1.2977
1089421200;1.5;1016.0;-200.0;9.6;963.0;91.0;776.0;95.0;1661.0;811.0;22.2;49.5;1.3081
1089424800;1.0;940.0;-200.0;6.7;845.0;57.0;845.0;70.0;1539.0;704.0;21.6;51.9;1.3254
1089428400;0.5;836.0;-200.0;2.9;643.0;-200.0;1114.0;-200.0;1405.0;522.0;22.3;50.4;1.3379
1089432000;0.3;831.0;-200.0;2.6;626.0;22.0;1126.0;33.0;1406.0;484.0;22.4;49.7;1.3333
1089435600;0.4;877.0;-200.0;4.0;711.0;41.0;1018.0;45.0;1475.0;580.0;21.7;52.0;1.3313
1089439200;0.5;872.0;-200.0;4.3;725.0;53.0;976.0;56.0;1471.0;668.0;21.1;53.2;1.3181
1089442800;0.9;958.0;-200.0;5.9;805.0;92.0;886.0;74.0;1551.0;835.0;22.0;51.0;1.3296
1089446400;1.1;959.0;-200.0;6.8;848.0;91.0;859.0;84.0;1572.0;739.0;25.0;41.6;1.301
1089450000;1.4;997.0;-200.0;8.8;933.0;89.0;799.0;93.0;1612.0;763.0;26.7;36.4;1.2596
1089453600;1.1;916.0;-200.0;6.7;843.0;81.0;891.0;97.0;1511.0;614.0;29.1;29.7;1.1751
1089457200;0.9;895.0;-200.0;6.4;831.0;66.0;946.0;83.0;1473.0;566.0;31.2;23.4;1.0487
1089460800;0.8;855.0;-200.0;6.0;812.0;53.0;982.0;71.0;1416.0;508.0;32.4;20.5;0.9806
1089464400;0.8;861.0;-200.0;6.0;811.0;61.0;997.0;78.0;1409.0;509.0;33.3;19.2;0.9634
1089468000;0.6;821.0;-200.0;5.0;766.0;48.0;1071.0;62.0;1323.0;457.0;33.1;16.8;0.8391
1089471600;0.6;835.0;-200.0;4.4;731.0;39.0;1108.0;54.0;1323.0;438.0;33.1;18.3;0.9081
1089475200;0.5;813.0;-200.0;4.4;732.0;41.0;1118.0;59.0;1303.0;427.0;32.4;18.0;0.8599
1089478800;0.7;833.0;-200.0;5.5;786.0;48.0;1064.0;69.0;1328.0;453.0;31.8;18.7;0.8624
1089482400;0.8;859.0;-200.0;5.8;803.0;50.0;1032.0;67.0;1363.0;479.0;30.3;21.4;0.9064
1089486000;0.9;887.0;-200.0;5.3;778.0;51.0;978.0;58.0;1387.0;500.0;27.2;28.2;1.0013
1089489600;1.3;970.0;-200.0;8.0;900.0;70.0;856.0;77.0;1559.0;647.0;26.1;33.7;1.1228
1089493200;1.3;990.0;-200.0;7.2;866.0;89.0;866.0;94.0;1551.0;728.0;24.7;38.8;1.1929
1089496800;1.4;1022.0;-200.0;8.0;899.0;100.0;846.0;97.0;1588.0;820.0;23.4;43.2;1.229
1089500400;1.9;1075.0;-200.0;10.4;993.0;139.0;781.0;110.0;1682.0;946.0;23.1;44.2;1.2317
1089504000;2.3;1088.0;-200.0;11.6;1035.0;176.0;751.0;116.0;1713.0;1018.0;22.7;45.3;1.2299
1089507600;1.0;925.0;-200.0;6.4;831.0;71.0;880.0;74.0;1513.0;789.0;21.6;47.5;1.2118
1089511200;0.5;853.0;-200.0;4.1;716.0;37.0;994.0;51.0;1423.0;647.0;22.0;45.8;1.1965
1089514800;1.0;918.0;-200.0;6.4;830.0;-200.0;875.0;-200.0;1548.0;785.0;20.4;51.3;1.2131
1089518400;0.4;796.0;-200.0;2.7;636.0;30.0;1092.0;40.0;1387.0;576.0;20.6;50.3;1.2041
1089522000;0.3;796.0;-200.0;2.6;628.0;29.0;1136.0;36.0;1385.0;555.0;20.6;50.6;1.2119
1089525600;0.2;795.0;-200.0;2.3;606.0;25.0;1152.0;35.0;1369.0;552.0;21.3;48.8;1.2189
1089529200;0.4;842.0;-200.0;3.1;656.0;40.0;1080.0;48.0;1427.0;620.0;20.4;52.6;1.247
1089532800;0.3;850.0;-200.0;3.1;659.0;32.0;1077.0;38.0;1402.0;557.0;23.5;44.0;1.2596
1089536400;0.6;884.0;-200.0;4.0;709.0;43.0;1027.0;54.0;1442.0;556.0;25.7;37.9;1.2334
1089540000;0.6;907.0;-200.0;4.6;741.0;44.0;983.0;57.0;1486.0;573.0;27.9;33.6;1.2433
1089543600;0.6;846.0;-200.0;3.9;703.0;35.0;1034.0;54.0;1380.0;514.0;29.0;28.3;1.1116
1089547200;0.5;827.0;-200.0;3.8;697.0;32.0;1070.0;46.0;1371.0;478.0;29.5;25.9;1.0489
1089550800;0.4;804.0;-200.0;2.8;636.0;21.0;1185.0;36.0;1321.0;424.0;31.8;22.3;1.0366
1089554400;0.2;775.0;-200.0;2.5;619.0;10.0;1254.0;19.0;1272.0;386.0;32.2;20.0;0.9488
1089558000;0.4;802.0;-200.0;3.0;651.0;22.0;1206.0;34.0;1282.0;403.0;32.4;19.3;0.922
1089561600;0.6;844.0;-200.0;4.7;751.0;46.0;1064.0;63.0;1327.0;462.0;33.0;17.7;0.8758
1089565200;0.9;881.0;-200.0;5.0;765.0;66.0;1029.0;86.0;1359.0;489.0;32.0;19.8;0.9273
1089568800;0.7;877.0;-200.0;4.5;736.0;49.0;1077.0;65.0;1347.0;463.0;29.6;24.1;0.9831
1089572400;1.2;931.0;-200.0;7.7;885.0;86.0;892.0;101.0;1467.0;585.0;26.9;27.1;0.948
1089576000;1.6;1011.0;-200.0;9.7;967.0;111.0;818.0;116.0;1565.0;748.0;25.3;30.9;0.9815
1089579600;1.8;1035.0;-200.0;11.0;1015.0;143.0;757.0;124.0;1651.0;940.0;24.2;35.9;1.0684
1089583200;2.4;1153.0;-200.0;11.8;1042.0;184.0;733.0;136.0;1700.0;1022.0;23.2;43.2;1.2104
1089586800;1.5;1020.0;-200.0;8.7;929.0;134.0;805.0;108.0;1615.0;929.0;22.7;43.9;1.1962
1089590400;0.9;954.0;-200.0;7.5;879.0;78.0;837.0;82.0;1550.0;834.0;21.6;44.0;1.1244
1089594000;0.8;903.0;-200.0;5.7;800.0;50.0;911.0;68.0;1478.0;751.0;20.7;46.4;1.1198
1089597600;0.2;779.0;-200.0;2.0;581.0;13.0;1204.0;22.0;1323.0;505.0;21.2;46.2;1.1482
1089601200;0.1;761.0;-200.0;1.4;540.0;-200.0;1269.0;-200.0;1303.0;486.0;22.7;42.3;1.1491
1089604800;-200.0;780.0;-200.0;1.8;568.0;24.0;1200.0;34.0;1331.0;501.0;19.9;51.3;1.1803
1089608400;0.5;835.0;-200.0;3.3;672.0;43.0;1053.0;43.0;1423.0;628.0;20.0;51.8;1.1967
1089612000;1.4;1004.0;-200.0;9.4;955.0;146.0;758.0;84.0;1671.0;1043.0;18.5;57.4;1.2076
1089615600;3.3;1272.0;-200.0;21.1;1328.0;333.0;567.0;108.0;2085.0;1463.0;19.6;54.3;1.2278
1089619200;3.6;1173.0;-200.0;17.2;1217.0;298.0;625.0;112.0;1945.0;1358.0;21.3;49.7;1.2452
1089622800;1.7;986.0;-200.0;8.5;922.0;178.0;820.0;104.0;1586.0;971.0;21.7;46.3;1.1867
1089626400;1.5;942.0;-200.0;6.8;849.0;177.0;907.0;107.0;1496.0;894.0;23.4;39.4;1.1172
1089630000;1.6;957.0;-200.0;7.4;875.0;172.0;891.0;102.0;1525.0;871.0;25.7;33.0;1.0763
1089633600;2.1;1024.0;-200.0;12.1;1052.0;183.0;779.0;104.0;1690.0;952.0;28.5;27.3;1.0479
1089637200;2.1;962.0;-200.0;9.6;963.0;164.0;835.0;96.0;1592.0;843.0;27.0;27.9;0.9812
1089640800;1.6;958.0;-200.0;7.4;873.0;122.0;868.0;80.0;1550.0;750.0;24.2;36.9;1.0966
1089644400;1.3;933.0;-200.0;6.4;831.0;105.0;888.0;72.0;1514.0;710.0;26.0;34.9;1.1509
1089648000;1.6;942.0;-200.0;8.3;912.0;144.0;842.0;106.0;1551.0;814.0;24.8;33.1;1.0222
1089651600;3.1;1073.0;-200.0;14.0;1117.0;220.0;693.0;119.0;1762.0;1052.0;24.0;36.3;1.0708
1089655200;3.3;1086.0;-200.0;15.3;1159.0;207.0;686.0;119.0;1782.0;1060.0;23.6;35.5;1.0187
1089658800;3.4;1091.0;-200.0;15.4;1161.0;210.0;682.0;128.0;1797.0;1153.0;23.6;35.7;1.0282
1089662400;2.8;980.0;-200.0;10.9;1009.0;175.0;786.0;112.0;1625.0;986.0;23.3;34.5;0.9768
1089666000;1.5;904.0;-200.0;7.5;877.0;117.0;890.0;95.0;1488.0;781.0;22.5;36.8;0.988
1089669600;1.3;865.0;-200.0;5.2;773.0;93.0;991.0;85.0;1414.0;653.0;21.3;38.7;0.9686
1089673200;1.6;898.0;-200.0;7.1;863.0;118.0;911.0;101.0;1493.0;777.0;20.9;39.4;0.9596
1089676800;1.5;945.0;-200.0;7.6;883.0;132.0;837.0;94.0;1563.0;1015.0;19.8;47.7;1.093
1089680400;1.0;854.0;-200.0;5.0;764.0;88.0;932.0;76.0;1476.0;922.0;19.3;51.4;1.1387
1089684000;0.5;751.0;-200.0;2.0;587.0;43.0;1165.0;50.0;1353.0;678.0;18.4;53.4;1.117
1089687600;0.4;723.0;-200.0;1.5;544.0;-200.0;1274.0;-200.0;1315.0;584.0;18.8;51.1;1.1
1089691200;0.6;754.0;-200.0;2.5;620.0;44.0;1102.0;51.0;1372.0;725.0;16.3;59.8;1.1042
1089694800;0.7;758.0;-200.0;3.3;670.0;50.0;1070.0;42.0;1365.0;688.0;16.6;56.8;1.0629
1089698400;1.3;873.0;-200.0;7.3;871.0;101.0;871.0;62.0;1528.0;887.0;16.2;57.4;1.0515
1089702000;4.0;1176.0;-200.0;23.8;1398.0;339.0;567.0;111.0;2120.0;1494.0;17.3;54.3;1.0631
1089705600;5.0;1257.0;-200.0;27.6;1495.0;379.0;524.0;129.0;2245.0;1647.0;19.2;48.8;1.0751
1089709200;3.6;1137.0;-200.0;16.7;1200.0;321.0;648.0;135.0;1821.0;1489.0;21.7;42.4;1.0859
1089712800;2.8;1064.0;-200.0;14.3;1126.0;272.0;711.0;139.0;1656.0;1361.0;26.4;29.9;1.0138
1089716400;2.6;1026.0;-200.0;13.3;1094.0;278.0;769.0;134.0;1629.0;1224.0;31.3;19.1;0.8634
1089720000;2.7;986.0;-200.0;14.5;1133.0;253.0;773.0;141.0;1619.0;1174.0;33.7;15.4;0.7913
1089723600;2.3;908.0;-200.0;11.5;1031.0;187.0;857.0;112.0;1469.0;901.0;34.5;13.3;0.7158
1089727200;2.0;888.0;-200.0;10.8;1007.0;149.0;870.0;105.0;1448.0;794.0;33.8;13.9;0.7172
1089730800;1.3;843.0;-200.0;6.4;830.0;89.0;995.0;72.0;1339.0;577.0;30.1;19.4;0.8157
1089734400;1.7;905.0;-200.0;8.8;931.0;124.0;876.0;90.0;1460.0;776.0;28.3;21.3;0.8054
1089738000;2.8;1023.0;-200.0;14.3;1127.0;206.0;760.0;126.0;1635.0;982.0;31.9;18.3;0.8523
1089741600;3.8;1125.0;-200.0;19.4;1279.0;241.0;662.0;154.0;1840.0;1256.0;32.0;20.1;0.9364
1089745200;4.9;1211.0;-200.0;27.1;1483.0;303.0;586.0;173.0;2092.0;1483.0;28.9;24.1;0.9495
1089748800;4.3;1140.0;-200.0;19.7;1289.0;294.0;634.0;162.0;1884.0;1390.0;27.3;27.1;0.967
1089752400;2.6;1029.0;-200.0;13.6;1105.0;203.0;737.0;128.0;1666.0;1195.0;26.0;28.5;0.9484
1089756000;2.4;981.0;-200.0;12.1;1054.0;176.0;768.0;120.0;1592.0;1135.0;25.2;28.6;0.9008
1089759600;1.9;971.0;-200.0;11.0;1014.0;155.0;788.0;111.0;1585.0;1115.0;24.3;31.1;0.9316
1089763200;1.4;927.0;-200.0;8.8;930.0;108.0;840.0;89.0;1522.0;1026.0;23.6;33.8;0.9685
1089766800;1.1;868.0;-200.0;6.7;846.0;72.0;925.0;69.0;1448.0;836.0;23.0;33.8;0.9406
1089770400;0.9;863.0;-200.0;6.3;824.0;65.0;905.0;70.0;1469.0;925.0;22.2;38.4;1.0126
1089774000;0.7;820.0;-200.0;4.1;716.0;-200.0;994.0;-200.0;1380.0;933.0;20.4;42.6;1.0083
1089777600;0.5;777.0;-200.0;2.9;645.0;39.0;1076.0;59.0;1334.0;781.0;20.5;42.3;1.0091
1089781200;0.8;855.0;-200.0;5.0;762.0;79.0;942.0;73.0;1444.0;959.0;18.8;49.0;1.0505
1089784800;1.3;960.0;-200.0;9.9;973.0;140.0;769.0;89.0;1616.0;1155.0;18.8;49.4;1.0624
1089788400;4.7;1310.0;-200.0;27.5;1492.0;427.0;527.0;142.0;2194.0;1686.0;19.9;46.5;1.071
1089792000;4.6;1339.0;-200.0;30.4;1561.0;366.0;498.0;145.0;2357.0;1791.0;22.1;41.7;1.098
1089795600;3.7;1211.0;-200.0;19.8;1290.0;311.0;606.0;156.0;1913.0;1643.0;24.0;36.4;1.0706
1089799200;2.8;1068.0;-200.0;15.7;1171.0;275.0;711.0;148.0;1717.0;1360.0;30.2;22.8;0.9616
1089802800;1.8;932.0;-200.0;11.3;1026.0;195.0;851.0;122.0;1523.0;944.0;33.4;17.1;0.8627
1089806400;1.9;949.0;-200.0;12.6;1069.0;144.0;819.0;106.0;1547.0;905.0;35.1;15.0;0.8381
1089810000;2.0;944.0;-200.0;11.9;1045.0;162.0;829.0;106.0;1525.0;884.0;34.1;16.0;0.8408
1089813600;2.0;966.0;-200.0;14.4;1131.0;200.0;800.0;127.0;1612.0;968.0;35.7;13.6;0.7836
1089817200;2.1;940.0;-200.0;12.4;1063.0;176.0;848.0;113.0;1539.0;929.0;35.3;13.8;0.7767
1089820800;2.1;934.0;-200.0;11.7;1041.0;203.0;865.0;136.0;1496.0;936.0;32.3;16.7;0.7946
1089824400;3.2;1052.0;-200.0;18.4;1252.0;237.0;739.0;153.0;1729.0;1107.0;36.0;13.3;0.7773
1089828000;4.0;1109.0;-200.0;22.9;1374.0;263.0;676.0;172.0;1795.0;1225.0;35.8;13.7;0.7868
1089831600;4.6;1169.0;-200.0;25.0;1430.0;300.0;636.0;190.0;1901.0;1372.0;32.3;18.4;0.8753
1089835200;3.0;1093.0;-200.0;15.5;1163.0;189.0;717.0;160.0;1705.0;1139.0;29.7;25.0;1.0246
1089838800;2.9;1084.0;-200.0;16.7;1200.0;185.0;686.0;159.0;1753.0;1505.0;27.8;26.6;0.9748
1089842400;1.9;970.0;-200.0;11.2;1023.0;134.0;787.0;123.0;1552.0;1074.0;26.3;27.3;0.9238
1089846000;1.4;951.0;-200.0;9.0;939.0;96.0;849.0;101.0;1488.0;868.0;25.3;30.0;0.9508
1089849600;2.1;1038.0;-200.0;12.1;1053.0;122.0;744.0;116.0;1631.0;1095.0;24.0;34.9;1.0271
1089853200;1.2;950.0;-200.0;8.9;937.0;64.0;802.0;80.0;1566.0;989.0;23.4;38.6;1.0968
1089856800;0.6;831.0;-200.0;3.7;695.0;30.0;1033.0;51.0;1355.0;658.0;23.5;38.3;1.0972
1089860400;0.4;813.0;-200.0;3.1;656.0;-200.0;1070.0;-200.0;1332.0;603.0;22.0;42.6;1.1146
1089864000;-200.0;797.0;-200.0;2.5;621.0;23.0;1105.0;37.0;1303.0;562.0;21.6;44.0;1.1225
1089867600;0.4;824.0;-200.0;3.1;660.0;36.0;1033.0;46.0;1342.0;618.0;21.4;45.6;1.1493
1089871200;0.7;879.0;-200.0;5.7;796.0;58.0;912.0;64.0;1454.0;747.0;21.1;47.1;1.1641
1089874800;2.3;1132.0;-200.0;15.6;1166.0;168.0;652.0;108.0;1827.0;1229.0;21.3;48.4;1.2119
1089878400;4.0;1291.0;-200.0;25.2;1434.0;306.0;526.0;151.0;2239.0;1494.0;22.9;47.9;1.3208
1089882000;2.8;1193.0;-200.0;15.4;1160.0;231.0;630.0;153.0;1927.0;1281.0;24.4;45.5;1.3721
1089885600;1.6;1057.0;-200.0;8.4;914.0;157.0;796.0;116.0;1665.0;954.0;27.6;38.0;1.3818
1089889200;1.6;1027.0;-200.0;8.0;899.0;132.0;822.0;116.0;1563.0;810.0;31.1;29.6;1.318
1089892800;2.0;1084.0;-200.0;12.1;1052.0;136.0;736.0;130.0;1677.0;882.0;33.4;24.7;1.2516
1089896400;2.0;1032.0;-200.0;12.6;1071.0;127.0;742.0;131.0;1619.0;840.0;35.7;18.9;1.0865
1089900000;1.7;977.0;-200.0;10.6;998.0;125.0;810.0;131.0;1554.0;743.0;36.2;18.1;1.0724
1089903600;2.0;1039.0;-200.0;12.6;1069.0;138.0;773.0;135.0;1646.0;880.0;37.1;17.7;1.094
1089907200;2.2;1056.0;-200.0;14.3;1127.0;163.0;734.0;152.0;1694.0;928.0;36.5;18.1;1.0887
1089910800;3.2;1164.0;-200.0;20.3;1306.0;259.0;648.0;198.0;1886.0;1218.0;35.5;19.1;1.0888
1089914400;3.6;1124.0;-200.0;20.5;1309.0;236.0;655.0;183.0;1845.0;1170.0;33.7;20.0;1.0275
1089918000;3.8;1152.0;-200.0;22.1;1355.0;245.0;628.0;175.0;1879.0;1620.0;30.5;22.7;0.9763
1089921600;4.8;1223.0;-200.0;23.8;1399.0;344.0;592.0;193.0;1940.0;1508.0;28.7;26.2;1.0144
1089925200;2.8;1058.0;-200.0;14.7;1139.0;188.0;696.0;140.0;1699.0;1318.0;26.7;28.9;0.9981
1089928800;2.6;1049.0;-200.0;15.1;1152.0;149.0;693.0;128.0;1730.0;1189.0;25.7;31.6;1.0285
1089932400;1.9;1010.0;-200.0;10.8;1006.0;102.0;779.0;100.0;1589.0;1000.0;24.5;35.7;1.0807
1089936000;1.7;981.0;-200.0;10.2;985.0;99.0;779.0;97.0;1572.0;1020.0;24.3;36.3;1.0852
1089939600;1.0;886.0;-200.0;6.5;834.0;48.0;904.0;67.0;1440.0;767.0;23.8;36.9;1.0748
1089943200;0.7;821.0;-200.0;3.9;706.0;36.0;1021.0;58.0;1360.0;674.0;23.7;37.3;1.076
1089946800;0.5;784.0;-200.0;2.8;641.0;-200.0;1114.0;-200.0;1319.0;588.0;22.2;40.6;1.0729
1089950400;0.4;771.0;-200.0;2.1;593.0;30.0;1155.0;45.0;1291.0;545.0;21.6;42.2;1.0762
1089954000;0.6;819.0;-200.0;3.4;677.0;56.0;1048.0;62.0;1379.0;685.0;20.3;46.8;1.1
1089957600;0.7;836.0;-200.0;4.7;747.0;51.0;961.0;59.0;1384.0;702.0;20.7;45.9;1.1088
1089961200;2.4;1114.0;-200.0;15.8;1174.0;172.0;667.0;102.0;1819.0;1188.0;20.5;47.7;1.1419
1089964800;4.4;1319.0;-200.0;26.6;1470.0;316.0;520.0;154.0;2276.0;1589.0;22.4;46.6;1.247
1089968400;3.1;1211.0;-200.0;14.8;1143.0;269.0;632.0;157.0;1860.0;1331.0;24.2;48.5;1.4452
1089972000;2.0;1051.0;-200.0;9.3;950.0;196.0;802.0;138.0;1593.0;1040.0;28.8;33.0;1.2825
1089975600;2.1;1108.0;-200.0;12.0;1049.0;206.0;749.0;142.0;1701.0;1137.0;32.8;25.2;1.2325
1089979200;2.1;1014.0;-200.0;10.9;1012.0;156.0;795.0;125.0;1548.0;851.0;34.4;19.9;1.0647
1089982800;2.1;1003.0;-200.0;11.9;1047.0;120.0;769.0;120.0;1578.0;782.0;36.5;16.7;1.0045
1089986400;2.2;1021.0;-200.0;13.2;1092.0;161.0;764.0;150.0;1606.0;908.0;37.5;14.3;0.9099
1089990000;1.6;986.0;-200.0;8.9;937.0;114.0;833.0;120.0;1473.0;806.0;38.0;15.5;1.0119
1089993600;2.4;1098.0;-200.0;13.0;1084.0;191.0;754.0;173.0;1648.0;985.0;38.1;16.5;1.0828
1089997200;3.3;1157.0;-200.0;18.2;1245.0;236.0;665.0;187.0;1782.0;1211.0;37.3;17.3;1.084
1090000800;4.0;1190.0;-200.0;23.7;1395.0;287.0;606.0;206.0;1914.0;1411.0;35.9;17.7;1.0316
1090004400;4.1;1183.0;-200.0;21.6;1341.0;266.0;628.0;187.0;1881.0;1395.0;32.4;21.5;1.0303
1090008000;4.2;1231.0;-200.0;21.6;1341.0;274.0;626.0;170.0;1937.0;1578.0;30.3;25.6;1.0879
1090011600;2.9;1102.0;-200.0;16.5;1195.0;196.0;690.0;149.0;1762.0;1325.0;28.5;27.8;1.0665
1090015200;2.3;1041.0;-200.0;12.3;1060.0;144.0;748.0;124.0;1629.0;1185.0;26.9;30.5;1.0671
1090018800;2.2;1090.0;-200.0;13.6;1103.0;142.0;695.0;119.0;1686.0;1235.0;25.7;33.5;1.0918
1090022400;2.1;1074.0;-200.0;12.8;1078.0;124.0;685.0;108.0;1673.0;1317.0;24.7;36.9;1.1302
1090026000;1.6;977.0;-200.0;9.4;956.0;93.0;765.0;93.0;1581.0;1114.0;23.6;39.2;1.1306
1090029600;1.2;949.0;-200.0;8.3;910.0;71.0;816.0;77.0;1552.0;1015.0;22.2;43.0;1.1363
1090033200;1.2;912.0;-200.0;6.7;842.0;-200.0;863.0;-200.0;1489.0;1015.0;21.2;45.8;1.1353
1090036800;0.9;863.0;-200.0;4.6;746.0;56.0;919.0;76.0;1415.0;961.0;21.3;45.9;1.1471
1090040400;0.6;834.0;-200.0;3.6;689.0;46.0;988.0;58.0;1367.0;796.0;21.6;45.0;1.151
1090044000;0.7;865.0;-200.0;5.0;764.0;51.0;917.0;63.0;1430.0;826.0;21.3;46.5;1.1608
1090047600;1.3;974.0;-200.0;8.2;908.0;83.0;793.0;75.0;1546.0;1057.0;21.1;46.9;1.1585
1090051200;2.0;1079.0;-200.0;10.7;1004.0;175.0;713.0;111.0;1628.0;1302.0;22.8;43.0;1.1731
1090054800;1.9;1084.0;-200.0;10.3;990.0;148.0;734.0;116.0;1633.0;1284.0;25.0;38.3;1.198
1090058400;2.2;1107.0;-200.0;12.9;1080.0;167.0;714.0;138.0;1675.0;1348.0;30.9;26.9;1.1835
1090062000;1.9;1040.0;-200.0;11.0;1015.0;120.0;775.0;117.0;1543.0;1025.0;35.1;19.2;1.0664
1090065600;1.5;1019.0;-200.0;8.3;913.0;78.0;840.0;94.0;1428.0;759.0;36.9;17.2;1.0576
1090069200;1.4;1003.0;-200.0;8.2;907.0;76.0;862.0;91.0;1427.0;680.0;39.3;13.9;0.9715
1090072800;1.0;925.0;-200.0;5.2;772.0;45.0;1001.0;60.0;1308.0;516.0;40.3;12.6;0.9302
1090076400;1.0;910.0;-200.0;4.6;743.0;54.0;1039.0;66.0;1282.0;500.0;39.7;13.5;0.965
1090080000;1.4;1012.0;-200.0;7.2;868.0;70.0;884.0;87.0;1435.0;700.0;41.1;13.1;1.0124
1090083600;1.6;1100.0;-200.0;9.4;954.0;87.0;809.0;106.0;1512.0;1360.0;40.1;14.9;1.0828
1090087200;1.6;1046.0;-200.0;8.0;901.0;69.0;849.0;94.0;1464.0;722.0;37.4;17.0;1.0757
1090090800;2.1;1083.0;-200.0;10.7;1003.0;95.0;787.0;112.0;1524.0;842.0;34.0;19.2;1.0073
1090094400;2.0;1050.0;-200.0;9.6;962.0;107.0;810.0;120.0;1496.0;879.0;31.7;21.6;0.9959
1090098000;1.9;1050.0;-200.0;8.7;927.0;88.0;830.0;106.0;1475.0;836.0;29.7;24.2;0.9926
1090101600;2.3;1142.0;-200.0;11.6;1035.0;100.0;746.0;112.0;1611.0;1062.0;27.9;27.6;1.0252
1090105200;2.4;1165.0;-200.0;11.8;1043.0;125.0;717.0;120.0;1644.0;1188.0;26.8;29.9;1.0402
1090108800;2.2;1136.0;-200.0;10.5;995.0;132.0;727.0;114.0;1591.0;1236.0;25.8;33.0;1.0826
1090112400;1.2;986.0;-200.0;5.5;790.0;57.0;869.0;70.0;1422.0;853.0;26.3;33.1;1.1199
1090116000;1.1;971.0;-200.0;5.5;790.0;46.0;871.0;64.0;1447.0;875.0;24.3;38.1;1.1398
1090119600;0.8;908.0;-200.0;3.8;701.0;-200.0;971.0;-200.0;1381.0;704.0;24.7;36.4;1.1158
1090123200;-200.0;882.0;-200.0;2.9;648.0;34.0;1023.0;55.0;1338.0;666.0;23.3;39.5;1.1176
1090126800;0.6;900.0;-200.0;3.4;674.0;33.0;974.0;50.0;1355.0;679.0;21.1;45.6;1.1246
1090130400;0.7;935.0;-200.0;4.1;716.0;50.0;915.0;62.0;1415.0;877.0;20.2;48.5;1.1319
1090134000;0.4;939.0;-200.0;4.1;718.0;39.0;927.0;53.0;1395.0;826.0;21.3;45.5;1.1405
1090137600;0.6;982.0;-200.0;4.7;750.0;84.0;893.0;85.0;1417.0;881.0;22.6;31.0;0.8372
1090141200;0.9;1088.0;-200.0;7.1;862.0;93.0;786.0;102.0;1519.0;1110.0;25.7;34.8;1.1292
1090144800;0.9;1065.0;-200.0;7.4;872.0;82.0;831.0;97.0;1481.0;927.0;31.6;23.8;1.0842
1090148400;0.8;1016.0;-200.0;7.3;868.0;73.0;889.0;91.0;1407.0;665.0;36.3;16.3;0.9727
1090152000;0.4;930.0;-200.0;4.2;723.0;43.0;1035.0;62.0;1263.0;474.0;37.9;15.0;0.9728
1090155600;0.3;928.0;-200.0;4.1;716.0;39.0;1060.0;57.0;1252.0;459.0;39.4;13.7;0.9639
1090159200;0.1;889.0;-200.0;3.8;698.0;27.0;1132.0;40.0;1234.0;437.0;40.2;12.3;0.8983
1090162800;0.5;966.0;-200.0;5.8;802.0;46.0;968.0;60.0;1383.0;607.0;41.3;11.9;0.9252
1090166400;0.4;973.0;-200.0;5.6;792.0;53.0;977.0;70.0;1356.0;620.0;41.4;11.8;0.9282
1090170000;0.3;950.0;-200.0;4.8;754.0;38.0;1003.0;53.0;1325.0;551.0;40.1;13.6;0.9953
1090173600;0.4;982.0;-200.0;5.3;780.0;39.0;974.0;54.0;1374.0;532.0;37.6;16.4;1.0458
1090177200;0.6;990.0;-200.0;6.1;814.0;49.0;929.0;58.0;1399.0;578.0;33.9;20.3;1.0522
1090180800;0.8;1017.0;-200.0;7.4;873.0;68.0;874.0;73.0;1464.0;721.0;31.6;22.9;1.0469
1090184400;1.2;1067.0;-200.0;9.0;938.0;102.0;825.0;99.0;1520.0;912.0;29.7;24.8;1.016
1090188000;1.6;1147.0;-200.0;11.7;1040.0;123.0;745.0;102.0;1635.0;1155.0;29.0;27.0;1.063
1090191600;1.2;1132.0;-200.0;11.0;1014.0;106.0;728.0;101.0;1628.0;1279.0;27.9;30.4;1.1249
1090195200;0.5;976.0;-200.0;6.0;814.0;66.0;855.0;77.0;1448.0;1018.0;28.0;30.6;1.1396
1090198800;0.3;920.0;-200.0;4.3;730.0;43.0;944.0;55.0;1393.0;842.0;26.8;32.3;1.1235
1090202400;0.1;879.0;-200.0;2.8;642.0;33.0;1031.0;51.0;1343.0;740.0;26.6;33.0;1.1338
1090206000;-200.0;854.0;-200.0;2.3;604.0;-200.0;1090.0;-200.0;1317.0;625.0;23.7;38.6;1.1159
1090209600;0.1;880.0;-200.0;2.9;649.0;33.0;1022.0;50.0;1374.0;739.0;22.2;42.8;1.1317
1090213200;0.3;925.0;-200.0;4.1;717.0;75.0;936.0;75.0;1455.0;970.0;21.2;46.3;1.1501
1090216800;0.8;1044.0;-200.0;8.3;912.0;111.0;758.0;89.0;1604.0;1177.0;21.4;46.5;1.172
1090220400;2.3;1279.0;-200.0;16.6;1197.0;250.0;599.0;112.0;1906.0;1518.0;22.9;43.0;1.1826
1090224000;3.4;1403.0;-200.0;25.6;1443.0;313.0;508.0;142.0;2234.0;1811.0;25.2;38.6;1.2215
1090227600;2.5;1282.0;-200.0;17.7;1230.0;263.0;594.0;145.0;1924.0;1696.0;27.1;34.9;1.231
1090231200;2.4;1262.0;-200.0;16.2;1187.0;282.0;633.0;165.0;1842.0;1603.0;32.4;24.8;1.1886
1090234800;2.1;1195.0;-200.0;15.1;1153.0;226.0;678.0;159.0;1732.0;1370.0;36.8;18.0;1.0945
1090238400;-200.0;1173.0;-200.0;14.3;1127.0;176.0;709.0;159.0;1678.0;1194.0;39.1;16.0;1.11
1090242000;-200.0;1102.0;-200.0;10.8;1007.0;120.0;777.0;131.0;1534.0;880.0;39.2;16.4;1.1439
1090245600;-200.0;1076.0;-200.0;10.1;982.0;96.0;799.0;123.0;1523.0;748.0;40.5;14.9;1.111
1090249200;-200.0;1078.0;-200.0;10.9;1012.0;115.0;777.0;129.0;1523.0;868.0;41.4;13.8;1.0786
1090252800;-200.0;1100.0;-200.0;11.0;1014.0;108.0;761.0;126.0;1533.0;959.0;40.5;14.9;1.114
1090256400;-200.0;1234.0;-200.0;16.8;1205.0;142.0;658.0;149.0;1781.0;1160.0;39.6;17.0;1.2064
1090260000;-200.0;1323.0;-200.0;20.7;1316.0;219.0;586.0;200.0;1911.0;1453.0;37.7;19.8;1.2715
1090263600;-200.0;1263.0;-200.0;19.5;1283.0;193.0;610.0;174.0;1863.0;1400.0;34.3;24.2;1.2857
1090267200;-200.0;1216.0;-200.0;14.6;1136.0;128.0;658.0;131.0;1737.0;1265.0;31.7;28.1;1.2912
1090270800;-200.0;1247.0;-200.0;14.3;1127.0;127.0;664.0;135.0;1761.0;1366.0;30.2;30.8;1.3008
1090274400;-200.0;1264.0;-200.0;15.9;1177.0;132.0;628.0;134.0;1820.0;1593.0;29.4;33.0;1.3343
1090278000;-200.0;1111.0;-200.0;10.3;988.0;77.0;728.0;96.0;1619.0;1336.0;29.2;33.1;1.3202
1090281600;-200.0;1068.0;-200.0;8.8;931.0;72.0;762.0;94.0;1576.0;1317.0;27.6;36.6;1.332
1090285200;-200.0;1015.0;-200.0;6.8;850.0;57.0;802.0;79.0;1531.0;1173.0;27.2;36.9;1.3147
1090288800;-200.0;989.0;-200.0;6.3;827.0;56.0;827.0;79.0;1513.0;1163.0;25.4;41.0;1.3079
1090292400;-200.0;930.0;-200.0;3.9;708.0;-200.0;924.0;-200.0;1440.0;1012.0;25.2;41.5;1.3106
1090296000;-200.0;952.0;-200.0;4.1;717.0;64.0;879.0;89.0;1481.0;1164.0;23.4;47.4;1.3475
1090299600;-200.0;981.0;-200.0;4.7;747.0;52.0;856.0;69.0;1493.0;1090.0;25.1;44.0;1.3794
1090303200;-200.0;1138.0;-200.0;9.9;974.0;122.0;683.0;91.0;1716.0;1338.0;23.9;46.5;1.3637
1090306800;-200.0;1472.0;-200.0;24.8;1424.0;314.0;499.0;135.0;2257.0;1808.0;24.8;43.2;1.3387
1090310400;-200.0;1626.0;-200.0;37.3;1713.0;395.0;412.0;166.0;2643.0;2176.0;27.0;38.7;1.361
1090314000;-200.0;1480.0;-200.0;26.2;1460.0;357.0;494.0;189.0;2238.0;2028.0;29.4;33.6;1.3526
1090317600;-200.0;1367.0;-200.0;21.6;1342.0;308.0;567.0;193.0;2002.0;1758.0;34.8;23.4;1.2781
1090321200;-200.0;1245.0;-200.0;16.1;1181.0;184.0;645.0;164.0;1747.0;1350.0;38.1;18.5;1.2108
1090324800;-200.0;1194.0;-200.0;13.0;1083.0;128.0;685.0;139.0;1632.0;1060.0;38.9;18.0;1.2318
1090328400;-200.0;1156.0;-200.0;13.4;1096.0;125.0;713.0;130.0;1615.0;954.0;39.8;16.0;1.1444
1090332000;-200.0;1107.0;-200.0;13.7;1106.0;135.0;727.0;129.0;1615.0;1024.0;41.7;12.5;0.9941
1090335600;-200.0;1127.0;-200.0;14.0;1117.0;158.0;714.0;132.0;1625.0;1092.0;42.8;12.3;1.0326
1090339200;-200.0;1083.0;-200.0;10.4;994.0;106.0;771.0;101.0;1544.0;927.0;41.4;14.2;1.1128
1090342800;-200.0;1289.0;-200.0;17.5;1225.0;163.0;632.0;145.0;1796.0;1274.0;41.3;15.5;1.21
1090346400;-200.0;1209.0;-200.0;12.9;1082.0;143.0;685.0;133.0;1662.0;978.0;38.3;19.4;1.2851
1090350000;-200.0;1221.0;-200.0;14.9;1145.0;96.0;648.0;110.0;1753.0;1050.0;34.7;23.3;1.2653
1090353600;-200.0;1255.0;-200.0;15.5;1164.0;127.0;638.0;126.0;1793.0;1301.0;32.6;26.3;1.2754
1090357200;-200.0;1163.0;-200.0;11.2;1022.0;95.0;695.0;102.0;1644.0;1141.0;30.9;29.0;1.275
1090360800;-200.0;1234.0;-200.0;14.3;1126.0;104.0;644.0;104.0;1782.0;1252.0;30.1;30.2;1.2711
1090364400;-200.0;1240.0;-200.0;14.2;1124.0;131.0;645.0;112.0;1799.0;1300.0;29.0;33.4;1.3149
1090368000;-200.0;1128.0;-200.0;10.0;978.0;92.0;733.0;89.0;1683.0;1193.0;28.3;36.8;1.3906
1090371600;-200.0;1057.0;-200.0;7.6;881.0;53.0;784.0;67.0;1574.0;1081.0;27.6;38.2;1.3911
1090375200;-200.0;1026.0;-200.0;5.8;801.0;45.0;816.0;63.0;1545.0;1094.0;25.8;43.1;1.4113
1090378800;-200.0;925.0;-200.0;3.1;656.0;-200.0;967.0;-200.0;1440.0;917.0;27.4;39.1;1.4072
1090382400;-200.0;917.0;-200.0;2.7;635.0;19.0;1006.0;34.0;1421.0;727.0;26.3;40.9;1.3803
1090386000;-200.0;1011.0;-200.0;5.4;782.0;75.0;828.0;73.0;1562.0;1116.0;23.3;50.1;1.41
1090389600;-200.0;1079.0;-200.0;7.3;869.0;84.0;751.0;76.0;1634.0;1223.0;23.1;49.7;1.3863
1090393200;-200.0;1322.0;-200.0;18.4;1250.0;160.0;562.0;102.0;1999.0;1556.0;24.2;46.4;1.3834
1090396800;-200.0;1526.0;-200.0;27.7;1495.0;286.0;471.0;140.0;2405.0;1904.0;25.8;42.2;1.3774
1090400400;-200.0;1338.0;-200.0;16.9;1207.0;212.0;576.0;150.0;1951.0;1697.0;28.1;37.3;1.3922
1090404000;-200.0;1421.0;-200.0;22.1;1354.0;279.0;545.0;194.0;2063.0;1854.0;33.9;26.8;1.397
1090407600;-200.0;1197.0;-200.0;17.0;1209.0;207.0;656.0;162.0;1770.0;1306.0;38.0;17.2;1.1227
1090411200;-200.0;1116.0;-200.0;12.4;1063.0;140.0;736.0;138.0;1571.0;980.0;38.9;15.9;1.0896
1090414800;-200.0;1115.0;-200.0;11.5;1031.0;110.0;741.0;123.0;1561.0;870.0;40.4;15.0;1.1125
1090418400;-200.0;1018.0;-200.0;7.5;880.0;67.0;865.0;86.0;1421.0;613.0;40.1;15.2;1.1065
1090422000;-200.0;1109.0;-200.0;10.3;989.0;98.0;778.0;107.0;1537.0;819.0;42.0;14.2;1.1517
1090425600;-200.0;1105.0;-200.0;10.2;984.0;97.0;767.0;106.0;1532.0;868.0;42.7;14.4;1.2092
1090429200;-200.0;1128.0;-200.0;11.5;1032.0;87.0;733.0;99.0;1576.0;876.0;41.6;14.5;1.1483
1090432800;4.1;1301.0;-200.0;17.0;1210.0;124.0;623.0;140.0;1813.0;1153.0;39.6;18.8;1.3413
1090436400;3.8;1416.0;-200.0;21.5;1339.0;165.0;544.0;163.0;1998.0;1492.0;36.1;25.5;1.4949
1090440000;3.4;1301.0;-200.0;18.6;1256.0;164.0;593.0;144.0;1914.0;1382.0;33.3;29.9;1.5079
1090443600;2.9;1261.0;-200.0;15.3;1158.0;122.0;628.0;120.0;1837.0;1303.0;31.2;33.2;1.4831
1090447200;3.1;1295.0;-200.0;17.0;1211.0;134.0;602.0;120.0;1917.0;1404.0;30.1;35.8;1.5034
1090450800;3.5;1239.0;-200.0;14.4;1129.0;121.0;637.0;106.0;1839.0;1308.0;28.9;39.1;1.537
1090454400;2.4;1229.0;-200.0;13.6;1103.0;112.0;627.0;95.0;1866.0;1320.0;27.8;43.3;1.5929
1090458000;1.6;1125.0;-200.0;9.6;963.0;62.0;713.0;70.0;1719.0;1179.0;26.9;46.1;1.608
1090461600;1.3;1044.0;-200.0;6.4;832.0;50.0;794.0;67.0;1580.0;1160.0;26.4;47.1;1.5947
1090465200;0.9;976.0;-200.0;4.8;754.0;-200.0;842.0;-200.0;1545.0;1070.0;25.2;51.4;1.621
1090468800;1.0;1015.0;-200.0;5.4;781.0;72.0;796.0;70.0;1595.0;1181.0;23.8;55.4;1.6073
1090472400;0.8;954.0;-200.0;4.1;715.0;48.0;867.0;50.0;1527.0;1010.0;24.9;50.6;1.5755
1090476000;1.1;1032.0;-200.0;6.3;826.0;58.0;781.0;60.0;1627.0;1075.0;25.0;49.2;1.5418
1090479600;4.4;1518.0;-200.0;26.9;1476.0;306.0;469.0;127.0;2388.0;1839.0;24.7;50.9;1.5593
1090483200;-200.0;1602.0;-200.0;35.6;1678.0;351.0;410.0;149.0;2662.0;2105.0;26.4;46.3;1.5722
1090486800;-200.0;1362.0;-200.0;17.5;1225.0;252.0;551.0;158.0;2003.0;1826.0;28.1;42.0;1.5735
1090490400;3.3;1394.0;-200.0;19.9;1294.0;266.0;555.0;190.0;2031.0;1834.0;34.0;29.9;1.5614
1090494000;2.1;1205.0;-200.0;12.6;1070.0;159.0;682.0;127.0;1735.0;1268.0;37.3;22.9;1.4373
1090497600;2.1;1210.0;-200.0;14.0;1118.0;144.0;658.0;130.0;1742.0;1422.0;40.1;19.0;1.3849
1090501200;2.0;1138.0;-200.0;12.2;1055.0;117.0;712.0;125.0;1624.0;1028.0;42.0;15.8;1.2759
1090504800;1.5;1079.0;-200.0;11.1;1019.0;108.0;749.0;113.0;1559.0;929.0;42.8;14.3;1.2003
1090508400;2.1;1158.0;-200.0;14.3;1126.0;153.0;693.0;143.0;1654.0;1150.0;44.3;13.0;1.183
1090512000;2.3;1186.0;-200.0;15.1;1151.0;166.0;680.0;157.0;1686.0;1235.0;44.6;12.6;1.1684
1090515600;2.8;1261.0;-200.0;18.6;1258.0;179.0;629.0;170.0;1813.0;1315.0;43.4;14.8;1.2882
1090519200;3.6;1339.0;-200.0;22.0;1352.0;225.0;569.0;187.0;1990.0;1469.0;40.6;18.2;1.368
1090522800;4.0;1342.0;-200.0;23.0;1377.0;261.0;567.0;181.0;2017.0;1515.0;37.1;21.3;1.3223
1090526400;3.7;1317.0;-200.0;21.1;1327.0;228.0;575.0;158.0;1996.0;1510.0;34.5;25.5;1.368
1090530000;2.5;1210.0;-200.0;15.0;1148.0;137.0;639.0;112.0;1849.0;1327.0;32.2;30.4;1.4433
1090533600;2.3;1220.0;-200.0;13.6;1105.0;116.0;643.0;100.0;1838.0;1318.0;30.4;35.4;1.5144
1090537200;2.5;1276.0;-200.0;14.6;1135.0;143.0;625.0;105.0;1887.0;1436.0;29.4;38.7;1.5581
1090540800;2.7;1270.0;-200.0;16.3;1189.0;157.0;592.0;107.0;1917.0;1608.0;28.6;38.7;1.4921
1090544400;1.3;1053.0;-200.0;8.8;933.0;72.0;743.0;72.0;1658.0;1257.0;27.7;40.5;1.4835
1090548000;0.8;956.0;-200.0;6.0;813.0;42.0;846.0;59.0;1544.0;1094.0;28.0;39.8;1.4803
1090551600;0.9;954.0;-200.0;5.5;790.0;-200.0;826.0;-200.0;1564.0;1066.0;24.8;48.5;1.4953
1090555200;0.5;912.0;-200.0;3.9;706.0;34.0;891.0;55.0;1500.0;1022.0;25.6;45.8;1.4801
1090558800;0.8;973.0;-200.0;5.8;802.0;74.0;806.0;70.0;1597.0;1139.0;23.6;51.5;1.4852
1090562400;1.0;1037.0;-200.0;8.2;906.0;75.0;743.0;59.0;1707.0;1158.0;25.1;46.5;1.4615
1090566000;2.9;1306.0;-200.0;20.1;1299.0;199.0;519.0;95.0;2116.0;1602.0;24.5;48.3;1.4593
1090569600;3.8;1367.0;-200.0;25.5;1441.0;262.0;470.0;120.0;2283.0;1770.0;26.6;42.8;1.4675
1090573200;3.5;1335.0;-200.0;21.6;1340.0;236.0;519.0;133.0;2141.0;1651.0;29.0;37.6;1.4866
1090576800;2.4;1250.0;-200.0;15.5;1166.0;186.0;626.0;133.0;1925.0;1435.0;34.2;28.5;1.5071
1090580400;1.8;1142.0;-200.0;11.2;1021.0;132.0;712.0;120.0;1670.0;1159.0;37.3;22.9;1.4369
1090584000;2.1;1168.0;-200.0;15.4;1160.0;140.0;671.0;132.0;1784.0;1193.0;40.1;17.5;1.2721
1090587600;2.1;1125.0;-200.0;14.6;1137.0;143.0;691.0;135.0;1696.0;1094.0;42.2;14.6;1.192
1090591200;1.5;1083.0;-200.0;12.5;1066.0;99.0;725.0;121.0;1621.0;912.0;41.9;15.2;1.2173
1090594800;1.5;1080.0;-200.0;12.3;1059.0;107.0;733.0;123.0;1622.0;908.0;43.1;13.8;1.1803
1090598400;1.8;1085.0;-200.0;13.2;1091.0;130.0;723.0;129.0;1638.0;1010.0;42.8;13.8;1.1681
1090602000;2.1;1115.0;-200.0;14.7;1140.0;133.0;682.0;129.0;1746.0;1020.0;41.1;16.5;1.2701
1090605600;3.0;1259.0;-200.0;19.9;1295.0;188.0;600.0;156.0;1990.0;1280.0;38.7;20.3;1.3743
1090609200;2.8;1241.0;-200.0;19.1;1271.0;155.0;606.0;131.0;1971.0;1287.0;35.8;24.1;1.3924
1090612800;2.5;1156.0;-200.0;14.8;1144.0;154.0;651.0;115.0;1832.0;1216.0;33.1;28.3;1.4121
1090616400;1.4;1055.0;-200.0;8.6;922.0;95.0;784.0;79.0;1634.0;990.0;30.1;33.9;1.4257
1090620000;1.7;1144.0;-200.0;11.0;1014.0;110.0;712.0;86.0;1744.0;1146.0;29.0;36.6;1.4431
1090623600;1.8;1169.0;-200.0;13.0;1084.0;116.0;655.0;91.0;1831.0;1273.0;28.5;38.4;1.468
1090627200;2.4;1195.0;-200.0;15.2;1156.0;153.0;621.0;99.0;1897.0;1346.0;27.8;39.9;1.4682
1090630800;1.9;1158.0;-200.0;12.1;1052.0;111.0;649.0;83.0;1785.0;1353.0;27.0;42.8;1.503
1090634400;1.4;1075.0;-200.0;9.9;973.0;79.0;695.0;74.0;1748.0;1231.0;26.4;44.5;1.5119
1090638000;0.8;973.0;-200.0;6.0;810.0;-200.0;820.0;-200.0;1599.0;1002.0;25.8;46.6;1.5269
1090641600;0.7;989.0;-200.0;6.3;825.0;47.0;774.0;64.0;1602.0;1126.0;25.1;48.5;1.5266
1090645200;0.8;967.0;-200.0;5.5;789.0;61.0;810.0;61.0;1597.0;995.0;24.6;52.2;1.5881
1090648800;0.7;968.0;-200.0;5.8;803.0;56.0;806.0;62.0;1586.0;1003.0;24.4;50.5;1.5243
1090652400;1.0;1062.0;-200.0;8.1;902.0;69.0;733.0;65.0;1715.0;1055.0;25.2;49.1;1.5546
1090656000;1.7;1143.0;-200.0;10.0;979.0;109.0;677.0;79.0;1829.0;1156.0;26.6;50.8;1.7419
1090659600;1.9;1152.0;-200.0;9.9;976.0;111.0;672.0;90.0;1800.0;1179.0;28.0;46.9;1.748
1090663200;2.3;1238.0;-200.0;13.1;1088.0;150.0;636.0;116.0;1883.0;1306.0;32.7;34.5;1.6798
1090666800;1.7;1103.0;-200.0;9.2;946.0;87.0;737.0;89.0;1686.0;934.0;36.6;26.5;1.599
1090670400;1.3;1043.0;-200.0;6.7;843.0;64.0;799.0;68.0;1628.0;689.0;37.8;26.3;1.6951
1090674000;1.2;1058.0;-200.0;6.5;833.0;47.0;804.0;53.0;1623.0;626.0;38.3;27.1;1.797
1090677600;0.8;960.0;-200.0;3.4;676.0;34.0;983.0;34.0;1488.0;488.0;35.4;32.4;1.837
1090681200;0.9;972.0;-200.0;3.8;699.0;37.0;982.0;38.0;1505.0;495.0;37.3;28.8;1.8087
1090684800;1.1;1012.0;-200.0;5.2;775.0;49.0;899.0;53.0;1547.0;562.0;36.6;28.2;1.697
1090688400;1.2;1021.0;-200.0;6.0;814.0;54.0;858.0;62.0;1545.0;615.0;35.1;29.6;1.6452
1090692000;1.3;1034.0;-200.0;6.0;812.0;70.0;866.0;82.0;1563.0;660.0;32.3;33.4;1.59
1090695600;1.4;1026.0;-200.0;5.6;791.0;76.0;875.0;88.0;1549.0;664.0;29.9;37.9;1.5745
1090699200;1.2;966.0;-200.0;4.4;735.0;59.0;932.0;70.0;1494.0;567.0;28.2;41.9;1.5776
1090702800;0.9;948.0;-200.0;3.7;697.0;44.0;983.0;53.0;1475.0;506.0;27.2;45.9;1.6316
1090706400;1.1;984.0;-200.0;5.0;762.0;47.0;870.0;57.0;1557.0;560.0;27.3;45.7;1.6308
1090710000;1.5;1077.0;-200.0;7.1;859.0;71.0;790.0;73.0;1673.0;724.0;27.0;47.1;1.6573
1090713600;1.7;1163.0;-200.0;7.9;893.0;90.0;706.0;83.0;1760.0;977.0;23.7;69.3;2.0042
1090717200;0.9;965.0;-200.0;3.7;692.0;45.0;927.0;52.0;1549.0;653.0;23.8;63.5;1.8495
1090720800;0.7;941.0;-200.0;3.6;687.0;44.0;949.0;52.0;1530.0;642.0;24.7;56.9;1.739
1090724400;0.4;851.0;-200.0;2.1;589.0;-200.0;1119.0;-200.0;1432.0;501.0;25.0;53.1;1.6541
1090728000;-200.0;870.0;-200.0;2.0;581.0;15.0;1119.0;26.0;1463.0;450.0;24.1;59.6;1.7657
1090731600;0.3;834.0;-200.0;1.3;527.0;10.0;1242.0;17.0;1458.0;427.0;22.5;69.1;1.8578
1090735200;0.4;859.0;-200.0;1.7;561.0;19.0;1162.0;28.0;1476.0;470.0;23.4;64.4;1.835
1090738800;0.4;843.0;-200.0;1.5;544.0;20.0;1242.0;29.0;1442.0;447.0;24.4;57.9;1.7476
1090742400;0.5;851.0;-200.0;1.6;551.0;30.0;1224.0;37.0;1443.0;463.0;24.5;56.9;1.7225
1090746000;0.5;853.0;-200.0;1.7;557.0;24.0;1215.0;31.0;1435.0;454.0;24.9;54.8;1.7063
1090749600;0.7;908.0;-200.0;2.7;632.0;35.0;1095.0;46.0;1494.0;500.0;27.0;47.4;1.6661
1090753200;0.9;928.0;-200.0;3.6;687.0;48.0;1025.0;66.0;1491.0;528.0;27.6;43.7;1.5877
1090756800;0.8;905.0;-200.0;3.0;652.0;41.0;1076.0;54.0;1446.0;490.0;28.2;42.6;1.6062
1090760400;0.8;901.0;-200.0;2.9;646.0;37.0;1105.0;50.0;1446.0;488.0;29.1;40.8;1.6203
1090764000;0.7;869.0;-200.0;2.5;619.0;32.0;1163.0;44.0;1417.0;475.0;29.8;38.6;1.5911
1090767600;0.8;891.0;-200.0;3.1;655.0;43.0;1107.0;52.0;1452.0;486.0;31.5;34.5;1.5666
1090771200;0.7;855.0;-200.0;2.3;606.0;28.0;1214.0;37.0;1403.0;438.0;31.2;36.3;1.6217
1090774800;0.8;911.0;-200.0;3.0;654.0;38.0;1102.0;51.0;1466.0;477.0;30.0;41.3;1.7259
1090778400;1.2;989.0;-200.0;4.0;713.0;72.0;954.0;78.0;1552.0;626.0;27.6;47.5;1.7266
1090782000;1.6;1048.0;-200.0;6.3;826.0;89.0;853.0;90.0;1637.0;747.0;28.8;41.3;1.6164
1090785600;1.6;1049.0;-200.0;6.6;839.0;103.0;846.0;110.0;1636.0;858.0;28.5;41.6;1.5959
1090789200;1.5;1035.0;-200.0;7.3;868.0;77.0;833.0;86.0;1653.0;775.0;27.7;43.4;1.5833
1090792800;1.5;1034.0;-200.0;6.8;850.0;84.0;831.0;88.0;1643.0;803.0;27.3;44.1;1.5751
1090796400;1.5;1022.0;-200.0;6.3;826.0;82.0;857.0;91.0;1627.0;777.0;26.9;45.5;1.5926
1090800000;1.5;1007.0;-200.0;5.9;809.0;81.0;876.0;93.0;1611.0;770.0;26.6;47.2;1.616
1090803600;1.2;945.0;-200.0;4.8;755.0;50.0;935.0;68.0;1553.0;663.0;26.0;48.0;1.5882
1090807200;0.8;880.0;-200.0;2.9;649.0;30.0;1056.0;48.0;1465.0;529.0;26.2;45.7;1.5324
1090810800;-200.0;837.0;-200.0;2.2;597.0;-200.0;1129.0;-200.0;1414.0;478.0;25.9;46.3;1.524
1090814400;-200.0;822.0;-200.0;1.8;569.0;14.0;1204.0;22.0;1396.0;429.0;25.6;46.8;1.5111
1090818000;-200.0;860.0;-200.0;2.5;623.0;51.0;1097.0;59.0;1466.0;552.0;25.3;47.6;1.5159
1090821600;-200.0;1023.0;-200.0;6.8;847.0;120.0;830.0;102.0;1663.0;916.0;25.4;48.5;1.5507
1090825200;-200.0;1150.0;-200.0;11.2;1020.0;180.0;686.0;116.0;1842.0;1169.0;26.5;46.3;1.5768
1090828800;-200.0;1088.0;-200.0;9.7;965.0;168.0;734.0;109.0;1744.0;1049.0;27.9;42.7;1.5754
1090832400;-200.0;993.0;-200.0;7.2;866.0;111.0;832.0;98.0;1637.0;823.0;28.8;38.9;1.5184
1090836000;-200.0;962.0;-200.0;6.8;849.0;111.0;861.0;97.0;1559.0;804.0;31.7;31.5;1.4487
1090839600;-200.0;974.0;-200.0;8.1;905.0;97.0;838.0;97.0;1596.0;805.0;33.9;26.9;1.3964
1090843200;-200.0;998.0;-200.0;8.3;913.0;90.0;834.0;90.0;1635.0;826.0;34.7;26.5;1.4408
1090846800;-200.0;964.0;-200.0;8.6;923.0;87.0;834.0;92.0;1590.0;782.0;35.4;24.8;1.4017
1090850400;-200.0;903.0;-200.0;5.3;780.0;67.0;975.0;76.0;1464.0;593.0;35.2;24.1;1.351
1090854000;-200.0;973.0;-200.0;8.1;903.0;84.0;866.0;97.0;1563.0;698.0;36.3;22.8;1.3564
1090857600;-200.0;976.0;-200.0;8.2;907.0;86.0;867.0;101.0;1546.0;719.0;35.4;23.8;1.3443
1090861200;-200.0;1026.0;-200.0;12.0;1048.0;124.0;767.0;118.0;1651.0;912.0;34.6;23.5;1.2691
1090864800;-200.0;1163.0;-200.0;17.6;1227.0;144.0;659.0;129.0;1931.0;1129.0;33.0;28.2;1.3921
1090868400;-200.0;1082.0;-200.0;14.5;1134.0;130.0;709.0;131.0;1763.0;1089.0;32.5;27.9;1.3373
1090872000;-200.0;1029.0;-200.0;11.8;1042.0;122.0;756.0;130.0;1697.0;1062.0;30.5;29.9;1.2875
1090875600;-200.0;991.0;-200.0;9.4;953.0;82.0;815.0;106.0;1616.0;924.0;29.1;33.1;1.3126
1090879200;-200.0;950.0;-200.0;7.0;856.0;62.0;881.0;92.0;1549.0;780.0;28.4;35.8;1.3665
1090882800;-200.0;997.0;-200.0;8.0;898.0;65.0;813.0;97.0;1613.0;856.0;27.7;37.9;1.3842
1090886400;-200.0;912.0;-200.0;6.0;810.0;52.0;873.0;80.0;1511.0;861.0;28.3;35.5;1.3414
1090890000;-200.0;861.0;-200.0;4.3;729.0;22.0;942.0;40.0;1479.0;684.0;27.1;38.6;1.3632
1090893600;-200.0;838.0;-200.0;4.1;719.0;27.0;949.0;49.0;1466.0;707.0;25.8;40.9;1.3377
1090897200;-200.0;784.0;-200.0;2.0;587.0;-200.0;1128.0;-200.0;1392.0;554.0;26.0;40.6;1.3467
1090900800;-200.0;800.0;-200.0;2.4;615.0;29.0;1064.0;46.0;1396.0;614.0;24.6;43.4;1.3248
1090904400;-200.0;825.0;-200.0;2.7;634.0;29.0;1035.0;37.0;1402.0;606.0;25.1;42.3;1.326
1090908000;-200.0;996.0;-200.0;6.9;853.0;135.0;796.0;92.0;1621.0;1023.0;23.1;48.8;1.3638
1090911600;-200.0;1086.0;-200.0;9.2;947.0;181.0;724.0;115.0;1724.0;1134.0;24.7;46.8;1.4337
1090915200;-200.0;1041.0;-200.0;9.6;962.0;119.0;728.0;102.0;1694.0;936.0;24.6;45.1;1.3714
1090918800;-200.0;991.0;-200.0;9.1;944.0;116.0;765.0;104.0;1608.0;868.0;26.2;38.5;1.2932
1090922400;-200.0;999.0;-200.0;9.3;953.0;143.0;780.0;109.0;1600.0;879.0;29.3;31.0;1.2445
1090926000;-200.0;981.0;-200.0;8.5;918.0;126.0;839.0;108.0;1572.0;785.0;31.2;26.6;1.192
1090929600;-200.0;926.0;-200.0;6.9;853.0;94.0;894.0;90.0;1478.0;651.0;31.1;26.2;1.1619
1090933200;-200.0;939.0;-200.0;6.9;853.0;96.0;890.0;81.0;1528.0;679.0;31.7;26.4;1.2153
1090936800;-200.0;915.0;-200.0;6.4;828.0;90.0;928.0;87.0;1474.0;630.0;31.7;25.6;1.179
1090940400;-200.0;883.0;-200.0;6.2;820.0;93.0;942.0;82.0;1413.0;594.0;32.6;22.5;1.0901
1090944000;-200.0;926.0;-200.0;7.3;869.0;101.0;925.0;99.0;1470.0;655.0;32.8;22.2;1.0835
1090947600;-200.0;989.0;-200.0;10.7;1004.0;123.0;818.0;119.0;1577.0;783.0;32.4;22.4;1.0701
1090951200;-200.0;1003.0;-200.0;11.9;1045.0;136.0;781.0;128.0;1602.0;865.0;31.4;22.7;1.027
1090954800;-200.0;933.0;-200.0;10.6;1001.0;109.0;819.0;111.0;1536.0;776.0;28.4;24.7;0.9404
1090958400;-200.0;912.0;-200.0;9.3;951.0;124.0;846.0;114.0;1479.0;861.0;27.7;24.2;0.882
1090962000;-200.0;888.0;-200.0;6.7;843.0;82.0;892.0;100.0;1438.0;729.0;26.1;28.3;0.9456
1090965600;-200.0;858.0;-200.0;7.2;866.0;69.0;874.0;88.0;1421.0;715.0;25.3;28.4;0.9041
1090969200;-200.0;837.0;-200.0;5.9;809.0;60.0;940.0;78.0;1355.0;615.0;25.2;27.7;0.874
1090972800;-200.0;902.0;-200.0;8.7;929.0;90.0;835.0;101.0;1482.0;824.0;24.5;28.0;0.8489
1090976400;-200.0;860.0;-200.0;6.8;847.0;58.0;873.0;77.0;1426.0;748.0;23.6;31.9;0.9195
1090980000;-200.0;794.0;-200.0;3.8;698.0;53.0;999.0;78.0;1336.0;767.0;22.8;34.7;0.9514
1090983600;-200.0;742.0;-200.0;2.2;602.0;-200.0;1156.0;-200.0;1283.0;513.0;23.6;33.2;0.9577
1090987200;-200.0;779.0;-200.0;3.2;663.0;45.0;1022.0;65.0;1337.0;671.0;20.5;41.2;0.9802
1090990800;-200.0;798.0;-200.0;3.9;706.0;61.0;977.0;74.0;1363.0;798.0;20.6;41.5;0.9982
1090994400;-200.0;851.0;-200.0;6.3;827.0;76.0;875.0;83.0;1449.0;912.0;20.2;42.5;0.9949
1090998000;-200.0;1048.0;-200.0;13.6;1105.0;144.0;670.0;96.0;1726.0;1151.0;20.9;40.4;0.9884
1091001600;-200.0;1210.0;-200.0;26.7;1472.0;221.0;515.0;120.0;2112.0;1525.0;22.4;38.0;1.0201
1091005200;-200.0;1172.0;-200.0;22.8;1372.0;282.0;575.0;147.0;1964.0;1465.0;26.0;29.7;0.9831
1091008800;-200.0;1026.0;-200.0;16.2;1186.0;235.0;719.0;148.0;1662.0;1138.0;31.4;18.6;0.8398
1091012400;-200.0;914.0;-200.0;10.4;994.0;113.0;872.0;91.0;1481.0;763.0;34.2;15.8;0.8371
1091016000;-200.0;938.0;-200.0;11.3;1025.0;93.0;829.0;94.0;1517.0;753.0;35.4;15.3;0.8649
1091019600;-200.0;908.0;-200.0;9.6;962.0;88.0;877.0;95.0;1409.0;665.0;34.6;15.5;0.8435
1091023200;-200.0;892.0;-200.0;7.8;889.0;87.0;909.0;92.0;1383.0;597.0;33.9;16.2;0.8454
1091026800;-200.0;949.0;-200.0;10.7;1003.0;109.0;830.0;113.0;1473.0;730.0;35.3;15.0;0.8463
1091030400;-200.0;956.0;-200.0;10.8;1007.0;106.0;838.0;111.0;1464.0;730.0;36.8;13.7;0.8335
1091034000;-200.0;1070.0;-200.0;17.3;1218.0;182.0;704.0;166.0;1697.0;1108.0;34.4;16.4;0.8761
1091037600;-200.0;1103.0;-200.0;17.7;1232.0;-200.0;679.0;-200.0;1732.0;1085.0;35.3;16.8;0.9448
1091041200;-200.0;1074.0;-200.0;15.5;1166.0;144.0;687.0;143.0;1713.0;1013.0;32.3;20.7;0.9875
1091044800;-200.0;1086.0;-200.0;13.6;1105.0;144.0;710.0;131.0;1682.0;1109.0;29.6;26.1;1.0682
1091048400;-200.0;960.0;-200.0;9.6;964.0;84.0;780.0;102.0;1532.0;913.0;28.6;27.2;1.048
1091052000;-200.0;974.0;-200.0;9.5;958.0;74.0;783.0;94.0;1528.0;908.0;27.6;27.4;0.9926
1091055600;-200.0;939.0;-200.0;8.5;918.0;80.0;805.0;96.0;1472.0;923.0;26.3;29.0;0.9807
1091059200;-200.0;954.0;-200.0;9.0;940.0;78.0;776.0;88.0;1518.0;959.0;25.4;30.1;0.9602
1091062800;-200.0;925.0;-200.0;7.8;890.0;50.0;808.0;72.0;1480.0;898.0;24.7;32.1;0.9878
1091066400;-200.0;797.0;-200.0;2.6;624.0;18.0;1074.0;33.0;1276.0;546.0;25.7;30.9;1.0048
1091070000;-200.0;787.0;-200.0;2.4;610.0;-200.0;1087.0;-200.0;1259.0;543.0;25.1;32.6;1.0203
1091073600;-200.0;774.0;-200.0;1.9;577.0;21.0;1158.0;33.0;1265.0;488.0;23.9;34.4;1.0079
1091077200;-200.0;838.0;-200.0;3.7;693.0;62.0;995.0;60.0;1371.0;704.0;21.4;40.3;1.0157
1091080800;-200.0;918.0;-200.0;7.1;860.0;74.0;807.0;72.0;1488.0;943.0;21.2;41.2;1.0246
1091084400;-200.0;1125.0;-200.0;16.6;1199.0;171.0;601.0;97.0;1850.0;1304.0;21.6;40.9;1.0468
1091088000;-200.0;1281.0;-200.0;26.6;1469.0;287.0;491.0;136.0;2179.0;1669.0;24.0;36.6;1.0763
1091091600;-200.0;1145.0;-200.0;17.9;1238.0;230.0;600.0;140.0;1809.0;1507.0;26.8;29.5;1.0209
1091095200;-200.0;1088.0;-200.0;17.9;1238.0;261.0;654.0;171.0;1709.0;1359.0;31.8;19.4;0.8936
1091098800;-200.0;1043.0;-200.0;14.0;1117.0;178.0;742.0;150.0;1586.0;1076.0;34.4;16.6;0.8892
1091102400;-200.0;998.0;-200.0;10.1;981.0;116.0;786.0;117.0;1480.0;797.0;35.3;16.7;0.9402
1091106000;-200.0;998.0;-200.0;9.5;958.0;96.0;800.0;106.0;1484.0;677.0;36.4;16.8;1.0033
1091109600;-200.0;960.0;-200.0;7.1;860.0;83.0;887.0;95.0;1417.0;559.0;34.8;19.5;1.0667
1091113200;-200.0;1062.0;-200.0;12.3;1060.0;120.0;725.0;137.0;1601.0;830.0;38.6;16.1;1.0853
1091116800;-200.0;1050.0;-200.0;11.7;1039.0;108.0;756.0;129.0;1558.0;734.0;38.5;16.5;1.1037
1091120400;-200.0;1096.0;-200.0;12.8;1078.0;115.0;713.0;135.0;1600.0;801.0;37.4;18.1;1.1467
1091124000;-200.0;1081.0;-200.0;14.0;1117.0;102.0;689.0;127.0;1668.0;828.0;35.7;19.8;1.1399
1091127600;-200.0;1096.0;-200.0;13.9;1112.0;118.0;687.0;122.0;1694.0;865.0;32.0;24.9;1.1663
1091131200;-200.0;1051.0;-200.0;11.7;1039.0;107.0;720.0;118.0;1641.0;916.0;29.7;28.1;1.1544
1091134800;-200.0;1106.0;-200.0;13.8;1109.0;129.0;658.0;135.0;1752.0;1106.0;28.5;32.1;1.2296
1091138400;-200.0;1177.0;-200.0;14.8;1142.0;133.0;601.0;134.0;1868.0;1226.0;27.6;40.5;1.4715
1091142000;-200.0;1111.0;-200.0;11.9;1046.0;98.0;651.0;105.0;1754.0;1106.0;26.3;45.6;1.5349
1091145600;-200.0;1083.0;-200.0;11.1;1019.0;110.0;677.0;104.0;1720.0;1087.0;25.7;46.1;1.5025
1091149200;-200.0;1005.0;-200.0;8.0;900.0;62.0;747.0;81.0;1620.0;1000.0;25.1;46.3;1.4486
1091152800;-200.0;942.0;-200.0;5.6;791.0;55.0;841.0;69.0;1551.0;859.0;23.5;51.3;1.467
1091156400;-200.0;907.0;-200.0;7.1;863.0;-200.0;782.0;-200.0;1669.0;919.0;23.1;52.1;1.4518
1091160000;-200.0;867.0;-200.0;3.5;680.0;35.0;932.0;51.0;1477.0;777.0;23.7;51.2;1.4795
1091163600;-200.0;882.0;-200.0;4.1;716.0;52.0;894.0;52.0;1494.0;790.0;23.0;52.2;1.4516
1091167200;-200.0;894.0;-200.0;4.9;761.0;36.0;862.0;48.0;1504.0;768.0;23.0;49.9;1.3849
1091170800;-200.0;1263.0;-200.0;19.4;1279.0;182.0;559.0;105.0;2132.0;1388.0;23.0;50.9;1.4105
1091174400;-200.0;1380.0;-200.0;26.3;1463.0;297.0;470.0;150.0;2322.0;1691.0;24.4;49.3;1.4814
1091178000;-200.0;1333.0;-200.0;22.0;1350.0;237.0;511.0;160.0;2186.0;1655.0;26.8;46.6;1.6157
1091181600;-200.0;1264.0;-200.0;18.1;1244.0;235.0;584.0;167.0;1972.0;1496.0;32.2;32.6;1.5412
1091185200;-200.0;1115.0;-200.0;12.1;1053.0;158.0;686.0;141.0;1722.0;1086.0;34.8;26.0;1.4241
1091188800;-200.0;1078.0;-200.0;9.4;956.0;89.0;742.0;104.0;1628.0;763.0;36.1;24.8;1.4628
1091192400;-200.0;1055.0;-200.0;10.1;980.0;80.0;742.0;101.0;1610.0;688.0;37.7;21.8;1.3977
1091196000;-200.0;1031.0;-200.0;10.5;995.0;93.0;752.0;118.0;1580.0;694.0;36.9;21.8;1.3384
1091199600;-200.0;1033.0;-200.0;10.8;1006.0;96.0;749.0;121.0;1564.0;725.0;39.1;18.7;1.2884
1091203200;-200.0;1043.0;-200.0;9.6;962.0;98.0;777.0;124.0;1554.0;686.0;39.3;18.9;1.318
1091206800;-200.0;1118.0;-200.0;13.0;1084.0;104.0;684.0;127.0;1723.0;838.0;38.2;21.8;1.4312
1091210400;-200.0;1137.0;-200.0;15.5;1165.0;121.0;649.0;137.0;1840.0;974.0;36.6;23.3;1.4042
1091214000;-200.0;1153.0;-200.0;16.5;1194.0;116.0;628.0;137.0;1874.0;1038.0;33.3;28.7;1.4454
1091217600;-200.0;1145.0;-200.0;14.5;1134.0;121.0;647.0;135.0;1828.0;1108.0;30.9;34.2;1.5064
1091221200;-200.0;1149.0;-200.0;13.2;1092.0;114.0;667.0;118.0;1808.0;1135.0;29.1;38.9;1.5384
1091224800;-200.0;1149.0;-200.0;14.8;1143.0;112.0;620.0;111.0;1827.0;1143.0;28.1;40.3;1.5086
1091228400;-200.0;1052.0;-200.0;10.7;1002.0;81.0;716.0;85.0;1667.0;908.0;27.0;41.6;1.4596
1091232000;-200.0;-200.0;-200.0;-200.0;-200.0;220.0;-200.0;158.0;-200.0;-200.0;-200.0;-200.0;-200.0
1091235600;-200.0;935.0;-200.0;6.4;832.0;81.0;809.0;77.0;1566.0;778.0;25.7;46.8;1.523
1091239200;-200.0;935.0;-200.0;5.5;787.0;43.0;864.0;56.0;1588.0;728.0;25.1;51.1;1.6044
1091242800;-200.0;930.0;-200.0;5.2;772.0;-200.0;854.0;-200.0;1613.0;728.0;23.7;56.5;1.6341
1091246400;-200.0;880.0;-200.0;3.9;704.0;26.0;913.0;37.0;1529.0;676.0;23.8;55.3;1.6068
1091250000;0.8;916.0;-200.0;4.7;748.0;40.0;878.0;49.0;1559.0;742.0;23.7;54.6;1.5823
1091253600;1.2;975.0;-200.0;7.3;871.0;72.0;771.0;71.0;1666.0;942.0;22.6;58.8;1.5903
1091257200;1.0;948.0;-200.0;6.4;829.0;68.0;801.0;71.0;1600.0;926.0;24.0;53.4;1.5748
1091260800;1.5;1069.0;-200.0;9.2;947.0;89.0;728.0;86.0;1763.0;1039.0;25.2;51.0;1.6131
1091264400;2.8;1210.0;-200.0;12.5;1067.0;151.0;642.0;125.0;1879.0;1158.0;27.3;47.1;1.6807
1091268000;3.4;1272.0;-200.0;15.7;1170.0;215.0;620.0;160.0;1957.0;1347.0;32.8;33.4;1.633
1091271600;3.3;1240.0;-200.0;15.9;1175.0;196.0;614.0;174.0;1895.0;1262.0;36.0;28.0;1.6304
1091275200;2.9;1171.0;-200.0;14.6;1135.0;161.0;654.0;146.0;1797.0;1073.0;38.5;23.8;1.5944
1091278800;2.2;1072.0;-200.0;11.7;1039.0;120.0;745.0;127.0;1611.0;817.0;39.8;20.5;1.4687
1091282400;1.6;970.0;-200.0;7.4;873.0;88.0;859.0;114.0;1423.0;606.0;38.1;22.0;1.4402
1091286000;0.9;938.0;-200.0;6.1;816.0;38.0;917.0;65.0;1418.0;506.0;40.0;20.0;1.4517
1091289600;1.1;976.0;-200.0;6.9;852.0;47.0;866.0;77.0;1467.0;559.0;40.4;19.8;1.4724
1091293200;1.0;958.0;-200.0;6.2;820.0;40.0;886.0;68.0;1452.0;530.0;39.1;20.7;1.427
1091296800;1.3;1014.0;-200.0;8.1;903.0;58.0;816.0;92.0;1554.0;612.0;37.3;24.3;1.5222
1091300400;1.6;1091.0;-200.0;10.2;987.0;71.0;737.0;104.0;1711.0;774.0;34.0;30.9;1.6158
1091304000;1.8;1080.0;-200.0;10.7;1004.0;90.0;724.0;114.0;1704.0;899.0;31.8;34.5;1.5911
1091307600;2.2;1128.0;-200.0;13.0;1082.0;95.0;675.0;105.0;1817.0;1066.0;30.1;37.7;1.5799
1091311200;1.8;1105.0;-200.0;11.4;1027.0;85.0;684.0;85.0;1758.0;1040.0;28.6;42.3;1.6251
1091314800;2.3;1141.0;-200.0;13.3;1095.0;119.0;642.0;92.0;1816.0;1139.0;27.7;44.6;1.6304
1091318400;2.0;1104.0;-200.0;11.2;1020.0;106.0;681.0;82.0;1771.0;1086.0;26.6;47.5;1.6265
1091322000;1.8;1065.0;-200.0;9.8;970.0;77.0;698.0;70.0;1724.0;1049.0;25.7;50.7;1.6491
1091325600;0.9;971.0;-200.0;6.2;821.0;28.0;820.0;40.0;1637.0;811.0;25.1;53.9;1.689
1091329200;0.5;891.0;-200.0;3.6;691.0;-200.0;941.0;-200.0;1553.0;629.0;24.8;58.7;1.8089
1091332800;0.6;936.0;-200.0;4.0;713.0;21.0;883.0;26.0;1584.0;723.0;23.5;63.6;1.8223
1091336400;0.4;845.0;-200.0;2.6;625.0;17.0;993.0;21.0;1513.0;646.0;24.3;59.4;1.7838
1091340000;0.4;872.0;-200.0;2.6;627.0;24.0;997.0;30.0;1530.0;670.0;23.3;62.0;1.7547
1091343600;0.4;903.0;-200.0;2.9;648.0;19.0;975.0;21.0;1559.0;603.0;24.1;63.1;1.8619
1091347200;0.8;971.0;-200.0;4.2;722.0;39.0;876.0;35.0;1624.0;687.0;25.0;60.7;1.892
1091350800;0.8;1006.0;-200.0;5.5;789.0;46.0;824.0;36.0;1657.0;733.0;27.3;52.4;1.8707
1091354400;0.9;1012.0;-200.0;5.8;804.0;53.0;832.0;48.0;1638.0;766.0;32.4;37.3;1.7808
1091358000;0.7;975.0;-200.0;4.5;737.0;32.0;896.0;39.0;1531.0;621.0;35.4;31.3;1.7736
1091361600;0.6;944.0;-200.0;4.3;730.0;30.0;933.0;34.0;1495.0;560.0;37.4;28.2;1.7808
1091365200;0.5;857.0;-200.0;3.5;685.0;24.0;1055.0;33.0;1331.0;451.0;39.2;20.2;1.4104
1091368800;0.6;824.0;-200.0;3.5;683.0;34.0;1119.0;42.0;1270.0;393.0;38.1;18.5;1.2141
1091372400;0.7;868.0;-200.0;3.9;707.0;63.0;1063.0;85.0;1325.0;417.0;40.2;17.7;1.2989
1091376000;0.9;908.0;-200.0;4.7;748.0;69.0;1020.0;92.0;1373.0;451.0;39.7;19.1;1.3646
1091379600;0.9;912.0;-200.0;5.3;776.0;61.0;991.0;84.0;1379.0;461.0;38.5;19.8;1.326
1091383200;1.2;986.0;-200.0;6.4;830.0;73.0;906.0;100.0;1482.0;536.0;36.6;24.6;1.4872
1091386800;1.4;1037.0;-200.0;8.0;900.0;75.0;817.0;95.0;1584.0;619.0;33.1;32.7;1.62
1091390400;1.5;1088.0;-200.0;9.2;948.0;69.0;743.0;77.0;1667.0;766.0;30.7;38.7;1.678
1091394000;1.7;1093.0;-200.0;9.1;944.0;71.0;711.0;85.0;1655.0;785.0;29.5;42.7;1.7316
1091397600;1.7;1142.0;-200.0;9.1;945.0;73.0;682.0;83.0;1736.0;793.0;27.8;52.6;1.9398
1091401200;1.7;1170.0;-200.0;9.5;959.0;86.0;666.0;88.0;1798.0;838.0;27.4;55.5;1.9998
1091404800;1.9;1142.0;-200.0;9.1;945.0;65.0;672.0;68.0;1775.0;799.0;27.3;57.1;2.0426
1091408400;1.2;986.0;-200.0;5.0;762.0;74.0;821.0;97.0;1573.0;553.0;26.7;60.1;2.067
1091412000;0.7;942.0;-200.0;3.7;696.0;45.0;916.0;51.0;1542.0;465.0;26.2;61.6;2.0575
1091415600;0.3;882.0;-200.0;2.2;595.0;-200.0;1097.0;-200.0;1463.0;406.0;25.5;62.8;2.0236
1091419200;0.2;854.0;-200.0;1.6;553.0;2.0;1203.0;5.0;1418.0;396.0;25.5;61.8;1.9831
1091422800;0.4;910.0;-200.0;2.7;630.0;29.0;1061.0;35.0;1504.0;468.0;25.1;62.4;1.9602
1091426400;0.8;1005.0;-200.0;5.6;791.0;42.0;829.0;56.0;1650.0;638.0;24.6;62.7;1.9158
1091430000;1.9;1193.0;-200.0;13.0;1085.0;146.0;610.0;110.0;1947.0;1097.0;25.7;58.9;1.9156
1091433600;-200.0;1297.0;-200.0;17.8;1233.0;-200.0;544.0;-200.0;2129.0;1248.0;27.1;54.4;1.9206
1091437200;1.9;1180.0;-200.0;11.5;1031.0;163.0;633.0;124.0;1866.0;1067.0;28.4;50.7;1.9329
1091440800;1.9;1134.0;-200.0;11.1;1017.0;144.0;689.0;115.0;1774.0;964.0;32.7;36.9;1.7953
1091444400;1.9;1113.0;-200.0;11.0;1013.0;125.0;702.0;119.0;1781.0;903.0;34.0;32.7;1.7146
1091448000;1.7;1084.0;-200.0;10.7;1004.0;90.0;706.0;107.0;1761.0;839.0;35.6;29.2;1.6684
1091451600;1.4;1009.0;-200.0;8.5;921.0;76.0;778.0;99.0;1635.0;692.0;37.1;25.6;1.5868
1091455200;1.2;1002.0;-200.0;8.7;928.0;73.0;798.0;95.0;1636.0;629.0;36.1;26.4;1.5505
1091458800;1.4;1007.0;-200.0;9.4;956.0;73.0;763.0;105.0;1654.0;666.0;37.9;23.8;1.5392
1091462400;1.4;996.0;-200.0;9.5;959.0;80.0;779.0;117.0;1636.0;684.0;38.0;22.2;1.4483
1091466000;1.9;1050.0;-200.0;12.9;1082.0;121.0;705.0;157.0;1731.0;816.0;36.9;22.7;1.3887
1091469600;2.2;1100.0;-200.0;13.7;1107.0;129.0;676.0;173.0;1801.0;876.0;35.5;25.7;1.4626
1091473200;1.9;1085.0;-200.0;12.2;1057.0;103.0;689.0;139.0;1775.0;836.0;32.8;32.2;1.5779
1091476800;1.7;1079.0;-200.0;11.8;1042.0;87.0;697.0;116.0;1773.0;846.0;30.5;38.2;1.6376
1091480400;1.2;1086.0;-200.0;9.9;974.0;58.0;707.0;91.0;1733.0;795.0;28.8;43.5;1.6989
1091484000;0.3;1092.0;-200.0;10.7;1005.0;64.0;669.0;98.0;1746.0;836.0;28.0;46.2;1.721
1091487600;0.1;1097.0;-200.0;9.4;956.0;58.0;708.0;93.0;1724.0;818.0;27.1;49.4;1.7398
1091491200;0.1;1075.0;-200.0;8.1;904.0;44.0;720.0;74.0;1692.0;777.0;26.4;52.2;1.7708
1091494800;-200.0;1008.0;-200.0;6.6;838.0;28.0;774.0;50.0;1640.0;733.0;26.2;52.3;1.7561
1091498400;-200.0;895.0;-200.0;3.3;672.0;19.0;941.0;36.0;1469.0;703.0;27.1;47.4;1.6809
1091502000;-200.0;838.0;-200.0;1.7;559.0;-200.0;1186.0;-200.0;1428.0;559.0;28.0;45.2;1.6832
1091505600;-200.0;866.0;-200.0;2.3;603.0;48.0;1077.0;55.0;1459.0;589.0;25.8;50.9;1.6605
1091509200;-200.0;872.0;-200.0;2.5;617.0;77.0;1026.0;86.0;1456.0;585.0;27.2;47.2;1.6803
1091512800;-200.0;922.0;-200.0;3.2;664.0;110.0;973.0;137.0;1503.0;644.0;27.0;48.3;1.6946
1091516400;-200.0;1362.0;-200.0;19.3;1277.0;282.0;529.0;140.0;2188.0;1392.0;25.9;51.5;1.7
1091520000;-200.0;1349.0;-200.0;21.3;1333.0;275.0;487.0;142.0;2256.0;1533.0;27.4;48.6;1.7447
1091523600;-200.0;1298.0;-200.0;17.2;1215.0;253.0;539.0;185.0;2068.0;1404.0;29.1;45.5;1.7998
1091527200;-200.0;1234.0;-200.0;15.2;1154.0;211.0;596.0;173.0;1965.0;1204.0;32.8;36.9;1.803
1091530800;-200.0;1147.0;-200.0;10.6;999.0;176.0;697.0;158.0;1788.0;915.0;34.7;32.1;1.741
1091534400;-200.0;1173.0;-200.0;12.3;1061.0;153.0;650.0;127.0;1858.0;940.0;33.7;35.1;1.8022
1091538000;-200.0;1118.0;-200.0;10.5;995.0;144.0;689.0;111.0;1779.0;863.0;35.1;32.4;1.7996
1091541600;-200.0;1078.0;-200.0;9.3;951.0;127.0;722.0;114.0;1718.0;747.0;35.4;30.9;1.7505
1091545200;-200.0;1076.0;-200.0;9.3;951.0;112.0;730.0;109.0;1675.0;704.0;36.5;28.7;1.7256
1091548800;-200.0;1103.0;-200.0;11.0;1014.0;-200.0;684.0;-200.0;1749.0;791.0;38.0;24.7;1.6073
1091552400;-200.0;1117.0;-200.0;12.1;1052.0;148.0;671.0;137.0;1780.0;824.0;37.5;24.4;1.5515
1091556000;-200.0;1166.0;-200.0;13.7;1108.0;140.0;622.0;134.0;1854.0;913.0;35.5;28.9;1.6468
1091559600;-200.0;1157.0;-200.0;12.9;1082.0;125.0;631.0;114.0;1854.0;907.0;31.9;37.5;1.7442
1091563200;-200.0;1136.0;-200.0;10.3;990.0;111.0;672.0;100.0;1807.0;918.0;30.1;45.0;1.8891
1091566800;-200.0;1122.0;-200.0;9.5;959.0;102.0;685.0;92.0;1798.0;914.0;28.8;48.9;1.9105
1091570400;-200.0;1121.0;-200.0;10.3;989.0;108.0;659.0;97.0;1821.0;955.0;28.8;48.8;1.9039
1091574000;-200.0;1150.0;-200.0;11.2;1020.0;132.0;645.0;111.0;1835.0;1063.0;28.0;49.0;1.8237
1091577600;-200.0;1074.0;-200.0;9.2;949.0;104.0;678.0;89.0;1751.0;982.0;27.5;51.5;1.8664
1091581200;-200.0;1039.0;-200.0;8.0;899.0;92.0;714.0;87.0;1717.0;914.0;27.3;51.5;1.844
1091584800;-200.0;963.0;-200.0;5.8;804.0;78.0;791.0;69.0;1658.0;861.0;26.7;53.3;1.8366
1091588400;-200.0;889.0;-200.0;4.0;710.0;-200.0;889.0;-200.0;1566.0;713.0;25.9;55.1;1.8117
1091592000;-200.0;868.0;-200.0;3.0;652.0;-200.0;962.0;-200.0;1526.0;740.0;27.0;51.8;1.8147
1091595600;-200.0;877.0;-200.0;3.0;654.0;-200.0;987.0;-200.0;1529.0;801.0;26.8;50.9;1.7693
1091599200;-200.0;1056.0;-200.0;7.8;893.0;-200.0;733.0;-200.0;1743.0;1132.0;25.0;57.0;1.7792
1091602800;-200.0;1288.0;-200.0;19.3;1278.0;-200.0;521.0;-200.0;2182.0;1473.0;26.2;52.8;1.7729
1091606400;-200.0;1381.0;-200.0;26.0;1454.0;-200.0;455.0;-200.0;2404.0;1607.0;28.3;47.6;1.7981
1091610000;-200.0;1113.0;-200.0;10.6;1001.0;-200.0;663.0;-200.0;1783.0;1146.0;29.9;42.1;1.7474
1091613600;-200.0;1062.0;-200.0;8.2;909.0;-200.0;764.0;-200.0;1687.0;867.0;33.0;35.4;1.7504
1091617200;-200.0;1094.0;-200.0;9.9;976.0;-200.0;719.0;-200.0;1753.0;869.0;35.6;30.6;1.7493
1091620800;-200.0;1050.0;-200.0;8.6;923.0;-200.0;747.0;-200.0;1662.0;744.0;37.1;27.9;1.7309
1091624400;-200.0;1056.0;-200.0;8.7;926.0;-200.0;748.0;-200.0;1643.0;702.0;37.9;25.7;1.6651
1091628000;-200.0;944.0;-200.0;6.0;814.0;-200.0;852.0;-200.0;1489.0;554.0;37.2;23.6;1.4764
1091631600;-200.0;1003.0;-200.0;8.0;901.0;-200.0;813.0;-200.0;1589.0;661.0;39.1;21.7;1.5031
1091635200;-200.0;1018.0;-200.0;7.6;881.0;-200.0;828.0;-200.0;1590.0;630.0;39.3;22.0;1.5366
1091638800;-200.0;1108.0;-200.0;10.7;1003.0;-200.0;727.0;-200.0;1710.0;803.0;38.2;23.8;1.5666
1091642400;-200.0;1049.0;-200.0;8.7;927.0;-200.0;750.0;-200.0;1659.0;727.0;34.0;33.2;1.7395
1091646000;-200.0;1078.0;-200.0;8.0;897.0;-200.0;732.0;-200.0;1751.0;894.0;25.5;58.6;1.8891
1091649600;-200.0;999.0;-200.0;7.2;867.0;-200.0;785.0;-200.0;1644.0;864.0;27.2;46.0;1.6376
1091653200;-200.0;943.0;-200.0;5.7;798.0;-200.0;846.0;-200.0;1571.0;743.0;27.6;45.2;1.6479
1091656800;-200.0;987.0;-200.0;5.5;790.0;-200.0;838.0;-200.0;1608.0;830.0;25.4;52.7;1.6867
1091660400;-200.0;939.0;-200.0;4.6;743.0;-200.0;894.0;-200.0;1539.0;675.0;26.1;49.4;1.6491
1091664000;-200.0;1015.0;-200.0;6.6;840.0;-200.0;783.0;-200.0;1664.0;839.0;25.0;53.6;1.6721
1091667600;-200.0;935.0;-200.0;4.5;737.0;-200.0;869.0;-200.0;1548.0;758.0;25.4;52.9;1.698
1091671200;-200.0;908.0;-200.0;3.8;700.0;-200.0;922.0;-200.0;1547.0;644.0;25.4;54.4;1.7384
1091674800;-200.0;853.0;-200.0;2.3;605.0;-200.0;1032.0;-200.0;1488.0;615.0;25.4;54.6;1.7432
1091678400;-200.0;851.0;-200.0;2.1;592.0;-200.0;1054.0;-200.0;1482.0;578.0;24.5;57.1;1.7327
1091682000;-200.0;957.0;-200.0;3.9;705.0;-200.0;857.0;-200.0;1578.0;843.0;22.8;63.7;1.7392
1091685600;-200.0;1059.0;-200.0;6.5;836.0;-200.0;742.0;-200.0;1675.0;1113.0;22.6;64.1;1.7358
1091689200;-200.0;1261.0;-200.0;14.5;1134.0;-200.0;557.0;-200.0;2015.0;1388.0;24.3;58.0;1.7429
1091692800;-200.0;1215.0;-200.0;15.1;1150.0;-200.0;574.0;-200.0;1962.0;1310.0;26.5;50.4;1.7215
1091696400;-200.0;1097.0;-200.0;9.0;940.0;-200.0;676.0;-200.0;1727.0;1056.0;28.1;45.4;1.697
1091700000;-200.0;1135.0;-200.0;11.4;1030.0;-200.0;662.0;-200.0;1789.0;1104.0;31.7;36.7;1.6843
1091703600;-200.0;1117.0;-200.0;11.2;1020.0;104.0;706.0;115.0;1731.0;973.0;35.8;28.7;1.6626
1091707200;-200.0;1108.0;-200.0;10.2;985.0;98.0;727.0;108.0;1708.0;1001.0;36.8;27.2;1.6623
1091710800;-200.0;1038.0;-200.0;8.2;906.0;66.0;808.0;86.0;1567.0;747.0;38.3;24.5;1.622
1091714400;-200.0;985.0;-200.0;6.6;838.0;60.0;850.0;84.0;1541.0;653.0;34.2;30.8;1.6299
1091718000;-200.0;1100.0;-200.0;6.4;832.0;85.0;767.0;97.0;1695.0;934.0;28.7;51.4;1.9871
1091721600;-200.0;1067.0;-200.0;7.0;855.0;90.0;748.0;102.0;1700.0;811.0;23.9;69.1;2.0202
1091725200;-200.0;1140.0;-200.0;9.6;963.0;122.0;669.0;102.0;1815.0;918.0;21.5;78.8;1.9939
1091728800;-200.0;1113.0;-200.0;9.4;954.0;117.0;682.0;99.0;1801.0;899.0;21.6;78.5;1.994
1091732400;-200.0;1124.0;-200.0;10.2;984.0;115.0;678.0;97.0;1826.0;902.0;21.5;78.4;1.9818
1091736000;-200.0;1056.0;-200.0;7.7;886.0;127.0;732.0;101.0;1721.0;900.0;20.8;80.9;1.9637
1091739600;-200.0;1002.0;-200.0;5.4;783.0;79.0;805.0;92.0;1623.0;875.0;20.7;81.8;1.9717
1091743200;-200.0;971.0;-200.0;5.5;789.0;61.0;816.0;70.0;1594.0;879.0;23.1;70.1;1.9582
1091746800;-200.0;1001.0;-200.0;5.7;799.0;67.0;829.0;72.0;1619.0;859.0;22.7;68.4;1.8627
1091750400;-200.0;1058.0;-200.0;7.2;867.0;93.0;731.0;80.0;1685.0;1048.0;22.1;72.6;1.9105
1091754000;-200.0;1030.0;-200.0;6.8;848.0;77.0;734.0;71.0;1691.0;1048.0;21.8;74.1;1.915
1091757600;-200.0;950.0;-200.0;5.0;762.0;60.0;827.0;69.0;1616.0;959.0;21.9;72.8;1.8944
1091761200;-200.0;912.0;-200.0;4.1;716.0;-200.0;875.0;-200.0;1586.0;898.0;21.7;73.2;1.8763
1091764800;-200.0;893.0;-200.0;3.4;676.0;45.0;930.0;55.0;1567.0;859.0;21.4;75.5;1.9033
1091768400;0.7;938.0;-200.0;4.4;734.0;65.0;847.0;57.0;1607.0;947.0;21.4;75.5;1.9069
1091772000;1.2;1065.0;-200.0;7.7;889.0;94.0;722.0;56.0;1760.0;1081.0;21.9;74.9;1.9396
1091775600;2.3;1240.0;-200.0;13.6;1102.0;205.0;588.0;72.0;1989.0;1257.0;22.0;75.9;1.9817
1091779200;3.0;1307.0;-200.0;19.1;1270.0;240.0;516.0;84.0;2191.0;1404.0;22.5;74.9;2.019
1091782800;2.9;1229.0;-200.0;16.3;1188.0;237.0;557.0;97.0;2033.0;1412.0;24.5;66.2;2.0011
1091786400;2.6;1220.0;-200.0;14.2;1122.0;245.0;601.0;107.0;1974.0;1428.0;25.6;61.2;1.9808
1091790000;2.6;1218.0;-200.0;15.6;1168.0;206.0;607.0;117.0;2000.0;1451.0;29.3;48.4;1.9367
1091793600;2.6;1171.0;-200.0;14.4;1129.0;156.0;631.0;120.0;1911.0;1346.0;33.5;36.0;1.8395
1091797200;2.1;1067.0;-200.0;10.5;995.0;126.0;717.0;110.0;1730.0;1093.0;35.6;29.8;1.7045
1091800800;1.7;1054.0;-200.0;10.2;985.0;108.0;735.0;104.0;1742.0;940.0;33.7;33.4;1.7186
1091804400;1.9;1051.0;-200.0;10.7;1003.0;102.0;711.0;110.0;1715.0;909.0;34.1;33.3;1.7509
1091808000;2.5;1103.0;-200.0;11.6;1035.0;110.0;672.0;111.0;1834.0;1005.0;31.5;43.5;1.9797
1091811600;1.1;970.0;-200.0;7.9;894.0;57.0;761.0;64.0;1649.0;756.0;32.5;40.6;1.9481
1091815200;2.1;1100.0;-200.0;11.7;1038.0;109.0;668.0;92.0;1873.0;1080.0;29.8;45.2;1.8642
1091818800;2.6;1129.0;-200.0;14.6;1137.0;151.0;606.0;114.0;1952.0;1220.0;27.7;49.9;1.8189
1091822400;2.6;1126.0;-200.0;13.2;1089.0;153.0;620.0;116.0;1886.0;1208.0;26.4;54.6;1.8459
1091826000;1.7;1019.0;-200.0;9.8;971.0;103.0;692.0;94.0;1760.0;1057.0;25.5;58.0;1.8611
1091829600;1.5;1011.0;-200.0;8.8;930.0;76.0;728.0;77.0;1723.0;1009.0;25.1;59.9;1.8797
1091833200;1.8;1039.0;-200.0;10.4;991.0;93.0;685.0;74.0;1820.0;1088.0;24.1;63.5;1.8828
1091836800;1.4;974.0;-200.0;8.5;920.0;75.0;718.0;62.0;1755.0;1062.0;23.8;65.0;1.8897
1091840400;1.2;925.0;-200.0;6.4;831.0;57.0;789.0;57.0;1662.0;975.0;23.4;64.9;1.843
1091844000;0.7;810.0;-200.0;3.4;674.0;32.0;976.0;45.0;1530.0;793.0;24.4;58.6;1.7714
1091847600;0.6;800.0;-200.0;2.6;627.0;-200.0;1032.0;-200.0;1519.0;787.0;23.3;63.3;1.7895
1091851200;0.7;813.0;-200.0;2.9;645.0;42.0;990.0;49.0;1530.0;802.0;21.9;67.1;1.7414
1091854800;0.5;788.0;-200.0;2.3;604.0;37.0;1068.0;45.0;1507.0;754.0;23.6;61.2;1.7588
1091858400;0.6;815.0;-200.0;3.3;670.0;44.0;971.0;44.0;1538.0;774.0;22.6;63.4;1.7136
1091862000;0.9;868.0;-200.0;5.1;771.0;51.0;840.0;43.0;1608.0;860.0;22.9;62.6;1.7253
1091865600;1.2;951.0;-200.0;7.7;886.0;74.0;742.0;51.0;1705.0;988.0;23.3;61.8;1.7504
1091869200;2.0;1075.0;-200.0;10.5;996.0;115.0;649.0;84.0;1838.0;1113.0;25.4;56.2;1.7961
1091872800;1.9;1058.0;-200.0;10.9;1012.0;109.0;676.0;96.0;1782.0;1063.0;30.6;41.9;1.8104
1091876400;1.7;1012.0;-200.0;8.4;914.0;80.0;760.0;88.0;1653.0;858.0;33.5;34.0;1.73
1091880000;1.2;929.0;-200.0;6.0;811.0;57.0;862.0;67.0;1541.0;642.0;35.5;29.8;1.7004
1091883600;1.1;902.0;-200.0;6.0;813.0;56.0;875.0;64.0;1518.0;588.0;37.5;24.7;1.5637
1091887200;1.0;836.0;-200.0;4.7;750.0;43.0;960.0;54.0;1390.0;484.0;35.1;25.2;1.402
1091890800;1.0;858.0;-200.0;5.3;776.0;43.0;947.0;56.0;1431.0;498.0;38.1;21.1;1.3863
1091894400;1.0;886.0;-200.0;5.8;803.0;51.0;939.0;68.0;1460.0;538.0;38.5;21.8;1.4653
1091898000;1.2;974.0;-200.0;6.5;833.0;46.0;864.0;67.0;1577.0;565.0;36.8;29.5;1.8037
1091901600;1.6;1008.0;-200.0;8.4;915.0;71.0;783.0;95.0;1643.0;672.0;34.9;33.4;1.8384
1091905200;1.6;990.0;-200.0;8.3;912.0;65.0;777.0;86.0;1648.0;689.0;32.2;37.4;1.7655
1091908800;1.6;981.0;-200.0;8.4;917.0;78.0;740.0;93.0;1649.0;714.0;29.7;41.7;1.7081
1091912400;1.3;954.0;-200.0;6.4;828.0;51.0;793.0;68.0;1589.0;631.0;27.7;47.4;1.7344
1091916000;1.9;1030.0;-200.0;10.3;988.0;84.0;686.0;95.0;1751.0;829.0;27.3;49.4;1.7602
1091919600;1.9;1033.0;-200.0;10.9;1011.0;89.0;681.0;93.0;1768.0;875.0;26.3;51.3;1.7251
1091923200;1.5;963.0;-200.0;7.4;872.0;65.0;767.0;69.0;1617.0;803.0;25.7;54.1;1.7546
1091926800;1.1;918.0;-200.0;5.8;805.0;43.0;816.0;55.0;1571.0;759.0;25.4;55.1;1.7628
1091930400;0.8;868.0;-200.0;4.5;736.0;32.0;894.0;39.0;1548.0;638.0;24.9;57.3;1.7822
1091934000;0.9;886.0;-200.0;4.6;744.0;-200.0;869.0;-200.0;1590.0;700.0;24.1;61.8;1.8339
1091937600;0.6;813.0;-200.0;2.4;609.0;22.0;1017.0;33.0;1473.0;615.0;23.9;61.2;1.7871
1091941200;0.6;815.0;-200.0;2.4;616.0;21.0;1080.0;29.0;1532.0;596.0;23.8;61.3;1.7881
1091944800;0.7;815.0;-200.0;2.6;627.0;27.0;1049.0;36.0;1518.0;650.0;23.4;61.7;1.7495
1091948400;0.6;835.0;-200.0;2.8;638.0;31.0;1024.0;38.0;1506.0;655.0;24.3;58.4;1.7508
1091952000;1.0;921.0;-200.0;4.5;738.0;46.0;901.0;47.0;1585.0;779.0;25.1;56.6;1.7798
1091955600;1.2;963.0;-200.0;5.2;774.0;62.0;839.0;64.0;1621.0;758.0;27.3;51.3;1.835
1091959200;1.0;935.0;-200.0;4.2;724.0;43.0;936.0;49.0;1574.0;598.0;29.5;45.9;1.8662
1091962800;1.3;1007.0;-200.0;4.8;751.0;53.0;849.0;64.0;1649.0;643.0;27.6;52.4;1.9055
1091966400;1.4;1032.0;-200.0;4.6;744.0;87.0;813.0;79.0;1695.0;778.0;25.4;68.0;2.1806
1091970000;0.8;901.0;-200.0;3.6;689.0;36.0;964.0;45.0;1543.0;522.0;32.2;40.3;1.8999
1091973600;0.6;851.0;-200.0;2.6;627.0;21.0;1129.0;30.0;1433.0;419.0;31.6;38.9;1.7838
1091977200;0.7;877.0;-200.0;3.0;655.0;27.0;1061.0;35.0;1471.0;444.0;33.0;37.3;1.8481
1091980800;0.8;909.0;-200.0;3.6;690.0;29.0;1039.0;37.0;1488.0;474.0;35.1;32.1;1.7841
1091984400;0.9;908.0;-200.0;4.1;715.0;38.0;988.0;46.0;1479.0;495.0;35.0;31.1;1.7173
1091988000;1.0;926.0;-200.0;5.0;763.0;41.0;949.0;54.0;1491.0;504.0;33.8;32.1;1.6596
1091991600;1.5;1010.0;-200.0;6.5;836.0;66.0;848.0;79.0;1577.0;616.0;31.1;38.8;1.7295
1091995200;1.5;1031.0;-200.0;7.3;868.0;63.0;798.0;79.0;1634.0;690.0;29.0;46.1;1.8141
1091998800;1.7;1070.0;-200.0;8.1;905.0;88.0;745.0;98.0;1702.0;846.0;28.1;50.6;1.8969
1092002400;1.9;1124.0;-200.0;10.4;992.0;87.0;660.0;93.0;1791.0;1013.0;27.1;54.7;1.9284
1092006000;1.7;1066.0;-200.0;9.0;940.0;86.0;683.0;89.0;1744.0;978.0;26.6;56.4;1.9349
1092009600;1.2;1001.0;-200.0;6.5;836.0;49.0;771.0;57.0;1662.0;821.0;25.8;60.4;1.9759
1092013200;1.1;967.0;-200.0;6.3;824.0;40.0;774.0;51.0;1637.0;862.0;25.5;61.6;1.9804
1092016800;0.8;901.0;-200.0;4.4;733.0;27.0;888.0;39.0;1605.0;755.0;24.9;63.5;1.9647
1092020400;0.5;835.0;-200.0;2.8;638.0;-200.0;997.0;-200.0;1526.0;715.0;24.3;65.1;1.9475
1092024000;-200.0;820.0;-200.0;2.2;598.0;23.0;1065.0;30.0;1511.0;684.0;23.8;65.7;1.9079
1092027600;0.7;896.0;-200.0;3.7;694.0;58.0;941.0;46.0;1583.0;853.0;23.2;68.0;1.9045
1092031200;1.2;996.0;-200.0;7.4;872.0;87.0;756.0;55.0;1727.0;990.0;23.2;67.5;1.899
1092034800;2.3;1159.0;-200.0;15.1;1151.0;143.0;579.0;63.0;2005.0;1206.0;24.3;63.3;1.8929
1092038400;2.5;1185.0;-200.0;15.1;1152.0;96.0;578.0;42.0;2003.0;1274.0;25.5;59.7;1.9193
1092042000;2.4;1168.0;-200.0;14.7;1138.0;16.0;585.0;5.0;1946.0;1336.0;27.7;52.5;1.9138
1092045600;1.4;1044.0;-200.0;9.8;970.0;54.0;715.0;39.0;1751.0;1068.0;31.8;38.9;1.8005
1092049200;1.2;983.0;-200.0;8.0;897.0;42.0;800.0;39.0;1608.0;804.0;32.7;34.1;1.6592
1092052800;1.6;1032.0;-200.0;8.3;912.0;72.0;764.0;71.0;1661.0;826.0;34.3;31.5;1.6745
1092056400;1.4;1019.0;-200.0;7.7;889.0;54.0;787.0;65.0;1630.0;745.0;34.2;31.5;1.6675
1092060000;1.2;982.0;-200.0;6.7;844.0;52.0;835.0;71.0;1567.0;638.0;33.9;32.3;1.6809
1092063600;1.5;1016.0;-200.0;7.5;880.0;64.0;783.0;72.0;1617.0;684.0;34.4;31.9;1.7005
1092067200;1.4;-200.0;-200.0;-200.0;-200.0;70.0;-200.0;76.0;-200.0;-200.0;-200.0;-200.0;-200.0
1092070800;1.5;-200.0;-200.0;-200.0;-200.0;65.0;-200.0;75.0;-200.0;-200.0;-200.0;-200.0;-200.0
1092074400;1.7;-200.0;-200.0;-200.0;-200.0;80.0;-200.0;86.0;-200.0;-200.0;-200.0;-200.0;-200.0
1092078000;2.2;-200.0;-200.0;-200.0;-200.0;88.0;-200.0;96.0;-200.0;-200.0;-200.0;-200.0;-200.0
1092081600;1.9;1091.0;-200.0;8.6;925.0;81.0;730.0;95.0;1685.0;1020.0;29.8;41.7;1.7167
1092085200;1.6;1109.0;-200.0;9.7;965.0;59.0;696.0;74.0;1742.0;1100.0;28.8;45.9;1.7884
1092088800;1.5;1098.0;-200.0;9.1;944.0;69.0;687.0;76.0;1772.0;1086.0;28.2;51.1;1.9221
1092092400;1.4;1088.0;-200.0;9.1;945.0;58.0;674.0;66.0;1765.0;1060.0;27.5;54.4;1.9705
1092096000;1.0;1035.0;-200.0;7.0;859.0;33.0;732.0;49.0;1680.0;996.0;27.4;55.0;1.9827
1092099600;0.7;942.0;-200.0;4.9;758.0;17.0;824.0;29.0;1567.0;856.0;28.1;51.6;1.9269
1092103200;0.5;902.0;-200.0;3.5;680.0;6.0;919.0;11.0;1535.0;722.0;26.3;56.5;1.9027
1092106800;0.5;919.0;-200.0;3.9;704.0;-200.0;861.0;-200.0;1603.0;860.0;24.4;65.0;1.9612
1092110400;0.5;875.0;-200.0;3.2;665.0;20.0;919.0;25.0;1559.0;772.0;24.4;63.6;1.9218
1092114000;0.7;927.0;-200.0;4.7;747.0;58.0;830.0;34.0;1633.0;910.0;23.5;67.4;1.9305
1092117600;1.2;1032.0;-200.0;7.6;883.0;106.0;718.0;42.0;1742.0;1051.0;23.4;65.7;1.872
1092121200;2.2;1193.0;-200.0;14.7;1139.0;143.0;563.0;47.0;2009.0;1257.0;24.5;61.3;1.8522
1092124800;2.9;1268.0;-200.0;18.7;1259.0;167.0;519.0;62.0;2114.0;1410.0;26.0;55.8;1.8536
1092128400;2.6;1238.0;-200.0;14.8;1144.0;188.0;565.0;81.0;1939.0;1433.0;28.5;48.5;1.8607
1092132000;2.6;1230.0;-200.0;14.5;1133.0;164.0;604.0;90.0;1909.0;1413.0;33.6;35.7;1.8229
1092135600;2.2;1161.0;-200.0;12.7;1074.0;128.0;646.0;95.0;1777.0;1206.0;36.5;28.9;1.7359
1092139200;1.5;1048.0;-200.0;9.2;949.0;88.0;764.0;86.0;1607.0;831.0;39.0;23.7;1.6346
1092142800;0.9;929.0;-200.0;4.8;752.0;51.0;955.0;64.0;1385.0;544.0;38.8;23.7;1.6093
1092146400;1.0;950.0;-200.0;5.4;783.0;52.0;914.0;62.0;1443.0;525.0;38.0;24.0;1.5686
1092150000;1.1;1013.0;-200.0;7.2;864.0;59.0;819.0;75.0;1544.0;644.0;40.5;23.3;1.7416
1092153600;1.2;1034.0;-200.0;6.7;845.0;67.0;841.0;88.0;1566.0;702.0;39.8;25.4;1.8213
1092157200;1.8;1082.0;-200.0;9.7;965.0;105.0;760.0;126.0;1649.0;844.0;39.6;23.3;1.6535
1092160800;1.8;1110.0;-200.0;10.9;1012.0;91.0;720.0;96.0;1725.0;905.0;38.8;24.7;1.6772
1092164400;1.7;1118.0;-200.0;10.6;999.0;69.0;706.0;79.0;1766.0;878.0;34.7;35.9;1.9528
1092168000;1.7;1136.0;-200.0;9.7;967.0;65.0;703.0;67.0;1801.0;927.0;32.3;43.6;2.07
1092171600;1.6;1106.0;-200.0;8.6;924.0;58.0;725.0;62.0;1757.0;910.0;30.7;48.1;2.0821
1092175200;1.7;1151.0;-200.0;10.2;984.0;67.0;678.0;64.0;1823.0;1024.0;29.5;50.6;2.0492
1092178800;1.8;1144.0;-200.0;10.5;997.0;64.0;669.0;63.0;1816.0;1021.0;28.8;52.0;2.0297
1092182400;1.5;1118.0;-200.0;8.8;930.0;65.0;697.0;60.0;1748.0;1027.0;28.2;55.0;2.0697
1092186000;1.2;1066.0;-200.0;6.6;839.0;47.0;740.0;49.0;1700.0;993.0;27.2;59.1;2.0997
1092189600;0.8;991.0;-200.0;5.3;778.0;29.0;797.0;36.0;1665.0;910.0;26.7;60.7;2.0977
1092193200;0.5;906.0;-200.0;3.0;650.0;-200.0;961.0;-200.0;1581.0;768.0;26.9;60.3;2.1074
1092196800;0.5;903.0;-200.0;3.2;662.0;16.0;932.0;24.0;1590.0;760.0;26.4;61.6;2.0931
1092200400;0.7;941.0;-200.0;3.5;685.0;50.0;895.0;32.0;1632.0;834.0;25.9;63.6;2.102
1092204000;1.1;1074.0;-200.0;7.2;866.0;78.0;717.0;42.0;1768.0;1075.0;26.1;63.7;2.117
1092207600;1.4;1114.0;-200.0;9.5;958.0;89.0;663.0;42.0;1836.0;1167.0;26.8;60.5;2.1008
1092211200;1.7;1162.0;-200.0;11.1;1019.0;97.0;622.0;51.0;1904.0;1178.0;27.9;56.5;2.0895
1092214800;1.8;1165.0;-200.0;9.7;967.0;93.0;651.0;58.0;1825.0;1120.0;29.8;51.1;2.1054
1092218400;1.8;1179.0;-200.0;9.5;957.0;105.0;680.0;67.0;1819.0;1131.0;33.6;41.0;2.0995
1092222000;1.7;1144.0;-200.0;8.3;913.0;89.0;715.0;68.0;1782.0;972.0;35.1;38.1;2.1144
1092225600;1.3;1066.0;-200.0;6.0;813.0;63.0;792.0;56.0;1657.0;764.0;36.2;34.9;2.0578
1092229200;1.3;1056.0;-200.0;5.8;802.0;52.0;824.0;47.0;1620.0;670.0;38.0;30.7;2.0022
1092232800;1.0;995.0;-200.0;5.1;769.0;48.0;882.0;46.0;1576.0;615.0;36.6;30.8;1.8617
1092236400;1.0;967.0;-200.0;4.5;740.0;50.0;926.0;50.0;1526.0;557.0;38.8;25.4;1.7282
1092240000;1.4;1048.0;-200.0;6.6;839.0;80.0;845.0;65.0;1607.0;700.0;38.7;25.8;1.7426
1092243600;1.6;1092.0;-200.0;8.0;901.0;78.0;777.0;69.0;1691.0;734.0;37.4;29.9;1.8848
1092247200;1.4;1056.0;-200.0;7.6;883.0;64.0;799.0;63.0;1672.0;684.0;36.2;31.1;1.8371
1092250800;1.7;1100.0;-200.0;10.1;982.0;84.0;720.0;69.0;1760.0;823.0;33.8;34.5;1.7788
1092254400;1.4;1057.0;-200.0;7.8;890.0;72.0;778.0;57.0;1701.0;801.0;31.4;40.7;1.8377
1092258000;1.5;1068.0;-200.0;8.4;917.0;70.0;736.0;59.0;1728.0;916.0;30.8;45.0;1.9733
1092261600;1.4;1050.0;-200.0;7.7;887.0;59.0;770.0;54.0;1696.0;820.0;29.4;50.0;2.0181
1092265200;1.5;1074.0;-200.0;7.6;884.0;63.0;764.0;57.0;1726.0;838.0;28.1;54.1;2.029
1092268800;1.6;1053.0;-200.0;7.9;895.0;58.0;745.0;46.0;1727.0;882.0;27.3;57.8;2.0646
1092272400;1.2;1003.0;-200.0;6.3;825.0;68.0;794.0;65.0;1716.0;801.0;26.7;60.6;2.0942
1092276000;0.9;933.0;-200.0;3.8;701.0;57.0;906.0;62.0;1638.0;690.0;25.9;64.5;2.1247
1092279600;0.6;869.0;-200.0;2.4;614.0;-200.0;1001.0;-200.0;1565.0;674.0;25.6;63.5;2.0566
1092283200;-200.0;864.0;-200.0;2.5;617.0;15.0;1027.0;25.0;1561.0;622.0;26.7;61.0;2.101
1092286800;0.7;931.0;-200.0;4.2;721.0;47.0;888.0;37.0;1651.0;799.0;25.8;64.6;2.1195
1092290400;0.7;921.0;-200.0;4.5;738.0;39.0;893.0;41.0;1623.0;818.0;26.5;60.6;2.063
1092294000;1.7;1139.0;-200.0;11.0;1013.0;87.0;672.0;60.0;1932.0;1034.0;26.4;61.7;2.0929
1092297600;2.2;1205.0;-200.0;14.1;1118.0;122.0;585.0;65.0;2019.0;1189.0;27.5;60.1;2.1719
1092301200;1.9;1126.0;-200.0;9.5;957.0;122.0;694.0;71.0;1841.0;1034.0;29.4;53.1;2.1362
1092304800;1.5;1066.0;-200.0;6.9;855.0;101.0;803.0;61.0;1712.0;929.0;33.4;39.9;2.0177
1092308400;1.6;1069.0;-200.0;7.2;867.0;92.0;785.0;65.0;1717.0;880.0;33.2;39.2;1.9642
1092312000;1.3;975.0;-200.0;5.5;788.0;70.0;851.0;54.0;1629.0;701.0;34.5;35.1;1.8856
1092315600;1.1;955.0;-200.0;5.1;766.0;58.0;898.0;58.0;1597.0;620.0;37.1;30.5;1.8962
1092319200;1.0;949.0;-200.0;5.0;764.0;44.0;898.0;56.0;1579.0;573.0;35.9;32.1;1.8697
1092322800;1.0;941.0;-200.0;5.6;792.0;44.0;897.0;60.0;1582.0;544.0;37.3;28.0;1.7537
1092326400;1.1;942.0;-200.0;5.7;800.0;52.0;877.0;69.0;1567.0;581.0;38.1;26.3;1.7252
1092330000;1.3;974.0;-200.0;7.0;855.0;53.0;836.0;67.0;1607.0;610.0;37.1;27.2;1.6844
1092333600;1.5;1012.0;-200.0;8.1;904.0;65.0;794.0;79.0;1653.0;695.0;35.2;31.2;1.7485
1092337200;1.6;1017.0;-200.0;8.7;929.0;67.0;772.0;86.0;1702.0;709.0;32.1;38.7;1.819
1092340800;1.5;1006.0;-200.0;7.9;896.0;67.0;797.0;79.0;1697.0;736.0;30.3;45.1;1.9129
1092344400;1.3;1008.0;-200.0;7.5;878.0;53.0;792.0;67.0;1691.0;722.0;29.3;50.2;2.0127
1092348000;1.2;989.0;-200.0;6.0;814.0;53.0;845.0;65.0;1657.0;680.0;28.6;53.7;2.0691
1092351600;1.6;1080.0;-200.0;8.5;920.0;60.0;739.0;67.0;1761.0;772.0;27.8;57.4;2.1107
1092355200;1.4;1033.0;-200.0;7.0;856.0;60.0;774.0;62.0;1736.0;769.0;27.4;59.4;2.1395
1092358800;1.1;968.0;-200.0;5.6;794.0;39.0;836.0;48.0;1688.0;654.0;27.2;59.3;2.1059
1092362400;0.7;853.0;-200.0;2.6;626.0;22.0;1045.0;33.0;1557.0;516.0;26.7;61.0;2.1005
1092366000;0.4;810.0;-200.0;1.5;544.0;-200.0;1264.0;-200.0;1485.0;447.0;26.0;62.7;2.0737
1092369600;0.5;817.0;-200.0;1.7;558.0;7.0;1232.0;11.0;1485.0;452.0;25.4;63.1;2.0184
1092373200;0.5;840.0;-200.0;2.0;586.0;25.0;1154.0;34.0;1499.0;492.0;26.1;60.3;2.012
1092376800;0.8;940.0;-200.0;4.0;709.0;47.0;956.0;52.0;1641.0;588.0;25.2;67.1;2.1164
1092380400;1.6;1076.0;-200.0;8.6;924.0;101.0;720.0;80.0;1806.0;909.0;26.0;61.9;2.0511
1092384000;1.6;1086.0;-200.0;10.1;981.0;100.0;688.0;86.0;1818.0;1007.0;27.0;57.5;2.0183
1092387600;1.4;1031.0;-200.0;8.7;929.0;79.0;759.0;77.0;1722.0;809.0;30.5;44.4;1.9076
1092391200;1.5;1016.0;-200.0;7.9;896.0;91.0;766.0;93.0;1704.0;820.0;33.4;35.1;1.781
1092394800;1.2;953.0;-200.0;5.8;801.0;83.0;868.0;109.0;1573.0;657.0;35.7;29.0;1.6716
1092398400;1.1;918.0;-200.0;5.3;779.0;65.0;896.0;89.0;1537.0;551.0;35.8;27.7;1.6041
1092402000;0.8;892.0;-200.0;4.2;724.0;55.0;971.0;71.0;1490.0;511.0;36.3;27.4;1.6264
1092405600;0.7;841.0;-200.0;3.3;673.0;40.0;1061.0;56.0;1394.0;451.0;33.6;28.8;1.4695
1092409200;0.7;799.0;-200.0;4.0;709.0;48.0;1078.0;68.0;1332.0;462.0;35.2;20.5;1.1418
1092412800;0.7;838.0;-200.0;4.3;726.0;46.0;1056.0;61.0;1382.0;440.0;35.0;22.4;1.2371
1092416400;1.0;870.0;-200.0;4.6;745.0;54.0;998.0;70.0;1400.0;472.0;34.0;25.2;1.314
1092420000;1.0;892.0;-200.0;5.1;771.0;55.0;965.0;76.0;1465.0;494.0;32.0;28.2;1.3204
1092423600;1.2;926.0;-200.0;5.9;805.0;60.0;901.0;78.0;1511.0;524.0;29.4;34.4;1.3899
1092427200;1.1;919.0;-200.0;5.7;796.0;62.0;870.0;80.0;1538.0;560.0;28.1;41.1;1.535
1092430800;1.0;932.0;-200.0;4.7;746.0;51.0;912.0;71.0;1528.0;534.0;26.9;47.5;1.6595
1092434400;1.2;957.0;-200.0;5.1;767.0;57.0;867.0;74.0;1534.0;577.0;26.6;50.4;1.724
1092438000;1.4;994.0;-200.0;5.9;806.0;72.0;830.0;90.0;1580.0;674.0;25.9;52.9;1.7478
1092441600;1.3;984.0;-200.0;5.6;795.0;63.0;838.0;78.0;1570.0;676.0;25.4;54.6;1.7483
1092445200;1.0;919.0;-200.0;4.5;737.0;49.0;899.0;63.0;1534.0;611.0;25.1;55.7;1.7471
1092448800;0.6;847.0;-200.0;2.5;618.0;30.0;1075.0;42.0;1442.0;529.0;25.1;55.3;1.733
1092452400;0.4;802.0;-200.0;1.7;559.0;-200.0;1232.0;-200.0;1414.0;478.0;25.0;56.0;1.7428
1092456000;0.4;795.0;-200.0;1.8;569.0;18.0;1178.0;27.0;1426.0;497.0;25.2;55.0;1.7405
1092459600;0.4;809.0;-200.0;1.9;578.0;22.0;1170.0;29.0;1445.0;513.0;25.6;53.5;1.7291
1092463200;0.5;835.0;-200.0;2.6;626.0;39.0;1088.0;41.0;1471.0;563.0;24.7;55.9;1.7114
1092466800;1.1;967.0;-200.0;6.3;826.0;68.0;821.0;61.0;1639.0;822.0;24.0;57.2;1.6835
1092470400;1.2;969.0;-200.0;6.8;849.0;84.0;800.0;68.0;1626.0;890.0;25.0;53.2;1.663
1092474000;0.9;913.0;-200.0;4.7;749.0;54.0;911.0;58.0;1535.0;742.0;28.0;43.4;1.6162
1092477600;0.9;933.0;-200.0;4.7;748.0;51.0;948.0;52.0;1551.0;629.0;31.6;35.5;1.6269
1092481200;1.0;922.0;-200.0;4.0;712.0;52.0;924.0;57.0;1494.0;609.0;35.0;29.0;1.6017
1092484800;0.8;914.0;-200.0;4.3;726.0;44.0;959.0;51.0;1496.0;534.0;35.3;27.6;1.5512
1092488400;0.8;873.0;-200.0;3.8;699.0;47.0;999.0;53.0;1413.0;528.0;36.2;24.1;1.4235
1092492000;0.7;831.0;-200.0;3.4;676.0;37.0;1041.0;49.0;1350.0;463.0;34.8;24.5;1.3373
1092495600;0.7;840.0;-200.0;3.6;685.0;33.0;1051.0;44.0;1339.0;462.0;38.2;19.6;1.2915
1092499200;0.7;874.0;-200.0;3.6;686.0;36.0;1032.0;48.0;1402.0;501.0;38.9;20.3;1.382
1092502800;0.7;896.0;-200.0;3.6;687.0;33.0;1006.0;46.0;1438.0;493.0;36.9;27.1;1.6683
1092506400;0.9;964.0;-200.0;5.1;769.0;40.0;873.0;56.0;1546.0;572.0;35.2;32.1;1.7898
1092510000;1.2;1001.0;-200.0;6.6;838.0;56.0;801.0;73.0;1614.0;668.0;32.0;38.2;1.788
1092513600;1.4;1005.0;-200.0;7.3;868.0;71.0;779.0;85.0;1633.0;771.0;29.8;41.8;1.7269
1092517200;1.2;979.0;-200.0;6.1;818.0;57.0;797.0;72.0;1590.0;732.0;28.2;45.9;1.7272
1092520800;1.0;935.0;-200.0;5.2;774.0;43.0;825.0;53.0;1562.0;687.0;27.1;48.2;1.7075
1092524400;0.9;939.0;-200.0;4.9;758.0;40.0;858.0;47.0;1544.0;664.0;26.7;49.5;1.7048
1092528000;0.7;878.0;-200.0;3.5;684.0;26.0;947.0;37.0;1475.0;588.0;26.1;50.8;1.6917
1092531600;0.5;848.0;-200.0;3.0;650.0;24.0;989.0;34.0;1479.0;610.0;25.7;52.5;1.7077
1092535200;0.5;826.0;-200.0;2.7;631.0;24.0;1028.0;33.0;1473.0;593.0;24.8;55.4;1.7054
1092538800;0.4;804.0;-200.0;2.2;597.0;-200.0;1077.0;-200.0;1454.0;566.0;23.8;57.5;1.6723
1092542400;-200.0;789.0;-200.0;2.0;584.0;18.0;1107.0;27.0;1457.0;571.0;22.4;62.2;1.6648
1092546000;0.4;785.0;-200.0;2.4;612.0;18.0;1054.0;27.0;1443.0;614.0;22.5;61.8;1.6654
1092549600;0.4;772.0;-200.0;2.0;584.0;19.0;1149.0;27.0;1414.0;566.0;22.7;59.2;1.6139
1092553200;0.5;796.0;-200.0;2.5;623.0;22.0;1064.0;28.0;1425.0;594.0;23.0;58.4;1.6223
1092556800;0.7;875.0;-200.0;3.5;682.0;34.0;983.0;36.0;1457.0;611.0;23.9;56.3;1.6489
1092560400;1.1;955.0;-200.0;6.0;811.0;61.0;841.0;59.0;1562.0;759.0;26.3;50.1;1.6889
1092564000;1.0;938.0;-200.0;5.3;778.0;46.0;896.0;56.0;1520.0;700.0;32.1;34.0;1.6039
1092567600;1.2;954.0;-200.0;6.3;826.0;56.0;870.0;70.0;1531.0;691.0;35.8;25.7;1.4861
1092571200;1.1;875.0;-200.0;4.8;753.0;31.0;978.0;36.0;1402.0;579.0;38.3;19.8;1.3067
1092574800;0.6;810.0;-200.0;3.2;664.0;11.0;1123.0;17.0;1312.0;478.0;37.3;20.5;1.286
1092578400;0.4;746.0;-200.0;2.6;624.0;8.0;1227.0;14.0;1209.0;410.0;36.3;18.4;1.0976
1092582000;0.4;738.0;-200.0;2.4;610.0;14.0;1281.0;24.0;1204.0;404.0;36.8;16.9;1.0347
1092585600;0.5;771.0;-200.0;3.0;652.0;21.0;1223.0;36.0;1239.0;440.0;37.9;15.9;1.0296
1092589200;0.6;799.0;-200.0;3.1;658.0;26.0;1216.0;43.0;1254.0;461.0;36.7;17.1;1.0398
1092592800;0.8;831.0;-200.0;3.4;679.0;37.0;1143.0;60.0;1291.0;526.0;33.8;21.9;1.1303
1092596400;1.0;885.0;-200.0;4.6;743.0;53.0;1016.0;81.0;1379.0;647.0;32.6;24.6;1.1885
1092600000;1.1;883.0;-200.0;4.4;731.0;56.0;988.0;87.0;1384.0;693.0;30.6;28.4;1.2247
1092603600;1.1;906.0;-200.0;5.5;790.0;51.0;936.0;85.0;1430.0;729.0;29.4;30.5;1.2288
1092607200;1.6;982.0;-200.0;8.2;906.0;79.0;784.0;91.0;1561.0;1002.0;28.4;34.4;1.314
1092610800;0.9;892.0;-200.0;5.0;766.0;38.0;880.0;55.0;1399.0;797.0;28.3;34.1;1.2951
1092614400;0.7;841.0;-200.0;4.0;711.0;25.0;956.0;42.0;1367.0;685.0;27.8;35.2;1.2968
1092618000;0.7;859.0;-200.0;3.7;693.0;24.0;988.0;43.0;1377.0;710.0;25.3;39.7;1.2656
1092621600;0.5;810.0;-200.0;3.1;657.0;11.0;1016.0;20.0;1337.0;629.0;24.5;41.5;1.2589
1092625200;0.4;759.0;-200.0;1.8;566.0;-200.0;1175.0;-200.0;1267.0;503.0;24.8;39.8;1.2231
1092628800;0.3;749.0;-200.0;1.5;543.0;16.0;1238.0;23.0;1244.0;462.0;23.3;41.9;1.1856
1092632400;0.4;766.0;-200.0;2.4;616.0;43.0;1163.0;43.0;1306.0;530.0;21.5;45.6;1.1558
1092636000;0.9;865.0;-200.0;5.4;783.0;86.0;893.0;68.0;1446.0;838.0;21.3;47.0;1.1793
1092639600;1.3;924.0;-200.0;8.5;920.0;92.0;767.0;62.0;1534.0;946.0;22.2;45.0;1.1867
1092643200;1.6;973.0;-200.0;10.9;1010.0;102.0;722.0;65.0;1616.0;1014.0;23.6;40.8;1.1746
1092646800;2.1;1028.0;-200.0;12.0;1048.0;171.0;719.0;93.0;1624.0;1135.0;27.1;32.4;1.1462
1092650400;2.0;979.0;-200.0;10.6;999.0;148.0;796.0;110.0;1515.0;1027.0;33.4;20.1;1.0142
1092654000;1.4;892.0;-200.0;7.4;874.0;119.0;923.0;106.0;1369.0;749.0;35.3;17.0;0.9546
1092657600;1.4;892.0;-200.0;7.3;869.0;71.0;953.0;77.0;1363.0;632.0;37.4;14.7;0.9295
1092661200;0.9;836.0;-200.0;4.6;741.0;53.0;1065.0;60.0;1277.0;479.0;38.6;14.6;0.9821
1092664800;0.8;824.0;-200.0;4.0;708.0;61.0;1091.0;67.0;1256.0;463.0;35.8;17.8;1.0274
1092668400;0.8;825.0;-200.0;3.8;702.0;53.0;1077.0;57.0;1267.0;458.0;38.4;16.4;1.0957
1092672000;1.0;871.0;-200.0;5.0;761.0;61.0;1015.0;60.0;1346.0;520.0;39.7;15.3;1.0963
1092675600;1.3;903.0;-200.0;6.9;853.0;72.0;930.0;69.0;1420.0;606.0;38.8;15.8;1.0706
1092679200;1.3;944.0;-200.0;7.0;857.0;67.0;880.0;77.0;1463.0;631.0;35.2;22.3;1.2467
1092682800;1.3;969.0;-200.0;6.8;850.0;70.0;857.0;77.0;1503.0;695.0;31.7;28.2;1.2962
1092686400;1.6;1005.0;-200.0;8.5;919.0;81.0;788.0;87.0;1543.0;871.0;30.4;30.9;1.3219
1092690000;1.4;972.0;-200.0;8.0;898.0;79.0;807.0;88.0;1508.0;879.0;29.5;32.1;1.3005
1092693600;1.3;960.0;-200.0;5.7;798.0;73.0;854.0;84.0;1459.0;780.0;28.0;34.9;1.2989
1092697200;1.0;946.0;-200.0;5.1;767.0;57.0;870.0;65.0;1443.0;728.0;28.2;36.6;1.3722
1092700800;0.9;959.0;-200.0;5.5;787.0;45.0;830.0;54.0;1460.0;821.0;26.5;40.7;1.3873
1092704400;0.6;877.0;-200.0;3.1;658.0;25.0;964.0;37.0;1349.0;663.0;28.3;36.7;1.3878
1092708000;0.5;867.0;-200.0;2.9;645.0;23.0;1001.0;36.0;1385.0;656.0;25.7;43.8;1.4233
1092711600;0.5;836.0;-200.0;2.6;626.0;-200.0;1024.0;-200.0;1397.0;639.0;24.3;49.0;1.4666
1092715200;0.4;820.0;-200.0;2.2;597.0;18.0;1069.0;29.0;1346.0;603.0;24.3;48.3;1.4449
1092718800;0.4;828.0;-200.0;2.5;618.0;23.0;1039.0;25.0;1354.0;560.0;23.6;49.2;1.4153
1092722400;1.0;929.0;-200.0;5.6;791.0;59.0;841.0;41.0;1493.0;789.0;22.2;53.9;1.4201
1092726000;2.2;1118.0;-200.0;12.9;1079.0;135.0;638.0;68.0;1761.0;1145.0;22.5;52.3;1.41
1092729600;2.5;1155.0;-200.0;16.0;1181.0;167.0;580.0;82.0;1850.0;1302.0;24.3;47.8;1.4321
1092733200;2.3;1112.0;-200.0;12.2;1058.0;190.0;654.0;137.0;1695.0;1297.0;27.3;40.7;1.4548
1092736800;2.0;1094.0;-200.0;10.0;979.0;142.0;717.0;119.0;1633.0;1192.0;33.3;28.2;1.4189
1092740400;-200.0;1022.0;-200.0;7.8;890.0;-200.0;803.0;-200.0;1499.0;862.0;35.3;23.1;1.2989
1092744000;-200.0;968.0;-200.0;5.9;805.0;-200.0;875.0;-200.0;1391.0;649.0;36.1;21.3;1.2502
1092747600;-200.0;978.0;-200.0;6.6;840.0;-200.0;852.0;-200.0;1422.0;694.0;38.5;18.0;1.2055
1092751200;-200.0;947.0;-200.0;4.8;751.0;-200.0;922.0;-200.0;1358.0;595.0;36.5;20.8;1.2446
1092754800;-200.0;997.0;-200.0;5.9;808.0;-200.0;870.0;-200.0;1447.0;662.0;38.8;19.1;1.3035
1092758400;-200.0;1026.0;-200.0;6.0;813.0;-200.0;843.0;-200.0;1463.0;692.0;38.8;19.8;1.3513
1092762000;-200.0;973.0;-200.0;5.0;764.0;-200.0;914.0;-200.0;1373.0;619.0;38.1;19.7;1.2928
1092765600;-200.0;925.0;-200.0;4.2;721.0;-200.0;969.0;-200.0;1317.0;484.0;36.1;20.7;1.2151
1092769200;-200.0;957.0;-200.0;5.0;766.0;-200.0;929.0;-200.0;1380.0;516.0;32.8;24.3;1.1894
1092772800;-200.0;1029.0;-200.0;7.5;877.0;-200.0;807.0;-200.0;1489.0;776.0;30.4;29.8;1.2712
1092776400;-200.0;1109.0;-200.0;9.3;952.0;-200.0;735.0;-200.0;1601.0;1041.0;29.1;33.6;1.3314
1092780000;-200.0;1105.0;-200.0;10.0;977.0;-200.0;692.0;-200.0;1618.0;1138.0;28.6;35.7;1.3726
1092783600;-200.0;1039.0;-200.0;8.2;906.0;-200.0;728.0;-200.0;1545.0;1091.0;28.0;36.1;1.3425
1092787200;-200.0;965.0;-200.0;6.4;832.0;-200.0;795.0;-200.0;1455.0;978.0;25.8;39.5;1.2949
1092790800;-200.0;955.0;-200.0;6.0;812.0;-200.0;823.0;-200.0;1464.0;936.0;25.1;40.1;1.2544
1092794400;-200.0;935.0;-200.0;5.4;782.0;-200.0;847.0;-200.0;1428.0;867.0;24.4;42.5;1.2854
1092798000;-200.0;902.0;-200.0;4.4;735.0;-200.0;890.0;-200.0;1410.0;781.0;23.0;46.2;1.2783
1092801600;-200.0;875.0;-200.0;4.1;714.0;-200.0;903.0;-200.0;1379.0;746.0;22.5;46.7;1.261
1092805200;-200.0;884.0;-200.0;4.3;729.0;-200.0;920.0;-200.0;1389.0;837.0;22.9;45.7;1.2621
1092808800;-200.0;942.0;-200.0;6.3;825.0;-200.0;870.0;-200.0;1450.0;995.0;23.8;41.8;1.2149
1092812400;-200.0;1077.0;-200.0;10.9;1012.0;-200.0;708.0;-200.0;1633.0;1138.0;24.4;42.6;1.2866
1092816000;-200.0;1040.0;-200.0;11.2;1022.0;-200.0;713.0;-200.0;1624.0;998.0;27.3;36.8;1.3189
1092819600;-200.0;982.0;-200.0;6.5;836.0;-200.0;840.0;-200.0;1498.0;696.0;29.6;35.4;1.4426
1092823200;-200.0;995.0;-200.0;5.7;800.0;-200.0;896.0;-200.0;1501.0;615.0;34.6;28.3;1.5338
1092826800;-200.0;1024.0;-200.0;7.0;859.0;-200.0;810.0;-200.0;1576.0;710.0;33.1;32.6;1.6188
1092830400;-200.0;1029.0;-200.0;5.6;791.0;-200.0;855.0;-200.0;1567.0;651.0;33.3;33.1;1.6642
1092834000;-200.0;1003.0;-200.0;5.5;787.0;-200.0;850.0;-200.0;1518.0;636.0;34.6;30.1;1.6296
1092837600;-200.0;987.0;-200.0;5.4;782.0;-200.0;875.0;-200.0;1514.0;593.0;34.9;29.5;1.6275
1092841200;-200.0;1023.0;-200.0;7.0;859.0;-200.0;810.0;-200.0;1590.0;684.0;35.6;28.5;1.6293
1092844800;1.4;1023.0;-200.0;7.4;875.0;83.0;785.0;71.0;1590.0;711.0;36.4;27.1;1.6226
1092848400;1.7;1064.0;-200.0;9.1;942.0;94.0;735.0;78.0;1650.0;801.0;36.8;26.2;1.5984
1092852000;1.5;1042.0;-200.0;8.9;936.0;84.0;759.0;72.0;1630.0;770.0;36.4;26.8;1.6038
1092855600;1.7;1059.0;-200.0;9.2;947.0;90.0;733.0;74.0;1671.0;813.0;33.3;32.8;1.6527
1092859200;1.6;1050.0;-200.0;8.5;921.0;91.0;743.0;70.0;1683.0;851.0;31.3;39.5;1.7798
1092862800;1.4;1025.0;-200.0;7.9;896.0;70.0;738.0;55.0;1693.0;823.0;29.9;44.7;1.8511
1092866400;1.4;1029.0;-200.0;6.1;816.0;75.0;804.0;54.0;1624.0;778.0;29.1;48.4;1.9186
1092870000;1.4;1055.0;-200.0;6.4;831.0;72.0;769.0;53.0;1686.0;827.0;28.0;52.9;1.964
1092873600;1.2;1001.0;-200.0;5.7;799.0;59.0;800.0;46.0;1642.0;753.0;27.7;53.0;1.9423
1092877200;0.9;936.0;-200.0;4.4;730.0;48.0;864.0;38.0;1551.0;726.0;27.7;52.6;1.9202
1092880800;0.6;863.0;-200.0;2.3;608.0;41.0;1035.0;30.0;1465.0;597.0;28.3;49.5;1.8782
1092884400;0.4;834.0;-200.0;1.8;565.0;-200.0;1187.0;-200.0;1444.0;473.0;28.8;49.0;1.9112
1092888000;0.5;841.0;-200.0;1.9;578.0;11.0;1144.0;16.0;1464.0;463.0;27.7;52.5;1.923
1092891600;0.5;871.0;-200.0;2.4;611.0;11.0;1077.0;12.0;1494.0;526.0;27.5;53.0;1.9097
1092895200;0.8;962.0;-200.0;4.7;747.0;37.0;862.0;38.0;1605.0;712.0;27.1;54.4;1.9168
1092898800;1.4;1083.0;-200.0;7.8;889.0;72.0;725.0;56.0;1734.0;918.0;27.6;52.1;1.8936
1092902400;1.2;1061.0;-200.0;7.8;891.0;53.0;721.0;57.0;1697.0;894.0;29.0;48.5;1.9133
1092906000;1.0;1012.0;-200.0;6.3;824.0;31.0;803.0;39.0;1612.0;710.0;31.0;42.9;1.8909
1092909600;1.2;1031.0;-200.0;6.5;834.0;47.0;793.0;47.0;1640.0;737.0;32.5;39.4;1.8982
1092913200;1.1;1011.0;-200.0;6.1;816.0;33.0;830.0;35.0;1614.0;680.0;36.9;30.9;1.8934
1092916800;1.2;1009.0;-200.0;6.3;824.0;35.0;822.0;44.0;1606.0;670.0;36.2;30.6;1.8105
1092920400;1.1;980.0;-200.0;5.6;793.0;32.0;858.0;43.0;1549.0;654.0;37.7;27.7;1.778
1092924000;1.0;961.0;-200.0;5.8;803.0;23.0;852.0;34.0;1552.0;618.0;37.1;27.2;1.6874
1092927600;1.0;966.0;-200.0;5.4;784.0;27.0;870.0;36.0;1530.0;652.0;39.5;24.3;1.7216
1092931200;1.2;1022.0;-200.0;6.8;849.0;32.0;813.0;44.0;1583.0;732.0;39.9;23.8;1.7127
1092934800;1.7;1091.0;-200.0;9.3;953.0;51.0;723.0;63.0;1688.0;853.0;39.6;24.3;1.7255
1092938400;1.7;1063.0;-200.0;8.5;919.0;46.0;735.0;60.0;1676.0;821.0;37.2;29.1;1.8185
1092942000;1.7;1116.0;-200.0;9.3;952.0;62.0;702.0;66.0;1759.0;895.0;33.9;37.1;1.9264
1092945600;1.7;1101.0;-200.0;7.4;875.0;65.0;722.0;68.0;1748.0;927.0;31.6;43.6;1.9944
1092949200;-200.0;1072.0;-200.0;6.4;831.0;-200.0;757.0;-200.0;1677.0;857.0;30.3;47.3;2.0034
1092952800;-200.0;1080.0;-200.0;7.8;890.0;-200.0;723.0;-200.0;1702.0;869.0;29.8;49.1;2.0248
1092956400;-200.0;1005.0;-200.0;5.6;792.0;-200.0;809.0;-200.0;1638.0;725.0;29.0;51.7;2.0375
1092960000;-200.0;998.0;-200.0;5.3;776.0;-200.0;810.0;-200.0;1608.0;665.0;28.5;52.1;2.0036
1092963600;-200.0;1000.0;-200.0;5.0;763.0;-200.0;807.0;-200.0;1619.0;680.0;27.7;53.7;1.9661
1092967200;-200.0;932.0;-200.0;4.2;720.0;-200.0;859.0;-200.0;1562.0;605.0;27.4;53.5;1.9267
1092970800;-200.0;808.0;-200.0;1.4;539.0;-200.0;1206.0;-200.0;1383.0;427.0;28.5;48.7;1.872
1092974400;-200.0;795.0;-200.0;1.0;494.0;-200.0;1398.0;-200.0;1353.0;400.0;28.9;48.4;1.8982
1092978000;-200.0;886.0;-200.0;2.4;613.0;-200.0;1075.0;-200.0;1484.0;522.0;27.1;54.8;1.9309
1092981600;-200.0;974.0;-200.0;4.5;740.0;-200.0;873.0;-200.0;1595.0;703.0;26.1;59.0;1.9669
1092985200;-200.0;1112.0;-200.0;8.9;936.0;-200.0;683.0;-200.0;1792.0;965.0;26.7;58.0;2.0023
1092988800;-200.0;1175.0;-200.0;12.9;1080.0;-200.0;591.0;-200.0;1931.0;1102.0;27.9;54.9;2.0353
1092992400;-200.0;1091.0;-200.0;8.6;925.0;-200.0;701.0;-200.0;1753.0;1058.0;29.7;50.5;2.0767
1092996000;-200.0;1066.0;-200.0;7.8;890.0;-200.0;747.0;-200.0;1690.0;906.0;32.2;41.4;1.9624
1092999600;-200.0;1031.0;-200.0;7.7;887.0;-200.0;777.0;-200.0;1665.0;844.0;35.6;32.2;1.8408
1093003200;-200.0;1004.0;-200.0;7.3;868.0;-200.0;772.0;-200.0;1632.0;763.0;35.7;31.4;1.8025
1093006800;-200.0;927.0;-200.0;3.8;698.0;-200.0;919.0;-200.0;1537.0;555.0;35.5;34.9;1.9841
1093010400;-200.0;924.0;-200.0;3.3;673.0;-200.0;960.0;-200.0;1522.0;520.0;35.0;35.5;1.962
1093014000;-200.0;912.0;-200.0;3.3;671.0;-200.0;964.0;-200.0;1508.0;508.0;35.1;34.6;1.9255
1093017600;-200.0;976.0;-200.0;4.8;752.0;-200.0;876.0;-200.0;1561.0;545.0;36.8;30.5;1.8572
1093021200;-200.0;989.0;-200.0;5.7;798.0;-200.0;840.0;-200.0;1607.0;584.0;34.5;34.7;1.8667
1093024800;-200.0;986.0;-200.0;5.6;794.0;-200.0;845.0;-200.0;1619.0;590.0;33.0;38.1;1.8813
1093028400;-200.0;984.0;-200.0;5.7;800.0;-200.0;836.0;-200.0;1607.0;610.0;30.8;43.1;1.8761
1093032000;-200.0;1000.0;-200.0;7.0;857.0;-200.0;767.0;-200.0;1634.0;689.0;29.1;46.9;1.8652
1093035600;-200.0;996.0;-200.0;6.8;848.0;-200.0;763.0;-200.0;1657.0;713.0;28.2;49.8;1.8795
1093039200;-200.0;1013.0;-200.0;8.3;913.0;-200.0;717.0;-200.0;1685.0;785.0;27.5;50.4;1.823
1093042800;-200.0;1004.0;-200.0;6.9;851.0;-200.0;767.0;-200.0;1632.0;754.0;27.3;49.1;1.7503
1093046400;-200.0;949.0;-200.0;6.0;814.0;-200.0;824.0;-200.0;1563.0;653.0;26.7;46.7;1.6121
1093050000;-200.0;895.0;-200.0;5.4;783.0;-200.0;863.0;-200.0;1502.0;575.0;26.0;45.0;1.4913
1093053600;-200.0;863.0;-200.0;3.9;707.0;-200.0;927.0;-200.0;1407.0;537.0;25.0;47.3;1.4771
1093057200;-200.0;786.0;-200.0;2.0;587.0;-200.0;1150.0;-200.0;1300.0;413.0;25.3;44.3;1.4032
1093060800;-200.0;792.0;-200.0;2.2;597.0;-200.0;1137.0;-200.0;1320.0;417.0;24.3;46.3;1.3857
1093064400;-200.0;816.0;-200.0;3.0;653.0;-200.0;1058.0;-200.0;1332.0;486.0;24.8;43.4;1.3347
1093068000;-200.0;826.0;-200.0;3.5;682.0;-200.0;1088.0;-200.0;1342.0;532.0;24.5;40.6;1.2327
1093071600;-200.0;826.0;-200.0;3.8;698.0;-200.0;1017.0;-200.0;1331.0;542.0;25.7;36.9;1.1991
1093075200;-200.0;809.0;-200.0;3.2;664.0;-200.0;1061.0;-200.0;1323.0;459.0;26.8;35.0;1.2175
1093078800;-200.0;809.0;-200.0;2.6;624.0;-200.0;1131.0;-200.0;1309.0;415.0;28.0;34.9;1.3008
1093082400;-200.0;853.0;-200.0;3.5;681.0;-200.0;1031.0;-200.0;1368.0;457.0;29.0;34.1;1.3445
1093086000;-200.0;814.0;-200.0;3.1;657.0;-200.0;1086.0;-200.0;1332.0;429.0;30.4;30.8;1.3155
1093089600;-200.0;807.0;-200.0;3.1;658.0;-200.0;1113.0;-200.0;1328.0;428.0;32.4;26.3;1.2523
1093093200;-200.0;811.0;-200.0;3.0;653.0;-200.0;1120.0;-200.0;1336.0;423.0;31.0;28.9;1.277
1093096800;-200.0;796.0;-200.0;2.2;601.0;-200.0;1171.0;-200.0;1314.0;410.0;29.3;33.1;1.322
1093100400;-200.0;833.0;-200.0;3.0;649.0;-200.0;1142.0;-200.0;1354.0;437.0;26.9;35.2;1.2334
1093104000;-200.0;856.0;-200.0;3.5;684.0;-200.0;1023.0;-200.0;1368.0;520.0;28.1;34.2;1.2802
1093107600;-200.0;830.0;-200.0;3.7;696.0;-200.0;1060.0;-200.0;1328.0;461.0;28.5;29.4;1.1298
1093111200;-200.0;883.0;-200.0;5.4;782.0;-200.0;958.0;-200.0;1395.0;571.0;27.3;31.0;1.111
1093114800;-200.0;965.0;-200.0;8.9;936.0;-200.0;808.0;-200.0;1535.0;866.0;25.4;36.2;1.1562
1093118400;-200.0;931.0;-200.0;7.8;890.0;-200.0;831.0;-200.0;1474.0;841.0;24.6;38.0;1.158
1093122000;-200.0;885.0;-200.0;5.6;791.0;-200.0;941.0;-200.0;1425.0;706.0;24.3;41.6;1.2467
1093125600;-200.0;900.0;-200.0;5.2;773.0;-200.0;944.0;-200.0;1426.0;703.0;24.9;40.8;1.2696
1093129200;-200.0;904.0;-200.0;6.7;845.0;-200.0;878.0;-200.0;1483.0;775.0;23.8;44.7;1.3019
1093132800;-200.0;944.0;-200.0;8.0;900.0;-200.0;809.0;-200.0;1549.0;830.0;22.8;49.8;1.367
1093136400;-200.0;907.0;-200.0;6.4;832.0;-200.0;868.0;-200.0;1492.0;808.0;22.8;49.4;1.3568
1093140000;-200.0;886.0;-200.0;5.2;774.0;-200.0;868.0;-200.0;1486.0;815.0;20.9;57.4;1.4037
1093143600;-200.0;882.0;-200.0;5.1;767.0;-200.0;856.0;-200.0;1492.0;897.0;20.5;60.6;1.447
1093147200;-200.0;843.0;-200.0;4.0;713.0;-200.0;917.0;-200.0;1426.0;836.0;19.6;63.7;1.4396
1093150800;-200.0;825.0;-200.0;3.7;694.0;-200.0;935.0;-200.0;1415.0;774.0;19.4;64.5;1.4394
1093154400;-200.0;791.0;-200.0;2.8;638.0;-200.0;1038.0;-200.0;1389.0;698.0;18.6;67.4;1.4302
1093158000;-200.0;856.0;-200.0;4.5;735.0;-200.0;936.0;-200.0;1455.0;800.0;19.6;63.7;1.4419
1093161600;-200.0;861.0;-200.0;4.7;746.0;-200.0;911.0;-200.0;1448.0;771.0;21.7;56.4;1.4496
1093165200;-200.0;924.0;-200.0;6.0;814.0;-200.0;830.0;-200.0;1519.0;798.0;25.2;47.4;1.4978
1093168800;-200.0;941.0;-200.0;5.8;805.0;-200.0;842.0;-200.0;1512.0;755.0;30.4;34.1;1.4577
1093172400;-200.0;879.0;-200.0;5.2;775.0;-200.0;899.0;-200.0;1407.0;657.0;33.4;25.1;1.2665
1093176000;-200.0;816.0;-200.0;4.6;742.0;-200.0;1009.0;-200.0;1305.0;537.0;35.5;18.2;1.0376
1093179600;-200.0;715.0;-200.0;2.1;589.0;-200.0;1286.0;-200.0;1127.0;390.0;35.1;15.7;0.8757
1093183200;-200.0;717.0;-200.0;1.8;570.0;-200.0;1326.0;-200.0;1110.0;368.0;33.3;17.1;0.8592
1093186800;-200.0;711.0;-200.0;2.8;640.0;-200.0;1224.0;-200.0;1084.0;391.0;36.6;11.8;0.7107
1093190400;-200.0;731.0;-200.0;3.6;686.0;-200.0;1212.0;-200.0;1104.0;413.0;38.3;10.0;0.6591
1093194000;-200.0;752.0;-200.0;4.0;713.0;-200.0;1163.0;-200.0;1144.0;435.0;37.3;10.9;0.6846
1093197600;-200.0;879.0;-200.0;5.3;779.0;-200.0;999.0;-200.0;1347.0;535.0;34.6;20.0;1.0817
1093201200;-200.0;922.0;-200.0;7.4;874.0;-200.0;851.0;-200.0;1447.0;663.0;30.4;28.2;1.204
1093204800;-200.0;958.0;-200.0;8.0;900.0;-200.0;782.0;-200.0;1493.0;830.0;28.1;34.3;1.2821
1093208400;-200.0;949.0;-200.0;7.4;876.0;-200.0;773.0;-200.0;1500.0;911.0;26.5;36.6;1.2484
1093212000;-200.0;922.0;-200.0;6.1;818.0;-200.0;826.0;-200.0;1454.0;848.0;25.7;38.5;1.2548
1093215600;-200.0;902.0;-200.0;5.5;790.0;-200.0;856.0;-200.0;1428.0;799.0;24.7;41.6;1.2751
1093219200;-200.0;932.0;-200.0;6.2;820.0;-200.0;817.0;-200.0;1462.0;921.0;23.6;45.4;1.3067
1093222800;-200.0;870.0;-200.0;4.4;733.0;-200.0;903.0;-200.0;1392.0;762.0;23.4;46.3;1.3134
1093226400;-200.0;812.0;-200.0;3.4;675.0;-200.0;995.0;-200.0;1348.0;661.0;21.6;51.6;1.3171
1093230000;-200.0;773.0;-200.0;2.4;613.0;-200.0;1065.0;-200.0;1321.0;597.0;21.2;53.3;1.328
1093233600;-200.0;769.0;-200.0;2.0;582.0;-200.0;1105.0;-200.0;1306.0;616.0;20.6;55.1;1.3237
1093237200;-200.0;763.0;-200.0;2.0;583.0;-200.0;1093.0;-200.0;1288.0;596.0;22.1;49.6;1.3022
1093240800;-200.0;809.0;-200.0;3.8;701.0;-200.0;997.0;-200.0;1384.0;649.0;21.1;51.6;1.2784
1093244400;-200.0;893.0;-200.0;7.6;881.0;-200.0;810.0;-200.0;1486.0;792.0;21.8;48.6;1.2556
1093248000;-200.0;1028.0;-200.0;14.9;1146.0;-200.0;638.0;-200.0;1766.0;1080.0;21.7;49.1;1.2602
1093251600;2.0;1011.0;-200.0;12.0;1051.0;111.0;702.0;-200.0;1659.0;1087.0;25.3;41.7;1.3243
1093255200;-200.0;994.0;-200.0;9.2;947.0;-200.0;764.0;-200.0;1572.0;983.0;30.3;30.9;1.3096
1093258800;1.6;937.0;-200.0;8.2;908.0;86.0;822.0;83.0;1466.0;826.0;32.9;24.9;1.2269
1093262400;1.3;902.0;-200.0;5.9;808.0;57.0;912.0;64.0;1408.0;632.0;34.4;23.5;1.2541
1093266000;1.0;860.0;-200.0;4.7;748.0;39.0;955.0;50.0;1344.0;532.0;34.3;22.5;1.1974
1093269600;0.9;843.0;-200.0;4.1;716.0;41.0;1005.0;53.0;1305.0;496.0;33.4;21.6;1.0927
1093273200;1.0;872.0;-200.0;4.9;760.0;47.0;979.0;57.0;1314.0;513.0;36.1;18.4;1.0827
1093276800;1.1;857.0;-200.0;5.2;775.0;45.0;979.0;55.0;1258.0;512.0;37.3;15.4;0.9692
1093280400;1.5;922.0;-200.0;7.5;878.0;60.0;880.0;70.0;1363.0;615.0;36.8;16.2;0.9922
1093284000;1.5;951.0;-200.0;7.4;875.0;51.0;856.0;68.0;1406.0;600.0;34.9;20.9;1.1463
1093287600;1.6;962.0;-200.0;7.8;891.0;53.0;813.0;73.0;1442.0;634.0;30.8;26.5;1.1603
1093291200;1.7;957.0;-200.0;8.6;926.0;72.0;758.0;92.0;1480.0;830.0;28.9;28.3;1.1078
1093294800;1.4;928.0;-200.0;6.5;837.0;62.0;808.0;80.0;1410.0;871.0;27.0;30.7;1.079
1093298400;1.2;895.0;-200.0;6.8;846.0;41.0;819.0;60.0;1371.0;787.0;26.6;30.6;1.0459
1093302000;1.1;902.0;-200.0;5.7;797.0;32.0;845.0;49.0;1355.0;841.0;26.0;33.1;1.0955
1093305600;1.1;904.0;-200.0;5.8;801.0;44.0;852.0;53.0;1400.0;862.0;24.1;37.9;1.1204
1093309200;1.2;919.0;-200.0;5.7;799.0;29.0;844.0;50.0;1409.0;881.0;22.2;43.1;1.1396
1093312800;0.7;812.0;-200.0;3.2;663.0;18.0;982.0;34.0;1265.0;709.0;22.8;41.3;1.1284
1093316400;0.5;776.0;-200.0;2.1;590.0;-200.0;1099.0;-200.0;1245.0;602.0;21.2;43.8;1.088
1093320000;0.4;762.0;-200.0;1.7;563.0;12.0;1181.0;21.0;1208.0;492.0;21.7;42.6;1.0907
1093323600;0.7;786.0;-200.0;2.8;642.0;39.0;1057.0;48.0;1270.0;592.0;20.2;47.1;1.1021
1093327200;1.1;868.0;-200.0;5.7;798.0;83.0;866.0;71.0;1392.0;824.0;20.1;47.8;1.1093
1093330800;1.6;965.0;-200.0;10.0;977.0;149.0;725.0;94.0;1515.0;1014.0;20.6;45.5;1.0925
1093334400;2.3;1049.0;-200.0;14.5;1133.0;216.0;630.0;118.0;1662.0;1208.0;22.4;41.1;1.0979
1093338000;1.6;1008.0;-200.0;9.9;973.0;153.0;714.0;105.0;1509.0;1178.0;25.0;36.6;1.143
1093341600;2.0;1008.0;-200.0;11.2;1021.0;177.0;714.0;122.0;1549.0;1176.0;29.9;26.2;1.0891
1093345200;1.6;973.0;-200.0;8.3;911.0;126.0;800.0;121.0;1441.0;891.0;32.9;21.8;1.0714
1093348800;1.6;964.0;-200.0;9.5;959.0;96.0;787.0;115.0;1438.0;731.0;35.0;17.9;0.99
1093352400;1.3;923.0;-200.0;7.1;862.0;92.0;875.0;107.0;1363.0;626.0;34.6;18.2;0.9832
1093356000;1.0;934.0;-200.0;6.0;811.0;75.0;896.0;86.0;1343.0;553.0;33.8;22.8;1.1781
1093359600;1.6;1036.0;-200.0;9.1;943.0;109.0;770.0;118.0;1509.0;770.0;36.3;19.5;1.1539
1093363200;2.0;1076.0;-200.0;10.4;994.0;133.0;723.0;129.0;1549.0;938.0;38.3;17.9;1.181
1093366800;1.7;1055.0;-200.0;8.7;927.0;87.0;757.0;90.0;1520.0;716.0;36.9;20.9;1.2864
1093370400;1.7;1081.0;-200.0;9.0;938.0;80.0;728.0;87.0;1568.0;714.0;33.9;30.0;1.56
1093374000;1.4;1072.0;-200.0;6.8;850.0;70.0;737.0;65.0;1604.0;702.0;29.8;43.4;1.7988
1093377600;1.3;1038.0;-200.0;5.2;773.0;67.0;749.0;61.0;1568.0;687.0;27.5;50.4;1.8274
1093381200;1.3;1059.0;-200.0;5.7;800.0;66.0;740.0;62.0;1604.0;739.0;27.5;50.4;1.8284
1093384800;1.6;1070.0;-200.0;6.9;852.0;97.0;704.0;85.0;1639.0;867.0;28.1;48.0;1.7933
1093388400;1.8;1093.0;-200.0;7.8;893.0;90.0;677.0;83.0;1678.0;927.0;26.9;49.6;1.7299
1093392000;1.5;1016.0;-200.0;6.8;849.0;99.0;729.0;84.0;1609.0;872.0;26.0;48.0;1.5899
1093395600;1.3;988.0;-200.0;6.3;825.0;71.0;756.0;71.0;1559.0;848.0;24.9;50.6;1.5747
1093399200;1.1;930.0;-200.0;4.7;749.0;59.0;823.0;62.0;1464.0;777.0;23.7;53.2;1.5418
1093402800;0.5;815.0;-200.0;2.0;584.0;-200.0;1102.0;-200.0;1363.0;513.0;24.5;50.9;1.5416
1093406400;0.6;884.0;-200.0;3.6;686.0;26.0;908.0;40.0;1439.0;651.0;22.9;56.1;1.5492
1093410000;0.7;913.0;-200.0;4.4;730.0;47.0;883.0;50.0;1493.0;774.0;23.3;55.5;1.5636
1093413600;1.1;994.0;-200.0;6.4;829.0;108.0;784.0;78.0;1581.0;982.0;23.6;54.2;1.5583
1093417200;1.9;1173.0;-200.0;11.9;1047.0;160.0;631.0;89.0;1815.0;1175.0;24.9;52.9;1.643
1093420800;3.5;1314.0;-200.0;21.0;1325.0;204.0;499.0;106.0;2143.0;1390.0;26.4;50.8;1.7166
1093424400;2.9;1252.0;-200.0;15.6;1168.0;193.0;557.0;107.0;1938.0;1352.0;28.1;47.4;1.7753
1093428000;2.2;1151.0;-200.0;12.1;1053.0;146.0;623.0;93.0;1835.0;1152.0;30.2;43.2;1.823
1093431600;2.0;1122.0;-200.0;9.3;951.0;126.0;687.0;95.0;1729.0;1022.0;31.2;41.9;1.871
1093435200;1.7;1111.0;-200.0;8.7;927.0;90.0;707.0;78.0;1715.0;922.0;33.9;36.0;1.8692
1093438800;1.6;1058.0;-200.0;7.9;894.0;84.0;736.0;76.0;1648.0;825.0;33.9;34.1;1.7754
1093442400;1.3;972.0;-200.0;6.2;820.0;60.0;811.0;66.0;1535.0;630.0;34.4;30.6;1.6402
1093446000;1.3;985.0;-200.0;6.3;826.0;66.0;808.0;71.0;1544.0;621.0;35.3;28.5;1.6034
1093449600;1.3;1004.0;-200.0;6.0;814.0;57.0;808.0;61.0;1520.0;602.0;36.3;28.3;1.6851
1093453200;1.6;1030.0;-200.0;7.9;897.0;71.0;733.0;73.0;1592.0;668.0;35.3;29.4;1.6577
1093456800;1.3;965.0;-200.0;5.8;802.0;51.0;821.0;54.0;1504.0;564.0;32.5;34.1;1.6453
1093460400;1.4;987.0;-200.0;6.3;824.0;49.0;793.0;53.0;1541.0;581.0;29.1;42.1;1.6695
1093464000;1.4;923.0;-200.0;6.0;811.0;59.0;804.0;69.0;1434.0;604.0;27.8;35.6;1.3116
1093467600;1.3;872.0;-200.0;6.3;824.0;66.0;853.0;77.0;1346.0;590.0;27.0;30.0;1.0542
1093471200;1.4;939.0;-200.0;6.8;849.0;72.0;804.0;83.0;1479.0;650.0;26.3;37.3;1.2555
1093474800;1.5;954.0;-200.0;7.0;855.0;89.0;792.0;94.0;1474.0;745.0;25.2;40.8;1.2877
1093478400;1.5;969.0;-200.0;7.0;857.0;75.0;753.0;84.0;1485.0;821.0;24.3;43.3;1.2973
1093482000;0.9;882.0;-200.0;5.0;763.0;38.0;879.0;55.0;1388.0;656.0;23.3;45.3;1.2794
1093485600;0.6;805.0;-200.0;2.8;637.0;24.0;1048.0;35.0;1276.0;520.0;24.1;44.0;1.3034
1093489200;0.5;790.0;-200.0;2.1;590.0;-200.0;1122.0;-200.0;1257.0;493.0;23.8;44.8;1.3061
1093492800;-200.0;779.0;-200.0;1.7;560.0;19.0;1189.0;31.0;1231.0;487.0;23.0;47.7;1.3232
1093496400;0.5;842.0;-200.0;2.8;640.0;40.0;1070.0;45.0;1293.0;595.0;23.7;46.7;1.3501
1093500000;1.0;-200.0;-200.0;-200.0;-200.0;63.0;-200.0;59.0;-200.0;-200.0;-200.0;-200.0;-200.0
1093503600;1.9;-200.0;-200.0;-200.0;-200.0;121.0;-200.0;83.0;-200.0;-200.0;-200.0;-200.0;-200.0
1093507200;2.6;-200.0;-200.0;-200.0;-200.0;143.0;-200.0;90.0;-200.0;-200.0;-200.0;-200.0;-200.0
1093510800;1.7;-200.0;-200.0;-200.0;-200.0;104.0;-200.0;87.0;-200.0;-200.0;-200.0;-200.0;-200.0
1093514400;1.7;-200.0;-200.0;-200.0;-200.0;111.0;-200.0;83.0;-200.0;-200.0;-200.0;-200.0;-200.0
1093518000;1.4;-200.0;-200.0;-200.0;-200.0;83.0;-200.0;71.0;-200.0;-200.0;-200.0;-200.0;-200.0
1093521600;1.6;-200.0;-200.0;-200.0;-200.0;90.0;-200.0;77.0;-200.0;-200.0;-200.0;-200.0;-200.0
1093525200;1.3;-200.0;-200.0;-200.0;-200.0;82.0;-200.0;75.0;-200.0;-200.0;-200.0;-200.0;-200.0
1093528800;0.9;-200.0;-200.0;-200.0;-200.0;48.0;-200.0;52.0;-200.0;-200.0;-200.0;-200.0;-200.0
1093532400;1.4;-200.0;-200.0;-200.0;-200.0;89.0;-200.0;76.0;-200.0;-200.0;-200.0;-200.0;-200.0
1093536000;1.0;-200.0;-200.0;-200.0;-200.0;58.0;-200.0;60.0;-200.0;-200.0;-200.0;-200.0;-200.0
1093539600;2.2;-200.0;-200.0;-200.0;-200.0;129.0;-200.0;99.0;-200.0;-200.0;-200.0;-200.0;-200.0
1093543200;1.9;-200.0;-200.0;-200.0;-200.0;103.0;-200.0;88.0;-200.0;-200.0;-200.0;-200.0;-200.0
1093546800;2.1;-200.0;-200.0;-200.0;-200.0;115.0;-200.0;91.0;-200.0;-200.0;-200.0;-200.0;-200.0
1093550400;1.7;-200.0;-200.0;-200.0;-200.0;108.0;-200.0;91.0;-200.0;-200.0;-200.0;-200.0;-200.0
1093554000;1.0;-200.0;-200.0;-200.0;-200.0;60.0;-200.0;68.0;-200.0;-200.0;-200.0;-200.0;-200.0
1093557600;1.1;-200.0;-200.0;-200.0;-200.0;68.0;-200.0;71.0;-200.0;-200.0;-200.0;-200.0;-200.0
1093561200;0.7;-200.0;-200.0;-200.0;-200.0;36.0;-200.0;49.0;-200.0;-200.0;-200.0;-200.0;-200.0
1093564800;1.3;-200.0;-200.0;-200.0;-200.0;81.0;-200.0;71.0;-200.0;-200.0;-200.0;-200.0;-200.0
1093568400;1.3;-200.0;-200.0;-200.0;-200.0;91.0;-200.0;76.0;-200.0;-200.0;-200.0;-200.0;-200.0
1093572000;1.0;-200.0;-200.0;-200.0;-200.0;65.0;-200.0;67.0;-200.0;-200.0;-200.0;-200.0;-200.0
1093575600;0.7;-200.0;-200.0;-200.0;-200.0;-200.0;-200.0;-200.0;-200.0;-200.0;-200.0;-200.0;-200.0
1093579200;0.6;-200.0;-200.0;-200.0;-200.0;46.0;-200.0;58.0;-200.0;-200.0;-200.0;-200.0;-200.0
1093582800;0.7;-200.0;-200.0;-200.0;-200.0;71.0;-200.0;53.0;-200.0;-200.0;-200.0;-200.0;-200.0
1093586400;1.1;-200.0;-200.0;-200.0;-200.0;92.0;-200.0;52.0;-200.0;-200.0;-200.0;-200.0;-200.0
1093590000;2.4;-200.0;-200.0;-200.0;-200.0;201.0;-200.0;68.0;-200.0;-200.0;-200.0;-200.0;-200.0
1093593600;2.4;-200.0;-200.0;-200.0;-200.0;169.0;-200.0;69.0;-200.0;-200.0;-200.0;-200.0;-200.0
1093597200;2.3;-200.0;-200.0;-200.0;-200.0;158.0;-200.0;83.0;-200.0;-200.0;-200.0;-200.0;-200.0
1093600800;2.2;-200.0;-200.0;-200.0;-200.0;147.0;-200.0;99.0;-200.0;-200.0;-200.0;-200.0;-200.0
1093604400;1.8;-200.0;-200.0;-200.0;-200.0;119.0;-200.0;101.0;-200.0;-200.0;-200.0;-200.0;-200.0
1093608000;2.0;-200.0;-200.0;-200.0;-200.0;114.0;-200.0;104.0;-200.0;-200.0;-200.0;-200.0;-200.0
1093611600;1.5;-200.0;-200.0;-200.0;-200.0;92.0;-200.0;89.0;-200.0;-200.0;-200.0;-200.0;-200.0
1093615200;1.4;-200.0;-200.0;-200.0;-200.0;82.0;-200.0;88.0;-200.0;-200.0;-200.0;-200.0;-200.0
1093618800;1.5;-200.0;-200.0;-200.0;-200.0;85.0;-200.0;89.0;-200.0;-200.0;-200.0;-200.0;-200.0
1093622400;1.6;-200.0;-200.0;-200.0;-200.0;96.0;-200.0;92.0;-200.0;-200.0;-200.0;-200.0;-200.0
1093626000;1.9;-200.0;-200.0;-200.0;-200.0;104.0;-200.0;109.0;-200.0;-200.0;-200.0;-200.0;-200.0
1093629600;2.0;-200.0;-200.0;-200.0;-200.0;101.0;-200.0;107.0;-200.0;-200.0;-200.0;-200.0;-200.0
1093633200;2.3;-200.0;-200.0;-200.0;-200.0;128.0;-200.0;116.0;-200.0;-200.0;-200.0;-200.0;-200.0
1093636800;2.4;-200.0;-200.0;-200.0;-200.0;147.0;-200.0;124.0;-200.0;-200.0;-200.0;-200.0;-200.0
1093640400;1.8;-200.0;-200.0;-200.0;-200.0;115.0;-200.0;112.0;-200.0;-200.0;-200.0;-200.0;-200.0
1093644000;1.7;-200.0;-200.0;-200.0;-200.0;97.0;-200.0;99.0;-200.0;-200.0;-200.0;-200.0;-200.0
1093647600;1.2;-200.0;-200.0;-200.0;-200.0;74.0;-200.0;85.0;-200.0;-200.0;-200.0;-200.0;-200.0
1093651200;0.8;-200.0;-200.0;-200.0;-200.0;50.0;-200.0;69.0;-200.0;-200.0;-200.0;-200.0;-200.0
1093654800;0.7;-200.0;-200.0;-200.0;-200.0;41.0;-200.0;58.0;-200.0;-200.0;-200.0;-200.0;-200.0
1093658400;0.6;-200.0;-200.0;-200.0;-200.0;36.0;-200.0;49.0;-200.0;-200.0;-200.0;-200.0;-200.0
1093662000;0.6;835.0;-200.0;3.8;699.0;-200.0;912.0;-200.0;1361.0;796.0;19.8;59.3;1.3505
1093665600;0.6;792.0;-200.0;2.5;621.0;40.0;1015.0;56.0;1322.0;714.0;20.0;59.3;1.3681
1093669200;0.4;749.0;-200.0;1.7;559.0;25.0;1145.0;33.0;1255.0;584.0;22.5;48.6;1.3077
1093672800;0.5;803.0;-200.0;3.4;676.0;38.0;975.0;39.0;1303.0;676.0;19.5;57.0;1.2739
1093676400;0.7;818.0;-200.0;4.3;726.0;38.0;921.0;43.0;1330.0;685.0;19.6;56.1;1.2651
1093680000;1.2;932.0;-200.0;7.1;861.0;75.0;767.0;62.0;1483.0;894.0;20.7;53.3;1.287
1093683600;1.7;977.0;-200.0;8.3;913.0;104.0;744.0;81.0;1512.0;977.0;24.7;41.8;1.2839
1093687200;1.8;1011.0;-200.0;9.1;945.0;134.0;733.0;102.0;1570.0;1034.0;29.9;30.5;1.2616
1093690800;1.5;975.0;-200.0;7.7;887.0;85.0;829.0;86.0;1478.0;737.0;32.3;27.2;1.2933
1093694400;1.2;958.0;-200.0;7.2;867.0;30.0;828.0;37.0;1468.0;660.0;34.3;24.5;1.3021
1093698000;1.1;903.0;-200.0;5.8;805.0;49.0;886.0;64.0;1361.0;581.0;33.4;22.5;1.1398
1093701600;-200.0;854.0;-200.0;3.5;684.0;-200.0;1020.0;-200.0;1294.0;456.0;32.7;22.8;1.1069
1093705200;-200.0;890.0;-200.0;4.7;749.0;-200.0;953.0;-200.0;1332.0;483.0;34.5;20.5;1.1028
1093708800;-200.0;962.0;-200.0;6.7;845.0;-200.0;877.0;-200.0;1379.0;575.0;35.9;20.3;1.18
1093712400;-200.0;1028.0;-200.0;8.9;934.0;-200.0;786.0;-200.0;1481.0;707.0;35.8;23.0;1.3323
1093716000;-200.0;1031.0;-200.0;8.0;901.0;-200.0;775.0;-200.0;1502.0;628.0;33.5;29.0;1.4797
1093719600;-200.0;1087.0;-200.0;9.0;938.0;-200.0;690.0;-200.0;1613.0;747.0;29.8;39.6;1.6324
1093723200;-200.0;1029.0;-200.0;7.1;862.0;-200.0;727.0;-200.0;1539.0;733.0;27.9;43.1;1.6004
1093726800;-200.0;1070.0;-200.0;8.8;932.0;-200.0;685.0;-200.0;1648.0;847.0;27.3;44.5;1.5885
1093730400;-200.0;1059.0;-200.0;8.4;914.0;-200.0;697.0;-200.0;1617.0;895.0;26.0;47.6;1.5806
1093734000;-200.0;1125.0;-200.0;9.3;952.0;-200.0;646.0;-200.0;1690.0;995.0;25.3;52.9;1.6765
1093737600;-200.0;1062.0;-200.0;6.4;829.0;-200.0;714.0;-200.0;1592.0;846.0;24.5;56.3;1.7026
1093741200;-200.0;1049.0;-200.0;6.9;853.0;-200.0;699.0;-200.0;1605.0;882.0;23.5;59.8;1.7141
1093744800;-200.0;999.0;-200.0;7.3;871.0;-200.0;711.0;-200.0;1580.0;909.0;22.6;62.6;1.6945
1093748400;-200.0;947.0;-200.0;5.9;808.0;-200.0;768.0;-200.0;1537.0;851.0;21.8;64.6;1.6721
1093752000;-200.0;904.0;-200.0;4.8;753.0;-200.0;809.0;-200.0;1529.0;766.0;21.0;66.9;1.6454
1093755600;-200.0;894.0;-200.0;3.5;681.0;-200.0;843.0;-200.0;1476.0;765.0;21.2;66.4;1.6468
1093759200;-200.0;875.0;-200.0;3.0;654.0;-200.0;897.0;-200.0;1463.0;752.0;21.0;66.5;1.6344
1093762800;-200.0;870.0;-200.0;2.8;637.0;-200.0;947.0;-200.0;1445.0;716.0;21.3;64.1;1.6043
1093766400;-200.0;952.0;-200.0;4.8;756.0;-200.0;809.0;-200.0;1518.0;825.0;22.7;58.1;1.5856
1093770000;-200.0;949.0;-200.0;3.9;705.0;-200.0;859.0;-200.0;1460.0;691.0;25.1;51.8;1.6304
1093773600;-200.0;1028.0;-200.0;6.9;854.0;-200.0;776.0;-200.0;1561.0;761.0;29.5;39.0;1.5868
1093777200;-200.0;1003.0;-200.0;6.8;849.0;-200.0;800.0;-200.0;1511.0;710.0;32.3;31.8;1.5128
1093780800;-200.0;934.0;-200.0;5.0;763.0;-200.0;872.0;-200.0;1435.0;567.0;33.6;28.9;1.4792
1093784400;-200.0;872.0;-200.0;4.0;710.0;-200.0;956.0;-200.0;1377.0;493.0;31.9;28.2;1.3116
1093788000;-200.0;852.0;-200.0;3.5;684.0;-200.0;982.0;-200.0;1343.0;477.0;32.5;25.9;1.2437
1093791600;-200.0;881.0;-200.0;4.1;715.0;-200.0;955.0;-200.0;1352.0;502.0;34.1;23.4;1.2307
1093795200;-200.0;942.0;-200.0;5.4;783.0;-200.0;898.0;-200.0;1397.0;568.0;36.2;21.4;1.2664
1093798800;-200.0;1038.0;-200.0;8.6;925.0;-200.0;746.0;-200.0;1534.0;714.0;35.6;22.6;1.2984
1093802400;-200.0;1042.0;-200.0;8.8;932.0;-200.0;752.0;-200.0;1530.0;717.0;33.6;25.7;1.3101
1093806000;-200.0;1181.0;-200.0;13.7;1107.0;-200.0;590.0;-200.0;1807.0;935.0;29.9;35.2;1.4603
1093809600;-200.0;1116.0;-200.0;11.8;1044.0;-200.0;613.0;-200.0;1694.0;954.0;28.3;39.2;1.4826
1093813200;-200.0;1062.0;-200.0;8.6;923.0;-200.0;697.0;-200.0;1602.0;839.0;27.0;43.0;1.5118
1093816800;-200.0;1085.0;-200.0;9.2;948.0;-200.0;680.0;-200.0;1635.0;880.0;26.2;46.8;1.5669
1093820400;-200.0;1161.0;-200.0;12.2;1057.0;-200.0;613.0;-200.0;1764.0;1026.0;25.1;51.5;1.621
1093824000;-200.0;1053.0;-200.0;7.8;891.0;-200.0;690.0;-200.0;1589.0;898.0;24.1;55.3;1.6363
1093827600;-200.0;956.0;-200.0;4.5;740.0;-200.0;831.0;-200.0;1474.0;717.0;23.8;57.8;1.677
1093831200;-200.0;859.0;-200.0;2.9;646.0;-200.0;951.0;-200.0;1376.0;607.0;23.7;56.2;1.6255
1093834800;-200.0;813.0;-200.0;1.8;566.0;-200.0;1123.0;-200.0;1328.0;501.0;24.8;52.2;1.6086
1093838400;-200.0;815.0;-200.0;1.7;565.0;-200.0;1127.0;-200.0;1350.0;541.0;22.9;59.4;1.6353
1093842000;-200.0;902.0;-200.0;3.9;706.0;-200.0;877.0;-200.0;1463.0;708.0;22.0;62.3;1.6266
1093845600;-200.0;1017.0;-200.0;7.6;885.0;-200.0;726.0;-200.0;1609.0;884.0;21.5;64.0;1.6256
1093849200;-200.0;1336.0;-200.0;23.3;1385.0;-200.0;477.0;-200.0;2133.0;1357.0;22.6;60.3;1.6287
1093852800;-200.0;1393.0;-200.0;30.7;1567.0;-200.0;416.0;-200.0;2381.0;1562.0;23.8;56.5;1.64
1093856400;-200.0;1271.0;-200.0;20.4;1308.0;-200.0;517.0;-200.0;2007.0;1411.0;25.7;50.6;1.6475
1093860000;-200.0;1169.0;-200.0;13.7;1107.0;-200.0;607.0;-200.0;1818.0;1175.0;27.8;45.4;1.6751
1093863600;-200.0;1143.0;-200.0;11.8;1043.0;-200.0;643.0;-200.0;1747.0;1079.0;29.9;39.6;1.6397
1093867200;-200.0;1084.0;-200.0;10.1;980.0;-200.0;679.0;-200.0;1653.0;923.0;31.6;34.7;1.589
1093870800;-200.0;1051.0;-200.0;9.3;950.0;-200.0;715.0;-200.0;1644.0;748.0;31.5;34.4;1.5665
1093874400;-200.0;1020.0;-200.0;7.6;882.0;-200.0;765.0;-200.0;1553.0;635.0;31.2;35.0;1.5669
1093878000;-200.0;1111.0;-200.0;13.1;1088.0;-200.0;635.0;-200.0;1719.0;884.0;33.0;31.4;1.5583
1093881600;-200.0;1125.0;-200.0;12.2;1056.0;-200.0;645.0;-200.0;1716.0;929.0;33.8;29.2;1.5143
1093885200;-200.0;1099.0;-200.0;11.9;1048.0;-200.0;657.0;-200.0;1711.0;779.0;33.0;29.5;1.4613
1093888800;-200.0;1132.0;-200.0;14.1;1121.0;-200.0;611.0;-200.0;1757.0;906.0;32.3;30.2;1.4347
1093892400;-200.0;1077.0;-200.0;11.3;1025.0;-200.0;629.0;-200.0;1677.0;772.0;28.4;38.4;1.4616
1093896000;-200.0;1076.0;-200.0;10.3;988.0;-200.0;648.0;-200.0;1649.0;883.0;26.9;43.2;1.5052
1093899600;-200.0;1070.0;-200.0;10.8;1008.0;-200.0;656.0;-200.0;1649.0;963.0;26.0;43.6;1.4407
1093903200;-200.0;1052.0;-200.0;9.4;956.0;-200.0;675.0;-200.0;1581.0;987.0;25.0;47.6;1.4872
1093906800;-200.0;988.0;-200.0;7.1;862.0;-200.0;736.0;-200.0;1539.0;893.0;24.6;50.9;1.5508
1093910400;-200.0;926.0;-200.0;5.1;769.0;-200.0;836.0;-200.0;1467.0;801.0;24.0;55.6;1.6381
1093914000;-200.0;925.0;-200.0;4.7;749.0;-200.0;826.0;-200.0;1482.0;739.0;23.5;58.3;1.6672
1093917600;-200.0;869.0;-200.0;2.9;648.0;-200.0;953.0;-200.0;1401.0;644.0;22.7;60.8;1.6519
1093921200;-200.0;832.0;-200.0;2.1;593.0;-200.0;1049.0;-200.0;1347.0;558.0;24.1;55.5;1.6481
1093924800;-200.0;854.0;-200.0;2.9;645.0;-200.0;954.0;-200.0;1399.0;602.0;22.5;60.9;1.6424
1093928400;-200.0;913.0;-200.0;4.3;726.0;-200.0;861.0;-200.0;1487.0;737.0;22.0;64.5;1.6847
1093932000;-200.0;976.0;-200.0;6.6;840.0;-200.0;756.0;-200.0;1555.0;885.0;22.3;62.9;1.6754
1093935600;-200.0;1309.0;-200.0;21.0;1323.0;-200.0;505.0;-200.0;2098.0;1360.0;23.1;60.0;1.6711
1093939200;-200.0;1333.0;-200.0;26.2;1460.0;-200.0;443.0;-200.0;2231.0;1455.0;24.7;55.1;1.6872
1093942800;-200.0;1209.0;-200.0;16.1;1182.0;-200.0;546.0;-200.0;1911.0;1255.0;27.7;46.1;1.6852
1093946400;-200.0;1180.0;-200.0;15.3;1157.0;-200.0;568.0;-200.0;1874.0;1202.0;29.8;38.8;1.6029
1093950000;-200.0;1204.0;-200.0;16.5;1196.0;-200.0;552.0;-200.0;1884.0;1250.0;31.5;32.6;1.478
1093953600;-200.0;1143.0;-200.0;14.1;1119.0;-200.0;610.0;-200.0;1770.0;1103.0;31.8;30.5;1.4083
1093957200;-200.0;1120.0;-200.0;12.2;1058.0;-200.0;626.0;-200.0;1716.0;1049.0;31.4;31.8;1.441
1093960800;2.9;1030.0;-200.0;8.9;935.0;-200.0;726.0;-200.0;1583.0;791.0;32.5;28.7;1.3796
1093964400;1.9;1058.0;-200.0;11.0;1016.0;209.0;673.0;101.0;1625.0;832.0;33.8;25.8;1.3338
1093968000;1.4;1040.0;-200.0;7.6;882.0;132.0;756.0;71.0;1560.0;635.0;34.5;28.6;1.5393
1093971600;2.0;1093.0;-200.0;10.1;981.0;166.0;666.0;82.0;1676.0;733.0;32.7;33.0;1.5987
1093975200;2.7;1184.0;-200.0;14.1;1119.0;243.0;594.0;104.0;1806.0;912.0;31.4;35.4;1.5972
1093978800;2.8;1180.0;-200.0;14.1;1121.0;247.0;568.0;105.0;1816.0;947.0;27.7;43.5;1.592
1093982400;2.0;1079.0;-200.0;10.3;988.0;165.0;633.0;87.0;1694.0;899.0;26.2;47.8;1.5979
1093986000;2.1;1095.0;-200.0;11.5;1032.0;187.0;621.0;98.0;1730.0;984.0;25.7;48.7;1.5825
1093989600;2.0;1073.0;-200.0;10.9;1009.0;206.0;639.0;105.0;1655.0;955.0;25.2;50.1;1.58
1093993200;1.8;1063.0;-200.0;10.4;991.0;200.0;655.0;104.0;1672.0;966.0;24.4;53.4;1.6031
1093996800;1.9;1046.0;-200.0;9.5;960.0;189.0;671.0;96.0;1637.0;899.0;23.7;55.4;1.6031
1094000400;1.3;953.0;-200.0;7.0;858.0;136.0;742.0;79.0;1544.0;780.0;22.8;58.5;1.5992
1094004000;0.7;864.0;-200.0;3.3;673.0;83.0;947.0;61.0;1412.0;636.0;22.8;58.5;1.5985
1094007600;0.5;829.0;-200.0;2.6;628.0;-200.0;994.0;-200.0;1378.0;577.0;22.3;59.7;1.5889
1094011200;0.5;838.0;-200.0;2.8;639.0;72.0;963.0;48.0;1391.0;596.0;20.8;64.9;1.571
1094014800;0.6;913.0;-200.0;4.3;728.0;121.0;802.0;63.0;1418.0;887.0;19.7;66.8;1.5184
1094018400;1.3;1039.0;-200.0;8.5;921.0;268.0;687.0;92.0;1556.0;1115.0;19.8;64.3;1.4678
1094022000;3.6;1252.0;-200.0;20.9;1320.0;451.0;499.0;99.0;2001.0;1374.0;20.6;62.3;1.4915
1094025600;4.9;1410.0;-200.0;35.2;1669.0;458.0;393.0;117.0;2555.0;1644.0;23.2;54.0;1.5143
1094029200;3.9;1217.0;-200.0;18.7;1261.0;487.0;533.0;142.0;1941.0;1375.0;26.3;43.1;1.4542
1094032800;2.2;1114.0;-200.0;12.8;1077.0;319.0;633.0;121.0;1705.0;1199.0;29.1;35.4;1.4008
1094036400;1.9;1026.0;-200.0;11.2;1020.0;269.0;689.0;122.0;1603.0;992.0;30.0;31.6;1.3176
1094040000;2.2;1051.0;-200.0;13.3;1094.0;224.0;646.0;108.0;1675.0;966.0;32.4;26.3;1.2594
1094043600;2.0;1027.0;-200.0;11.3;1024.0;162.0;700.0;80.0;1588.0;814.0;31.3;29.1;1.3054
1094047200;1.7;996.0;-200.0;10.4;992.0;189.0;722.0;93.0;1580.0;727.0;31.1;28.6;1.2718
1094050800;2.0;1028.0;-200.0;12.3;1060.0;213.0;686.0;108.0;1601.0;806.0;33.3;24.4;1.232
1094054400;2.1;1030.0;-200.0;12.3;1060.0;245.0;705.0;118.0;1588.0;852.0;35.5;21.2;1.2022
1094058000;3.2;1133.0;-200.0;19.4;1280.0;341.0;595.0;149.0;1791.0;1093.0;34.6;22.0;1.189
1094061600;4.0;1180.0;-200.0;21.5;1339.0;382.0;567.0;171.0;1868.0;1211.0;33.3;23.6;1.1842
1094065200;4.4;1261.0;-200.0;25.7;1446.0;358.0;528.0;154.0;2061.0;1346.0;30.0;28.5;1.1896
1094068800;3.0;1093.0;-200.0;14.5;1133.0;288.0;599.0;122.0;1708.0;1200.0;28.0;33.0;1.2264
1094072400;2.2;1068.0;-200.0;11.4;1029.0;252.0;650.0;126.0;1612.0;1192.0;27.2;37.4;1.3279
1094076000;1.7;1031.0;-200.0;9.5;958.0;201.0;700.0;121.0;1560.0;1074.0;26.6;39.9;1.3657
1094079600;1.9;1055.0;-200.0;11.6;1037.0;225.0;635.0;125.0;1632.0;1161.0;25.3;41.7;1.3247
1094083200;2.0;1060.0;-200.0;11.4;1029.0;242.0;622.0;126.0;1663.0;1210.0;24.3;44.7;1.3432
1094086800;1.5;962.0;-200.0;7.5;880.0;167.0;726.0;96.0;1484.0;1050.0;24.4;45.6;1.3779
1094090400;0.8;874.0;-200.0;5.3;776.0;99.0;846.0;73.0;1416.0;873.0;23.1;49.9;1.3891
1094094000;0.6;832.0;-200.0;3.1;661.0;-200.0;977.0;-200.0;1312.0;766.0;22.7;51.3;1.3977
1094097600;0.6;834.0;-200.0;4.0;709.0;87.0;907.0;65.0;1348.0;835.0;21.8;54.1;1.4004
1094101200;0.7;865.0;-200.0;4.6;745.0;164.0;866.0;90.0;1394.0;901.0;21.0;56.9;1.3999
1094104800;0.8;903.0;-200.0;5.8;803.0;87.0;819.0;58.0;1471.0;853.0;21.8;55.5;1.4323
1094108400;2.9;1236.0;-200.0;20.0;1297.0;93.0;542.0;27.0;1997.0;1321.0;21.6;57.2;1.4607
1094112000;5.2;1464.0;-200.0;30.0;1552.0;417.0;419.0;67.0;2366.0;1738.0;22.8;54.2;1.4886
1094115600;3.3;1258.0;-200.0;18.7;1261.0;406.0;514.0;96.0;1940.0;1603.0;26.2;45.0;1.5098
1094119200;-200.0;1203.0;-200.0;15.8;1174.0;-200.0;577.0;-200.0;1824.0;1426.0;30.8;34.8;1.5165
1094122800;-200.0;1156.0;-200.0;14.3;1127.0;-200.0;616.0;-200.0;1767.0;1295.0;34.1;28.8;1.5105
1094126400;-200.0;1106.0;-200.0;14.4;1130.0;-200.0;623.0;-200.0;1726.0;1093.0;35.9;24.7;1.437
1094130000;-200.0;1008.0;-200.0;11.6;1037.0;-200.0;697.0;-200.0;1587.0;803.0;33.7;25.1;1.2915
1094133600;-200.0;1011.0;-200.0;11.1;1017.0;-200.0;704.0;-200.0;1569.0;738.0;34.4;24.0;1.279
1094137200;-200.0;1049.0;-200.0;13.5;1100.0;-200.0;667.0;-200.0;1635.0;870.0;36.4;20.3;1.214
1094140800;-200.0;1053.0;-200.0;13.7;1108.0;-200.0;694.0;-200.0;1570.0;873.0;38.7;17.3;1.1729
1094144400;-200.0;1088.0;-200.0;15.3;1159.0;-200.0;666.0;-200.0;1626.0;889.0;37.2;18.9;1.1774
1094148000;-200.0;1248.0;-200.0;26.0;1454.0;-200.0;550.0;-200.0;1917.0;1599.0;36.1;20.0;1.1767
1094151600;-200.0;1374.0;-200.0;28.6;1517.0;-200.0;490.0;-200.0;2069.0;1704.0;32.8;29.4;1.4344
1094155200;-200.0;1213.0;-200.0;17.0;1210.0;-200.0;572.0;-200.0;1809.0;1424.0;30.0;35.9;1.4958
1094158800;-200.0;1108.0;-200.0;12.0;1051.0;-200.0;640.0;-200.0;1616.0;1199.0;28.7;38.2;1.4794
1094162400;-200.0;1071.0;-200.0;10.1;982.0;-200.0;649.0;-200.0;1557.0;1099.0;28.1;40.4;1.512
1094166000;-200.0;1044.0;-200.0;9.7;967.0;-200.0;672.0;-200.0;1540.0;1133.0;27.4;41.4;1.4877
1094169600;-200.0;1045.0;-200.0;9.6;964.0;-200.0;666.0;-200.0;1554.0;1140.0;26.4;44.0;1.4919
1094173200;-200.0;1004.0;-200.0;8.5;921.0;-200.0;699.0;-200.0;1495.0;1092.0;24.9;47.9;1.4855
1094176800;-200.0;944.0;-200.0;5.7;796.0;-200.0;784.0;-200.0;1407.0;1021.0;24.0;50.3;1.476
1094180400;-200.0;868.0;-200.0;3.1;657.0;-200.0;921.0;-200.0;1356.0;764.0;25.2;47.9;1.5129
1094184000;-200.0;850.0;-200.0;2.7;632.0;-200.0;954.0;-200.0;1316.0;803.0;24.2;50.6;1.5011
1094187600;-200.0;873.0;-200.0;3.3;668.0;-200.0;911.0;-200.0;1354.0;744.0;23.1;55.0;1.5357
1094191200;-200.0;905.0;-200.0;5.1;766.0;-200.0;842.0;-200.0;1438.0;818.0;22.9;56.2;1.5522
1094194800;-200.0;1249.0;-200.0;18.0;1239.0;-200.0;540.0;-200.0;1953.0;1285.0;22.0;59.3;1.5523
1094198400;-200.0;1488.0;-200.0;34.5;1653.0;-200.0;388.0;-200.0;2537.0;1782.0;23.7;54.0;1.5627
1094202000;-200.0;1300.0;-200.0;20.0;1296.0;-200.0;489.0;-200.0;1989.0;1639.0;26.7;45.7;1.5747
1094205600;-200.0;1311.0;-200.0;18.9;1267.0;-200.0;524.0;-200.0;1941.0;1662.0;31.4;34.5;1.5599
1094209200;-200.0;1232.0;-200.0;17.0;1210.0;-200.0;565.0;-200.0;1832.0;1478.0;34.5;28.5;1.5324
1094212800;-200.0;1113.0;-200.0;13.4;1096.0;-200.0;635.0;-200.0;1636.0;1050.0;36.4;23.6;1.4064
1094216400;-200.0;1048.0;-200.0;11.2;1021.0;-200.0;698.0;-200.0;1570.0;846.0;35.1;23.2;1.2884
1094220000;-200.0;1054.0;-200.0;11.6;1036.0;-200.0;697.0;-200.0;1585.0;830.0;35.7;22.2;1.2765
1094223600;-200.0;1104.0;-200.0;13.5;1102.0;-200.0;670.0;-200.0;1609.0;1480.0;37.6;19.6;1.2534
1094227200;-200.0;1130.0;-200.0;13.9;1113.0;-200.0;674.0;-200.0;1623.0;1127.0;38.8;17.6;1.1979
1094230800;4.6;1229.0;-200.0;21.9;1348.0;-200.0;565.0;-200.0;1830.0;1445.0;39.3;16.0;1.1138
1094234400;4.3;1347.0;-200.0;23.2;1382.0;-200.0;529.0;-200.0;1961.0;1543.0;37.0;23.6;1.4639
1094238000;4.9;1424.0;-200.0;24.5;1417.0;-200.0;488.0;-200.0;2092.0;1674.0;33.2;30.1;1.5095
1094241600;4.0;1305.0;-200.0;16.3;1188.0;-200.0;546.0;-200.0;1843.0;1524.0;31.0;33.1;1.462
1094245200;2.6;1180.0;-200.0;13.1;1088.0;-200.0;619.0;-200.0;1662.0;1339.0;29.5;33.4;1.3562
1094248800;1.3;1029.0;-200.0;8.1;904.0;-200.0;709.0;-200.0;1460.0;992.0;29.1;36.7;1.4502
1094252400;1.5;1080.0;-200.0;8.1;902.0;-200.0;702.0;-200.0;1516.0;1048.0;27.8;40.7;1.5002
1094256000;2.2;1197.0;-200.0;11.4;1029.0;-200.0;601.0;-200.0;1628.0;1362.0;26.0;45.3;1.4999
1094259600;1.2;1006.0;-200.0;6.7;845.0;-200.0;738.0;-200.0;1430.0;978.0;25.8;45.4;1.487
1094263200;0.9;987.0;-200.0;6.2;820.0;-200.0;772.0;-200.0;1400.0;935.0;25.4;45.9;1.4684
1094266800;0.8;958.0;-200.0;4.5;735.0;-200.0;816.0;-200.0;1409.0;906.0;25.2;46.4;1.464
1094270400;0.8;962.0;-200.0;4.7;747.0;-200.0;813.0;-200.0;1431.0;913.0;23.0;52.7;1.4568
1094274000;0.8;958.0;-200.0;4.6;744.0;-200.0;809.0;-200.0;1419.0;903.0;22.1;54.5;1.4337
1094277600;1.0;976.0;-200.0;5.3;780.0;-200.0;795.0;-200.0;1467.0;898.0;22.5;53.6;1.4422
1094281200;1.7;1088.0;-200.0;9.1;945.0;-200.0;636.0;-200.0;1613.0;1165.0;22.0;55.4;1.4436
1094284800;1.9;1159.0;-200.0;11.0;1016.0;-200.0;595.0;-200.0;1681.0;1260.0;23.4;51.6;1.4639
1094288400;2.0;1156.0;-200.0;10.3;988.0;-200.0;615.0;-200.0;1634.0;1250.0;26.7;43.0;1.4808
1094292000;2.2;1202.0;-200.0;11.2;1021.0;-200.0;649.0;-200.0;1644.0;1226.0;31.3;32.9;1.4771
1094295600;2.3;1226.0;-200.0;12.9;1080.0;-200.0;622.0;-200.0;1697.0;1188.0;34.8;27.1;1.4837
1094299200;2.3;1181.0;-200.0;13.2;1091.0;-200.0;638.0;-200.0;1637.0;1072.0;38.3;21.5;1.4263
1094302800;1.8;1062.0;-200.0;9.8;969.0;-200.0;729.0;-200.0;1459.0;782.0;37.1;21.2;1.3107
1094306400;1.4;1013.0;-200.0;7.9;897.0;-200.0;798.0;-200.0;1351.0;594.0;37.3;20.3;1.2771
1094310000;1.6;1029.0;-200.0;8.3;913.0;-200.0;787.0;-200.0;1373.0;607.0;38.3;19.3;1.2736
1094313600;2.3;1144.0;-200.0;11.9;1046.0;-200.0;682.0;-200.0;1564.0;879.0;40.7;17.0;1.2793
1094317200;2.4;1159.0;-200.0;12.3;1059.0;-200.0;664.0;-200.0;1580.0;945.0;39.5;18.5;1.3076
1094320800;2.1;1113.0;-200.0;10.0;978.0;-200.0;705.0;-200.0;1538.0;946.0;36.6;22.6;1.3664
1094324400;1.8;1100.0;-200.0;9.1;944.0;-200.0;730.0;-200.0;1524.0;882.0;32.8;28.2;1.3842
1094328000;1.7;1037.0;-200.0;7.8;890.0;-200.0;765.0;-200.0;1408.0;735.0;30.7;30.7;1.3338
1094331600;1.9;1055.0;-200.0;10.3;988.0;-200.0;720.0;-200.0;1490.0;874.0;30.1;28.7;1.2052
1094335200;1.6;980.0;-200.0;8.0;901.0;-200.0;812.0;-200.0;1369.0;731.0;29.7;25.4;1.044
1094338800;2.6;1083.0;-200.0;13.3;1094.0;-200.0;706.0;-200.0;1537.0;926.0;29.6;24.3;0.9889
1094342400;5.8;1399.0;-200.0;30.3;1558.0;-200.0;473.0;-200.0;2052.0;1652.0;28.0;29.1;1.0846
1094346000;3.0;1194.0;-200.0;18.5;1255.0;-200.0;555.0;-200.0;1694.0;1452.0;27.2;33.3;1.1788
1094349600;1.5;970.0;-200.0;7.3;870.0;-200.0;792.0;-200.0;1376.0;943.0;27.5;30.9;1.1155
1094353200;0.9;898.0;-200.0;4.2;721.0;-200.0;912.0;-200.0;1264.0;594.0;27.1;33.3;1.1762
1094356800;1.1;929.0;-200.0;5.1;769.0;-200.0;879.0;-200.0;1335.0;607.0;26.4;35.1;1.1919
1094360400;0.9;913.0;-200.0;4.4;734.0;-200.0;864.0;-200.0;1338.0;646.0;25.6;37.6;1.2131
1094364000;0.7;854.0;-200.0;2.2;600.0;-200.0;1102.0;-200.0;1252.0;542.0;25.4;38.6;1.2352
1094367600;0.6;881.0;-200.0;2.9;647.0;-200.0;964.0;-200.0;1250.0;550.0;25.5;38.2;1.2296
1094371200;0.7;867.0;-200.0;2.5;618.0;-200.0;1042.0;-200.0;1231.0;488.0;27.0;34.3;1.2089
1094374800;0.8;885.0;-200.0;2.8;638.0;-200.0;1059.0;-200.0;1248.0;484.0;29.9;29.6;1.2296
1094378400;0.9;899.0;-200.0;3.0;654.0;-200.0;1037.0;-200.0;1254.0;481.0;31.9;26.8;1.2477
1094382000;1.0;886.0;-200.0;2.7;633.0;-200.0;1071.0;-200.0;1214.0;453.0;33.0;23.5;1.1583
1094385600;0.9;864.0;-200.0;3.0;651.0;-200.0;1096.0;-200.0;1193.0;443.0;34.5;19.3;1.0369
1094389200;0.7;822.0;-200.0;2.4;611.0;-200.0;1191.0;-200.0;1138.0;403.0;33.2;19.0;0.9533
1094392800;0.6;810.0;-200.0;2.2;597.0;-200.0;1255.0;-200.0;1106.0;361.0;32.2;20.5;0.9699
1094396400;0.6;784.0;-200.0;1.9;576.0;-200.0;1327.0;-200.0;1060.0;342.0;32.6;17.5;0.8467
1094400000;0.8;823.0;-200.0;2.7;633.0;-200.0;1228.0;-200.0;1103.0;366.0;33.0;17.5;0.8683
1094403600;0.9;863.0;-200.0;3.4;678.0;-200.0;1153.0;-200.0;1139.0;434.0;32.9;17.5;0.8622
1094407200;1.1;880.0;-200.0;4.3;728.0;-200.0;1046.0;-200.0;1167.0;514.0;31.6;18.0;0.8243
1094410800;1.7;951.0;-200.0;7.0;859.0;-200.0;897.0;-200.0;1267.0;718.0;29.3;20.4;0.8162
1094414400;1.5;942.0;-200.0;5.5;786.0;-200.0;930.0;-200.0;1245.0;705.0;27.8;24.4;0.9002
1094418000;1.6;988.0;-200.0;7.0;859.0;-200.0;845.0;-200.0;1341.0;799.0;27.1;26.9;0.9524
1094421600;1.7;1008.0;-200.0;6.7;845.0;-200.0;832.0;-200.0;1349.0;856.0;26.3;29.5;0.9959
1094425200;1.3;965.0;-200.0;5.1;769.0;-200.0;878.0;-200.0;1315.0;667.0;25.9;32.9;1.0826
1094428800;1.3;957.0;-200.0;4.1;717.0;-200.0;911.0;-200.0;1322.0;579.0;25.3;36.9;1.1764
1094432400;1.0;921.0;-200.0;3.2;666.0;-200.0;954.0;-200.0;1288.0;480.0;24.8;40.1;1.2378
1094436000;0.6;854.0;-200.0;1.7;562.0;-200.0;1106.0;-200.0;1224.0;400.0;24.3;42.9;1.2906
1094439600;0.5;826.0;-200.0;1.0;504.0;-200.0;1250.0;-200.0;1204.0;385.0;24.0;45.5;1.3404
1094443200;-200.0;828.0;-200.0;1.0;501.0;-200.0;1281.0;-200.0;1189.0;385.0;23.9;47.4;1.3881
1094446800;0.4;892.0;-200.0;1.9;580.0;-200.0;1076.0;-200.0;1271.0;516.0;23.5;49.1;1.3991
1094450400;0.7;954.0;-200.0;3.1;660.0;-200.0;938.0;-200.0;1342.0;728.0;23.7;49.2;1.4195
1094454000;1.8;1120.0;-200.0;7.8;890.0;-200.0;728.0;-200.0;1546.0;1035.0;23.6;49.6;1.4247
1094457600;1.9;1096.0;-200.0;8.5;921.0;-200.0;716.0;-200.0;1534.0;988.0;24.3;45.4;1.365
1094461200;1.7;1058.0;-200.0;8.0;898.0;-200.0;749.0;-200.0;1470.0;977.0;26.3;38.3;1.2932
1094464800;1.3;977.0;-200.0;5.7;800.0;-200.0;843.0;-200.0;1372.0;778.0;27.6;34.2;1.2464
1094468400;1.4;977.0;-200.0;6.6;840.0;-200.0;827.0;-200.0;1390.0;736.0;29.2;29.1;1.1586
1094472000;1.3;943.0;-200.0;5.3;777.0;-200.0;880.0;-200.0;1333.0;632.0;29.2;28.6;1.1423
1094475600;1.4;964.0;-200.0;6.0;814.0;-200.0;850.0;-200.0;1369.0;689.0;29.4;28.3;1.1434
1094479200;1.2;953.0;-200.0;5.4;781.0;-200.0;889.0;-200.0;1356.0;641.0;29.8;28.0;1.1558
1094482800;1.3;967.0;-200.0;6.1;814.0;-200.0;854.0;-200.0;1385.0;703.0;30.1;26.7;1.1217
1094486400;1.5;996.0;-200.0;6.7;843.0;-200.0;840.0;-200.0;1394.0;765.0;30.1;27.2;1.1406
1094490000;2.3;1091.0;-200.0;11.7;1039.0;-200.0;699.0;-200.0;1586.0;923.0;29.6;27.5;1.1229
1094493600;2.6;1114.0;-200.0;13.5;1101.0;-200.0;663.0;-200.0;1632.0;1057.0;29.6;27.7;1.1278
1094497200;2.9;1133.0;-200.0;13.5;1101.0;-200.0;647.0;-200.0;1669.0;1105.0;28.0;30.1;1.1226
1094500800;1.8;1031.0;-200.0;8.5;921.0;-200.0;731.0;-200.0;1490.0;897.0;26.8;33.8;1.1723
1094504400;1.3;952.0;-200.0;5.5;787.0;-200.0;856.0;-200.0;1342.0;723.0;25.7;35.8;1.16
1094508000;1.3;949.0;-200.0;5.8;804.0;-200.0;835.0;-200.0;1365.0;740.0;25.4;35.2;1.1255
1094511600;1.2;932.0;-200.0;4.8;752.0;-200.0;889.0;-200.0;1310.0;687.0;25.0;37.3;1.1614
1094515200;1.2;966.0;-200.0;5.2;774.0;-200.0;859.0;-200.0;1352.0;644.0;24.6;40.5;1.2362
1094518800;0.8;888.0;-200.0;3.0;653.0;-200.0;973.0;-200.0;1272.0;497.0;24.2;43.8;1.3057
1094522400;0.6;847.0;-200.0;2.7;634.0;-200.0;1012.0;-200.0;1258.0;525.0;24.0;43.7;1.2876
1094526000;0.6;856.0;-200.0;3.6;687.0;-200.0;955.0;-200.0;1260.0;726.0;21.9;48.3;1.2522
1094529600;0.6;881.0;-200.0;4.4;735.0;-200.0;876.0;-200.0;1308.0;783.0;22.4;47.2;1.2593
1094533200;0.7;882.0;-200.0;4.0;711.0;-200.0;936.0;-200.0;1310.0;741.0;22.9;46.5;1.2861
1094536800;1.3;1016.0;-200.0;7.7;888.0;169.0;776.0;64.0;1485.0;1040.0;23.1;47.0;1.3122
1094540400;2.5;1228.0;-200.0;13.9;1113.0;231.0;628.0;72.0;1719.0;1324.0;23.7;46.2;1.3376
1094544000;3.4;1311.0;-200.0;22.0;1350.0;232.0;529.0;73.0;1957.0;1486.0;25.8;41.9;1.3688
1094547600;2.1;1081.0;-200.0;10.2;983.0;145.0;703.0;64.0;1546.0;1079.0;27.3;38.3;1.3669
1094551200;2.2;1104.0;-200.0;10.4;993.0;170.0;705.0;74.0;1539.0;1081.0;31.0;29.1;1.2885
1094554800;1.7;991.0;-200.0;8.0;898.0;214.0;787.0;89.0;1412.0;806.0;31.6;25.5;1.1638
1094558400;2.1;1008.0;-200.0;10.1;980.0;-200.0;755.0;-200.0;1465.0;825.0;32.5;21.2;1.0173
1094562000;2.2;986.0;-200.0;10.7;1005.0;-200.0;752.0;-200.0;1439.0;907.0;31.7;20.5;0.9428
1094565600;1.4;948.0;-200.0;7.9;893.0;-200.0;828.0;-200.0;1374.0;768.0;31.5;21.5;0.9768
1094569200;1.4;919.0;-200.0;7.1;862.0;-200.0;851.0;-200.0;1293.0;697.0;31.6;20.8;0.9562
1094572800;1.6;958.0;-200.0;9.0;940.0;-200.0;820.0;-200.0;1380.0;728.0;32.4;19.4;0.9279
1094576400;2.3;1037.0;-200.0;11.2;1021.0;-200.0;747.0;-200.0;1451.0;786.0;31.7;20.3;0.9336
1094580000;3.3;1120.0;-200.0;16.0;1181.0;-200.0;653.0;-200.0;1604.0;1028.0;31.1;21.0;0.9337
1094583600;4.1;1205.0;-200.0;19.9;1294.0;-200.0;579.0;-200.0;1744.0;1317.0;28.9;25.4;0.9933
1094587200;3.3;1172.0;-200.0;15.3;1159.0;-200.0;597.0;-200.0;1653.0;1290.0;27.4;30.8;1.1112
1094590800;2.2;1088.0;-200.0;11.1;1019.0;-200.0;668.0;-200.0;1554.0;1165.0;26.3;34.1;1.1453
1094594400;-200.0;1055.0;-200.0;10.0;979.0;-200.0;694.0;-200.0;1517.0;1086.0;25.4;35.2;1.1288
1094598000;-200.0;-200.0;-200.0;-200.0;-200.0;-200.0;-200.0;-200.0;-200.0;-200.0;-200.0;-200.0;-200.0
1094601600;-200.0;-200.0;-200.0;-200.0;-200.0;-200.0;-200.0;-200.0;-200.0;-200.0;-200.0;-200.0;-200.0
1094605200;-200.0;-200.0;-200.0;-200.0;-200.0;-200.0;-200.0;-200.0;-200.0;-200.0;-200.0;-200.0;-200.0
1094608800;-200.0;-200.0;-200.0;-200.0;-200.0;-200.0;-200.0;-200.0;-200.0;-200.0;-200.0;-200.0;-200.0
1094612400;-200.0;-200.0;-200.0;-200.0;-200.0;-200.0;-200.0;-200.0;-200.0;-200.0;-200.0;-200.0;-200.0
1094616000;-200.0;-200.0;-200.0;-200.0;-200.0;-200.0;-200.0;-200.0;-200.0;-200.0;-200.0;-200.0;-200.0
1094619600;-200.0;-200.0;-200.0;-200.0;-200.0;-200.0;-200.0;-200.0;-200.0;-200.0;-200.0;-200.0;-200.0
1094623200;-200.0;-200.0;-200.0;-200.0;-200.0;-200.0;-200.0;-200.0;-200.0;-200.0;-200.0;-200.0;-200.0
1094626800;-200.0;-200.0;-200.0;-200.0;-200.0;-200.0;-200.0;-200.0;-200.0;-200.0;-200.0;-200.0;-200.0
1094630400;-200.0;-200.0;-200.0;-200.0;-200.0;-200.0;-200.0;-200.0;-200.0;-200.0;-200.0;-200.0;-200.0
1094634000;-200.0;1297.0;-200.0;34.5;1654.0;-200.0;848.0;-200.0;1366.0;1611.0;22.7;33.0;0.8987
1094637600;-200.0;-200.0;-200.0;-200.0;-200.0;-200.0;-200.0;-200.0;-200.0;-200.0;-200.0;-200.0;-200.0
1094641200;-200.0;-200.0;-200.0;-200.0;-200.0;-200.0;-200.0;-200.0;-200.0;-200.0;-200.0;-200.0;-200.0
1094644800;-200.0;-200.0;-200.0;-200.0;-200.0;-200.0;-200.0;-200.0;-200.0;-200.0;-200.0;-200.0;-200.0
1094648400;-200.0;-200.0;-200.0;-200.0;-200.0;-200.0;-200.0;-200.0;-200.0;-200.0;-200.0;-200.0;-200.0
1094652000;-200.0;-200.0;-200.0;-200.0;-200.0;-200.0;-200.0;-200.0;-200.0;-200.0;-200.0;-200.0;-200.0
1094655600;-200.0;-200.0;-200.0;-200.0;-200.0;-200.0;-200.0;-200.0;-200.0;-200.0;-200.0;-200.0;-200.0
1094659200;-200.0;-200.0;-200.0;-200.0;-200.0;-200.0;-200.0;-200.0;-200.0;-200.0;-200.0;-200.0;-200.0
1094662800;3.4;-200.0;-200.0;-200.0;-200.0;-200.0;-200.0;-200.0;-200.0;-200.0;-200.0;-200.0;-200.0
1094666400;4.0;1325.0;-200.0;18.9;1266.0;477.0;926.0;188.0;1441.0;1543.0;32.4;19.8;0.9484
1094670000;4.7;1383.0;-200.0;24.1;1406.0;502.0;824.0;176.0;1582.0;1678.0;29.9;22.3;0.9235
1094673600;3.8;1254.0;-200.0;18.1;1241.0;420.0;873.0;163.0;1463.0;1431.0;28.2;24.8;0.936
1094677200;2.8;1221.0;-200.0;15.8;1174.0;344.0;874.0;155.0;1481.0;1413.0;26.8;28.9;1.0019
1094680800;2.6;1226.0;-200.0;14.6;1138.0;307.0;862.0;146.0;1481.0;1419.0;25.1;32.3;1.0131
1094684400;2.0;1100.0;-200.0;10.6;999.0;251.0;984.0;131.0;1361.0;1145.0;25.4;30.5;0.9722
1094688000;1.4;999.0;-200.0;7.5;879.0;180.0;1114.0;119.0;1261.0;960.0;24.9;28.3;0.8775
1094691600;1.2;980.0;-200.0;7.4;873.0;141.0;1088.0;98.0;1258.0;949.0;23.2;30.5;0.8558
1094695200;0.6;859.0;-200.0;3.8;698.0;105.0;1254.0;89.0;1157.0;819.0;22.3;33.6;0.8959
1094698800;0.3;814.0;-200.0;2.3;606.0;-200.0;1370.0;-200.0;1131.0;745.0;23.0;33.0;0.9184
1094702400;0.2;806.0;-200.0;2.3;605.0;74.0;1366.0;68.0;1132.0;725.0;21.4;35.7;0.8982
1094706000;0.4;813.0;-200.0;2.7;631.0;91.0;1327.0;65.0;1108.0;710.0;21.7;33.4;0.8545
1094709600;0.6;889.0;-200.0;4.9;760.0;143.0;1224.0;81.0;1213.0;806.0;20.3;35.5;0.8342
1094713200;3.0;1200.0;-200.0;18.2;1246.0;553.0;798.0;136.0;1574.0;1416.0;19.7;37.5;0.8501
1094716800;3.2;1289.0;-200.0;21.4;1335.0;542.0;724.0;130.0;1681.0;1521.0;21.0;35.6;0.8736
1094720400;3.5;1355.0;-200.0;21.3;1333.0;590.0;741.0;157.0;1691.0;1605.0;25.0;28.9;0.9025
1094724000;3.1;1277.0;-200.0;19.9;1292.0;590.0;800.0;171.0;1626.0;1481.0;31.0;21.9;0.9708
1094727600;2.2;1156.0;-200.0;14.8;1142.0;387.0;907.0;143.0;1490.0;1188.0;34.9;18.5;1.0189
1094731200;1.7;1054.0;-200.0;12.6;1071.0;252.0;1006.0;116.0;1380.0;940.0;37.1;15.0;0.9297
1094734800;2.0;1096.0;-200.0;13.0;1083.0;310.0;971.0;129.0;1430.0;986.0;35.0;17.3;0.9542
1094738400;2.5;1160.0;-200.0;16.2;1185.0;396.0;873.0;168.0;1522.0;1162.0;35.1;17.5;0.9733
1094742000;2.4;1148.0;-200.0;15.0;1149.0;329.0;924.0;152.0;1473.0;1047.0;35.4;16.6;0.9385
1094745600;2.9;1166.0;-200.0;16.2;1186.0;393.0;878.0;175.0;1500.0;1180.0;38.4;13.8;0.9221
1094749200;4.2;1315.0;-200.0;22.7;1370.0;522.0;794.0;212.0;1689.0;1399.0;37.6;14.5;0.9277
1094752800;5.4;1425.0;-200.0;32.3;1605.0;631.0;660.0;220.0;1920.0;2321.0;35.2;16.6;0.9242
1094756400;4.3;1329.0;-200.0;22.3;1360.0;435.0;704.0;175.0;1768.0;1894.0;31.2;25.5;1.1379
1094760000;3.6;1299.0;-200.0;16.6;1197.0;407.0;763.0;165.0;1688.0;1606.0;29.3;30.7;1.229
1094763600;2.0;1123.0;-200.0;11.0;1015.0;255.0;845.0;136.0;1470.0;1297.0;28.3;30.1;1.1392
1094767200;1.5;1089.0;-200.0;11.3;1024.0;180.0;831.0;111.0;1452.0;1182.0;27.4;31.5;1.133
1094770800;1.5;1081.0;-200.0;9.3;950.0;186.0;876.0;114.0;1434.0;1138.0;26.2;35.7;1.1929
1094774400;1.2;1031.0;-200.0;7.3;871.0;147.0;950.0;96.0;1393.0;972.0;25.2;38.1;1.2049
1094778000;1.0;969.0;-200.0;5.5;787.0;101.0;1035.0;75.0;1350.0;799.0;24.4;39.1;1.1784
1094781600;0.5;881.0;-200.0;3.5;680.0;69.0;1175.0;58.0;1251.0;630.0;23.7;39.1;1.1289
1094785200;0.5;869.0;-200.0;2.8;638.0;-200.0;1219.0;-200.0;1213.0;586.0;24.2;38.5;1.1491
1094788800;0.4;866.0;-200.0;2.9;644.0;49.0;1162.0;41.0;1218.0;629.0;24.5;38.5;1.1688
1094792400;0.5;895.0;-200.0;3.6;689.0;91.0;1134.0;55.0;1250.0;709.0;22.4;43.5;1.1624
1094796000;0.7;933.0;-200.0;5.5;786.0;144.0;1018.0;73.0;1306.0;858.0;22.3;43.8;1.1631
1094799600;2.4;1209.0;-200.0;15.5;1163.0;430.0;762.0;108.0;1606.0;1300.0;21.4;45.8;1.1515
1094803200;4.1;1417.0;-200.0;28.3;1511.0;606.0;587.0;147.0;1975.0;1676.0;22.9;41.3;1.1383
1094806800;3.0;1227.0;-200.0;17.8;1233.0;519.0;739.0;150.0;1594.0;1384.0;26.6;30.3;1.0378
1094810400;2.0;1093.0;-200.0;12.8;1076.0;353.0;871.0;131.0;1457.0;1125.0;30.3;23.0;0.977
1094814000;2.5;1135.0;-200.0;15.7;1170.0;429.0;867.0;144.0;1523.0;1189.0;32.8;18.9;0.9234
1094817600;2.4;1112.0;-200.0;15.4;1161.0;345.0;866.0;151.0;1499.0;1088.0;34.3;17.7;0.9416
1094821200;2.6;1147.0;-200.0;15.6;1168.0;417.0;858.0;165.0;1492.0;1118.0;33.3;18.9;0.9536
1094824800;1.9;1086.0;-200.0;12.6;1070.0;276.0;907.0;135.0;1423.0;924.0;33.0;20.1;0.9959
1094828400;2.1;1077.0;-200.0;12.2;1056.0;280.0;908.0;143.0;1406.0;935.0;33.6;19.6;1.0029
1094832000;2.5;1110.0;-200.0;13.4;1098.0;365.0;882.0;153.0;1450.0;1009.0;34.9;18.4;1.0106
1094835600;2.7;1146.0;-200.0;14.3;1125.0;363.0;846.0;149.0;1511.0;1016.0;33.4;20.3;1.027
1094839200;3.3;1211.0;-200.0;16.5;1194.0;393.0;797.0;164.0;1599.0;1188.0;31.6;22.7;1.041
1094842800;3.2;1218.0;-200.0;17.4;1221.0;385.0;755.0;180.0;1599.0;1290.0;29.2;26.9;1.0709
1094846400;2.6;1136.0;-200.0;12.9;1082.0;307.0;824.0;159.0;1478.0;1130.0;27.7;30.1;1.0991
1094850000;1.4;1017.0;-200.0;8.2;908.0;194.0;932.0;119.0;1354.0;880.0;27.1;31.0;1.0991
1094853600;1.6;1063.0;-200.0;9.2;946.0;205.0;886.0;127.0;1391.0;996.0;26.0;33.4;1.1071
1094857200;1.7;1083.0;-200.0;9.3;951.0;223.0;880.0;131.0;1393.0;1054.0;25.1;35.7;1.1222
1094860800;1.6;1077.0;-200.0;10.4;994.0;176.0;829.0;101.0;1429.0;1081.0;24.3;38.5;1.1525
1094864400;-200.0;968.0;-200.0;6.2;823.0;-200.0;952.0;-200.0;1343.0;828.0;23.4;40.7;1.1551
1094868000;-200.0;898.0;-200.0;4.2;720.0;-200.0;1059.0;-200.0;1259.0;661.0;23.2;41.2;1.1561
1094871600;-200.0;859.0;-200.0;3.1;656.0;-200.0;1126.0;-200.0;1213.0;582.0;23.6;40.5;1.1667
1094875200;-200.0;849.0;-200.0;2.3;607.0;-200.0;1189.0;-200.0;1190.0;544.0;23.5;40.9;1.1677
1094878800;-200.0;886.0;-200.0;3.1;658.0;-200.0;1101.0;-200.0;1234.0;647.0;20.5;48.4;1.1557
1094882400;-200.0;932.0;-200.0;4.0;708.0;-200.0;1057.0;-200.0;1285.0;720.0;20.7;48.4;1.1663
1094886000;-200.0;1144.0;-200.0;10.8;1006.0;-200.0;757.0;-200.0;1535.0;1207.0;19.9;50.8;1.1694
1094889600;-200.0;1222.0;-200.0;13.0;1083.0;-200.0;729.0;-200.0;1624.0;1273.0;21.3;47.2;1.1825
1094893200;-200.0;1202.0;-200.0;10.3;989.0;-200.0;775.0;-200.0;1506.0;1303.0;24.0;40.8;1.1993
1094896800;-200.0;1323.0;-200.0;16.3;1190.0;-200.0;698.0;-200.0;1702.0;1479.0;28.7;30.3;1.1769
1094900400;-200.0;1219.0;-200.0;12.7;1074.0;-200.0;805.0;-200.0;1532.0;1191.0;31.9;24.7;1.1477
1094904000;-200.0;1121.0;-200.0;9.7;965.0;-200.0;899.0;-200.0;1386.0;932.0;33.8;21.9;1.1331
1094907600;-200.0;1096.0;-200.0;9.1;942.0;-200.0;893.0;-200.0;1366.0;826.0;32.7;22.7;1.1044
1094911200;-200.0;1019.0;-200.0;7.0;858.0;-200.0;989.0;-200.0;1270.0;631.0;33.0;21.3;1.0512
1094914800;-200.0;1045.0;-200.0;7.0;857.0;-200.0;994.0;-200.0;1308.0;598.0;33.9;21.2;1.0989
1094918400;-200.0;1147.0;-200.0;9.5;959.0;-200.0;872.0;-200.0;1387.0;796.0;35.9;20.3;1.1845
1094922000;-200.0;1145.0;-200.0;9.8;971.0;-200.0;883.0;-200.0;1418.0;759.0;34.2;22.6;1.197
1094925600;-200.0;1202.0;-200.0;11.7;1040.0;-200.0;815.0;-200.0;1506.0;886.0;32.0;27.3;1.2752
1094929200;-200.0;1283.0;-200.0;13.9;1112.0;-200.0;719.0;-200.0;1583.0;1071.0;29.3;32.6;1.3105
1094932800;-200.0;1148.0;-200.0;8.7;929.0;-200.0;815.0;-200.0;1443.0;826.0;27.2;38.0;1.347
1094936400;-200.0;1229.0;-200.0;10.9;1012.0;-200.0;743.0;-200.0;1562.0;1103.0;26.1;41.1;1.3705
1094940000;-200.0;1287.0;-200.0;12.3;1060.0;-200.0;716.0;-200.0;1595.0;1221.0;25.3;44.6;1.4161
1094943600;-200.0;1285.0;-200.0;12.4;1062.0;-200.0;715.0;-200.0;1583.0;1449.0;24.6;47.2;1.4424
1094947200;-200.0;1251.0;-200.0;12.1;1055.0;-200.0;701.0;-200.0;1602.0;1364.0;24.1;48.8;1.4412
1094950800;-200.0;1120.0;-200.0;8.0;900.0;-200.0;811.0;-200.0;1462.0;1111.0;23.6;50.4;1.447
1094954400;-200.0;1108.0;-200.0;8.4;917.0;-200.0;797.0;-200.0;1495.0;1129.0;22.0;55.8;1.4585
1094958000;-200.0;961.0;-200.0;4.9;759.0;-200.0;943.0;-200.0;1375.0;799.0;22.4;53.6;1.4379
1094961600;-200.0;950.0;-200.0;4.2;719.0;-200.0;982.0;-200.0;1372.0;771.0;21.6;55.8;1.4228
1094965200;-200.0;901.0;-200.0;2.3;608.0;-200.0;1105.0;-200.0;1299.0;646.0;21.8;55.2;1.4184
1094968800;-200.0;903.0;-200.0;2.5;619.0;-200.0;1111.0;-200.0;1315.0;705.0;21.7;55.4;1.4192
1094972400;-200.0;1024.0;-200.0;4.9;757.0;-200.0;923.0;-200.0;1423.0;908.0;20.6;59.8;1.435
1094976000;-200.0;1093.0;-200.0;6.6;837.0;-200.0;830.0;-200.0;1480.0;1047.0;22.1;55.3;1.4495
1094979600;-200.0;1097.0;-200.0;6.5;833.0;-200.0;853.0;-200.0;1470.0;1015.0;24.8;48.2;1.4883
1094983200;-200.0;1126.0;-200.0;6.4;830.0;-200.0;853.0;-200.0;1528.0;938.0;27.9;43.4;1.6017
1094986800;-200.0;1139.0;-200.0;5.6;794.0;-200.0;908.0;-200.0;1456.0;849.0;30.1;38.5;1.6212
1094990400;-200.0;1178.0;-200.0;6.4;832.0;-200.0;858.0;-200.0;1542.0;844.0;28.2;48.6;1.8253
1094994000;-200.0;1243.0;-200.0;7.6;883.0;-200.0;745.0;-200.0;1660.0;1036.0;24.8;70.4;2.1766
1094997600;-200.0;1017.0;-200.0;3.5;680.0;-200.0;996.0;-200.0;1421.0;729.0;27.8;49.4;1.8209
1095001200;-200.0;1048.0;-200.0;3.3;672.0;-200.0;1050.0;-200.0;1438.0;556.0;25.4;59.9;1.9168
1095004800;-200.0;1254.0;-200.0;6.6;840.0;-200.0;787.0;-200.0;1602.0;846.0;26.1;66.8;2.231
1095008400;-200.0;1287.0;-200.0;8.3;911.0;-200.0;796.0;-200.0;1664.0;942.0;28.0;53.2;1.981
1095012000;-200.0;1215.0;-200.0;8.0;900.0;-200.0;823.0;-200.0;1604.0;902.0;27.4;51.4;1.8404
1095015600;-200.0;1363.0;-200.0;12.6;1071.0;-200.0;697.0;-200.0;1763.0;1178.0;25.7;55.8;1.8149
1095019200;-200.0;1436.0;-200.0;17.5;1224.0;-200.0;609.0;-200.0;1886.0;1426.0;24.6;60.3;1.8363
1095022800;-200.0;1365.0;-200.0;14.8;1143.0;-200.0;655.0;-200.0;1796.0;1394.0;24.2;61.6;1.8381
1095026400;-200.0;1506.0;-200.0;23.3;1385.0;-200.0;555.0;-200.0;2260.0;1935.0;23.8;63.5;1.8495
1095030000;-200.0;1227.0;-200.0;12.2;1055.0;-200.0;705.0;-200.0;1772.0;1360.0;23.0;64.8;1.802
1095033600;-200.0;1038.0;-200.0;7.2;866.0;-200.0;833.0;-200.0;1570.0;1061.0;23.0;63.3;1.7589
1095037200;-200.0;934.0;-200.0;4.6;744.0;-200.0;970.0;-200.0;1473.0;870.0;22.8;63.3;1.7355
1095040800;-200.0;900.0;-200.0;3.8;699.0;-200.0;1036.0;-200.0;1452.0;799.0;21.0;68.6;1.6873
1095044400;-200.0;870.0;-200.0;3.7;692.0;-200.0;1070.0;-200.0;1443.0;779.0;20.4;70.7;1.6734
1095048000;-200.0;875.0;-200.0;4.0;713.0;-200.0;1027.0;-200.0;1436.0;809.0;19.4;73.4;1.6417
1095051600;-200.0;940.0;-200.0;5.5;789.0;-200.0;917.0;-200.0;1473.0;914.0;19.5;72.0;1.6118
1095055200;-200.0;1053.0;-200.0;8.3;913.0;-200.0;824.0;-200.0;1578.0;1033.0;19.7;70.3;1.5925
1095058800;-200.0;1509.0;-200.0;28.2;1508.0;-200.0;533.0;-200.0;2257.0;1572.0;20.4;66.7;1.577
1095062400;-200.0;1559.0;-200.0;32.1;1599.0;-200.0;498.0;-200.0;2374.0;1704.0;21.8;61.8;1.5966
1095066000;-200.0;1313.0;-200.0;17.7;1231.0;-200.0;626.0;-200.0;1889.0;1455.0;23.0;60.2;1.6652
1095069600;3.1;1372.0;-200.0;18.4;1251.0;475.0;609.0;138.0;1890.0;1588.0;25.4;53.0;1.6963
1095073200;2.9;1320.0;-200.0;16.3;1190.0;395.0;655.0;138.0;1825.0;1482.0;30.0;41.6;1.7324
1095076800;3.0;1346.0;-200.0;18.2;1246.0;353.0;639.0;138.0;1907.0;1458.0;32.6;34.8;1.6872
1095080400;3.0;1307.0;-200.0;17.9;1236.0;397.0;649.0;137.0;1869.0;1356.0;32.2;34.2;1.6145
1095084000;2.2;1157.0;-200.0;12.6;1069.0;274.0;737.0;120.0;1653.0;1100.0;32.1;33.5;1.569
1095087600;2.0;1154.0;-200.0;11.3;1026.0;505.0;773.0;208.0;1623.0;1212.0;32.6;31.8;1.5361
1095091200;2.3;1172.0;-200.0;14.9;1145.0;275.0;735.0;128.0;1676.0;1049.0;35.2;25.2;1.4111
1095094800;3.1;1241.0;-200.0;18.5;1254.0;360.0;693.0;145.0;1735.0;1149.0;34.3;24.7;1.3154
1095098400;-200.0;1379.0;-200.0;25.2;1433.0;-200.0;605.0;-200.0;1982.0;1370.0;31.5;29.9;1.3638
1095102000;6.2;1570.0;-200.0;35.9;1684.0;597.0;494.0;168.0;2289.0;1716.0;29.0;36.6;1.4452
1095105600;4.7;1418.0;-200.0;26.7;1471.0;728.0;542.0;177.0;2064.0;1600.0;27.1;42.2;1.4949
1095109200;3.0;1317.0;-200.0;19.9;1295.0;891.0;593.0;172.0;1883.0;1592.0;26.1;46.4;1.5445
1095112800;2.1;1204.0;-200.0;14.6;1136.0;346.0;648.0;112.0;1782.0;1491.0;25.1;49.4;1.548
1095116400;1.0;1014.0;-200.0;6.9;853.0;98.0;843.0;39.0;1499.0;1084.0;26.0;46.4;1.5375
1095120000;0.8;956.0;-200.0;5.6;794.0;144.0;896.0;68.0;1456.0;1007.0;24.7;49.2;1.5116
1095123600;0.7;891.0;-200.0;3.9;708.0;110.0;1005.0;51.0;1382.0;823.0;24.8;49.0;1.5092
1095127200;-200.0;856.0;-200.0;3.2;665.0;-200.0;1061.0;-200.0;1375.0;788.0;23.5;52.6;1.5035
1095130800;-200.0;863.0;-200.0;3.9;703.0;-200.0;1032.0;-200.0;1403.0;791.0;20.8;62.1;1.5044
1095134400;-200.0;911.0;-200.0;4.6;745.0;-200.0;922.0;-200.0;1428.0;924.0;19.9;65.5;1.5078
1095138000;-200.0;936.0;-200.0;5.0;765.0;-200.0;916.0;-200.0;1462.0;941.0;20.6;62.9;1.5088
1095141600;-200.0;1087.0;-200.0;9.6;964.0;-200.0;774.0;-200.0;1633.0;1103.0;21.3;59.4;1.4918
1095145200;-200.0;1540.0;-200.0;27.8;1498.0;-200.0;519.0;-200.0;2301.0;1657.0;22.0;58.3;1.5199
1095148800;-200.0;1513.0;-200.0;32.1;1601.0;-200.0;469.0;-200.0;2382.0;1743.0;23.2;55.4;1.5559
1095152400;-200.0;1409.0;-200.0;20.9;1322.0;-200.0;562.0;-200.0;2004.0;1601.0;26.5;50.2;1.713
1095156000;-200.0;1219.0;-200.0;11.8;1042.0;-200.0;699.0;-200.0;1750.0;1253.0;29.0;45.5;1.7976
1095159600;-200.0;1286.0;-200.0;15.8;1172.0;-200.0;644.0;-200.0;1870.0;1295.0;30.1;42.0;1.7602
1095163200;-200.0;1228.0;-200.0;15.8;1174.0;-200.0;668.0;-200.0;1788.0;1192.0;32.3;35.9;1.7067
1095166800;-200.0;1140.0;-200.0;14.0;1117.0;-200.0;711.0;-200.0;1690.0;1046.0;33.2;33.8;1.69
1095170400;-200.0;1052.0;-200.0;8.2;906.0;-200.0;832.0;-200.0;1516.0;803.0;34.0;33.6;1.7591
1095174000;-200.0;1282.0;-200.0;13.7;1107.0;-200.0;682.0;-200.0;1791.0;1116.0;29.9;45.6;1.8942
1095177600;-200.0;1378.0;-200.0;19.5;1282.0;-200.0;576.0;-200.0;2010.0;1347.0;27.7;53.7;1.967
1095181200;-200.0;1506.0;-200.0;26.7;1471.0;-200.0;518.0;-200.0;2200.0;1530.0;28.0;52.7;1.9604
1095184800;-200.0;1310.0;-200.0;18.7;1259.0;-200.0;620.0;-200.0;1926.0;1240.0;28.6;48.2;1.8616
1095188400;-200.0;1204.0;-200.0;13.9;1114.0;-200.0;686.0;-200.0;1807.0;1092.0;24.8;61.6;1.9067
1095192000;-200.0;1071.0;-200.0;6.7;842.0;-200.0;873.0;-200.0;1575.0;740.0;20.3;77.2;1.8204
1095195600;-200.0;967.0;-200.0;4.2;719.0;-200.0;980.0;-200.0;1490.0;670.0;19.7;82.5;1.8674
1095199200;-200.0;947.0;-200.0;3.6;689.0;-200.0;1009.0;-200.0;1454.0;640.0;20.6;78.8;1.8885
1095202800;-200.0;1011.0;-200.0;4.4;734.0;-200.0;967.0;-200.0;1497.0;918.0;19.2;87.2;1.9195
1095206400;-200.0;971.0;-200.0;4.2;722.0;-200.0;949.0;-200.0;1472.0;804.0;20.5;81.5;1.936
1095210000;-200.0;886.0;-200.0;2.6;627.0;-200.0;1082.0;-200.0;1405.0;694.0;21.4;74.0;1.8683
1095213600;-200.0;908.0;-200.0;3.1;657.0;-200.0;1013.0;-200.0;1460.0;796.0;20.5;78.2;1.8678
1095217200;-200.0;901.0;-200.0;3.0;652.0;-200.0;1013.0;-200.0;1468.0;804.0;20.7;77.8;1.8764
1095220800;-200.0;915.0;-200.0;3.4;674.0;-200.0;970.0;-200.0;1481.0;829.0;20.5;78.0;1.8636
1095224400;-200.0;940.0;-200.0;4.0;712.0;-200.0;961.0;-200.0;1499.0;848.0;20.6;76.2;1.8272
1095228000;-200.0;1048.0;-200.0;7.8;891.0;-200.0;791.0;-200.0;1654.0;992.0;20.1;77.4;1.802
1095231600;-200.0;1298.0;-200.0;16.1;1181.0;-200.0;644.0;-200.0;1962.0;1256.0;20.9;73.3;1.787
1095235200;-200.0;1487.0;-200.0;27.6;1493.0;-200.0;492.0;-200.0;2345.0;1598.0;21.2;72.3;1.8007
1095238800;-200.0;1327.0;-200.0;17.8;1233.0;-200.0;582.0;-200.0;1968.0;1403.0;22.5;68.9;1.8511
1095242400;-200.0;1363.0;-200.0;18.5;1255.0;-200.0;573.0;-200.0;1989.0;1497.0;23.7;64.5;1.8682
1095246000;-200.0;1393.0;-200.0;21.6;1340.0;-200.0;529.0;-200.0;2080.0;1500.0;23.2;68.4;1.9243
1095249600;-200.0;1361.0;-200.0;21.0;1324.0;-200.0;540.0;-200.0;2044.0;1549.0;23.5;69.2;1.9776
1095253200;-200.0;1289.0;-200.0;17.2;1217.0;-200.0;599.0;-200.0;1975.0;1374.0;24.1;65.5;1.9371
1095256800;-200.0;1265.0;-200.0;16.1;1184.0;-200.0;619.0;-200.0;1930.0;1270.0;24.2;65.6;1.9501
1095260400;-200.0;1339.0;-200.0;18.6;1257.0;-200.0;579.0;-200.0;2031.0;1360.0;24.6;63.9;1.9459
1095264000;-200.0;1269.0;-200.0;17.2;1215.0;-200.0;608.0;-200.0;1939.0;1296.0;26.3;56.5;1.9018
1095267600;3.3;1299.0;-200.0;17.3;1220.0;341.0;624.0;112.0;1929.0;1319.0;26.9;53.1;1.8557
1095271200;6.1;1546.0;-200.0;28.6;1519.0;622.0;493.0;170.0;2265.0;1649.0;26.5;50.8;1.7334
1095274800;6.7;1571.0;-200.0;31.8;1593.0;615.0;469.0;173.0;2409.0;1686.0;25.1;55.8;1.7511
1095278400;4.4;1312.0;-200.0;20.1;1299.0;443.0;580.0;135.0;2016.0;1380.0;23.9;58.9;1.7276
1095282000;1.9;1074.0;-200.0;9.2;946.0;219.0;767.0;93.0;1635.0;1079.0;23.1;62.8;1.7562
1095285600;1.8;1127.0;-200.0;10.3;989.0;203.0;752.0;74.0;1724.0;1096.0;22.1;67.3;1.7671
1095289200;1.5;1040.0;-200.0;8.6;923.0;165.0;769.0;69.0;1640.0;1049.0;22.1;66.5;1.7441
1095292800;1.6;1060.0;-200.0;8.6;925.0;339.0;772.0;109.0;1649.0;1161.0;21.1;70.1;1.7366
1095296400;0.8;911.0;-200.0;4.8;753.0;103.0;934.0;55.0;1496.0;865.0;21.9;67.1;1.7394
1095300000;0.5;853.0;-200.0;2.6;623.0;74.0;1107.0;49.0;1421.0;768.0;21.7;67.4;1.7262
1095303600;0.7;915.0;-200.0;4.3;725.0;-200.0;962.0;-200.0;1485.0;845.0;20.2;73.8;1.7229
1095307200;0.6;897.0;-200.0;4.5;738.0;72.0;936.0;42.0;1471.0;843.0;19.1;76.0;1.6668
1095310800;0.9;976.0;-200.0;6.6;840.0;180.0;844.0;50.0;1562.0;964.0;19.4;75.4;1.6802
1095314400;1.4;1066.0;-200.0;10.1;982.0;239.0;740.0;53.0;1699.0;1065.0;19.7;74.4;1.6829
1095318000;4.2;1435.0;-200.0;23.4;1387.0;664.0;544.0;86.0;2140.0;1467.0;19.9;74.3;1.7083
1095321600;4.1;1420.0;-200.0;25.0;1430.0;525.0;512.0;81.0;2194.0;1510.0;20.4;72.8;1.7198
1095325200;3.6;1365.0;-200.0;21.6;1341.0;543.0;549.0;96.0;2033.0;1518.0;21.6;67.7;1.7254
1095328800;2.5;1171.0;-200.0;13.0;1083.0;390.0;695.0;96.0;1758.0;1276.0;22.9;59.1;1.633
1095332400;1.3;982.0;-200.0;6.8;850.0;217.0;888.0;79.0;1505.0;873.0;18.7;73.1;1.5608
1095336000;1.7;1021.0;-200.0;10.0;979.0;248.0;798.0;95.0;1580.0;958.0;21.1;58.3;1.4444
1095339600;2.1;1044.0;-200.0;11.7;1039.0;333.0;771.0;127.0;1609.0;1076.0;23.3;47.1;1.3281
1095343200;1.7;1005.0;-200.0;9.8;972.0;279.0;834.0;102.0;1514.0;952.0;22.9;47.9;1.3208
1095346800;1.9;1021.0;-200.0;10.2;985.0;339.0;816.0;107.0;1524.0;977.0;23.3;46.2;1.301
1095350400;2.3;1064.0;-200.0;12.0;1048.0;315.0;772.0;110.0;1574.0;1059.0;23.7;45.4;1.315
1095354000;3.3;1167.0;-200.0;17.7;1231.0;365.0;659.0;124.0;1745.0;1199.0;23.8;46.1;1.3373
1095357600;3.5;1167.0;-200.0;18.8;1263.0;338.0;640.0;113.0;1790.0;1212.0;23.0;49.3;1.3689
1095361200;3.6;1164.0;-200.0;17.6;1227.0;318.0;658.0;104.0;1800.0;1193.0;21.9;53.1;1.3787
1095364800;2.9;1092.0;-200.0;13.8;1110.0;302.0;725.0;117.0;1641.0;1105.0;21.3;54.8;1.3742
1095368400;2.0;997.0;-200.0;9.4;955.0;214.0;845.0;94.0;1528.0;926.0;21.2;55.2;1.3699
1095372000;1.9;966.0;-200.0;9.6;964.0;-200.0;858.0;-200.0;1560.0;1231.0;21.4;54.8;1.3813
1095375600;1.5;969.0;-200.0;8.5;922.0;-200.0;906.0;-200.0;1488.0;995.0;20.8;57.2;1.3925
1095379200;1.1;944.0;-200.0;10.7;1005.0;363.0;874.0;109.0;1633.0;1094.0;21.3;55.8;1.3974
1095382800;0.8;834.0;-200.0;6.1;817.0;178.0;1022.0;72.0;1408.0;774.0;21.4;52.1;1.3125
1095386400;0.5;796.0;-200.0;3.2;667.0;55.0;1162.0;40.0;1295.0;558.0;20.6;56.6;1.3583
1095390000;0.4;777.0;-200.0;2.0;585.0;-200.0;1305.0;-200.0;1266.0;510.0;20.0;59.1;1.3694
1095393600;0.3;752.0;-200.0;1.2;521.0;32.0;1451.0;23.0;1247.0;471.0;19.7;61.9;1.4017
1095397200;0.3;755.0;-200.0;1.3;528.0;35.0;1472.0;24.0;1234.0;471.0;19.6;59.1;1.3346
1095400800;0.5;800.0;-200.0;2.2;598.0;84.0;1336.0;41.0;1278.0;529.0;19.8;56.7;1.2941
1095404400;2.4;1147.0;-200.0;14.6;1136.0;456.0;737.0;99.0;1708.0;1114.0;20.2;55.6;1.3043
1095408000;2.2;1036.0;-200.0;9.7;965.0;342.0;854.0;91.0;1544.0;987.0;19.7;57.8;1.3112
1095411600;1.4;926.0;-200.0;6.7;845.0;239.0;979.0;81.0;1398.0;851.0;20.2;53.1;1.2442
1095415200;1.6;961.0;-200.0;7.6;881.0;337.0;932.0;95.0;1417.0;901.0;22.0;47.0;1.2259
1095418800;1.6;951.0;-200.0;8.6;926.0;351.0;902.0;113.0;1460.0;949.0;23.5;41.6;1.1884
1095422400;1.6;962.0;-200.0;9.0;940.0;209.0;889.0;89.0;1441.0;855.0;22.8;41.8;1.1417
1095426000;2.1;1004.0;-200.0;10.7;1004.0;257.0;832.0;88.0;1490.0;911.0;23.4;40.4;1.15
1095429600;1.1;893.0;-200.0;6.3;828.0;169.0;988.0;81.0;1357.0;672.0;23.2;42.8;1.2017
1095433200;1.6;990.0;-200.0;9.4;956.0;216.0;872.0;82.0;1476.0;826.0;23.6;43.2;1.2433
1095436800;2.4;1071.0;-200.0;12.5;1068.0;303.0;798.0;115.0;1556.0;988.0;23.9;40.8;1.1937
1095440400;2.9;1140.0;-200.0;15.2;1155.0;320.0;733.0;112.0;1660.0;1105.0;23.6;42.8;1.23
1095444000;2.7;1103.0;-200.0;14.8;1143.0;310.0;741.0;116.0;1647.0;1089.0;23.2;43.3;1.2161
1095447600;3.1;1082.0;-200.0;15.9;1178.0;341.0;733.0;129.0;1605.0;1077.0;22.8;42.5;1.1608
1095451200;2.2;991.0;-200.0;10.0;977.0;272.0;872.0;110.0;1448.0;923.0;22.3;42.2;1.1209
1095454800;1.5;935.0;-200.0;6.9;852.0;229.0;978.0;105.0;1344.0;824.0;22.1;43.0;1.1271
1095458400;1.2;908.0;-200.0;5.5;790.0;168.0;1046.0;90.0;1317.0;717.0;22.2;42.7;1.1237
1095462000;1.3;927.0;-200.0;6.3;826.0;173.0;1021.0;94.0;1331.0;734.0;22.1;42.8;1.1265
1095465600;1.4;936.0;-200.0;6.7;844.0;186.0;978.0;96.0;1365.0;776.0;22.1;43.5;1.1443
1095469200;0.9;847.0;-200.0;3.7;694.0;112.0;1153.0;70.0;1240.0;594.0;21.5;45.6;1.1528
1095472800;0.7;812.0;-200.0;3.2;664.0;79.0;1212.0;57.0;1215.0;518.0;21.1;44.5;1.098
1095476400;0.6;804.0;-200.0;2.4;616.0;-200.0;1271.0;-200.0;1189.0;496.0;20.4;47.1;1.1178
1095480000;-200.0;793.0;-200.0;2.7;636.0;62.0;1213.0;45.0;1195.0;514.0;20.6;45.9;1.0993
1095483600;0.5;775.0;-200.0;2.3;609.0;58.0;1319.0;42.0;1190.0;468.0;20.2;46.7;1.0899
1095487200;0.8;835.0;-200.0;3.6;690.0;122.0;1183.0;71.0;1257.0;621.0;20.1;47.8;1.1144
1095490800;1.2;913.0;-200.0;6.4;830.0;173.0;980.0;82.0;1371.0;757.0;20.0;50.7;1.1724
1095494400;1.1;903.0;-200.0;5.0;765.0;176.0;1035.0;81.0;1317.0;712.0;20.7;49.7;1.197
1095498000;1.6;982.0;-200.0;7.9;895.0;233.0;892.0;89.0;1413.0;859.0;24.3;39.5;1.1842
1095501600;1.4;925.0;-200.0;6.6;838.0;210.0;949.0;83.0;1324.0;728.0;25.4;34.8;1.1119
1095505200;1.2;895.0;-200.0;5.2;776.0;178.0;1024.0;82.0;1274.0;640.0;26.6;30.7;1.0501
1095508800;1.4;930.0;-200.0;6.6;838.0;189.0;957.0;78.0;1319.0;680.0;27.7;28.1;1.0272
1095512400;1.6;953.0;-200.0;7.6;881.0;210.0;926.0;79.0;1339.0;704.0;27.6;28.7;1.0406
1095516000;1.1;885.0;-200.0;5.0;765.0;162.0;1017.0;78.0;1268.0;619.0;27.6;29.2;1.0594
1095519600;1.1;903.0;-200.0;5.3;779.0;137.0;1010.0;73.0;1278.0;583.0;28.1;28.6;1.0715
1095523200;1.3;927.0;-200.0;5.3;781.0;165.0;994.0;73.0;1267.0;594.0;29.1;26.8;1.0648
1095526800;1.5;979.0;-200.0;6.5;835.0;204.0;936.0;100.0;1338.0;700.0;28.4;28.3;1.0798
1095530400;2.0;1050.0;-200.0;9.2;947.0;266.0;832.0;122.0;1447.0;912.0;26.6;32.1;1.102
1095534000;2.4;1091.0;-200.0;11.6;1037.0;299.0;770.0;132.0;1512.0;1038.0;25.3;35.3;1.1262
1095537600;2.0;1040.0;-200.0;9.2;946.0;234.0;827.0;116.0;1424.0;952.0;24.7;37.1;1.1397
1095541200;1.5;997.0;-200.0;7.5;879.0;181.0;885.0;109.0;1404.0;887.0;23.5;40.6;1.1588
1095544800;1.7;1042.0;-200.0;9.0;938.0;210.0;816.0;109.0;1456.0;1004.0;22.8;43.4;1.1915
1095548400;2.5;1191.0;-200.0;12.1;1055.0;304.0;707.0;116.0;1563.0;1221.0;22.2;47.9;1.2626
1095552000;2.2;1149.0;-200.0;10.5;996.0;255.0;754.0;104.0;1534.0;1177.0;21.3;50.5;1.2652
1095555600;1.4;973.0;-200.0;7.1;862.0;149.0;850.0;81.0;1436.0;957.0;20.6;53.2;1.2742
1095559200;1.2;940.0;-200.0;6.2;823.0;112.0;891.0;64.0;1415.0;853.0;19.6;56.6;1.2797
1095562800;1.2;949.0;-200.0;7.8;890.0;-200.0;854.0;-200.0;1484.0;884.0;18.8;59.8;1.2847
1095566400;0.9;830.0;-200.0;3.8;699.0;90.0;1012.0;54.0;1339.0;736.0;18.8;59.5;1.2758
1095570000;0.5;773.0;-200.0;2.3;609.0;46.0;1169.0;35.0;1256.0;590.0;19.3;57.0;1.2603
1095573600;0.6;811.0;-200.0;2.9;644.0;76.0;1144.0;44.0;1289.0;655.0;18.2;60.8;1.2567
1095577200;1.0;901.0;-200.0;4.8;754.0;139.0;936.0;62.0;1351.0;854.0;16.8;66.8;1.2721
1095580800;1.3;969.0;-200.0;7.7;886.0;179.0;863.0;68.0;1451.0;953.0;18.6;60.0;1.2757
1095584400;1.7;1027.0;-200.0;8.8;933.0;224.0;806.0;85.0;1465.0;1050.0;22.2;48.0;1.2678
1095588000;2.2;1094.0;-200.0;10.6;1002.0;272.0;755.0;110.0;1536.0;1114.0;26.5;35.7;1.2149
1095591600;2.1;1083.0;-200.0;10.2;984.0;251.0;784.0;115.0;1485.0;1049.0;30.0;28.5;1.1883
1095595200;2.2;1098.0;-200.0;11.0;1015.0;250.0;754.0;129.0;1508.0;996.0;32.2;24.7;1.1696
1095598800;2.0;1059.0;-200.0;11.9;1047.0;178.0;761.0;106.0;1549.0;841.0;29.6;28.6;1.1628
1095602400;2.0;1021.0;-200.0;10.8;1009.0;137.0;771.0;87.0;1545.0;769.0;29.8;28.5;1.1809
1095606000;1.2;925.0;-200.0;5.1;768.0;119.0;987.0;70.0;1289.0;541.0;31.1;26.1;1.163
1095609600;1.8;1045.0;-200.0;8.3;910.0;193.0;878.0;106.0;1385.0;742.0;34.6;22.4;1.212
1095613200;4.3;1303.0;-200.0;20.7;1317.0;329.0;631.0;151.0;1816.0;1196.0;33.2;25.4;1.2722
1095616800;3.8;1254.0;-200.0;16.8;1204.0;413.0;668.0;179.0;1655.0;1338.0;30.0;31.4;1.3074
1095620400;4.4;1345.0;-200.0;20.4;1306.0;489.0;587.0;188.0;1806.0;1416.0;27.5;38.1;1.3756
1095624000;3.8;1273.0;-200.0;15.3;1159.0;470.0;645.0;187.0;1704.0;1341.0;26.2;42.5;1.423
1095627600;1.9;1096.0;-200.0;8.8;931.0;228.0;766.0;121.0;1506.0;1019.0;24.7;46.4;1.4206
1095631200;1.7;1077.0;-200.0;8.5;920.0;169.0;778.0;99.0;1509.0;935.0;23.6;50.0;1.4383
1095634800;1.8;1084.0;-200.0;8.7;929.0;189.0;751.0;100.0;1517.0;1081.0;22.7;53.6;1.4632
1095638400;1.1;980.0;-200.0;5.7;800.0;100.0;863.0;79.0;1407.0;903.0;22.7;53.8;1.4666
1095642000;0.8;882.0;-200.0;4.0;713.0;71.0;978.0;57.0;1343.0;731.0;22.8;53.0;1.4577
1095645600;0.7;851.0;-200.0;3.0;655.0;52.0;1051.0;43.0;1301.0;625.0;21.4;57.6;1.4469
1095649200;0.6;819.0;-200.0;2.2;597.0;-200.0;1112.0;-200.0;1281.0;613.0;19.9;62.3;1.4363
1095652800;0.5;804.0;-200.0;2.2;601.0;57.0;1122.0;50.0;1281.0;646.0;19.5;63.5;1.4269
1095656400;0.5;823.0;-200.0;2.7;631.0;69.0;1090.0;47.0;1304.0;671.0;20.2;60.8;1.4243
1095660000;0.9;903.0;-200.0;4.7;748.0;126.0;937.0;60.0;1373.0;801.0;19.4;63.5;1.4139
1095663600;3.5;1310.0;-200.0;21.7;1344.0;376.0;573.0;91.0;2026.0;1353.0;18.7;65.6;1.4039
1095667200;-200.0;1436.0;-200.0;32.2;1601.0;-200.0;455.0;-200.0;2338.0;1682.0;20.1;60.6;1.4062
1095670800;5.7;1479.0;-200.0;27.5;1490.0;737.0;494.0;159.0;2146.0;1749.0;23.5;49.7;1.4156
1095674400;3.5;1285.0;-200.0;18.1;1243.0;481.0;599.0;173.0;1815.0;1582.0;26.4;41.9;1.4237
1095678000;3.7;1262.0;-200.0;18.6;1258.0;425.0;597.0;174.0;1835.0;1484.0;29.9;34.0;1.4096
1095681600;3.1;1225.0;-200.0;17.6;1227.0;330.0;643.0;165.0;1774.0;1321.0;31.5;30.8;1.4017
1095685200;3.0;1162.0;-200.0;16.3;1188.0;303.0;676.0;136.0;1681.0;1125.0;30.2;30.2;1.2744
1095688800;2.6;1103.0;-200.0;11.8;1044.0;283.0;757.0;125.0;1523.0;967.0;30.5;29.3;1.2612
1095692400;2.4;1120.0;-200.0;11.9;1045.0;264.0;752.0;122.0;1563.0;975.0;31.8;27.4;1.2673
1095696000;2.6;1169.0;-200.0;15.5;1163.0;280.0;708.0;124.0;1639.0;1025.0;34.3;23.2;1.2326
1095699600;5.0;1386.0;-200.0;28.8;1522.0;505.0;560.0;184.0;1990.0;1469.0;34.1;23.0;1.2081
1095703200;5.6;1426.0;-200.0;31.1;1577.0;566.0;521.0;200.0;2080.0;1648.0;30.5;29.2;1.2585
1095706800;6.5;1476.0;-200.0;34.9;1663.0;681.0;473.0;225.0;2167.0;1785.0;28.1;32.4;1.2173
1095710400;4.1;1167.0;-200.0;19.5;1282.0;448.0;633.0;168.0;1685.0;1371.0;26.5;31.7;1.0787
1095714000;2.1;1032.0;-200.0;11.7;1039.0;231.0;761.0;118.0;1455.0;1071.0;24.8;33.7;1.0377
1095717600;2.0;1034.0;-200.0;9.9;972.0;230.0;747.0;115.0;1437.0;1118.0;23.9;38.1;1.1123
1095721200;1.4;986.0;-200.0;7.7;885.0;146.0;835.0;94.0;1407.0;931.0;23.0;43.0;1.1897
1095724800;0.8;908.0;-200.0;4.4;732.0;77.0;966.0;62.0;1311.0;722.0;23.5;44.7;1.2755
1095728400;0.8;891.0;-200.0;4.1;714.0;82.0;957.0;68.0;1295.0;773.0;22.3;47.7;1.2643
1095732000;0.6;843.0;-200.0;3.1;656.0;55.0;1042.0;50.0;1271.0;665.0;22.1;49.8;1.3094
1095735600;0.5;822.0;-200.0;2.4;612.0;-200.0;1094.0;-200.0;1254.0;594.0;21.8;51.4;1.3272
1095739200;0.4;814.0;-200.0;2.1;589.0;42.0;1119.0;36.0;1246.0;565.0;20.8;55.9;1.3581
1095742800;0.6;869.0;-200.0;3.3;673.0;102.0;1033.0;53.0;1307.0;688.0;18.8;63.0;1.3582
1095746400;1.4;1013.0;-200.0;8.1;905.0;231.0;804.0;79.0;1499.0;974.0;18.3;65.5;1.3686
1095750000;5.6;1515.0;-200.0;31.4;1584.0;699.0;496.0;133.0;2288.0;1591.0;18.2;66.1;1.3679
1095753600;7.3;1587.0;-200.0;41.2;1795.0;738.0;425.0;148.0;2531.0;1820.0;19.6;60.7;1.3713
1095757200;5.3;1490.0;-200.0;27.3;1487.0;665.0;508.0;161.0;2115.0;1807.0;22.6;51.4;1.392
1095760800;4.4;1435.0;-200.0;24.2;1408.0;598.0;537.0;191.0;1991.0;1704.0;25.8;44.2;1.4512
1095764400;3.1;1246.0;-200.0;17.0;1209.0;340.0;632.0;158.0;1792.0;1270.0;28.5;39.0;1.4928
1095768000;3.3;1266.0;-200.0;17.7;1231.0;374.0;615.0;157.0;1768.0;1265.0;30.1;35.1;1.4782
1095771600;3.8;1277.0;-200.0;19.3;1277.0;401.0;586.0;188.0;1846.0;1226.0;29.4;36.4;1.4718
1095775200;2.3;1142.0;-200.0;12.7;1073.0;275.0;671.0;143.0;1635.0;987.0;29.2;37.9;1.5116
1095778800;2.6;1207.0;-200.0;14.6;1136.0;278.0;645.0;152.0;1696.0;1024.0;30.5;34.9;1.5015
1095782400;3.2;1252.0;-200.0;17.8;1233.0;342.0;618.0;168.0;1759.0;1127.0;31.5;31.4;1.431
1095786000;5.0;1399.0;-200.0;26.6;1468.0;479.0;531.0;205.0;2072.0;1442.0;31.2;31.4;1.3987
1095789600;5.6;1464.0;-200.0;30.3;1559.0;553.0;485.0;204.0;2158.0;1639.0;28.5;37.2;1.4282
1095793200;5.4;1422.0;-200.0;28.7;1520.0;531.0;494.0;210.0;2087.0;1624.0;26.7;42.3;1.4618
1095796800;4.4;1308.0;-200.0;20.0;1297.0;428.0;567.0;173.0;1899.0;1454.0;24.8;49.0;1.5092
1095800400;2.4;1137.0;-200.0;11.9;1047.0;229.0;680.0;123.0;1620.0;1138.0;23.6;53.6;1.5374
1095804000;1.5;1040.0;-200.0;8.1;903.0;145.0;782.0;92.0;1494.0;951.0;23.0;55.8;1.548
1095807600;1.3;1018.0;-200.0;7.7;885.0;112.0;809.0;77.0;1491.0;864.0;22.1;58.4;1.5393
1095811200;1.1;962.0;-200.0;5.9;808.0;99.0;866.0;74.0;1430.0;868.0;22.6;56.3;1.5233
1095814800;1.0;930.0;-200.0;5.1;768.0;98.0;916.0;74.0;1409.0;825.0;21.0;61.3;1.5031
1095818400;0.6;812.0;-200.0;2.4;613.0;54.0;1133.0;47.0;1302.0;626.0;23.0;54.0;1.501
1095822000;0.5;826.0;-200.0;2.4;612.0;-200.0;1111.0;-200.0;1304.0;605.0;19.8;65.3;1.4894
1095825600;0.6;878.0;-200.0;3.8;702.0;59.0;949.0;44.0;1373.0;822.0;18.3;70.8;1.4794
1095829200;0.8;922.0;-200.0;5.0;764.0;162.0;892.0;69.0;1415.0;905.0;18.1;72.5;1.4876
1095832800;1.5;1047.0;-200.0;9.7;965.0;268.0;737.0;79.0;1606.0;1075.0;18.3;71.0;1.4807
1095836400;4.1;1376.0;-200.0;25.9;1452.0;531.0;521.0;108.0;2123.0;1541.0;18.5;68.9;1.4565
1095840000;5.5;1514.0;-200.0;34.3;1648.0;517.0;457.0;119.0;2400.0;1749.0;20.1;62.7;1.461
1095843600;5.5;1494.0;-200.0;29.0;1528.0;701.0;479.0;165.0;2201.0;1798.0;23.5;52.0;1.4833
1095847200;3.7;1316.0;-200.0;20.0;1298.0;510.0;562.0;172.0;1888.0;1584.0;26.8;42.7;1.4864
1095850800;3.3;1269.0;-200.0;18.3;1247.0;415.0;597.0;180.0;1813.0;1441.0;29.1;36.7;1.4543
1095854400;2.5;1152.0;-200.0;13.4;1099.0;243.0;674.0;130.0;1631.0;1093.0;30.8;32.0;1.4014
1095858000;2.6;1138.0;-200.0;14.0;1117.0;267.0;657.0;120.0;1646.0;1019.0;27.9;37.0;1.372
1095861600;2.2;1132.0;-200.0;12.1;1052.0;233.0;680.0;117.0;1609.0;944.0;28.5;37.3;1.4291
1095865200;2.6;1186.0;-200.0;15.3;1159.0;295.0;640.0;141.0;1701.0;1046.0;30.2;32.9;1.3865
1095868800;2.9;1228.0;-200.0;16.1;1184.0;309.0;657.0;151.0;1724.0;1089.0;32.9;27.7;1.3622
1095872400;5.0;1424.0;-200.0;27.3;1486.0;506.0;523.0;218.0;2084.0;1537.0;32.2;28.8;1.3624
1095876000;5.1;1427.0;-200.0;26.2;1458.0;479.0;507.0;213.0;2049.0;1566.0;28.8;39.0;1.5203
1095879600;5.2;1387.0;-200.0;26.7;1473.0;460.0;508.0;194.0;2065.0;1510.0;26.7;43.3;1.4881
1095883200;3.8;1284.0;-200.0;18.3;1249.0;363.0;582.0;167.0;1842.0;1300.0;24.6;54.0;1.6461
1095886800;2.2;1110.0;-200.0;11.9;1045.0;213.0;688.0;115.0;1638.0;1058.0;23.4;59.9;1.6992
1095890400;2.1;1110.0;-200.0;11.5;1032.0;183.0;702.0;98.0;1650.0;1002.0;22.5;62.6;1.6883
1095894000;1.8;1077.0;-200.0;9.6;964.0;163.0;749.0;93.0;1571.0;923.0;22.9;62.0;1.7127
1095897600;1.6;1037.0;-200.0;8.0;898.0;152.0;793.0;87.0;1539.0;836.0;22.2;64.9;1.719
1095901200;1.4;1002.0;-200.0;6.9;854.0;104.0;818.0;71.0;1513.0;779.0;21.4;68.5;1.7261
1095904800;0.8;865.0;-200.0;3.7;694.0;61.0;989.0;49.0;1385.0;678.0;22.2;63.0;1.6673
1095908400;0.5;824.0;-200.0;2.4;615.0;-200.0;1131.0;-200.0;1336.0;601.0;22.4;59.9;1.6069
1095912000;-200.0;824.0;-200.0;2.2;602.0;54.0;1138.0;44.0;1337.0;593.0;21.1;63.8;1.5817
1095915600;0.5;847.0;-200.0;2.5;620.0;84.0;1085.0;58.0;1339.0;670.0;22.9;57.5;1.5879
1095919200;0.9;961.0;-200.0;6.3;828.0;132.0;892.0;66.0;1491.0;837.0;21.3;63.2;1.5794
1095922800;3.2;1336.0;-200.0;21.6;1340.0;422.0;540.0;112.0;2049.0;1400.0;21.3;63.5;1.5941
1095926400;2.8;1251.0;-200.0;18.8;1264.0;282.0;582.0;104.0;1897.0;1393.0;23.7;54.4;1.5765
1095930000;2.7;1290.0;-200.0;18.1;1244.0;293.0;604.0;103.0;1853.0;1415.0;25.0;50.8;1.5903
1095933600;2.4;1215.0;-200.0;14.8;1141.0;334.0;631.0;118.0;1766.0;1285.0;26.3;48.1;1.6199
1095937200;2.7;1248.0;-200.0;15.9;1177.0;324.0;608.0;129.0;1784.0;1230.0;26.4;47.3;1.6006
1095940800;2.8;1233.0;-200.0;16.1;1184.0;294.0;610.0;127.0;1775.0;1147.0;29.3;39.5;1.5855
1095944400;2.9;1229.0;-200.0;17.2;1217.0;273.0;599.0;130.0;1795.0;1107.0;29.0;39.6;1.5581
1095948000;2.6;1206.0;-200.0;15.8;1175.0;275.0;618.0;130.0;1746.0;1068.0;29.8;38.0;1.5642
1095951600;2.6;1215.0;-200.0;15.1;1150.0;282.0;608.0;118.0;1733.0;1115.0;30.4;37.2;1.588
1095955200;3.2;1330.0;-200.0;18.9;1264.0;323.0;586.0;146.0;1860.0;1362.0;31.5;34.9;1.5903
1095958800;4.6;1446.0;-200.0;25.2;1434.0;442.0;522.0;190.0;2075.0;1619.0;31.6;34.8;1.5925
1095962400;4.9;1446.0;-200.0;26.1;1458.0;431.0;501.0;189.0;2059.0;1572.0;29.0;40.5;1.5949
1095966000;4.7;1421.0;-200.0;25.6;1444.0;402.0;510.0;173.0;2056.0;1446.0;27.2;45.9;1.6302
1095969600;3.3;1247.0;-200.0;16.9;1206.0;313.0;600.0;148.0;1785.0;1233.0;26.2;48.7;1.6256
1095973200;2.3;1168.0;-200.0;12.6;1070.0;228.0;667.0;116.0;1646.0;1102.0;25.1;50.5;1.584
1095976800;2.1;1111.0;-200.0;10.3;991.0;218.0;721.0;109.0;1559.0;1028.0;24.1;50.7;1.4959
1095980400;1.7;1071.0;-200.0;8.9;934.0;179.0;763.0;94.0;1504.0;942.0;22.5;53.7;1.4486
1095984000;1.0;969.0;-200.0;6.5;835.0;97.0;859.0;64.0;1437.0;773.0;22.7;53.7;1.458
1095987600;0.9;942.0;-200.0;5.3;780.0;83.0;915.0;59.0;1419.0;737.0;21.5;57.9;1.4658
1095991200;0.7;923.0;-200.0;4.6;744.0;80.0;908.0;64.0;1394.0;815.0;22.3;55.8;1.4828
1095994800;0.4;813.0;-200.0;2.0;581.0;-200.0;1176.0;-200.0;1320.0;627.0;22.7;53.8;1.4673
1095998400;0.4;851.0;-200.0;2.5;618.0;66.0;1099.0;52.0;1351.0;642.0;21.1;59.9;1.4789
1096002000;0.5;868.0;-200.0;2.8;639.0;109.0;1093.0;55.0;1367.0;610.0;20.4;63.0;1.4946
1096005600;1.3;1062.0;-200.0;8.4;915.0;232.0;792.0;83.0;1579.0;929.0;20.8;62.2;1.5119
1096009200;3.5;1418.0;-200.0;21.1;1328.0;535.0;546.0;114.0;2017.0;1427.0;21.3;61.6;1.5452
1096012800;5.5;1600.0;-200.0;34.0;1641.0;684.0;440.0;137.0;2430.0;1776.0;21.9;60.2;1.56
1096016400;5.6;1583.0;-200.0;29.4;1538.0;803.0;461.0;160.0;2214.0;1788.0;23.0;56.4;1.5614
1096020000;3.4;1338.0;-200.0;20.3;1305.0;539.0;543.0;138.0;1929.0;1521.0;25.1;49.5;1.5572
1096023600;3.2;1285.0;-200.0;18.4;1252.0;364.0;581.0;134.0;1866.0;1293.0;26.6;44.3;1.5229
1096027200;3.7;1376.0;-200.0;22.3;1359.0;422.0;530.0;143.0;1998.0;1435.0;26.2;46.0;1.5422
1096030800;4.6;1467.0;-200.0;26.9;1477.0;483.0;491.0;153.0;2114.0;1592.0;25.4;48.7;1.5594
1096034400;4.2;1442.0;-200.0;24.0;1403.0;496.0;518.0;145.0;2026.0;1551.0;25.6;48.3;1.558
1096038000;3.3;1358.0;-200.0;19.3;1277.0;403.0;563.0;123.0;1892.0;1429.0;25.7;47.8;1.5548
1096041600;2.7;1222.0;-200.0;14.5;1133.0;282.0;624.0;96.0;1698.0;1195.0;24.9;49.2;1.5251
1096045200;2.2;1134.0;-200.0;11.1;1017.0;268.0;724.0;107.0;1632.0;981.0;18.3;75.4;1.5682
1096048800;2.8;1120.0;-200.0;10.4;993.0;306.0;725.0;119.0;1565.0;962.0;16.3;73.9;1.3601
1096052400;2.9;1103.0;-200.0;10.5;997.0;293.0;736.0;109.0;1552.0;914.0;15.6;75.7;1.3345
1096056000;2.0;985.0;-200.0;5.8;805.0;240.0;895.0;107.0;1390.0;785.0;15.4;76.6;1.3334
1096059600;0.7;795.0;-200.0;2.2;596.0;93.0;1227.0;57.0;1188.0;482.0;14.0;75.4;1.1988
1096063200;0.6;787.0;-200.0;2.0;584.0;99.0;1317.0;60.0;1129.0;446.0;14.9;60.5;1.0213
1096066800;1.2;839.0;-200.0;3.8;701.0;55.0;1128.0;22.0;1156.0;553.0;15.5;50.9;0.888
1096070400;1.2;835.0;-200.0;3.9;705.0;19.0;1117.0;2.0;1161.0;592.0;15.6;50.0;0.8773
1096074000;1.1;837.0;-200.0;3.7;693.0;26.0;1096.0;7.0;1178.0;584.0;15.4;53.6;0.9326
1096077600;0.6;761.0;-200.0;1.7;563.0;26.0;1316.0;8.0;1106.0;451.0;15.4;53.9;0.9334
1096081200;0.3;718.0;-200.0;1.0;499.0;-200.0;1495.0;-200.0;1059.0;382.0;15.3;52.4;0.9017
1096084800;0.3;724.0;-200.0;1.0;495.0;42.0;1531.0;27.0;1071.0;391.0;15.3;53.1;0.9181
1096088400;0.3;718.0;-200.0;0.9;486.0;32.0;1531.0;14.0;1072.0;398.0;15.4;53.7;0.9295
1096092000;0.4;744.0;-200.0;1.3;525.0;25.0;1434.0;3.0;1097.0;430.0;15.5;53.3;0.9308
1096095600;0.6;782.0;-200.0;2.1;591.0;28.0;1287.0;9.0;1130.0;461.0;15.4;52.7;0.9178
1096099200;0.7;798.0;-200.0;2.5;619.0;41.0;1204.0;14.0;1138.0;500.0;15.7;51.1;0.9056
1096102800;1.0;867.0;-200.0;4.6;744.0;130.0;1067.0;52.0;1207.0;594.0;16.9;47.7;0.9142
1096106400;1.1;862.0;-200.0;4.3;729.0;173.0;1103.0;64.0;1171.0;603.0;18.2;41.9;0.8674
1096110000;1.5;915.0;-200.0;6.5;834.0;168.0;1006.0;66.0;1243.0;686.0;19.1;37.0;0.8104
1096113600;1.4;857.0;-200.0;6.0;813.0;51.0;1040.0;14.0;1183.0;622.0;19.3;34.8;0.771
1096117200;1.4;837.0;-200.0;6.0;812.0;31.0;1065.0;9.0;1171.0;624.0;19.8;31.2;0.7127
1096120800;1.0;805.0;-200.0;4.5;740.0;41.0;1161.0;12.0;1117.0;565.0;19.8;31.1;0.7104
1096124400;0.9;781.0;-200.0;3.9;705.0;41.0;1203.0;14.0;1068.0;514.0;20.2;28.6;0.6717
1096128000;1.1;815.0;-200.0;4.6;743.0;54.0;1183.0;21.0;1095.0;536.0;22.1;24.8;0.6514
1096131600;1.3;877.0;-200.0;6.7;844.0;112.0;1048.0;43.0;1193.0;669.0;21.1;27.7;0.6853
1096135200;1.8;926.0;-200.0;8.9;935.0;178.0;931.0;62.0;1262.0;786.0;20.1;30.3;0.7045
1096138800;2.4;987.0;-200.0;9.8;971.0;218.0;876.0;68.0;1312.0;891.0;19.5;33.0;0.7384
1096142400;2.7;1004.0;-200.0;10.8;1007.0;241.0;848.0;81.0;1321.0;926.0;19.3;32.3;0.7163
1096146000;1.7;897.0;-200.0;7.4;875.0;223.0;937.0;88.0;1227.0;902.0;18.4;33.2;0.6975
1096149600;2.2;1002.0;-200.0;10.3;989.0;279.0;840.0;99.0;1358.0;1011.0;17.8;36.5;0.7366
1096153200;2.8;1126.0;-200.0;13.8;1111.0;330.0;746.0;98.0;1473.0;1249.0;17.8;39.9;0.8035
1096156800;2.4;1067.0;-200.0;10.9;1013.0;330.0;794.0;97.0;1350.0;1133.0;17.0;43.0;0.8242
1096160400;2.5;1063.0;-200.0;11.7;1040.0;341.0;739.0;101.0;1413.0;1166.0;15.5;52.2;0.9136
1096164000;1.4;915.0;-200.0;7.8;893.0;205.0;872.0;90.0;1287.0;953.0;15.6;51.9;0.9135
1096167600;1.4;906.0;-200.0;7.7;885.0;-200.0;872.0;-200.0;1304.0;912.0;13.5;59.4;0.9176
1096171200;-200.0;844.0;-200.0;5.5;786.0;130.0;969.0;61.0;1226.0;831.0;13.4;59.9;0.9173
1096174800;0.9;816.0;-200.0;4.5;739.0;102.0;999.0;55.0;1188.0;793.0;12.5;63.2;0.9146
1096178400;0.6;768.0;-200.0;3.3;671.0;79.0;1128.0;46.0;1153.0;700.0;13.6;57.6;0.8941
1096182000;1.0;835.0;-200.0;5.4;785.0;148.0;989.0;56.0;1224.0;780.0;12.2;63.2;0.8964
1096185600;1.6;944.0;-200.0;8.2;908.0;261.0;865.0;83.0;1321.0;931.0;14.6;56.4;0.9319
1096189200;0.9;810.0;-200.0;3.0;651.0;107.0;1170.0;55.0;1117.0;575.0;19.8;38.6;0.8831
1096192800;0.9;819.0;-200.0;3.0;655.0;103.0;1222.0;47.0;1104.0;507.0;21.6;33.4;0.8519
1096196400;1.0;844.0;-200.0;3.5;680.0;122.0;1147.0;61.0;1129.0;518.0;22.0;32.2;0.8407
1096200000;1.0;846.0;-200.0;3.6;688.0;127.0;1127.0;58.0;1138.0;518.0;22.7;30.2;0.8217
1096203600;0.9;842.0;-200.0;4.0;711.0;110.0;1077.0;59.0;1160.0;516.0;22.3;30.4;0.8063
1096207200;0.9;840.0;-200.0;4.2;722.0;98.0;1048.0;54.0;1169.0;507.0;22.1;30.5;0.7981
1096210800;0.9;815.0;-200.0;3.1;657.0;146.0;1166.0;69.0;1098.0;490.0;22.1;29.5;0.7761
1096214400;0.9;838.0;-200.0;3.5;685.0;119.0;1176.0;54.0;1121.0;465.0;23.4;27.1;0.7681
1096218000;2.7;992.0;-200.0;10.3;987.0;234.0;823.0;95.0;1327.0;781.0;23.1;27.0;0.7538
1096221600;2.2;990.0;-200.0;7.8;891.0;261.0;908.0;99.0;1278.0;765.0;21.5;31.4;0.7943
1096225200;3.3;1066.0;-200.0;10.7;1004.0;371.0;795.0;127.0;1384.0;1006.0;20.3;35.5;0.833
1096228800;2.1;971.0;-200.0;7.3;870.0;266.0;911.0;98.0;1287.0;798.0;19.6;36.3;0.8193
1096232400;1.8;963.0;-200.0;7.7;887.0;268.0;853.0;112.0;1311.0;938.0;18.7;39.7;0.8482
1096236000;1.9;1010.0;-200.0;8.6;925.0;294.0;829.0;115.0;1351.0;996.0;18.0;42.7;0.8745
1096239600;2.3;1054.0;-200.0;10.0;978.0;303.0;768.0;114.0;1398.0;1109.0;17.1;47.6;0.9208
1096243200;1.9;998.0;-200.0;8.5;920.0;241.0;802.0;103.0;1365.0;1042.0;16.6;51.3;0.9634
1096246800;1.3;919.0;-200.0;5.8;802.0;142.0;891.0;81.0;1265.0;940.0;15.9;55.2;0.9881
1096250400;1.0;884.0;-200.0;5.0;764.0;110.0;921.0;75.0;1247.0;900.0;14.9;58.9;0.9891
1096254000;0.6;803.0;-200.0;2.9;648.0;-200.0;1079.0;-200.0;1178.0;774.0;14.1;61.0;0.9799
1096257600;0.6;820.0;-200.0;3.4;674.0;104.0;1024.0;64.0;1188.0;790.0;14.0;62.6;0.9948
1096261200;0.9;894.0;-200.0;5.6;794.0;179.0;889.0;71.0;1266.0;908.0;14.1;61.7;0.9844
1096264800;1.5;988.0;-200.0;9.0;941.0;361.0;801.0;99.0;1399.0;1035.0;14.4;60.3;0.9802
1096268400;5.5;1372.0;-200.0;26.9;1477.0;799.0;542.0;132.0;1973.0;1556.0;15.0;57.7;0.9778
1096272000;4.0;1209.0;-200.0;18.8;1262.0;614.0;618.0;135.0;1708.0;1392.0;16.9;50.3;0.958
1096275600;1.8;951.0;-200.0;8.2;908.0;275.0;873.0;94.0;1314.0;904.0;19.7;40.2;0.9108
1096279200;1.9;992.0;-200.0;9.1;943.0;325.0;847.0;103.0;1351.0;936.0;22.2;33.6;0.8886
1096282800;1.7;964.0;-200.0;9.2;947.0;327.0;862.0;123.0;1328.0;907.0;23.7;29.6;0.8537
1096286400;1.6;917.0;-200.0;8.3;910.0;252.0;886.0;95.0;1275.0;744.0;21.9;30.7;0.7961
1096290000;1.9;937.0;-200.0;9.1;942.0;226.0;852.0;90.0;1276.0;773.0;22.3;29.5;0.7838
1096293600;1.6;961.0;-200.0;9.2;949.0;230.0;853.0;99.0;1306.0;812.0;23.8;27.0;0.7845
1096297200;1.8;969.0;-200.0;9.6;962.0;244.0;829.0;107.0;1316.0;856.0;23.3;28.3;0.8012
1096300800;2.0;1020.0;-200.0;11.8;1042.0;251.0;788.0;112.0;1401.0;927.0;24.2;27.2;0.8128
1096304400;3.1;1107.0;-200.0;17.3;1219.0;346.0;683.0;132.0;1582.0;1131.0;25.1;25.8;0.8065
1096308000;3.9;1119.0;-200.0;17.8;1233.0;407.0;670.0;148.0;1539.0;1270.0;22.3;29.2;0.7773
1096311600;4.3;1173.0;-200.0;20.9;1322.0;490.0;633.0;158.0;1679.0;1365.0;20.8;32.5;0.7873
1096315200;3.5;1097.0;-200.0;14.9;1144.0;434.0;702.0;145.0;1517.0;1274.0;19.1;36.8;0.8066
1096318800;2.4;1018.0;-200.0;11.3;1024.0;345.0;758.0;128.0;1400.0;1169.0;18.1;39.9;0.8232
1096322400;1.5;932.0;-200.0;8.4;914.0;192.0;837.0;105.0;1298.0;1000.0;17.4;42.8;0.8463
1096326000;1.3;897.0;-200.0;6.8;849.0;157.0;891.0;90.0;1253.0;910.0;16.7;46.6;0.8793
1096329600;1.0;840.0;-200.0;4.9;758.0;148.0;994.0;85.0;1189.0;829.0;17.1;46.8;0.9054
1096333200;0.8;802.0;-200.0;3.5;680.0;105.0;1091.0;73.0;1137.0;756.0;15.3;51.9;0.8982
1096336800;0.5;765.0;-200.0;2.8;637.0;141.0;1138.0;74.0;1113.0;742.0;15.0;52.8;0.8929
1096340400;0.4;741.0;-200.0;2.1;595.0;-200.0;1191.0;-200.0;1080.0;686.0;14.4;54.5;0.8887
1096344000;0.5;748.0;-200.0;2.2;595.0;107.0;1208.0;61.0;1089.0;677.0;12.8;59.8;0.8801
1096347600;0.7;791.0;-200.0;3.9;704.0;166.0;1057.0;69.0;1154.0;748.0;11.9;62.7;0.8726
1096351200;1.2;875.0;-200.0;7.3;871.0;241.0;890.0;82.0;1253.0;890.0;12.1;62.6;0.8825
1096354800;2.4;1085.0;-200.0;15.5;1164.0;368.0;707.0;120.0;1503.0;1155.0;13.5;58.2;0.8944
1096358400;4.3;1268.0;-200.0;27.1;1482.0;498.0;550.0;135.0;1849.0;1533.0;14.4;55.7;0.9087
1096362000;4.1;1236.0;-200.0;21.3;1332.0;641.0;601.0;152.0;1683.0;1550.0;17.8;45.7;0.9224
1096365600;3.7;1274.0;-200.0;19.9;1294.0;667.0;615.0;177.0;1595.0;2236.0;21.0;37.2;0.9155
1096369200;3.4;1250.0;-200.0;19.4;1280.0;550.0;618.0;181.0;1663.0;2178.0;24.5;29.8;0.9008
1096372800;3.8;1224.0;-200.0;21.8;1347.0;483.0;602.0;176.0;1670.0;1901.0;26.4;26.4;0.8969
1096376400;4.1;1220.0;-200.0;21.7;1344.0;524.0;605.0;163.0;1676.0;1743.0;25.2;26.8;0.8451
1096380000;3.4;1166.0;-200.0;18.9;1265.0;481.0;640.0;174.0;1570.0;1502.0;26.1;24.8;0.8283
1096383600;2.3;1050.0;-200.0;13.0;1084.0;305.0;748.0;117.0;1402.0;1153.0;26.2;24.4;0.8174
1096387200;3.2;1174.0;-200.0;18.8;1264.0;396.0;670.0;145.0;1598.0;1287.0;28.9;21.3;0.8382
1096390800;4.8;1323.0;-200.0;26.8;1474.0;501.0;554.0;173.0;1854.0;1547.0;28.0;23.3;0.8681
1096394400;6.7;1432.0;-200.0;36.9;1706.0;702.0;488.0;204.0;2098.0;1842.0;24.7;27.9;0.8559
1096398000;7.5;1479.0;-200.0;39.3;1756.0;755.0;466.0;209.0;2165.0;1908.0;23.0;33.6;0.9302
1096401600;4.5;1309.0;-200.0;23.1;1379.0;524.0;555.0;175.0;1841.0;1693.0;20.9;45.8;1.1159
1096405200;2.1;1089.0;-200.0;11.6;1037.0;247.0;707.0;129.0;1480.0;1336.0;19.8;48.6;1.113
1096408800;1.5;1009.0;-200.0;8.3;911.0;196.0;788.0;111.0;1359.0;1177.0;19.8;47.7;1.0885
1096412400;1.1;930.0;-200.0;5.7;796.0;135.0;883.0;85.0;1263.0;977.0;18.6;49.1;1.0435
1096416000;1.1;929.0;-200.0;5.9;805.0;146.0;879.0;86.0;1270.0;974.0;17.2;53.9;1.0498
1096419600;0.9;872.0;-200.0;4.1;718.0;106.0;981.0;71.0;1223.0;872.0;16.3;56.8;1.047
1096423200;0.5;790.0;-200.0;2.2;601.0;70.0;1150.0;60.0;1157.0;734.0;17.4;53.4;1.0541
1096426800;0.4;793.0;-200.0;2.0;581.0;-200.0;1169.0;-200.0;1152.0;668.0;15.5;58.8;1.0309
1096430400;-200.0;789.0;-200.0;2.2;596.0;62.0;1145.0;48.0;1161.0;698.0;14.6;62.1;1.0236
1096434000;0.4;769.0;-200.0;2.0;586.0;60.0;1221.0;45.0;1134.0;650.0;17.1;52.5;1.013
1096437600;0.7;852.0;-200.0;4.0;713.0;92.0;1029.0;53.0;1203.0;749.0;15.2;58.3;0.9986
1096441200;2.0;1100.0;-200.0;13.4;1097.0;277.0;739.0;94.0;1516.0;1106.0;14.9;59.2;0.9985
1096444800;4.2;1326.0;-200.0;28.0;1504.0;600.0;510.0;122.0;1968.0;1609.0;15.1;59.0;1.0086
1096448400;5.2;1433.0;-200.0;28.6;1518.0;693.0;499.0;170.0;1973.0;1770.0;19.0;47.8;1.0434
1096452000;3.8;1310.0;-200.0;21.4;1334.0;617.0;573.0;174.0;1747.0;1633.0;22.4;38.8;1.04
1096455600;3.7;1304.0;-200.0;19.1;1272.0;569.0;593.0;191.0;1673.0;1583.0;25.4;33.3;1.0679
1096459200;3.4;1286.0;-200.0;19.6;1286.0;409.0;593.0;179.0;1728.0;1449.0;27.2;30.4;1.081
1096462800;3.1;1217.0;-200.0;15.8;1175.0;335.0;621.0;148.0;1644.0;1451.0;25.5;34.8;1.1152
1096466400;2.4;1104.0;-200.0;13.5;1099.0;290.0;698.0;129.0;1483.0;1147.0;26.4;28.5;0.9658
1096470000;2.8;1143.0;-200.0;15.9;1176.0;312.0;677.0;148.0;1551.0;1108.0;27.7;25.1;0.9158
1096473600;3.6;1205.0;-200.0;19.9;1295.0;440.0;626.0;184.0;1613.0;1267.0;28.6;23.2;0.8917
1096477200;4.0;1276.0;-200.0;21.6;1340.0;450.0;597.0;188.0;1677.0;1303.0;27.2;26.3;0.9317
1096480800;5.6;1440.0;-200.0;31.0;1573.0;578.0;491.0;204.0;1997.0;1643.0;25.3;33.0;1.0473
1096484400;6.3;1467.0;-200.0;34.1;1643.0;615.0;467.0;201.0;2088.0;1749.0;23.2;36.9;1.0346
1096488000;4.7;1339.0;-200.0;22.8;1373.0;536.0;541.0;165.0;1797.0;1585.0;21.6;43.3;1.1019
1096491600;1.9;1108.0;-200.0;12.3;1061.0;238.0;685.0;133.0;1454.0;1315.0;21.1;44.8;1.1088
1096495200;1.9;1116.0;-200.0;10.9;1012.0;249.0;699.0;125.0;1445.0;1290.0;19.7;49.3;1.1148
1096498800;1.2;981.0;-200.0;7.1;860.0;150.0;812.0;101.0;1298.0;1059.0;20.3;47.8;1.1281
1096502400;0.9;947.0;-200.0;5.7;798.0;108.0;869.0;79.0;1276.0;943.0;19.4;50.3;1.1201
1096506000;-200.0;939.0;-200.0;5.3;776.0;-200.0;879.0;-200.0;1259.0;913.0;18.3;53.1;1.1056
1096509600;-200.0;862.0;-200.0;2.9;644.0;-200.0;1030.0;-200.0;1173.0;720.0;17.5;56.1;1.1103
1096513200;-200.0;827.0;-200.0;1.9;577.0;-200.0;1138.0;-200.0;1143.0;640.0;19.2;50.3;1.1087
1096516800;-200.0;879.0;-200.0;2.4;611.0;-200.0;1036.0;-200.0;1189.0;779.0;16.6;59.6;1.117
1096520400;-200.0;911.0;-200.0;4.0;710.0;-200.0;932.0;-200.0;1226.0;850.0;17.5;57.1;1.1311
1096524000;-200.0;1051.0;-200.0;8.1;901.0;-200.0;778.0;-200.0;1379.0;1020.0;17.6;57.6;1.1471
1096527600;-200.0;1496.0;-200.0;24.8;1425.0;-200.0;520.0;-200.0;1946.0;1605.0;18.0;57.0;1.1665
1096531200;-200.0;1610.0;-200.0;36.3;1692.0;-200.0;436.0;-200.0;2197.0;1866.0;18.5;55.9;1.1779
1096534800;-200.0;1428.0;-200.0;20.9;1321.0;-200.0;544.0;-200.0;1779.0;1621.0;18.6;57.2;1.2146
1096538400;-200.0;1459.0;-200.0;22.2;1356.0;-200.0;525.0;-200.0;1795.0;1712.0;20.2;53.0;1.2407
1096542000;-200.0;1486.0;-200.0;23.5;1390.0;-200.0;504.0;-200.0;1835.0;1770.0;21.3;50.1;1.2539
1096545600;1.7;1158.0;-200.0;10.8;1008.0;-200.0;695.0;-200.0;1489.0;1175.0;24.6;42.8;1.3053
1096549200;1.7;1200.0;-200.0;11.2;1021.0;223.0;678.0;101.0;1510.0;1157.0;24.6;44.1;1.3477
1096552800;2.2;1290.0;-200.0;15.1;1151.0;267.0;613.0;113.0;1638.0;1219.0;25.6;43.4;1.4049
1096556400;2.8;1366.0;-200.0;17.4;1223.0;308.0;578.0;121.0;1744.0;1288.0;26.1;42.6;1.4172
1096560000;3.9;1505.0;-200.0;23.4;1388.0;422.0;516.0;146.0;1978.0;1503.0;25.8;44.8;1.4644
1096563600;6.5;1728.0;-200.0;35.9;1683.0;623.0;419.0;188.0;2365.0;1861.0;25.4;47.9;1.5346
1096567200;6.3;1673.0;-200.0;34.0;1643.0;572.0;436.0;182.0;2259.0;1781.0;24.6;50.0;1.5241
1096570800;5.7;1636.0;-200.0;30.1;1553.0;514.0;449.0;166.0;2130.0;1745.0;23.6;54.4;1.5687
1096574400;4.4;1468.0;-200.0;20.0;1296.0;414.0;529.0;142.0;1854.0;1590.0;22.6;59.5;1.6155
1096578000;1.6;1180.0;-200.0;10.5;997.0;143.0;677.0;84.0;1549.0;1127.0;22.1;61.3;1.6133
1096581600;1.5;1138.0;-200.0;9.0;938.0;147.0;700.0;87.0;1500.0;1098.0;22.1;61.3;1.6053
1096585200;1.7;1192.0;-200.0;10.7;1004.0;159.0;665.0;91.0;1577.0;1176.0;21.1;64.7;1.5956
1096588800;1.9;1176.0;-200.0;10.4;993.0;206.0;659.0;91.0;1572.0;1178.0;20.3;66.4;1.5591
1096592400;1.6;1137.0;-200.0;9.7;967.0;140.0;687.0;74.0;1557.0;1091.0;19.4;69.3;1.5418
1096596000;1.3;1035.0;-200.0;6.9;851.0;132.0;764.0;69.0;1465.0;1002.0;19.0;70.8;1.5417
1096599600;0.8;943.0;-200.0;4.0;709.0;-200.0;893.0;-200.0;1348.0;876.0;20.2;65.8;1.5442
1096603200;0.6;904.0;-200.0;3.0;655.0;81.0;968.0;54.0;1326.0;824.0;19.8;67.2;1.5322
1096606800;0.7;966.0;-200.0;4.3;726.0;120.0;872.0;60.0;1371.0;892.0;19.0;70.3;1.5308
1096610400;1.6;1124.0;-200.0;9.8;972.0;279.0;674.0;69.0;1568.0;1092.0;18.8;71.8;1.5372
1096614000;2.9;1348.0;-200.0;17.2;1217.0;392.0;559.0;91.0;1816.0;1413.0;20.2;66.3;1.555
1096617600;4.1;1499.0;-200.0;27.9;1501.0;433.0;469.0;97.0;2130.0;1565.0;20.8;64.3;1.563
1096621200;3.7;1427.0;-200.0;20.5;1311.0;531.0;503.0;114.0;1900.0;1594.0;22.3;59.3;1.5705
1096624800;3.6;1473.0;-200.0;21.2;1330.0;619.0;497.0;129.0;1908.0;1677.0;23.2;56.6;1.5929
1096628400;3.4;1440.0;-200.0;19.9;1294.0;522.0;506.0;137.0;1879.0;1616.0;23.8;54.7;1.587
1096632000;3.7;1474.0;-200.0;21.1;1326.0;505.0;485.0;134.0;1943.0;1610.0;23.5;56.2;1.6048
1096635600;4.1;1485.0;-200.0;22.3;1359.0;465.0;477.0;132.0;2005.0;1614.0;23.9;54.4;1.5963
1096639200;3.2;-200.0;-200.0;-200.0;-200.0;383.0;-200.0;123.0;-200.0;-200.0;-200.0;-200.0;-200.0
1096642800;2.4;1306.0;-200.0;12.9;1079.0;278.0;603.0;105.0;1668.0;1286.0;25.4;47.4;1.517
1096646400;3.4;1464.0;-200.0;18.4;1251.0;372.0;530.0;136.0;1853.0;1487.0;26.4;45.4;1.54
1096650000;5.6;1629.0;-200.0;26.5;1466.0;540.0;458.0;169.0;2130.0;1703.0;25.8;46.9;1.5375
1096653600;-200.0;1629.0;-200.0;29.4;1536.0;-200.0;435.0;-200.0;2205.0;1773.0;25.3;49.6;1.5805
1096657200;-200.0;1707.0;-200.0;33.7;1637.0;-200.0;411.0;-200.0;2338.0;1848.0;24.2;54.3;1.6117
1096660800;-200.0;1424.0;-200.0;19.9;1293.0;-200.0;524.0;-200.0;1902.0;1550.0;22.8;58.1;1.5951
1096664400;-200.0;1297.0;-200.0;13.5;1100.0;-200.0;598.0;-200.0;1710.0;1350.0;21.5;63.2;1.5993
1096668000;-200.0;1214.0;-200.0;11.2;1022.0;-200.0;645.0;-200.0;1592.0;1235.0;21.3;63.0;1.5798
1096671600;-200.0;1160.0;-200.0;9.1;944.0;-200.0;686.0;-200.0;1523.0;1162.0;20.8;64.1;1.554
1096675200;-200.0;1232.0;-200.0;10.9;1012.0;-200.0;642.0;-200.0;1595.0;1211.0;20.6;64.0;1.5346
1096678800;-200.0;1134.0;-200.0;8.4;914.0;-200.0;699.0;-200.0;1512.0;1097.0;20.6;63.4;1.519
1096682400;-200.0;1071.0;-200.0;7.1;860.0;-200.0;742.0;-200.0;1500.0;1021.0;20.4;64.4;1.522
1096686000;-200.0;968.0;-200.0;4.3;730.0;-200.0;858.0;-200.0;1388.0;913.0;21.3;61.0;1.529
1096689600;-200.0;994.0;-200.0;4.0;711.0;-200.0;867.0;-200.0;1384.0;909.0;20.5;64.0;1.5247
1096693200;-200.0;1046.0;-200.0;5.8;804.0;-200.0;774.0;-200.0;1458.0;983.0;20.3;65.3;1.5321
1096696800;-200.0;1066.0;-200.0;6.3;827.0;-200.0;751.0;-200.0;1479.0;1024.0;20.1;65.9;1.5321
1096700400;-200.0;1277.0;-200.0;12.3;1061.0;-200.0;612.0;-200.0;1691.0;1243.0;20.2;65.6;1.5368
1096704000;-200.0;1290.0;-200.0;13.3;1093.0;-200.0;592.0;-200.0;1677.0;1253.0;21.1;62.8;1.5481
1096707600;-200.0;1268.0;-200.0;12.5;1066.0;-200.0;608.0;-200.0;1665.0;1240.0;22.5;57.5;1.5518
1096711200;-200.0;1243.0;-200.0;10.5;997.0;-200.0;648.0;-200.0;1587.0;1155.0;24.2;51.9;1.5426
1096714800;-200.0;1300.0;-200.0;12.1;1053.0;-200.0;614.0;-200.0;1650.0;1193.0;25.2;48.9;1.5437
1096718400;-200.0;1278.0;-200.0;12.1;1053.0;-200.0;630.0;-200.0;1641.0;1153.0;25.8;47.8;1.5662
1096722000;-200.0;1249.0;-200.0;11.2;1023.0;-200.0;639.0;-200.0;1640.0;1034.0;25.7;49.2;1.5988
1096725600;-200.0;1145.0;-200.0;7.2;867.0;-200.0;739.0;-200.0;1499.0;870.0;25.8;49.6;1.6213
1096729200;-200.0;1199.0;-200.0;8.7;928.0;-200.0;704.0;-200.0;1533.0;890.0;25.7;48.8;1.5913
1096732800;-200.0;1236.0;-200.0;9.6;962.0;-200.0;690.0;-200.0;1589.0;946.0;26.5;45.9;1.5626
1096736400;-200.0;1289.0;-200.0;11.6;1037.0;-200.0;638.0;-200.0;1648.0;1033.0;25.4;48.9;1.565
1096740000;-200.0;1299.0;-200.0;12.7;1072.0;-200.0;617.0;-200.0;1688.0;1107.0;24.4;52.5;1.583
1096743600;-200.0;1506.0;-200.0;20.7;1315.0;-200.0;512.0;-200.0;1954.0;1395.0;23.9;54.6;1.5936
1096747200;-200.0;1432.0;-200.0;17.8;1234.0;-200.0;553.0;-200.0;1849.0;1342.0;22.9;57.9;1.5958
1096750800;-200.0;1193.0;-200.0;11.2;1021.0;-200.0;666.0;-200.0;1633.0;1152.0;22.1;61.1;1.6012
1096754400;-200.0;1188.0;-200.0;10.8;1007.0;-200.0;668.0;-200.0;1577.0;1128.0;20.8;65.6;1.5898
1096758000;-200.0;1162.0;-200.0;9.4;953.0;-200.0;691.0;-200.0;1526.0;1104.0;21.7;60.8;1.563
1096761600;-200.0;1106.0;-200.0;8.5;921.0;-200.0;720.0;-200.0;1506.0;1055.0;21.1;62.8;1.5505
1096765200;-200.0;1037.0;-200.0;6.5;836.0;-200.0;788.0;-200.0;1467.0;904.0;20.7;63.2;1.524
1096768800;-200.0;982.0;-200.0;5.1;768.0;-200.0;850.0;-200.0;1416.0;835.0;21.2;61.5;1.5241
1096772400;-200.0;944.0;-200.0;4.5;740.0;-200.0;881.0;-200.0;1412.0;781.0;20.3;64.6;1.518
1096776000;-200.0;929.0;-200.0;3.9;703.0;-200.0;908.0;-200.0;1391.0;761.0;20.2;64.4;1.5035
1096779600;-200.0;906.0;-200.0;3.3;672.0;-200.0;948.0;-200.0;1377.0;742.0;20.1;65.3;1.5153
1096783200;-200.0;907.0;-200.0;3.2;665.0;-200.0;972.0;-200.0;1370.0;779.0;19.9;66.0;1.5141
1096786800;-200.0;1013.0;-200.0;5.4;781.0;-200.0;829.0;-200.0;1469.0;894.0;19.8;66.4;1.5145
1096790400;-200.0;1055.0;-200.0;5.6;795.0;-200.0;800.0;-200.0;1476.0;927.0;20.4;64.1;1.5178
1096794000;-200.0;1138.0;-200.0;7.5;880.0;-200.0;727.0;-200.0;1538.0;1034.0;21.6;60.8;1.5496
1096797600;-200.0;1250.0;-200.0;10.7;1003.0;-200.0;647.0;-200.0;1638.0;1217.0;23.5;54.5;1.5553
1096801200;-200.0;1165.0;-200.0;8.4;916.0;-200.0;711.0;-200.0;1517.0;1093.0;25.7;46.6;1.5105
1096804800;-200.0;1229.0;-200.0;11.3;1025.0;-200.0;663.0;-200.0;1588.0;1073.0;26.6;43.7;1.5031
1096808400;-200.0;1168.0;-200.0;8.3;911.0;-200.0;715.0;-200.0;1517.0;969.0;27.4;41.8;1.5056
1096812000;-200.0;1092.0;-200.0;6.0;814.0;-200.0;794.0;-200.0;1446.0;777.0;27.4;42.8;1.5344
1096815600;-200.0;1109.0;-200.0;6.7;843.0;-200.0;769.0;-200.0;1458.0;743.0;27.1;43.3;1.5255
1096819200;-200.0;1133.0;-200.0;6.2;823.0;-200.0;775.0;-200.0;1449.0;777.0;26.9;44.4;1.551
1096822800;-200.0;1192.0;-200.0;7.7;887.0;-200.0;716.0;-200.0;1488.0;819.0;26.9;44.4;1.5538
1096826400;-200.0;1298.0;-200.0;11.0;1015.0;-200.0;647.0;-200.0;1619.0;1056.0;24.7;51.9;1.5868
1096830000;-200.0;1524.0;-200.0;20.8;1320.0;-200.0;514.0;-200.0;1925.0;1481.0;23.7;55.6;1.6074
1096833600;-200.0;1540.0;-200.0;21.4;1336.0;-200.0;498.0;-200.0;1929.0;1590.0;22.7;59.6;1.6261
1096837200;-200.0;1190.0;-200.0;10.4;992.0;-200.0;654.0;-200.0;1587.0;1211.0;21.9;61.4;1.5946
1096840800;-200.0;1092.0;-200.0;8.3;911.0;-200.0;735.0;-200.0;1506.0;1052.0;22.0;59.8;1.562
1096844400;-200.0;1079.0;-200.0;7.8;890.0;-200.0;745.0;-200.0;1522.0;1000.0;20.5;64.9;1.5473
1096848000;-200.0;995.0;-200.0;5.5;789.0;-200.0;828.0;-200.0;1432.0;874.0;19.8;66.9;1.5277
1096851600;-200.0;960.0;-200.0;5.2;772.0;-200.0;838.0;-200.0;1431.0;852.0;18.4;71.6;1.4997
1096855200;-200.0;890.0;-200.0;3.2;666.0;-200.0;969.0;-200.0;1323.0;728.0;18.9;68.6;1.4818
1096858800;-200.0;860.0;-200.0;2.7;632.0;-200.0;1037.0;-200.0;1322.0;713.0;17.8;72.3;1.4546
1096862400;-200.0;860.0;-200.0;3.0;652.0;-200.0;997.0;-200.0;1326.0;734.0;17.1;73.9;1.4262
1096866000;-200.0;883.0;-200.0;4.0;713.0;-200.0;937.0;-200.0;1351.0;777.0;17.7;70.3;1.4088
1096869600;-200.0;929.0;-200.0;5.6;795.0;-200.0;858.0;-200.0;1373.0;815.0;17.1;71.8;1.3936
1096873200;-200.0;1100.0;-200.0;11.1;1018.0;-200.0;706.0;-200.0;1573.0;1002.0;18.3;67.5;1.4044
1096876800;-200.0;1257.0;-200.0;20.1;1299.0;-200.0;550.0;-200.0;1864.0;1302.0;18.5;67.0;1.4135
1096880400;-200.0;1402.0;-200.0;23.6;1393.0;-200.0;505.0;-200.0;1967.0;1542.0;19.9;61.7;1.4193
1096884000;-200.0;1376.0;-200.0;21.0;1324.0;-200.0;527.0;-200.0;1886.0;1571.0;22.9;52.6;1.4519
1096887600;-200.0;1374.0;-200.0;21.8;1346.0;-200.0;519.0;-200.0;1910.0;1614.0;24.2;49.0;1.4586
1096891200;-200.0;1381.0;-200.0;22.1;1355.0;-200.0;516.0;-200.0;1931.0;1583.0;25.8;44.7;1.459
1096894800;-200.0;1282.0;-200.0;18.2;1247.0;-200.0;561.0;-200.0;1829.0;1285.0;26.0;44.5;1.4731
1096898400;-200.0;1188.0;-200.0;14.2;1124.0;-200.0;625.0;-200.0;1655.0;1094.0;27.1;40.2;1.4217
1096902000;-200.0;1227.0;-200.0;14.9;1147.0;-200.0;612.0;-200.0;1707.0;1113.0;27.4;39.8;1.4318
1096905600;-200.0;1364.0;-200.0;21.1;1328.0;-200.0;528.0;-200.0;1898.0;1395.0;28.9;36.3;1.4291
1096909200;-200.0;1531.0;-200.0;30.3;1558.0;-200.0;451.0;-200.0;2181.0;1620.0;28.4;37.5;1.4251
1096912800;-200.0;1694.0;-200.0;41.6;1805.0;-200.0;391.0;-200.0;2523.0;1882.0;26.0;43.9;1.4562
1096916400;-200.0;1723.0;-200.0;44.7;1866.0;-200.0;378.0;-200.0;2612.0;2006.0;24.3;49.6;1.486
1096920000;-200.0;1356.0;-200.0;21.3;1331.0;-200.0;520.0;-200.0;1925.0;1643.0;23.3;53.0;1.4939
1096923600;-200.0;1084.0;-200.0;10.0;979.0;-200.0;699.0;-200.0;1539.0;1239.0;22.6;55.1;1.4899
1096927200;-200.0;1039.0;-200.0;8.9;936.0;-200.0;731.0;-200.0;1499.0;1121.0;21.2;59.3;1.4787
1096930800;-200.0;1011.0;-200.0;7.4;875.0;-200.0;787.0;-200.0;1446.0;1012.0;20.6;60.9;1.4642
1096934400;-200.0;968.0;-200.0;6.4;831.0;-200.0;810.0;-200.0;1425.0;961.0;20.0;63.1;1.4592
1096938000;-200.0;867.0;-200.0;3.7;693.0;-200.0;971.0;-200.0;1335.0;825.0;19.7;63.4;1.4383
1096941600;-200.0;820.0;-200.0;2.5;620.0;-200.0;1081.0;-200.0;1270.0;703.0;20.8;58.8;1.4305
1096945200;-200.0;826.0;-200.0;2.7;631.0;-200.0;1072.0;-200.0;1280.0;752.0;17.8;69.8;1.4058
1096948800;-200.0;835.0;-200.0;2.5;620.0;-200.0;1053.0;-200.0;1260.0;741.0;18.8;65.3;1.4023
1096952400;-200.0;887.0;-200.0;4.1;717.0;-200.0;955.0;-200.0;1334.0;786.0;17.6;69.5;1.3889
1096956000;-200.0;990.0;-200.0;7.8;889.0;-200.0;763.0;-200.0;1450.0;952.0;17.4;69.7;1.3714
1096959600;-200.0;1511.0;-200.0;30.8;1569.0;-200.0;476.0;-200.0;2195.0;1601.0;17.4;70.1;1.3783
1096963200;-200.0;1352.0;-200.0;26.4;1465.0;-200.0;491.0;-200.0;1998.0;1621.0;18.5;65.5;1.3787
1096966800;-200.0;1337.0;-200.0;21.6;1339.0;-200.0;525.0;-200.0;1870.0;1622.0;20.6;58.5;1.4054
1096970400;-200.0;1435.0;-200.0;22.8;1373.0;-200.0;513.0;-200.0;1910.0;1759.0;23.9;48.7;1.4269
1096974000;-200.0;1377.0;-200.0;19.3;1276.0;-200.0;539.0;-200.0;1790.0;1666.0;26.0;43.8;1.4499
1096977600;-200.0;1562.0;-200.0;30.4;1559.0;-200.0;453.0;-200.0;2130.0;1918.0;28.6;37.3;1.4423
1096981200;-200.0;1358.0;-200.0;23.4;1389.0;-200.0;516.0;-200.0;1886.0;1525.0;27.9;38.0;1.4029
1096984800;-200.0;1301.0;-200.0;17.1;1212.0;-200.0;575.0;-200.0;1717.0;1332.0;28.4;37.6;1.4282
1096988400;-200.0;1255.0;-200.0;14.6;1136.0;-200.0;611.0;-200.0;1675.0;1183.0;28.5;37.3;1.4329
1096992000;-200.0;1410.0;-200.0;21.6;1340.0;-200.0;533.0;-200.0;1841.0;1414.0;30.8;31.8;1.3908
1096995600;-200.0;1578.0;-200.0;31.9;1595.0;-200.0;459.0;-200.0;2181.0;1680.0;29.7;33.1;1.3546
1096999200;-200.0;1700.0;-200.0;40.5;1782.0;-200.0;401.0;-200.0;2403.0;2004.0;27.0;40.2;1.4158
1097002800;-200.0;1778.0;-200.0;41.6;1805.0;-200.0;380.0;-200.0;2473.0;2094.0;25.6;47.5;1.539
1097006400;-200.0;1539.0;-200.0;23.9;1402.0;-200.0;475.0;-200.0;2018.0;1780.0;23.9;57.2;1.6774
1097010000;-200.0;1409.0;-200.0;20.3;1304.0;-200.0;500.0;-200.0;1829.0;1640.0;22.7;60.8;1.6582
1097013600;-200.0;1231.0;-200.0;12.8;1077.0;-200.0;602.0;-200.0;1580.0;1379.0;21.8;59.9;1.5492
1097017200;-200.0;1092.0;-200.0;8.7;928.0;-200.0;688.0;-200.0;1470.0;1139.0;22.4;58.3;1.561
1097020800;-200.0;1036.0;-200.0;6.8;850.0;-200.0;760.0;-200.0;1411.0;1001.0;21.7;60.2;1.5442
1097024400;-200.0;984.0;-200.0;5.3;780.0;-200.0;810.0;-200.0;1377.0;910.0;21.2;61.4;1.5258
1097028000;-200.0;950.0;-200.0;4.6;743.0;-200.0;841.0;-200.0;1377.0;895.0;19.3;68.4;1.513
1097031600;-200.0;889.0;-200.0;3.2;665.0;-200.0;943.0;-200.0;1310.0;805.0;19.8;65.1;1.49
1097035200;-200.0;865.0;-200.0;2.8;636.0;-200.0;992.0;-200.0;1285.0;761.0;20.0;62.9;1.4495
1097038800;-200.0;917.0;-200.0;3.6;686.0;-200.0;933.0;-200.0;1304.0;805.0;18.3;68.5;1.4291
1097042400;-200.0;997.0;-200.0;6.2;823.0;-200.0;804.0;-200.0;1395.0;894.0;18.1;68.5;1.4067
1097046000;-200.0;1433.0;-200.0;24.2;1409.0;-200.0;506.0;-200.0;1972.0;1439.0;17.6;70.5;1.4057
1097049600;-200.0;1516.0;-200.0;32.0;1596.0;-200.0;429.0;-200.0;2183.0;1706.0;18.3;67.8;1.4091
1097053200;-200.0;1528.0;-200.0;25.8;1449.0;-200.0;473.0;-200.0;2039.0;1756.0;20.4;61.2;1.447
1097056800;-200.0;1347.0;-200.0;16.2;1186.0;-200.0;560.0;-200.0;1713.0;1493.0;22.5;55.6;1.499
1097060400;-200.0;1392.0;-200.0;17.7;1231.0;-200.0;530.0;-200.0;1771.0;1567.0;25.7;46.4;1.507
1097064000;-200.0;1359.0;-200.0;16.5;1195.0;-200.0;542.0;-200.0;1784.0;1376.0;26.8;44.6;1.5467
1097067600;-200.0;1391.0;-200.0;18.3;1249.0;-200.0;518.0;-200.0;1845.0;1399.0;26.0;46.4;1.5414
1097071200;-200.0;1335.0;-200.0;14.6;1137.0;-200.0;563.0;-200.0;1729.0;1293.0;26.3;46.0;1.5478
1097074800;-200.0;1402.0;-200.0;17.1;1213.0;-200.0;530.0;-200.0;1789.0;1348.0;27.4;43.9;1.5811
1097078400;-200.0;1406.0;-200.0;17.2;1216.0;-200.0;542.0;-200.0;1772.0;1314.0;29.6;36.7;1.4936
1097082000;-200.0;1527.0;-200.0;24.6;1419.0;-200.0;476.0;-200.0;1966.0;1507.0;28.7;37.3;1.4486
1097085600;-200.0;1559.0;-200.0;26.9;1476.0;-200.0;463.0;-200.0;2022.0;1660.0;25.7;44.1;1.4331
1097089200;-200.0;1840.0;-200.0;44.0;1852.0;-200.0;360.0;-200.0;2553.0;2143.0;24.5;49.5;1.5022
1097092800;-200.0;1666.0;-200.0;31.0;1573.0;-200.0;427.0;-200.0;2195.0;1968.0;23.3;54.4;1.5386
1097096400;-200.0;1336.0;-200.0;16.8;1204.0;-200.0;542.0;-200.0;1759.0;1490.0;22.4;57.9;1.5449
1097100000;-200.0;1189.0;-200.0;11.0;1014.0;-200.0;641.0;-200.0;1553.0;1249.0;22.7;55.8;1.5218
1097103600;-200.0;1226.0;-200.0;11.4;1029.0;-200.0;620.0;-200.0;1570.0;1265.0;20.4;62.4;1.4758
1097107200;-200.0;1171.0;-200.0;9.9;972.0;-200.0;650.0;-200.0;1529.0;1181.0;20.3;64.2;1.5063
1097110800;-200.0;1002.0;-200.0;5.0;762.0;-200.0;814.0;-200.0;1385.0;954.0;21.4;60.6;1.5236
1097114400;-200.0;950.0;-200.0;3.7;696.0;-200.0;894.0;-200.0;1375.0;875.0;20.3;66.3;1.5657
1097118000;-200.0;930.0;-200.0;3.1;660.0;-200.0;925.0;-200.0;1321.0;838.0;20.9;62.2;1.5182
1097121600;-200.0;924.0;-200.0;2.9;643.0;-200.0;948.0;-200.0;1329.0;825.0;19.9;66.1;1.5198
1097125200;-200.0;994.0;-200.0;4.4;732.0;-200.0;852.0;-200.0;1400.0;882.0;19.8;67.1;1.5305
1097128800;-200.0;1089.0;-200.0;7.4;873.0;-200.0;741.0;-200.0;1479.0;990.0;20.1;64.4;1.4967
1097132400;-200.0;1468.0;-200.0;19.4;1280.0;-200.0;518.0;-200.0;1899.0;1423.0;19.7;66.4;1.5035
1097136000;-200.0;1696.0;-200.0;37.1;1711.0;-200.0;383.0;-200.0;2464.0;1823.0;20.9;62.4;1.5226
1097139600;-200.0;1479.0;-200.0;22.2;1357.0;-200.0;491.0;-200.0;1937.0;1581.0;22.5;57.0;1.5314
1097143200;-200.0;1425.0;-200.0;18.5;1255.0;-200.0;516.0;-200.0;1864.0;1500.0;23.5;53.4;1.5241
1097146800;-200.0;1279.0;-200.0;14.0;1116.0;-200.0;587.0;-200.0;1668.0;1268.0;24.7;48.2;1.4802
1097150400;-200.0;1319.0;-200.0;15.5;1165.0;-200.0;571.0;-200.0;1743.0;1230.0;27.1;40.9;1.4405
1097154000;-200.0;1329.0;-200.0;15.7;1172.0;-200.0;561.0;-200.0;1739.0;1204.0;25.9;44.2;1.4576
1097157600;-200.0;1327.0;-200.0;15.7;1172.0;-200.0;566.0;-200.0;1747.0;1205.0;26.9;41.8;1.4555
1097161200;-200.0;1282.0;-200.0;12.7;1075.0;-200.0;605.0;-200.0;1651.0;1103.0;27.2;40.7;1.4481
1097164800;2.9;1342.0;-200.0;15.3;1157.0;267.0;572.0;87.0;1707.0;1195.0;28.6;37.6;1.4468
1097168400;5.4;1623.0;-200.0;28.8;1522.0;398.0;447.0;111.0;2110.0;1618.0;28.0;38.5;1.437
1097172000;5.3;1576.0;-200.0;26.1;1458.0;418.0;463.0;119.0;2024.0;1637.0;25.2;45.8;1.4464
1097175600;6.7;1747.0;-200.0;37.1;1709.0;515.0;399.0;128.0;2370.0;1876.0;24.0;50.6;1.4892
1097179200;7.0;1757.0;-200.0;35.7;1680.0;669.0;396.0;117.0;2280.0;1959.0;23.2;54.7;1.5296
1097182800;2.8;1331.0;-200.0;16.5;1194.0;326.0;559.0;92.0;1715.0;1477.0;22.3;57.1;1.5219
1097186400;1.7;1182.0;-200.0;11.0;1016.0;209.0;658.0;73.0;1572.0;1210.0;21.8;58.2;1.5036
1097190000;1.7;1162.0;-200.0;10.8;1008.0;183.0;658.0;60.0;1556.0;1160.0;20.9;61.3;1.4923
1097193600;1.7;1147.0;-200.0;9.6;964.0;165.0;668.0;60.0;1517.0;1116.0;20.6;62.0;1.4827
1097197200;1.2;1040.0;-200.0;6.5;836.0;111.0;762.0;53.0;1423.0;974.0;20.3;62.5;1.472
1097200800;0.7;920.0;-200.0;3.6;688.0;67.0;920.0;47.0;1317.0;820.0;20.5;62.1;1.4771
1097204400;0.7;931.0;-200.0;3.3;670.0;-200.0;931.0;-200.0;1326.0;792.0;18.7;68.5;1.4586
1097208000;0.8;954.0;-200.0;4.4;731.0;88.0;865.0;43.0;1360.0;839.0;18.2;70.3;1.4498
1097211600;0.9;981.0;-200.0;5.5;790.0;147.0;817.0;47.0;1390.0;898.0;18.2;70.1;1.4552
1097215200;1.7;1147.0;-200.0;10.8;1009.0;279.0;653.0;50.0;1589.0;1096.0;18.2;70.0;1.4519
1097218800;5.7;1606.0;-200.0;31.2;1578.0;665.0;440.0;81.0;2205.0;1786.0;19.4;66.5;1.4801
1097222400;4.3;1490.0;-200.0;24.8;1424.0;592.0;465.0;75.0;2033.0;1604.0;19.5;66.9;1.4999
1097226000;3.9;1473.0;-200.0;24.2;1409.0;557.0;483.0;87.0;1984.0;1637.0;21.1;61.1;1.5056
1097229600;5.1;1582.0;-200.0;29.5;1539.0;693.0;435.0;128.0;2141.0;1827.0;23.2;54.7;1.5349
1097233200;3.7;1468.0;-200.0;21.0;1323.0;530.0;496.0;105.0;1913.0;1641.0;24.4;52.5;1.5807
1097236800;3.3;1413.0;-200.0;19.6;1285.0;412.0;518.0;101.0;1883.0;1505.0;26.4;45.8;1.553
1097240400;3.6;1400.0;-200.0;21.2;1331.0;366.0;520.0;100.0;1916.0;1465.0;27.7;39.2;1.4356
1097244000;3.2;1361.0;-200.0;18.0;1238.0;344.0;548.0;98.0;1805.0;1368.0;28.0;39.6;1.4738
1097247600;3.5;1389.0;-200.0;20.5;1311.0;339.0;525.0;98.0;1845.0;1748.0;28.7;38.4;1.486
1097251200;2.4;1305.0;-200.0;15.6;1167.0;297.0;586.0;98.0;1690.0;1301.0;28.5;39.4;1.5147
1097254800;2.9;1354.0;-200.0;19.2;1275.0;294.0;543.0;90.0;1799.0;1338.0;28.4;39.8;1.5191
1097258400;2.3;1352.0;-200.0;20.0;1296.0;211.0;534.0;84.0;1846.0;1337.0;26.4;45.9;1.5572
1097262000;3.1;1472.0;-200.0;21.1;1327.0;323.0;497.0;101.0;1895.0;1516.0;25.2;49.5;1.5665
1097265600;2.9;1412.0;-200.0;18.6;1256.0;333.0;525.0;98.0;1797.0;1435.0;24.9;50.9;1.5856
1097269200;1.5;1221.0;-200.0;12.3;1061.0;163.0;619.0;76.0;1615.0;1178.0;24.6;52.2;1.5951
1097272800;1.5;1230.0;-200.0;10.3;990.0;151.0;652.0;71.0;1559.0;1111.0;24.0;54.4;1.6049
1097276400;1.7;1247.0;-200.0;9.6;961.0;167.0;666.0;71.0;1569.0;1112.0;23.8;56.1;1.6298
1097280000;1.6;1217.0;-200.0;9.9;975.0;174.0;665.0;66.0;1565.0;1109.0;22.3;60.6;1.608
1097283600;1.3;1158.0;-200.0;8.6;923.0;142.0;673.0;62.0;1519.0;1072.0;21.9;61.5;1.5967
1097287200;1.4;1150.0;-200.0;7.3;871.0;155.0;697.0;58.0;1502.0;1030.0;21.1;64.5;1.594
1097290800;0.9;1061.0;-200.0;5.4;785.0;-200.0;766.0;-200.0;1447.0;935.0;21.0;64.4;1.5828
1097294400;0.9;1062.0;-200.0;5.1;770.0;96.0;780.0;48.0;1450.0;922.0;21.3;63.9;1.5951
1097298000;1.3;1157.0;-200.0;7.8;890.0;154.0;681.0;53.0;1549.0;1054.0;20.8;66.7;1.6201
1097301600;1.3;1167.0;-200.0;8.2;907.0;211.0;681.0;55.0;1548.0;1082.0;20.6;67.5;1.621
1097305200;2.9;1403.0;-200.0;17.6;1229.0;381.0;523.0;63.0;1872.0;1365.0;20.9;66.3;1.6165
1097308800;3.2;1453.0;-200.0;20.1;1298.0;470.0;489.0;69.0;1940.0;1497.0;21.5;63.7;1.6186
1097312400;3.4;1455.0;-200.0;18.7;1260.0;464.0;502.0;84.0;1868.0;1540.0;23.7;56.0;1.6238
1097316000;3.6;1512.0;-200.0;19.5;1282.0;450.0;498.0;95.0;1899.0;1554.0;26.0;48.2;1.598
1097319600;2.3;1331.0;-200.0;13.0;1082.0;274.0;588.0;80.0;1689.0;1252.0;28.5;42.4;1.6286
1097323200;3.1;1472.0;-200.0;18.2;1246.0;306.0;512.0;87.0;1873.0;1455.0;28.1;45.3;1.6957
1097326800;3.3;1430.0;-200.0;16.2;1187.0;308.0;539.0;94.0;1812.0;1339.0;29.0;43.9;1.7309
1097330400;1.9;1264.0;-200.0;11.0;1016.0;186.0;624.0;76.0;1650.0;1062.0;28.9;44.3;1.7392
1097334000;2.6;1378.0;-200.0;15.9;1177.0;238.0;548.0;92.0;1775.0;1266.0;29.6;42.3;1.7248
1097337600;2.7;1377.0;-200.0;14.2;1123.0;249.0;578.0;94.0;1716.0;1223.0;29.4;42.9;1.7308
1097341200;3.7;1527.0;-200.0;19.9;1293.0;378.0;502.0;110.0;1907.0;1469.0;28.7;45.1;1.7468
1097344800;3.8;1573.0;-200.0;21.7;1343.0;386.0;470.0;109.0;1990.0;1553.0;27.0;51.2;1.7928
1097348400;4.8;1674.0;-200.0;25.7;1447.0;461.0;448.0;122.0;2065.0;1689.0;26.5;52.7;1.7966
1097352000;3.5;1455.0;-200.0;17.3;1218.0;394.0;535.0;107.0;1796.0;1387.0;26.2;51.7;1.7334
1097355600;2.2;1242.0;-200.0;11.2;1022.0;266.0;630.0;83.0;1641.0;1139.0;24.8;56.4;1.7447
1097359200;1.5;1181.0;-200.0;8.9;935.0;158.0;701.0;62.0;1565.0;960.0;24.9;56.0;1.7367
1097362800;3.4;1468.0;-200.0;15.2;1155.0;319.0;565.0;89.0;1738.0;1293.0;24.5;57.5;1.7433
1097366400;3.7;1520.0;-200.0;17.2;1217.0;409.0;552.0;103.0;1812.0;1357.0;24.7;56.9;1.7438
1097370000;2.0;1203.0;-200.0;11.9;1046.0;223.0;621.0;74.0;1664.0;1103.0;23.9;59.2;1.7327
1097373600;1.4;1096.0;-200.0;8.1;903.0;107.0;732.0;52.0;1560.0;857.0;23.8;60.2;1.7515
1097377200;1.1;991.0;-200.0;4.9;759.0;-200.0;845.0;-200.0;1440.0;658.0;23.5;61.3;1.7538
1097380800;-200.0;941.0;-200.0;3.6;686.0;50.0;942.0;38.0;1406.0;549.0;22.8;64.0;1.7507
1097384400;0.7;952.0;-200.0;3.7;695.0;56.0;910.0;39.0;1429.0;627.0;22.2;65.6;1.7355
1097388000;1.2;1082.0;-200.0;6.3;825.0;163.0;753.0;59.0;1526.0;930.0;21.3;69.1;1.7275
1097391600;1.3;1095.0;-200.0;7.7;886.0;187.0;705.0;56.0;1574.0;1001.0;21.3;68.2;1.7127
1097395200;1.1;1049.0;-200.0;6.3;826.0;150.0;765.0;51.0;1521.0;917.0;22.2;65.2;1.7256
1097398800;1.0;1055.0;-200.0;5.6;795.0;103.0;807.0;51.0;1494.0;834.0;24.1;59.0;1.7449
1097402400;1.2;1074.0;-200.0;5.1;767.0;143.0;814.0;58.0;1489.0;796.0;24.3;61.6;1.8468
1097406000;1.9;1229.0;-200.0;9.0;941.0;220.0;680.0;68.0;1653.0;1040.0;24.8;59.6;1.8351
1097409600;2.3;1228.0;-200.0;9.3;952.0;301.0;668.0;81.0;1622.0;1110.0;24.5;58.8;1.7838
1097413200;1.6;1107.0;-200.0;5.9;807.0;214.0;768.0;73.0;1546.0;836.0;21.0;76.8;1.8881
1097416800;1.3;1031.0;-200.0;4.4;732.0;162.0;872.0;69.0;1476.0;704.0;19.8;78.0;1.7879
1097420400;1.8;1155.0;-200.0;5.8;804.0;232.0;815.0;81.0;1510.0;773.0;19.4;80.5;1.7917
1097424000;1.7;1131.0;-200.0;6.6;841.0;254.0;784.0;82.0;1531.0;811.0;19.6;79.1;1.7877
1097427600;1.8;1143.0;-200.0;7.8;890.0;224.0;744.0;71.0;1578.0;848.0;20.8;73.1;1.7695
1097431200;2.0;1145.0;-200.0;8.4;915.0;247.0;733.0;81.0;1586.0;892.0;21.1;68.6;1.7014
1097434800;2.2;1169.0;-200.0;8.3;910.0;334.0;726.0;87.0;1563.0;992.0;21.1;68.3;1.6914
1097438400;1.6;1105.0;-200.0;8.1;905.0;239.0;734.0;72.0;1576.0;950.0;21.2;67.7;1.6848
1097442000;1.3;1049.0;-200.0;6.1;817.0;168.0;806.0;63.0;1517.0;882.0;20.8;68.6;1.6719
1097445600;1.5;1069.0;-200.0;6.7;844.0;185.0;767.0;63.0;1527.0;883.0;20.8;68.1;1.6585
1097449200;1.5;1073.0;-200.0;6.6;838.0;178.0;768.0;63.0;1549.0;892.0;20.7;68.4;1.6507
1097452800;1.3;1039.0;-200.0;6.1;817.0;132.0;799.0;55.0;1502.0;836.0;20.1;70.5;1.6384
1097456400;1.4;1021.0;-200.0;6.0;811.0;135.0;794.0;52.0;1502.0;837.0;20.2;67.9;1.5901
1097460000;0.5;825.0;-200.0;1.4;536.0;39.0;1203.0;32.0;1302.0;498.0;19.4;70.4;1.5663
1097463600;0.4;828.0;-200.0;1.7;558.0;-200.0;1166.0;-200.0;1304.0;494.0;18.8;73.8;1.5885
1097467200;0.4;847.0;-200.0;1.9;576.0;33.0;1139.0;29.0;1321.0;507.0;17.9;77.7;1.5795
1097470800;0.6;903.0;-200.0;3.4;679.0;90.0;956.0;44.0;1385.0;660.0;18.2;76.9;1.5945
1097474400;1.1;1041.0;-200.0;7.2;865.0;164.0;757.0;53.0;1486.0;902.0;18.6;74.9;1.5918
1097478000;2.9;1314.0;-200.0;19.0;1267.0;336.0;559.0;62.0;1888.0;1240.0;19.6;70.3;1.5821
1097481600;3.5;1326.0;-200.0;24.5;1416.0;366.0;499.0;68.0;1971.0;1395.0;20.2;66.6;1.5567
1097485200;4.6;1464.0;-200.0;25.6;1444.0;565.0;475.0;85.0;2049.0;1625.0;19.7;68.9;1.5638
1097488800;3.4;1313.0;-200.0;17.1;1213.0;536.0;564.0;88.0;1789.0;1359.0;19.2;73.4;1.6192
1097492400;2.3;1202.0;-200.0;12.3;1058.0;416.0;647.0;82.0;1623.0;1152.0;20.0;69.6;1.607
1097496000;2.7;1225.0;-200.0;15.2;1155.0;379.0;607.0;91.0;1738.0;1159.0;21.1;64.0;1.5795
1097499600;3.1;1257.0;-200.0;18.3;1248.0;368.0;557.0;87.0;1837.0;1179.0;20.2;67.4;1.5832
1097503200;3.2;1271.0;-200.0;17.2;1217.0;444.0;566.0;90.0;1810.0;1227.0;20.2;68.9;1.6074
1097506800;2.5;1179.0;-200.0;14.1;1120.0;352.0;634.0;97.0;1667.0;1119.0;21.9;57.6;1.4942
1097510400;3.4;1278.0;-200.0;18.3;1248.0;375.0;574.0;99.0;1814.0;1243.0;23.2;52.0;1.4642
1097514000;4.8;1435.0;-200.0;25.0;1429.0;479.0;499.0;109.0;2072.0;1449.0;21.7;59.1;1.5115
1097517600;4.5;1326.0;-200.0;22.2;1356.0;448.0;525.0;95.0;1966.0;1405.0;20.8;61.4;1.4898
1097521200;4.0;1324.0;-200.0;21.4;1335.0;388.0;537.0;80.0;1920.0;1444.0;19.9;64.2;1.4711
1097524800;3.2;1206.0;-200.0;16.2;1185.0;376.0;592.0;76.0;1751.0;1386.0;19.7;65.1;1.4769
1097528400;1.9;1052.0;-200.0;10.3;987.0;224.0;700.0;62.0;1556.0;1102.0;20.0;63.3;1.4672
1097532000;1.9;1057.0;-200.0;8.9;934.0;206.0;743.0;57.0;1525.0;1041.0;19.0;66.1;1.4415
1097535600;1.3;952.0;-200.0;6.5;833.0;143.0;846.0;57.0;1381.0;881.0;18.8;60.9;1.3032
1097539200;1.1;911.0;-200.0;5.1;769.0;113.0;919.0;54.0;1340.0;791.0;18.9;60.7;1.311
1097542800;1.0;898.0;-200.0;4.6;742.0;93.0;915.0;50.0;1345.0;796.0;18.1;65.2;1.343
1097546400;0.5;809.0;-200.0;2.1;593.0;58.0;1134.0;44.0;1277.0;647.0;18.3;65.1;1.3529
1097550000;0.6;823.0;-200.0;2.4;616.0;-200.0;1072.0;-200.0;1300.0;716.0;18.3;66.9;1.3952
1097553600;0.5;814.0;-200.0;3.2;666.0;56.0;1029.0;34.0;1311.0;719.0;17.8;67.5;1.3674
1097557200;0.8;857.0;-200.0;3.9;705.0;105.0;982.0;44.0;1312.0;733.0;16.9;66.7;1.2772
1097560800;1.2;935.0;-200.0;6.0;810.0;243.0;881.0;74.0;1356.0;835.0;17.8;60.6;1.2276
1097564400;2.7;1159.0;-200.0;13.8;1110.0;492.0;671.0;101.0;1650.0;1094.0;17.6;60.8;1.2151
1097568000;3.0;1102.0;-200.0;14.8;1141.0;435.0;648.0;103.0;1594.0;1114.0;17.9;57.8;1.1751
1097571600;-200.0;979.0;-200.0;8.4;917.0;-200.0;795.0;-200.0;1398.0;903.0;18.1;56.4;1.1645
1097575200;-200.0;998.0;-200.0;9.0;941.0;-200.0;785.0;-200.0;1442.0;914.0;18.2;55.9;1.1547
1097578800;-200.0;962.0;-200.0;8.3;911.0;-200.0;793.0;-200.0;1380.0;872.0;19.7;49.1;1.1148
1097582400;-200.0;985.0;-200.0;9.5;957.0;-200.0;773.0;-200.0;1426.0;860.0;20.8;45.8;1.1126
1097586000;-200.0;1043.0;-200.0;12.1;1053.0;-200.0;707.0;-200.0;1514.0;959.0;20.5;46.0;1.1
1097589600;-200.0;929.0;-200.0;7.4;875.0;-200.0;826.0;-200.0;1365.0;814.0;18.9;50.6;1.0927
1097593200;-200.0;946.0;-200.0;8.0;898.0;-200.0;816.0;-200.0;1377.0;827.0;18.4;51.6;1.0832
1097596800;-200.0;955.0;-200.0;7.9;894.0;-200.0;818.0;-200.0;1366.0;804.0;17.9;52.6;1.0711
1097600400;-200.0;1004.0;-200.0;10.9;1012.0;-200.0;730.0;-200.0;1460.0;906.0;17.1;54.2;1.0503
1097604000;-200.0;1037.0;-200.0;12.1;1053.0;-200.0;708.0;-200.0;1480.0;958.0;16.5;56.2;1.0455
1097607600;-200.0;1066.0;-200.0;14.7;1140.0;-200.0;670.0;-200.0;1577.0;1032.0;16.7;54.1;1.0212
1097611200;-200.0;890.0;-200.0;6.0;813.0;-200.0;898.0;-200.0;1274.0;772.0;15.4;57.7;1.0008
1097614800;-200.0;843.0;-200.0;4.3;729.0;-200.0;990.0;-200.0;1219.0;618.0;15.5;57.1;0.9971
1097618400;-200.0;834.0;-200.0;4.1;716.0;-200.0;997.0;-200.0;1205.0;614.0;15.6;55.9;0.985
1097622000;-200.0;809.0;-200.0;3.1;659.0;-200.0;1074.0;-200.0;1161.0;550.0;14.8;58.4;0.9777
1097625600;-200.0;786.0;-200.0;2.2;600.0;-200.0;1164.0;-200.0;1132.0;511.0;14.8;57.9;0.9662
1097629200;-200.0;747.0;-200.0;1.5;543.0;-200.0;1276.0;-200.0;1100.0;469.0;14.6;57.6;0.9517
1097632800;-200.0;723.0;-200.0;0.9;485.0;-200.0;1419.0;-200.0;1065.0;425.0;14.6;57.1;0.9428
1097636400;-200.0;704.0;-200.0;0.5;444.0;-200.0;1558.0;-200.0;1050.0;394.0;14.4;57.6;0.9416
1097640000;-200.0;709.0;-200.0;0.6;449.0;-200.0;1590.0;-200.0;1055.0;392.0;14.5;57.4;0.9413
1097643600;-200.0;726.0;-200.0;0.7;466.0;-200.0;1485.0;-200.0;1066.0;408.0;14.3;58.4;0.9501
1097647200;-200.0;798.0;-200.0;2.2;599.0;-200.0;1205.0;-200.0;1141.0;517.0;14.7;57.4;0.9564
1097650800;-200.0;925.0;-200.0;5.8;800.0;-200.0;908.0;-200.0;1272.0;750.0;14.3;58.1;0.9404
1097654400;-200.0;906.0;-200.0;5.9;809.0;-200.0;878.0;-200.0;1272.0;787.0;14.0;58.3;0.9294
1097658000;1.5;896.0;-200.0;5.9;809.0;286.0;882.0;78.0;1257.0;788.0;15.4;53.2;0.9246
1097661600;1.2;882.0;-200.0;5.3;776.0;281.0;932.0;72.0;1222.0;760.0;16.5;49.9;0.9289
1097665200;-200.0;948.0;-200.0;6.9;853.0;-200.0;859.0;-200.0;1283.0;839.0;17.4;47.6;0.9387
1097668800;-200.0;945.0;-200.0;7.7;886.0;-200.0;818.0;-200.0;1307.0;827.0;18.0;46.1;0.9401
1097672400;-200.0;942.0;-200.0;7.3;871.0;-200.0;832.0;-200.0;1314.0;765.0;17.9;46.5;0.9474
1097676000;-200.0;943.0;-200.0;7.2;864.0;-200.0;831.0;-200.0;1297.0;814.0;17.4;48.3;0.955
1097679600;-200.0;894.0;-200.0;6.0;810.0;-200.0;892.0;-200.0;1258.0;737.0;16.0;52.6;0.9489
1097683200;-200.0;984.0;-200.0;8.3;910.0;-200.0;795.0;-200.0;1348.0;875.0;15.3;58.7;1.0154
1097686800;-200.0;1044.0;-200.0;11.2;1022.0;-200.0;726.0;-200.0;1454.0;983.0;15.2;55.9;0.9572
1097690400;-200.0;981.0;-200.0;10.1;983.0;-200.0;759.0;-200.0;1370.0;942.0;14.8;56.3;0.9459
1097694000;-200.0;1021.0;-200.0;10.6;1001.0;-200.0;731.0;-200.0;1415.0;971.0;14.7;57.8;0.9626
1097697600;-200.0;943.0;-200.0;7.2;867.0;-200.0;834.0;-200.0;1314.0;891.0;14.8;57.3;0.9603
1097701200;-200.0;863.0;-200.0;4.4;732.0;-200.0;970.0;-200.0;1207.0;724.0;14.9;57.1;0.9581
1097704800;-200.0;847.0;-200.0;3.8;698.0;-200.0;1013.0;-200.0;1174.0;719.0;15.2;55.5;0.9521
1097708400;-200.0;859.0;-200.0;3.8;698.0;-200.0;1015.0;-200.0;1189.0;705.0;15.3;55.4;0.9564
1097712000;-200.0;861.0;-200.0;4.0;712.0;-200.0;1004.0;-200.0;1197.0;718.0;15.1;56.9;0.9673
1097715600;-200.0;786.0;-200.0;2.2;602.0;-200.0;1146.0;-200.0;1123.0;584.0;15.0;56.4;0.9554
1097719200;-200.0;740.0;-200.0;1.1;506.0;-200.0;1333.0;-200.0;1074.0;469.0;14.9;56.4;0.9474
1097722800;-200.0;730.0;-200.0;0.8;483.0;-200.0;1434.0;-200.0;1065.0;438.0;15.2;54.7;0.9394
1097726400;-200.0;728.0;-200.0;0.8;475.0;-200.0;1436.0;-200.0;1061.0;432.0;15.1;55.4;0.9439
1097730000;-200.0;755.0;-200.0;1.2;517.0;-200.0;1325.0;-200.0;1091.0;487.0;14.9;56.8;0.9541
1097733600;-200.0;854.0;-200.0;3.2;663.0;-200.0;1080.0;-200.0;1189.0;655.0;15.2;55.9;0.9589
1097737200;-200.0;1079.0;-200.0;10.2;985.0;-200.0;758.0;-200.0;1465.0;1009.0;15.3;56.3;0.9684
1097740800;-200.0;1097.0;-200.0;13.6;1103.0;-200.0;659.0;-200.0;1520.0;1113.0;15.6;55.4;0.9725
1097744400;-200.0;1024.0;-200.0;9.9;976.0;-200.0;747.0;-200.0;1386.0;1030.0;16.3;53.3;0.9809
1097748000;-200.0;990.0;-200.0;9.1;942.0;-200.0;776.0;-200.0;1359.0;986.0;20.4;42.2;0.9964
1097751600;-200.0;1013.0;-200.0;8.0;901.0;-200.0;788.0;-200.0;1369.0;975.0;21.9;39.4;1.0234
1097755200;-200.0;1051.0;-200.0;9.7;968.0;-200.0;746.0;-200.0;1442.0;984.0;21.5;41.2;1.0399
1097758800;-200.0;1052.0;-200.0;9.7;966.0;-200.0;726.0;-200.0;1446.0;982.0;22.2;41.4;1.097
1097762400;-200.0;1141.0;-200.0;12.0;1049.0;-200.0;675.0;-200.0;1530.0;1117.0;21.0;46.8;1.1508
1097766000;-200.0;1130.0;-200.0;11.3;1024.0;-200.0;679.0;-200.0;1537.0;1177.0;21.9;44.9;1.1635
1097769600;-200.0;1099.0;-200.0;10.4;993.0;-200.0;711.0;-200.0;1507.0;1129.0;21.5;46.7;1.1837
1097773200;-200.0;1182.0;-200.0;12.4;1064.0;-200.0;653.0;-200.0;1616.0;1217.0;19.7;56.6;1.2811
1097776800;-200.0;1211.0;-200.0;14.6;1135.0;-200.0;615.0;-200.0;1682.0;1234.0;18.8;60.8;1.3036
1097780400;-200.0;1340.0;-200.0;21.0;1324.0;-200.0;537.0;-200.0;1907.0;1412.0;19.3;59.6;1.3195
1097784000;-200.0;1299.0;-200.0;17.9;1237.0;-200.0;553.0;-200.0;1804.0;1350.0;17.6;69.2;1.3803
1097787600;-200.0;1046.0;-200.0;7.3;872.0;-200.0;769.0;-200.0;1479.0;968.0;16.4;77.1;1.4243
1097791200;-200.0;949.0;-200.0;4.8;754.0;-200.0;884.0;-200.0;1393.0;759.0;16.6;77.3;1.4491
1097794800;-200.0;966.0;-200.0;4.8;756.0;-200.0;908.0;-200.0;1363.0;741.0;15.9;78.1;1.4039
1097798400;-200.0;1062.0;-200.0;7.7;887.0;-200.0;770.0;-200.0;1473.0;866.0;15.1;82.3;1.4009
1097802000;-200.0;934.0;-200.0;4.3;730.0;-200.0;906.0;-200.0;1345.0;757.0;14.8;83.8;1.4005
1097805600;-200.0;862.0;-200.0;3.0;649.0;-200.0;1046.0;-200.0;1289.0;675.0;14.4;84.6;1.3794
1097809200;-200.0;823.0;-200.0;2.1;590.0;-200.0;1125.0;-200.0;1241.0;624.0;15.8;77.6;1.3792
1097812800;-200.0;839.0;-200.0;2.3;604.0;-200.0;1097.0;-200.0;1259.0;605.0;15.2;79.4;1.3605
1097816400;-200.0;879.0;-200.0;3.5;681.0;-200.0;992.0;-200.0;1312.0;703.0;14.8;81.9;1.3735
1097820000;-200.0;1095.0;-200.0;10.0;977.0;-200.0;725.0;-200.0;1562.0;998.0;14.6;82.9;1.3706
1097823600;-200.0;1359.0;-200.0;20.5;1311.0;-200.0;544.0;-200.0;1878.0;1311.0;14.8;80.4;1.3428
1097827200;-200.0;1354.0;-200.0;22.2;1358.0;-200.0;519.0;-200.0;1942.0;1403.0;15.6;77.1;1.3527
1097830800;-200.0;1420.0;-200.0;24.1;1405.0;-200.0;501.0;-200.0;1941.0;1573.0;17.3;70.9;1.3876
1097834400;-200.0;1265.0;-200.0;17.4;1221.0;-200.0;578.0;-200.0;1760.0;1354.0;22.2;51.3;1.3543
1097838000;-200.0;1146.0;-200.0;14.2;1122.0;-200.0;639.0;-200.0;1659.0;1131.0;24.4;43.9;1.3184
1097841600;-200.0;1150.0;-200.0;15.0;1149.0;-200.0;620.0;-200.0;1676.0;1113.0;22.7;47.6;1.2989
1097845200;-200.0;1282.0;-200.0;18.3;1247.0;-200.0;560.0;-200.0;1861.0;1258.0;20.5;61.5;1.4673
1097848800;-200.0;1067.0;-200.0;13.0;1085.0;-200.0;684.0;-200.0;1548.0;985.0;23.3;40.4;1.1421
1097852400;-200.0;1185.0;-200.0;18.1;1243.0;-200.0;603.0;-200.0;1689.0;1197.0;23.2;39.9;1.1172
1097856000;-200.0;1312.0;-200.0;23.1;1381.0;-200.0;540.0;-200.0;1881.0;1402.0;21.5;44.5;1.129
1097859600;-200.0;1319.0;-200.0;24.9;1426.0;-200.0;509.0;-200.0;1938.0;1491.0;20.9;48.5;1.1878
1097863200;-200.0;1255.0;-200.0;21.7;1342.0;-200.0;539.0;-200.0;1875.0;1396.0;19.8;53.1;1.216
1097866800;-200.0;1123.0;-200.0;14.1;1119.0;-200.0;648.0;-200.0;1593.0;1198.0;20.1;53.6;1.2477
1097870400;-200.0;1126.0;-200.0;11.9;1045.0;-200.0;689.0;-200.0;1523.0;1166.0;19.6;56.0;1.2623
1097874000;-200.0;924.0;-200.0;5.1;766.0;-200.0;902.0;-200.0;1357.0;752.0;18.6;60.4;1.2817
1097877600;-200.0;982.0;-200.0;6.8;849.0;-200.0;853.0;-200.0;1390.0;717.0;14.5;78.3;1.288
1097881200;-200.0;936.0;-200.0;4.8;756.0;-200.0;939.0;-200.0;1311.0;693.0;16.3;70.5;1.2921
1097884800;-200.0;1069.0;-200.0;7.2;865.0;-200.0;825.0;-200.0;1394.0;816.0;14.1;83.8;1.346
1097888400;-200.0;967.0;-200.0;5.4;785.0;-200.0;879.0;-200.0;1326.0;766.0;14.5;81.3;1.3399
1097892000;-200.0;869.0;-200.0;3.0;649.0;-200.0;1033.0;-200.0;1249.0;631.0;14.7;80.7;1.3414
1097895600;-200.0;916.0;-200.0;3.7;692.0;-200.0;986.0;-200.0;1287.0;683.0;14.5;82.1;1.3493
1097899200;-200.0;886.0;-200.0;3.6;686.0;-200.0;970.0;-200.0;1278.0;654.0;15.0;78.4;1.3333
1097902800;-200.0;926.0;-200.0;4.7;747.0;-200.0;902.0;-200.0;1325.0;759.0;14.5;80.5;1.3221
1097906400;-200.0;971.0;-200.0;6.9;851.0;-200.0;808.0;-200.0;1389.0;876.0;14.6;79.0;1.3082
1097910000;-200.0;1029.0;-200.0;7.7;886.0;-200.0;807.0;-200.0;1446.0;926.0;15.0;74.8;1.2672
1097913600;-200.0;1124.0;-200.0;12.2;1057.0;-200.0;667.0;-200.0;1569.0;1091.0;15.9;70.4;1.2658
1097917200;-200.0;1063.0;-200.0;9.6;964.0;-200.0;729.0;-200.0;1454.0;1045.0;17.4;62.3;1.2282
1097920800;-200.0;1028.0;-200.0;9.6;961.0;-200.0;756.0;-200.0;1413.0;928.0;21.3;42.9;1.0727
1097924400;-200.0;944.0;-200.0;8.3;910.0;-200.0;828.0;-200.0;1342.0;777.0;22.0;38.9;1.0154
1097928000;-200.0;913.0;-200.0;7.0;857.0;-200.0;892.0;-200.0;1275.0;640.0;20.3;41.3;0.9745
1097931600;-200.0;966.0;-200.0;8.2;906.0;-200.0;819.0;-200.0;1354.0;741.0;20.2;45.6;1.0663
1097935200;-200.0;833.0;-200.0;4.5;737.0;-200.0;1021.0;-200.0;1162.0;483.0;20.8;37.4;0.9107
1097938800;-200.0;891.0;-200.0;5.5;789.0;-200.0;960.0;-200.0;1234.0;522.0;21.6;35.9;0.9164
1097942400;-200.0;995.0;-200.0;8.7;927.0;-200.0;825.0;-200.0;1320.0;718.0;22.0;35.7;0.9329
1097946000;-200.0;1038.0;-200.0;8.7;929.0;-200.0;816.0;-200.0;1332.0;798.0;19.9;42.0;0.9665
1097949600;-200.0;1146.0;-200.0;14.0;1118.0;-200.0;695.0;-200.0;1534.0;1174.0;19.2;46.3;1.0158
1097953200;-200.0;1059.0;-200.0;9.5;958.0;-200.0;787.0;-200.0;1417.0;891.0;17.9;56.9;1.1545
1097956800;-200.0;1065.0;-200.0;7.9;893.0;-200.0;819.0;-200.0;1397.0;799.0;14.7;75.5;1.2554
1097960400;-200.0;1013.0;-200.0;6.2;822.0;-200.0;855.0;-200.0;1377.0;855.0;15.1;78.9;1.3409
1097964000;-200.0;942.0;-200.0;4.0;712.0;-200.0;979.0;-200.0;1303.0;734.0;17.2;66.7;1.2987
1097967600;-200.0;925.0;-200.0;4.4;735.0;-200.0;960.0;-200.0;1284.0;691.0;15.4;73.2;1.2755
1097971200;-200.0;871.0;-200.0;2.6;628.0;-200.0;1118.0;-200.0;1228.0;557.0;16.5;68.5;1.2753
1097974800;-200.0;864.0;-200.0;2.7;633.0;-200.0;1097.0;-200.0;1259.0;523.0;16.4;70.3;1.3031
1097978400;-200.0;929.0;-200.0;3.8;698.0;-200.0;991.0;-200.0;1307.0;610.0;15.4;78.1;1.3557
1097982000;-200.0;912.0;-200.0;3.6;690.0;-200.0;984.0;-200.0;1309.0;574.0;15.8;75.5;1.3436
1097985600;-200.0;817.0;-200.0;2.2;602.0;-200.0;1120.0;-200.0;1227.0;470.0;16.0;69.5;1.2549
1097989200;-200.0;786.0;-200.0;1.7;558.0;-200.0;1217.0;-200.0;1179.0;434.0;15.0;71.0;1.2032
1097992800;-200.0;827.0;-200.0;2.1;595.0;-200.0;1208.0;-200.0;1214.0;507.0;13.9;75.2;1.1884
1097996400;-200.0;789.0;-200.0;2.3;604.0;-200.0;1181.0;-200.0;1171.0;467.0;15.9;62.1;1.1103
1098000000;-200.0;875.0;-200.0;4.8;754.0;-200.0;961.0;-200.0;1296.0;591.0;15.9;61.0;1.0911
1098003600;-200.0;959.0;-200.0;5.6;792.0;-200.0;913.0;-200.0;1315.0;717.0;17.1;58.7;1.1332
1098007200;-200.0;969.0;-200.0;6.8;850.0;-200.0;846.0;-200.0;1351.0;774.0;19.2;51.9;1.1404
1098010800;-200.0;947.0;-200.0;6.2;821.0;-200.0;900.0;-200.0;1302.0;697.0;21.5;42.6;1.0798
1098014400;-200.0;960.0;-200.0;6.8;848.0;-200.0;866.0;-200.0;1305.0;701.0;21.6;39.9;1.0156
1098018000;-200.0;1017.0;-200.0;11.1;1020.0;-200.0;744.0;-200.0;1478.0;752.0;21.6;40.4;1.0309
1098021600;-200.0;979.0;-200.0;12.2;1057.0;-200.0;701.0;-200.0;1473.0;760.0;22.0;37.3;0.9768
1098025200;-200.0;843.0;-200.0;4.7;748.0;-200.0;999.0;-200.0;1179.0;505.0;22.1;35.2;0.9253
1098028800;-200.0;877.0;-200.0;5.1;769.0;-200.0;962.0;-200.0;1212.0;529.0;22.4;36.0;0.9621
1098032400;-200.0;1053.0;-200.0;12.7;1072.0;-200.0;733.0;-200.0;1495.0;832.0;20.9;40.3;0.9866
1098036000;-200.0;1047.0;-200.0;11.6;1037.0;-200.0;749.0;-200.0;1429.0;904.0;19.8;41.5;0.9489
1098039600;-200.0;1105.0;-200.0;12.7;1074.0;-200.0;712.0;-200.0;1457.0;1050.0;18.2;46.0;0.9538
1098043200;-200.0;1008.0;-200.0;9.7;968.0;-200.0;783.0;-200.0;1348.0;1000.0;17.3;50.3;0.9837
1098046800;-200.0;975.0;-200.0;7.8;891.0;-200.0;814.0;-200.0;1361.0;911.0;15.8;57.6;1.0271
1098050400;-200.0;954.0;-200.0;6.8;850.0;-200.0;840.0;-200.0;1321.0;858.0;15.5;59.7;1.0413
1098054000;-200.0;987.0;-200.0;8.1;904.0;-200.0;808.0;-200.0;1344.0;903.0;15.5;60.6;1.0574
1098057600;-200.0;880.0;-200.0;5.4;784.0;-200.0;922.0;-200.0;1252.0;781.0;15.8;59.9;1.0676
1098061200;-200.0;856.0;-200.0;4.4;732.0;-200.0;988.0;-200.0;1247.0;714.0;14.8;64.3;1.073
1098064800;-200.0;788.0;-200.0;2.4;614.0;-200.0;1116.0;-200.0;1177.0;625.0;14.8;64.7;1.0788
1098068400;-200.0;760.0;-200.0;1.6;555.0;-200.0;1226.0;-200.0;1158.0;568.0;13.8;67.6;1.0581
1098072000;-200.0;777.0;-200.0;1.8;570.0;-200.0;1191.0;-200.0;1167.0;616.0;14.5;65.0;1.0672
1098075600;-200.0;825.0;-200.0;3.1;661.0;-200.0;1074.0;-200.0;1207.0;710.0;14.0;67.4;1.0703
1098079200;-200.0;1011.0;-200.0;9.2;947.0;-200.0;759.0;-200.0;1425.0;953.0;12.6;73.6;1.0699
1098082800;-200.0;1237.0;-200.0;20.8;1319.0;-200.0;576.0;-200.0;1741.0;1271.0;13.3;70.4;1.0711
1098086400;-200.0;1298.0;-200.0;26.8;1473.0;-200.0;514.0;-200.0;1884.0;1447.0;14.4;65.8;1.0773
1098090000;-200.0;1153.0;-200.0;17.7;1230.0;-200.0;616.0;-200.0;1565.0;1296.0;16.8;57.8;1.0947
1098093600;-200.0;1101.0;-200.0;14.2;1124.0;-200.0;646.0;-200.0;1521.0;1217.0;19.7;49.3;1.1199
1098097200;-200.0;1215.0;-200.0;16.8;1203.0;-200.0;599.0;-200.0;1664.0;1341.0;21.1;47.2;1.1659
1098100800;-200.0;1163.0;-200.0;16.0;1179.0;-200.0;608.0;-200.0;1641.0;1180.0;22.2;43.2;1.1427
1098104400;-200.0;1285.0;-200.0;19.9;1293.0;-200.0;549.0;-200.0;1797.0;1365.0;21.4;47.2;1.1927
1098108000;-200.0;1288.0;-200.0;18.5;1253.0;-200.0;537.0;-200.0;1763.0;1410.0;19.9;55.4;1.2702
1098111600;-200.0;1362.0;-200.0;21.4;1334.0;-200.0;512.0;-200.0;1862.0;1529.0;20.3;54.0;1.2744
1098115200;-200.0;1405.0;-200.0;22.8;1372.0;-200.0;497.0;-200.0;1883.0;1573.0;20.0;56.5;1.3051
1098118800;-200.0;1610.0;-200.0;36.5;1697.0;-200.0;407.0;-200.0;2287.0;1810.0;19.7;57.8;1.3138
1098122400;-200.0;1612.0;-200.0;38.8;1745.0;-200.0;398.0;-200.0;2357.0;1834.0;19.3;59.0;1.3077
1098126000;-200.0;1520.0;-200.0;32.3;1604.0;-200.0;436.0;-200.0;2161.0;1672.0;18.5;60.3;1.2706
1098129600;-200.0;1489.0;-200.0;29.3;1534.0;-200.0;444.0;-200.0;2080.0;1686.0;17.8;66.3;1.341
1098133200;-200.0;1181.0;-200.0;14.2;1124.0;-200.0;597.0;-200.0;1606.0;1302.0;17.6;65.9;1.3175
1098136800;-200.0;995.0;-200.0;8.0;898.0;-200.0;761.0;-200.0;1409.0;1023.0;17.5;63.5;1.2622
1098140400;-200.0;998.0;-200.0;7.4;875.0;-200.0;779.0;-200.0;1380.0;992.0;16.5;67.2;1.2491
1098144000;-200.0;984.0;-200.0;7.2;864.0;-200.0;788.0;-200.0;1371.0;960.0;16.2;69.1;1.259
1098147600;-200.0;1022.0;-200.0;8.0;898.0;-200.0;746.0;-200.0;1414.0;955.0;14.9;74.7;1.2564
1098151200;-200.0;951.0;-200.0;6.5;835.0;-200.0;788.0;-200.0;1354.0;887.0;14.1;76.7;1.2273
1098154800;-200.0;910.0;-200.0;5.2;773.0;-200.0;842.0;-200.0;1303.0;851.0;14.0;76.6;1.2202
1098158400;-200.0;932.0;-200.0;5.6;792.0;-200.0;818.0;-200.0;1323.0;903.0;14.9;73.8;1.24
1098162000;-200.0;974.0;-200.0;7.0;859.0;-200.0;772.0;-200.0;1383.0;954.0;15.2;73.1;1.257
1098165600;-200.0;1117.0;-200.0;11.5;1031.0;-200.0;669.0;-200.0;1528.0;1107.0;15.2;73.4;1.2626
1098169200;-200.0;1367.0;-200.0;21.7;1343.0;-200.0;517.0;-200.0;1852.0;1442.0;15.2;74.7;1.2824
1098172800;-200.0;1583.0;-200.0;37.9;1726.0;-200.0;404.0;-200.0;2316.0;1818.0;15.8;71.7;1.278
1098176400;-200.0;1526.0;-200.0;30.1;1552.0;-200.0;441.0;-200.0;2074.0;1802.0;16.6;68.4;1.2829
1098180000;-200.0;1399.0;-200.0;24.5;1416.0;-200.0;485.0;-200.0;1894.0;1671.0;17.6;64.9;1.2925
1098183600;-200.0;1436.0;-200.0;25.2;1435.0;-200.0;479.0;-200.0;1911.0;1710.0;18.3;63.8;1.331
1098187200;-200.0;1455.0;-200.0;26.5;1468.0;-200.0;474.0;-200.0;1945.0;1746.0;19.4;61.1;1.3652
1098190800;-200.0;1311.0;-200.0;19.6;1286.0;-200.0;544.0;-200.0;1760.0;1495.0;20.9;58.1;1.4193
1098194400;-200.0;1174.0;-200.0;13.4;1097.0;-200.0;640.0;-200.0;1596.0;1203.0;22.0;54.0;1.4114
1098198000;-200.0;1242.0;-200.0;15.3;1158.0;-200.0;602.0;-200.0;1682.0;1252.0;22.8;53.0;1.4482
1098201600;-200.0;1267.0;-200.0;15.1;1151.0;-200.0;593.0;-200.0;1671.0;1528.0;21.7;57.6;1.4756
1098205200;-200.0;1401.0;-200.0;21.1;1326.0;-200.0;530.0;-200.0;1887.0;1629.0;21.3;60.8;1.5205
1098208800;-200.0;1428.0;-200.0;23.6;1393.0;-200.0;490.0;-200.0;1976.0;1608.0;21.2;61.7;1.5309
1098212400;-200.0;1478.0;-200.0;25.7;1447.0;-200.0;474.0;-200.0;2017.0;1664.0;21.2;62.2;1.5473
1098216000;-200.0;1518.0;-200.0;27.2;1483.0;-200.0;454.0;-200.0;2098.0;1666.0;20.8;65.1;1.5782
1098219600;-200.0;1468.0;-200.0;24.4;1415.0;-200.0;470.0;-200.0;1985.0;1594.0;19.9;69.0;1.5877
1098223200;-200.0;1369.0;-200.0;20.3;1305.0;-200.0;513.0;-200.0;1851.0;1421.0;18.8;73.7;1.5785
1098226800;-200.0;1244.0;-200.0;14.8;1141.0;-200.0;571.0;-200.0;1671.0;1337.0;19.2;71.3;1.5723
1098230400;-200.0;1217.0;-200.0;12.8;1077.0;-200.0;603.0;-200.0;1628.0;1270.0;19.0;71.6;1.5549
1098234000;-200.0;1103.0;-200.0;10.0;979.0;-200.0;666.0;-200.0;1520.0;1156.0;19.5;69.7;1.5596
1098237600;-200.0;1118.0;-200.0;9.3;951.0;-200.0;675.0;-200.0;1509.0;1124.0;19.4;70.1;1.5626
1098241200;-200.0;1087.0;-200.0;9.3;950.0;-200.0;684.0;-200.0;1519.0;1049.0;18.4;74.5;1.5634
1098244800;-200.0;1069.0;-200.0;8.8;931.0;-200.0;688.0;-200.0;1508.0;1044.0;18.7;73.4;1.5701
1098248400;-200.0;1112.0;-200.0;10.2;985.0;-200.0;645.0;-200.0;1544.0;1109.0;18.4;74.6;1.5631
1098252000;-200.0;1196.0;-200.0;13.1;1086.0;-200.0;594.0;-200.0;1659.0;1224.0;18.5;74.4;1.5661
1098255600;-200.0;1522.0;-200.0;26.1;1457.0;-200.0;458.0;-200.0;2043.0;1611.0;18.8;73.0;1.5737
1098259200;-200.0;1715.0;-200.0;37.9;1728.0;-200.0;371.0;-200.0;2376.0;2004.0;19.9;69.9;1.6036
1098262800;-200.0;1582.0;-200.0;26.2;1459.0;-200.0;448.0;-200.0;2036.0;1776.0;21.3;66.1;1.6556
1098266400;-200.0;1494.0;-200.0;23.1;1379.0;-200.0;467.0;-200.0;1965.0;1723.0;23.0;61.8;1.7135
1098270000;-200.0;1631.0;-200.0;26.0;1455.0;-200.0;438.0;-200.0;2027.0;1916.0;22.4;64.6;1.7271
1098273600;-200.0;1650.0;-200.0;28.1;1506.0;-200.0;424.0;-200.0;2093.0;1955.0;23.8;59.9;1.7376
1098277200;-200.0;1640.0;-200.0;28.0;1503.0;-200.0;431.0;-200.0;2094.0;1894.0;24.7;56.9;1.7472
1098280800;-200.0;1589.0;-200.0;24.6;1418.0;-200.0;452.0;-200.0;2015.0;1823.0;25.4;55.1;1.761
1098284400;-200.0;1538.0;-200.0;22.4;1362.0;-200.0;473.0;-200.0;1924.0;1793.0;25.7;54.5;1.7684
1098288000;4.7;1597.0;-200.0;30.9;1573.0;652.0;424.0;167.0;2307.0;1956.0;24.8;57.7;1.7765
1098291600;8.0;1884.0;-200.0;43.7;1846.0;895.0;348.0;194.0;2595.0;2203.0;24.6;58.9;1.8005
1098295200;7.7;1835.0;-200.0;40.0;1770.0;826.0;358.0;172.0;2474.0;2073.0;23.9;61.8;1.8088
1098298800;6.8;1759.0;-200.0;35.9;1684.0;648.0;373.0;134.0;2378.0;1923.0;23.0;65.9;1.8319
1098302400;6.0;1666.0;-200.0;30.1;1553.0;629.0;409.0;130.0;2170.0;1780.0;22.4;67.7;1.8161
1098306000;4.7;1506.0;-200.0;22.3;1360.0;529.0;458.0;113.0;1944.0;1609.0;22.0;69.2;1.8061
1098309600;3.4;1378.0;-200.0;17.7;1229.0;405.0;511.0;99.0;1820.0;1466.0;21.8;69.6;1.79
1098313200;3.9;1448.0;-200.0;19.5;1283.0;461.0;496.0;109.0;1877.0;1504.0;21.9;68.3;1.7699
1098316800;4.4;1481.0;-200.0;22.3;1359.0;486.0;467.0;105.0;1957.0;1518.0;21.7;69.7;1.7872
1098320400;3.3;1289.0;-200.0;15.4;1161.0;335.0;552.0;91.0;1765.0;1289.0;21.3;70.3;1.7574
1098324000;2.0;1109.0;-200.0;9.3;951.0;210.0;664.0;77.0;1570.0;1076.0;20.8;71.7;1.7415
1098327600;1.5;994.0;-200.0;6.0;812.0;-200.0;784.0;-200.0;1453.0;947.0;21.4;69.0;1.7421
1098331200;-200.0;1015.0;-200.0;6.6;839.0;99.0;754.0;59.0;1473.0;970.0;21.4;69.3;1.7515
1098334800;0.8;966.0;-200.0;5.1;771.0;149.0;830.0;60.0;1420.0;900.0;21.3;69.5;1.7447
1098338400;1.3;1088.0;-200.0;8.8;932.0;203.0;706.0;72.0;1565.0;1034.0;21.5;67.5;1.708
1098342000;2.7;1303.0;-200.0;16.6;1198.0;332.0;578.0;83.0;1791.0;1235.0;21.9;64.8;1.683
1098345600;3.6;1440.0;-200.0;24.3;1412.0;446.0;494.0;104.0;2016.0;1455.0;22.6;61.4;1.6645
1098349200;3.6;1392.0;-200.0;20.6;1313.0;524.0;517.0;119.0;1866.0;1478.0;22.6;61.5;1.6636
1098352800;2.6;1248.0;-200.0;15.6;1167.0;347.0;572.0;105.0;1704.0;1393.0;25.5;52.3;1.6796
1098356400;2.0;1197.0;-200.0;12.2;1058.0;273.0;634.0;91.0;1626.0;1237.0;27.0;47.6;1.67
1098360000;3.3;1357.0;-200.0;17.7;1230.0;404.0;542.0;103.0;1834.0;1373.0;25.2;53.3;1.6834
1098363600;2.6;1263.0;-200.0;14.8;1143.0;-200.0;578.0;-200.0;1736.0;1310.0;26.6;49.3;1.6872
1098367200;2.1;1261.0;-200.0;15.0;1148.0;312.0;585.0;111.0;1733.0;1287.0;27.2;48.5;1.7172
1098370800;2.9;1382.0;-200.0;16.7;1200.0;369.0;539.0;101.0;1807.0;1413.0;26.9;50.0;1.7507
1098374400;3.0;1400.0;-200.0;17.7;1230.0;362.0;519.0;102.0;1864.0;1483.0;26.5;52.2;1.7769
1098378000;3.2;1443.0;-200.0;20.9;1322.0;335.0;488.0;101.0;1933.0;1539.0;27.0;51.0;1.7936
1098381600;4.4;1630.0;-200.0;28.7;1520.0;447.0;427.0;118.0;2166.0;1691.0;25.9;55.8;1.8347
1098385200;6.0;1720.0;-200.0;34.8;1661.0;576.0;382.0;120.0;2403.0;1846.0;25.1;59.4;1.8632
1098388800;5.0;1600.0;-200.0;27.5;1492.0;486.0;432.0;107.0;2160.0;1665.0;24.7;58.7;1.8001
1098392400;4.3;1525.0;-200.0;24.9;1427.0;439.0;450.0;104.0;2085.0;1577.0;23.6;62.2;1.7863
1098396000;4.3;1544.0;-200.0;24.2;1409.0;462.0;448.0;91.0;2048.0;1603.0;22.4;67.1;1.794
1098399600;4.2;1455.0;-200.0;22.2;1357.0;441.0;466.0;91.0;1964.0;1530.0;21.6;69.2;1.763
1098403200;2.2;1203.0;-200.0;13.2;1090.0;223.0;593.0;74.0;1655.0;1205.0;21.3;68.5;1.7164
1098406800;1.3;1038.0;-200.0;7.9;895.0;126.0;714.0;63.0;1474.0;999.0;21.2;68.6;1.7046
1098410400;1.0;975.0;-200.0;5.9;807.0;116.0;788.0;57.0;1423.0;904.0;20.3;70.6;1.6659
1098414000;0.7;917.0;-200.0;4.1;714.0;-200.0;870.0;-200.0;1355.0;843.0;20.8;67.3;1.6353
1098417600;-200.0;930.0;-200.0;4.6;741.0;125.0;849.0;48.0;1392.0;843.0;19.6;71.3;1.612
1098421200;0.9;960.0;-200.0;5.8;804.0;198.0;802.0;49.0;1435.0;886.0;18.7;74.4;1.5861
1098424800;1.0;982.0;-200.0;6.5;834.0;185.0;770.0;55.0;1435.0;911.0;19.8;69.2;1.5808
1098428400;2.8;1359.0;-200.0;19.5;1282.0;425.0;541.0;78.0;1912.0;1319.0;19.8;69.4;1.5859
1098432000;4.1;1500.0;-200.0;28.0;1503.0;465.0;437.0;91.0;2158.0;1927.0;20.4;66.7;1.5781
1098435600;2.9;1315.0;-200.0;18.7;1261.0;341.0;535.0;88.0;1830.0;1554.0;22.3;60.6;1.6069
1098439200;2.7;1307.0;-200.0;18.3;1248.0;316.0;525.0;83.0;1787.0;1565.0;22.6;59.9;1.6246
1098442800;2.1;1235.0;-200.0;14.3;1125.0;241.0;574.0;81.0;1704.0;1462.0;24.5;54.5;1.6514
1098446400;2.4;1310.0;-200.0;16.5;1194.0;266.0;538.0;83.0;1781.0;1487.0;24.4;55.4;1.6712
1098450000;3.8;1459.0;-200.0;22.9;1375.0;412.0;467.0;111.0;2007.0;1690.0;26.0;51.9;1.7148
1098453600;3.7;1461.0;-200.0;22.3;1358.0;394.0;474.0;112.0;2033.0;1603.0;26.8;49.1;1.7101
1098457200;3.7;1476.0;-200.0;22.0;1352.0;365.0;474.0;112.0;1996.0;1568.0;26.4;49.8;1.6928
1098460800;5.5;1612.0;-200.0;27.7;1496.0;548.0;429.0;137.0;2127.0;1743.0;26.9;48.6;1.7017
1098464400;5.4;1654.0;-200.0;29.8;1546.0;494.0;435.0;152.0;2176.0;2007.0;26.2;48.9;1.634
1098468000;8.4;1808.0;-200.0;40.0;1771.0;686.0;373.0;163.0;2486.0;2235.0;24.3;54.3;1.6276
1098471600;6.8;1681.0;-200.0;35.1;1666.0;556.0;397.0;135.0;2339.0;1998.0;23.3;58.1;1.6457
1098475200;4.5;1494.0;-200.0;25.5;1443.0;467.0;454.0;119.0;2020.0;1795.0;22.3;62.5;1.6616
1098478800;2.5;1251.0;-200.0;13.7;1107.0;297.0;579.0;91.0;1657.0;1407.0;21.3;66.1;1.6556
1098482400;1.6;1132.0;-200.0;9.7;965.0;164.0;669.0;74.0;1502.0;1211.0;21.2;65.7;1.6319
1098486000;1.7;1158.0;-200.0;9.8;970.0;196.0;664.0;73.0;1509.0;1202.0;20.3;68.1;1.6009
1098489600;1.7;1146.0;-200.0;10.1;983.0;201.0;673.0;71.0;1518.0;1136.0;20.4;66.7;1.583
1098493200;1.1;993.0;-200.0;6.0;813.0;132.0;792.0;57.0;1413.0;946.0;19.9;67.5;1.5544
1098496800;1.0;989.0;-200.0;6.0;814.0;146.0;800.0;51.0;1418.0;915.0;19.1;70.0;1.5331
1098500400;0.8;943.0;-200.0;4.6;746.0;-200.0;852.0;-200.0;1374.0;864.0;19.3;68.1;1.5139
1098504000;-200.0;910.0;-200.0;4.0;712.0;94.0;872.0;42.0;1341.0;836.0;19.6;66.9;1.5125
1098507600;0.7;925.0;-200.0;4.6;742.0;127.0;876.0;43.0;1381.0;842.0;18.1;72.1;1.4834
1098511200;1.2;1039.0;-200.0;7.6;882.0;217.0;724.0;52.0;1473.0;1002.0;18.1;72.3;1.4927
1098514800;2.3;1208.0;-200.0;13.6;1104.0;394.0;598.0;65.0;1699.0;1165.0;17.6;74.8;1.491
1098518400;3.0;1268.0;-200.0;16.0;1179.0;511.0;545.0;69.0;1753.0;1294.0;18.2;72.8;1.5048
1098522000;3.3;1353.0;-200.0;18.9;1265.0;523.0;507.0;91.0;1833.0;1475.0;20.2;65.8;1.5374
1098525600;2.8;1317.0;-200.0;15.7;1171.0;471.0;542.0;92.0;1727.0;1436.0;21.6;61.4;1.5696
1098529200;3.0;1356.0;-200.0;16.2;1187.0;441.0;534.0;102.0;1738.0;1465.0;23.3;57.5;1.6169
1098532800;3.4;1414.0;-200.0;19.4;1279.0;414.0;504.0;118.0;1854.0;1583.0;25.0;52.4;1.6356
1098536400;3.0;1326.0;-200.0;16.9;1206.0;317.0;533.0;111.0;1785.0;1432.0;25.4;50.8;1.6275
1098540000;2.3;1211.0;-200.0;12.5;1067.0;230.0;609.0;101.0;1608.0;1270.0;26.1;47.1;1.5724
1098543600;3.1;1324.0;-200.0;15.8;1173.0;365.0;564.0;119.0;1749.0;1354.0;27.0;44.2;1.549
1098547200;3.0;1324.0;-200.0;16.0;1181.0;360.0;565.0;115.0;1747.0;1318.0;27.2;43.0;1.5246
1098550800;3.3;1361.0;-200.0;16.3;1189.0;420.0;549.0;120.0;1776.0;1351.0;25.6;48.3;1.5641
1098554400;4.0;1475.0;-200.0;21.0;1324.0;475.0;490.0;115.0;1925.0;1530.0;23.3;57.9;1.6376
1098558000;4.6;1537.0;-200.0;23.1;1381.0;526.0;469.0;118.0;2016.0;1615.0;22.2;63.6;1.6763
1098561600;4.1;1413.0;-200.0;17.7;1231.0;460.0;520.0;117.0;1853.0;1415.0;21.6;67.7;1.7228
1098565200;2.3;1229.0;-200.0;12.2;1055.0;255.0;607.0;96.0;1668.0;1219.0;21.0;69.3;1.7058
1098568800;2.6;1297.0;-200.0;14.6;1136.0;283.0;567.0;89.0;1725.0;1307.0;20.3;70.5;1.6599
1098572400;2.6;1302.0;-200.0;13.1;1088.0;271.0;594.0;84.0;1639.0;1297.0;20.0;69.5;1.6109
1098576000;2.9;1347.0;-200.0;15.5;1165.0;315.0;573.0;97.0;1741.0;1321.0;19.7;70.1;1.5891
1098579600;2.1;1165.0;-200.0;11.8;1042.0;227.0;631.0;68.0;1621.0;1133.0;19.5;70.7;1.5851
1098583200;2.1;1155.0;-200.0;10.9;1012.0;243.0;633.0;66.0;1577.0;1124.0;19.4;71.4;1.5959
1098586800;1.5;1050.0;-200.0;8.4;916.0;-200.0;696.0;-200.0;1512.0;997.0;19.3;71.1;1.5746
1098590400;-200.0;1035.0;-200.0;7.0;855.0;142.0;731.0;51.0;1467.0;952.0;18.7;73.8;1.5704
1098594000;1.4;1057.0;-200.0;8.6;925.0;139.0;684.0;48.0;1503.0;972.0;18.0;75.4;1.5441
1098597600;1.2;1029.0;-200.0;7.5;880.0;182.0;709.0;47.0;1451.0;965.0;17.3;78.4;1.532
1098601200;1.5;1037.0;-200.0;8.1;902.0;196.0;704.0;48.0;1481.0;984.0;17.5;76.6;1.5174
1098604800;0.9;920.0;-200.0;4.8;755.0;108.0;853.0;45.0;1359.0;880.0;20.0;66.7;1.5401
1098608400;1.4;1080.0;-200.0;7.8;891.0;175.0;732.0;59.0;1477.0;1001.0;19.1;70.0;1.5366
1098612000;2.1;1152.0;-200.0;9.7;966.0;266.0;661.0;84.0;1542.0;1137.0;21.4;61.7;1.5547
1098615600;1.6;1085.0;-200.0;8.4;918.0;179.0;721.0;72.0;1467.0;1023.0;24.6;50.4;1.5363
1098619200;1.5;1071.0;-200.0;7.6;882.0;154.0;745.0;68.0;1431.0;962.0;25.0;49.1;1.5295
1098622800;1.1;1000.0;-200.0;5.9;807.0;95.0;811.0;52.0;1376.0;825.0;25.3;46.7;1.4874
1098626400;1.4;1058.0;-200.0;7.4;875.0;151.0;756.0;70.0;1421.0;877.0;24.8;47.9;1.4819
1098630000;2.0;1184.0;-200.0;10.1;983.0;230.0;667.0;90.0;1537.0;1046.0;25.3;48.0;1.5249
1098633600;2.0;1189.0;-200.0;9.7;965.0;239.0;670.0;87.0;1533.0;1060.0;26.5;44.9;1.5278
1098637200;2.5;1277.0;-200.0;11.8;1043.0;306.0;614.0;99.0;1631.0;1155.0;25.0;50.1;1.563
1098640800;4.3;1482.0;-200.0;20.3;1305.0;472.0;503.0;128.0;1874.0;1464.0;22.9;57.6;1.5885
1098644400;5.2;1555.0;-200.0;24.3;1410.0;532.0;464.0;127.0;1971.0;2185.0;21.7;62.9;1.6117
1098648000;3.4;1324.0;-200.0;15.6;1168.0;375.0;568.0;99.0;1716.0;1959.0;21.8;63.0;1.619
1098651600;1.3;1015.0;-200.0;7.3;869.0;147.0;747.0;72.0;1439.0;1375.0;21.2;63.4;1.5748
1098655200;1.2;1010.0;-200.0;7.1;860.0;118.0;768.0;62.0;1450.0;1212.0;20.2;65.8;1.535
1098658800;1.7;1081.0;-200.0;9.0;938.0;181.0;697.0;62.0;1517.0;1273.0;18.4;71.5;1.5038
1098662400;1.7;1071.0;-200.0;8.9;936.0;209.0;695.0;63.0;1516.0;1249.0;17.9;72.4;1.4758
1098666000;1.4;1014.0;-200.0;7.2;864.0;167.0;745.0;56.0;1474.0;1097.0;16.9;75.4;1.4393
1098669600;0.9;891.0;-200.0;4.4;735.0;112.0;878.0;44.0;1353.0;933.0;16.5;75.5;1.4056
1098673200;0.7;874.0;-200.0;4.1;715.0;-200.0;889.0;-200.0;1315.0;858.0;15.4;79.0;1.3735
1098676800;-200.0;882.0;-200.0;4.3;729.0;108.0;875.0;37.0;1319.0;870.0;15.5;78.6;1.37
1098680400;0.9;940.0;-200.0;5.9;806.0;181.0;800.0;48.0;1392.0;1013.0;16.2;76.9;1.4029
1098684000;1.2;1020.0;-200.0;7.2;866.0;253.0;749.0;59.0;1440.0;1087.0;15.8;79.6;1.417
1098687600;3.2;1316.0;-200.0;18.5;1253.0;521.0;527.0;77.0;1780.0;1566.0;16.0;76.3;1.3772
1098691200;4.4;1423.0;-200.0;25.0;1429.0;649.0;467.0;88.0;1998.0;1631.0;16.3;74.3;1.3644
1098694800;3.5;1314.0;-200.0;18.8;1262.0;516.0;531.0;111.0;1754.0;1564.0;18.7;66.3;1.414
1098698400;3.2;1317.0;-200.0;19.5;1283.0;487.0;518.0;114.0;1812.0;1601.0;20.5;60.2;1.4346
1098702000;3.0;1305.0;-200.0;18.2;1245.0;529.0;524.0;108.0;1742.0;1539.0;19.3;66.2;1.4706
1098705600;3.5;1351.0;-200.0;20.0;1298.0;565.0;498.0;111.0;1821.0;1577.0;20.0;63.9;1.4805
1098709200;4.0;1438.0;-200.0;24.8;1425.0;558.0;451.0;126.0;1971.0;1732.0;21.4;59.4;1.4928
1098712800;3.8;1454.0;-200.0;23.1;1380.0;568.0;457.0;117.0;1947.0;1672.0;21.5;60.9;1.5398
1098716400;4.2;1512.0;-200.0;25.5;1441.0;605.0;432.0;119.0;2034.0;1744.0;21.6;60.9;1.5551
1098720000;5.0;1584.0;-200.0;32.0;1597.0;666.0;392.0;125.0;2176.0;1845.0;21.6;62.0;1.5784
1098723600;7.9;1816.0;-200.0;46.3;1897.0;814.0;330.0;158.0;2641.0;2164.0;21.7;61.9;1.592
1098727200;8.4;1824.0;-200.0;44.5;1862.0;860.0;340.0;149.0;2567.0;2106.0;21.0;64.9;1.5987
1098730800;8.0;1744.0;-200.0;41.0;1793.0;820.0;352.0;136.0;2469.0;2007.0;20.0;68.6;1.5882
1098734400;6.4;1588.0;-200.0;32.5;1610.0;742.0;400.0;112.0;2230.0;1791.0;19.3;71.4;1.5805
1098738000;3.5;1319.0;-200.0;19.1;1273.0;492.0;511.0;87.0;1806.0;1444.0;18.5;73.4;1.5461
1098741600;3.5;1313.0;-200.0;19.6;1285.0;464.0;505.0;82.0;1803.0;1373.0;17.7;75.6;1.5226
1098745200;1.9;1073.0;-200.0;10.7;1005.0;258.0;661.0;67.0;1488.0;1110.0;18.5;70.4;1.487
1098748800;2.2;1119.0;-200.0;12.2;1056.0;311.0;624.0;68.0;1562.0;1099.0;17.0;76.1;1.4582
1098752400;1.6;989.0;-200.0;8.0;900.0;231.0;737.0;60.0;1401.0;968.0;16.8;74.9;1.4258
1098756000;1.0;912.0;-200.0;5.5;788.0;127.0;822.0;48.0;1331.0;847.0;15.5;78.5;1.3782
1098759600;1.0;904.0;-200.0;5.5;787.0;-200.0;820.0;-200.0;1319.0;852.0;15.3;79.0;1.3605
1098763200;-200.0;851.0;-200.0;4.3;726.0;124.0;897.0;42.0;1277.0;799.0;15.0;77.9;1.3197
1098766800;0.9;902.0;-200.0;5.9;809.0;138.0;835.0;46.0;1355.0;834.0;14.8;79.4;1.3312
1098770400;1.4;981.0;-200.0;8.6;923.0;228.0;730.0;54.0;1425.0;956.0;15.7;77.0;1.3591
1098774000;3.0;1267.0;-200.0;18.7;1260.0;383.0;572.0;82.0;1776.0;1259.0;16.2;75.9;1.3872
1098777600;4.5;1392.0;-200.0;25.0;1429.0;581.0;469.0;93.0;1990.0;1494.0;16.3;75.9;1.3991
1098781200;3.8;1308.0;-200.0;19.6;1285.0;545.0;522.0;95.0;1781.0;1458.0;17.7;70.6;1.4202
1098784800;3.4;1313.0;-200.0;20.8;1318.0;593.0;511.0;120.0;1820.0;1491.0;18.3;67.6;1.4103
1098788400;3.5;1350.0;-200.0;20.1;1299.0;602.0;518.0;132.0;1784.0;1560.0;20.1;62.0;1.4409
1098792000;4.4;1477.0;-200.0;26.7;1471.0;624.0;455.0;146.0;2031.0;1750.0;22.6;54.5;1.4737
1098795600;4.0;1409.0;-200.0;23.6;1393.0;546.0;484.0;157.0;1874.0;1709.0;24.6;47.1;1.4378
1098799200;4.5;1495.0;-200.0;26.4;1465.0;597.0;451.0;158.0;2043.0;1786.0;24.9;48.3;1.4942
1098802800;5.3;1606.0;-200.0;30.9;1573.0;688.0;419.0;175.0;2165.0;1900.0;24.9;50.0;1.5522
1098806400;5.8;1669.0;-200.0;32.8;1615.0;760.0;404.0;166.0;2232.0;1963.0;24.0;55.0;1.6211
1098810000;8.4;1822.0;-200.0;45.9;1890.0;918.0;347.0;187.0;2641.0;2161.0;23.2;58.7;1.651
1098813600;9.5;1908.0;-200.0;52.1;2007.0;952.0;325.0;180.0;2775.0;2372.0;22.5;61.5;1.6579
1098817200;6.2;1664.0;-200.0;36.6;1699.0;685.0;385.0;134.0;2305.0;2062.0;22.2;61.0;1.6071
1098820800;5.0;1465.0;-200.0;24.0;1404.0;561.0;468.0;127.0;1962.0;1736.0;22.6;58.3;1.5829
1098824400;2.1;1076.0;-200.0;9.8;972.0;239.0;691.0;95.0;1506.0;1192.0;21.0;57.4;1.4098
1098828000;1.4;1055.0;-200.0;7.9;895.0;175.0;758.0;79.0;1468.0;1043.0;19.8;63.7;1.4524
1098831600;1.6;1075.0;-200.0;7.5;878.0;169.0;734.0;78.0;1495.0;948.0;17.7;78.8;1.5855
1098835200;2.0;1135.0;-200.0;9.2;948.0;215.0;685.0;80.0;1569.0;992.0;17.6;80.5;1.6062
1098838800;1.2;998.0;-200.0;5.7;799.0;115.0;786.0;67.0;1435.0;867.0;17.4;81.3;1.6066
1098842400;0.8;953.0;-200.0;4.4;734.0;94.0;861.0;61.0;1401.0;825.0;17.4;81.0;1.6012
1098846000;0.6;926.0;-200.0;3.9;708.0;-200.0;874.0;-200.0;1381.0;803.0;17.2;81.8;1.5856
1098849600;-200.0;895.0;-200.0;3.1;656.0;80.0;946.0;51.0;1343.0;786.0;17.0;81.0;1.5521
1098853200;0.7;967.0;-200.0;5.1;767.0;132.0;833.0;56.0;1416.0;866.0;16.8;81.3;1.5447
1098856800;1.7;1164.0;-200.0;10.5;997.0;295.0;641.0;68.0;1606.0;1113.0;17.6;78.8;1.5723
1098860400;3.4;1421.0;-200.0;20.6;1313.0;517.0;502.0;101.0;1983.0;1384.0;18.0;75.7;1.5527
1098864000;4.9;1465.0;-200.0;28.5;1515.0;555.0;454.0;119.0;2119.0;1516.0;18.0;74.8;1.5281
1098867600;2.7;1189.0;-200.0;12.7;1075.0;429.0;614.0;108.0;1652.0;1222.0;18.2;74.0;1.5343
1098871200;3.2;1278.0;-200.0;16.1;1182.0;561.0;585.0;132.0;1734.0;1354.0;19.7;65.4;1.4854
1098874800;2.7;1169.0;-200.0;14.9;1144.0;427.0;611.0;130.0;1666.0;1291.0;21.0;57.9;1.4267
1098878400;3.2;1214.0;-200.0;16.8;1203.0;445.0;580.0;129.0;1739.0;1308.0;20.7;58.6;1.4142
1098882000;4.1;1351.0;-200.0;21.8;1345.0;538.0;502.0;117.0;1923.0;1420.0;19.5;67.1;1.506
1098885600;3.6;1340.0;-200.0;18.6;1256.0;556.0;537.0;119.0;1842.0;1297.0;18.5;76.2;1.6045
1098889200;2.8;1157.0;-200.0;14.5;1131.0;370.0;623.0;113.0;1675.0;1157.0;19.6;69.7;1.5675
1098892800;2.1;1118.0;-200.0;13.4;1096.0;257.0;647.0;102.0;1649.0;1130.0;19.9;65.3;1.5066
1098896400;2.4;1150.0;-200.0;15.8;1173.0;266.0;608.0;101.0;1711.0;1195.0;20.0;63.3;1.4622
1098900000;3.6;1247.0;-200.0;20.7;1315.0;403.0;544.0;116.0;1874.0;1341.0;19.2;66.4;1.4592
1098903600;2.6;1194.0;-200.0;16.6;1198.0;275.0;587.0;101.0;1732.0;1228.0;19.3;67.5;1.4977
1098907200;2.8;1184.0;-200.0;15.3;1157.0;338.0;586.0;94.0;1685.0;1273.0;18.2;71.4;1.4776
1098910800;1.4;990.0;-200.0;8.0;898.0;176.0;748.0;75.0;1442.0;1006.0;17.8;71.2;1.4396
1098914400;1.1;933.0;-200.0;5.8;803.0;159.0;842.0;69.0;1369.0;898.0;17.6;69.9;1.3969
1098918000;1.3;968.0;-200.0;7.0;858.0;147.0;796.0;60.0;1388.0;894.0;16.0;75.9;1.3721
1098921600;0.9;861.0;-200.0;4.5;735.0;99.0;925.0;58.0;1287.0;789.0;16.9;72.0;1.3749
1098925200;1.0;904.0;-200.0;5.2;774.0;98.0;878.0;51.0;1329.0;805.0;15.7;76.3;1.3519
1098928800;0.9;866.0;-200.0;4.4;734.0;109.0;899.0;45.0;1299.0;770.0;14.8;78.7;1.3169
1098932400;0.7;881.0;-200.0;4.2;724.0;-200.0;913.0;-200.0;1277.0;776.0;14.8;79.7;1.3286
1098936000;-200.0;838.0;-200.0;3.8;700.0;112.0;936.0;41.0;1268.0;744.0;14.6;79.9;1.3156
1098939600;0.8;905.0;-200.0;5.2;776.0;163.0;851.0;48.0;1327.0;825.0;15.2;78.0;1.3382
1098943200;1.6;1055.0;-200.0;10.0;977.0;326.0;703.0;61.0;1506.0;1013.0;15.5;77.2;1.3502
1098946800;3.4;1328.0;-200.0;20.0;1296.0;640.0;527.0;88.0;1829.0;1341.0;15.7;76.4;1.3558
1098950400;4.4;1401.0;-200.0;25.8;1449.0;736.0;477.0;102.0;1969.0;1528.0;16.0;76.4;1.3751
1098954000;3.5;1291.0;-200.0;20.0;1296.0;667.0;529.0;97.0;1752.0;1432.0;16.7;73.8;1.3886
1098957600;3.4;1316.0;-200.0;20.6;1314.0;677.0;526.0;116.0;1780.0;1499.0;18.6;66.3;1.4047
1098961200;2.4;1116.0;-200.0;12.2;1057.0;425.0;639.0;112.0;1532.0;1236.0;20.4;58.1;1.3762
1098964800;2.3;1139.0;-200.0;13.1;1088.0;349.0;625.0;101.0;1580.0;1180.0;20.6;57.3;1.3792
1098968400;2.6;1165.0;-200.0;14.5;1131.0;332.0;609.0;99.0;1640.0;1196.0;21.6;53.6;1.3669
1098972000;2.9;1260.0;-200.0;17.5;1224.0;412.0;571.0;113.0;1731.0;1301.0;21.4;55.6;1.4015
1098975600;4.4;1475.0;-200.0;25.9;1451.0;631.0;455.0;122.0;1991.0;1646.0;20.7;63.0;1.5204
1098979200;5.0;1521.0;-200.0;26.6;1470.0;677.0;446.0;139.0;1977.0;1720.0;21.3;61.9;1.5463
1098982800;6.5;1633.0;-200.0;35.3;1671.0;761.0;398.0;149.0;2271.0;1852.0;20.8;64.0;1.5522
1098986400;5.9;1463.0;-200.0;28.2;1508.0;650.0;468.0;136.0;2092.0;1670.0;20.3;66.7;1.5656
1098990000;2.7;1140.0;-200.0;14.2;1122.0;262.0;619.0;103.0;1602.0;1208.0;19.7;64.5;1.4594
1098993600;2.5;1147.0;-200.0;12.4;1065.0;292.0;651.0;112.0;1562.0;1160.0;19.4;64.0;1.4282
1098997200;1.5;988.0;-200.0;6.6;839.0;177.0;805.0;88.0;1382.0;937.0;20.1;60.8;1.4152
1099000800;1.0;924.0;-200.0;4.8;754.0;103.0;890.0;63.0;1327.0;783.0;20.4;60.4;1.4263
1099004400;1.2;950.0;-200.0;5.4;782.0;127.0;862.0;69.0;1331.0;807.0;20.1;62.6;1.4543
1099008000;1.0;926.0;-200.0;4.3;727.0;119.0;925.0;65.0;1326.0;729.0;19.9;64.9;1.4905
1099011600;0.8;879.0;-200.0;2.9;645.0;83.0;1023.0;50.0;1288.0;612.0;18.2;74.7;1.5441
1099015200;0.6;864.0;-200.0;2.5;621.0;65.0;1073.0;43.0;1286.0;574.0;18.4;73.8;1.5463
1099018800;0.6;868.0;-200.0;2.2;596.0;-200.0;1092.0;-200.0;1276.0;579.0;18.7;73.5;1.5664
1099022400;-200.0;894.0;-200.0;2.7;636.0;84.0;1010.0;56.0;1308.0;687.0;18.2;76.6;1.5907
1099026000;1.1;1009.0;-200.0;6.1;816.0;200.0;799.0;69.0;1430.0;856.0;18.5;76.4;1.6112
1099029600;1.3;1069.0;-200.0;7.7;889.0;242.0;738.0;91.0;1469.0;976.0;19.3;71.6;1.5844
1099033200;2.9;1311.0;-200.0;15.9;1178.0;366.0;574.0;111.0;1769.0;1208.0;20.2;66.9;1.5643
1099036800;3.7;1370.0;-200.0;22.8;1372.0;404.0;485.0;124.0;1945.0;1400.0;20.8;64.7;1.5692
1099040400;3.0;1246.0;-200.0;16.6;1197.0;429.0;566.0;119.0;1746.0;1278.0;21.9;61.8;1.6021
1099044000;1.4;1039.0;-200.0;8.4;917.0;169.0;735.0;77.0;1467.0;934.0;23.5;57.7;1.6515
1099047600;2.6;1296.0;-200.0;13.9;1113.0;419.0;604.0;101.0;1736.0;1073.0;19.8;81.0;1.8538
1099051200;4.2;1523.0;-200.0;24.9;1428.0;603.0;458.0;116.0;2114.0;1363.0;20.2;86.5;2.0224
1099054800;5.1;1424.0;-200.0;22.4;1361.0;589.0;484.0;137.0;1983.0;1346.0;20.2;82.2;1.9184
1099058400;5.5;1513.0;-200.0;26.1;1457.0;706.0;463.0;163.0;2125.0;1393.0;19.7;82.2;1.8669
1099062000;4.5;1338.0;-200.0;18.1;1244.0;592.0;558.0;144.0;1847.0;1255.0;20.2;79.1;1.85
1099065600;2.7;1214.0;-200.0;13.9;1113.0;305.0;616.0;118.0;1664.0;1213.0;20.1;75.4;1.751
1099069200;3.1;1290.0;-200.0;18.5;1253.0;371.0;550.0;135.0;1807.0;1332.0;20.2;72.3;1.6893
1099072800;4.2;1353.0;-200.0;20.9;1323.0;465.0;519.0;129.0;1860.0;1430.0;20.0;73.3;1.693
1099076400;3.1;1130.0;-200.0;12.9;1082.0;390.0;647.0;128.0;1591.0;1102.0;18.3;74.9;1.5583
1099080000;1.7;969.0;-200.0;6.7;843.0;227.0;828.0;103.0;1375.0;895.0;18.9;70.4;1.5259
1099083600;1.8;1038.0;-200.0;7.0;856.0;284.0;801.0;116.0;1415.0;905.0;17.3;76.3;1.4919
1099087200;1.7;1020.0;-200.0;7.3;869.0;211.0;793.0;95.0;1410.0;869.0;17.1;77.9;1.5081
1099090800;2.1;1097.0;-200.0;9.1;944.0;297.0;716.0;107.0;1489.0;982.0;17.3;79.3;1.5569
1099094400;2.4;1123.0;-200.0;9.9;973.0;351.0;690.0;108.0;1520.0;999.0;17.3;79.9;1.5643
1099098000;1.8;1023.0;-200.0;6.9;851.0;259.0;782.0;94.0;1413.0;881.0;16.9;80.6;1.5372
1099101600;1.5;1015.0;-200.0;6.5;833.0;214.0;786.0;84.0;1400.0;868.0;16.9;81.4;1.551
1099105200;1.4;979.0;-200.0;5.9;805.0;-200.0;809.0;-200.0;1383.0;843.0;16.8;81.5;1.5418
1099108800;-200.0;931.0;-200.0;5.4;784.0;173.0;826.0;72.0;1372.0;833.0;16.9;79.8;1.5238
1099112400;1.0;922.0;-200.0;5.4;783.0;192.0;857.0;76.0;1367.0;825.0;16.7;79.7;1.503
1099116000;1.4;989.0;-200.0;7.8;891.0;237.0;762.0;82.0;1453.0;901.0;16.8;79.0;1.4978
1099119600;2.4;1149.0;-200.0;13.6;1103.0;413.0;622.0;94.0;1662.0;1090.0;16.8;79.8;1.5115
1099123200;3.1;1202.0;-200.0;15.4;1160.0;455.0;585.0;102.0;1723.0;1165.0;16.9;79.9;1.5253
1099126800;3.0;1206.0;-200.0;14.4;1131.0;493.0;592.0;106.0;1675.0;1201.0;17.4;79.3;1.5593
1099130400;2.7;1224.0;-200.0;14.3;1126.0;482.0;596.0;108.0;1656.0;1231.0;18.0;76.6;1.5706
1099134000;4.0;1371.0;-200.0;20.3;1305.0;599.0;521.0;152.0;1845.0;1461.0;21.2;64.4;1.6015
1099137600;3.7;1327.0;-200.0;18.7;1259.0;481.0;539.0;160.0;1826.0;1434.0;22.4;60.8;1.6261
1099141200;3.4;1301.0;-200.0;17.3;1218.0;406.0;553.0;133.0;1806.0;1399.0;22.6;61.1;1.6596
1099144800;3.4;1301.0;-200.0;16.9;1208.0;419.0;560.0;147.0;1781.0;1417.0;23.6;57.3;1.645
1099148400;3.2;1314.0;-200.0;16.4;1191.0;387.0;564.0;135.0;1777.0;1395.0;23.5;58.3;1.664
1099152000;3.9;1394.0;-200.0;19.1;1272.0;461.0;526.0;135.0;1869.0;1442.0;22.9;61.6;1.7014
1099155600;3.7;1385.0;-200.0;18.7;1260.0;493.0;528.0;129.0;1850.0;1425.0;22.3;64.3;1.7055
1099159200;4.3;1440.0;-200.0;22.4;1362.0;532.0;486.0;117.0;1968.0;1496.0;21.6;68.0;1.7305
1099162800;4.9;1493.0;-200.0;25.3;1437.0;581.0;470.0;116.0;2015.0;1551.0;21.2;67.4;1.6755
1099166400;4.0;1319.0;-200.0;17.7;1230.0;494.0;551.0;109.0;1785.0;1381.0;20.8;65.8;1.6001
1099170000;2.8;1187.0;-200.0;13.8;1110.0;392.0;612.0;96.0;1658.0;1229.0;20.4;64.8;1.5379
1099173600;2.4;1119.0;-200.0;10.2;984.0;311.0;688.0;90.0;1539.0;1082.0;20.1;66.7;1.5548
1099177200;1.9;1100.0;-200.0;8.6;924.0;236.0;744.0;82.0;1494.0;963.0;19.5;70.0;1.5711
1099180800;2.0;1076.0;-200.0;7.9;895.0;270.0;757.0;86.0;1492.0;939.0;19.3;70.4;1.5578
1099184400;1.5;972.0;-200.0;5.7;799.0;199.0;833.0;72.0;1425.0;825.0;19.7;68.6;1.5563
1099188000;1.3;973.0;-200.0;6.4;828.0;146.0;818.0;61.0;1445.0;811.0;19.7;68.2;1.5484
1099191600;1.0;918.0;-200.0;4.6;742.0;-200.0;905.0;-200.0;1386.0;720.0;19.9;68.4;1.5673
1099195200;-200.0;844.0;-200.0;2.7;630.0;74.0;1035.0;45.0;1320.0;627.0;18.4;74.2;1.5581
1099198800;0.5;817.0;-200.0;2.1;588.0;55.0;1134.0;37.0;1310.0;589.0;18.9;71.3;1.5449
1099202400;0.4;791.0;-200.0;1.2;519.0;43.0;1291.0;31.0;1295.0;540.0;18.1;79.0;1.6224
1099206000;0.4;819.0;-200.0;1.4;537.0;46.0;1264.0;30.0;1315.0;551.0;20.4;71.2;1.6834
1099209600;0.9;972.0;-200.0;4.6;743.0;139.0;944.0;41.0;1477.0;742.0;20.6;70.7;1.6996
1099213200;1.3;997.0;-200.0;5.7;797.0;169.0;812.0;64.0;1470.0;824.0;19.3;74.1;1.6391
1099216800;2.1;1194.0;-200.0;10.6;1000.0;254.0;653.0;74.0;1642.0;1059.0;22.2;64.4;1.7005
1099220400;2.4;1240.0;-200.0;11.0;1014.0;303.0;628.0;77.0;1643.0;1144.0;23.0;64.6;1.7851
1099224000;2.0;1117.0;-200.0;8.6;922.0;259.0;717.0;83.0;1585.0;994.0;24.3;57.4;1.7233
1099227600;1.8;1141.0;-200.0;8.8;932.0;226.0;689.0;71.0;1595.0;1014.0;22.0;67.0;1.7441
1099231200;1.5;1062.0;-200.0;7.5;880.0;161.0;719.0;62.0;1580.0;924.0;22.9;65.7;1.8148
1099234800;1.6;1160.0;-200.0;11.6;1036.0;182.0;622.0;62.0;1727.0;1023.0;23.2;63.9;1.7957
1099238400;2.2;1169.0;-200.0;10.1;983.0;289.0;672.0;79.0;1633.0;1033.0;23.0;62.3;1.7248
1099242000;2.3;1185.0;-200.0;10.8;1006.0;340.0;666.0;93.0;1638.0;1065.0;22.4;63.2;1.6878
1099245600;6.6;1571.0;-200.0;30.3;1559.0;544.0;440.0;106.0;2277.0;1516.0;21.7;66.6;1.7077
1099249200;4.7;1464.0;-200.0;22.4;1362.0;543.0;487.0;100.0;1987.0;1648.0;21.2;70.3;1.7476
1099252800;4.1;1423.0;-200.0;20.6;1314.0;501.0;508.0;89.0;1912.0;1466.0;20.8;70.9;1.7203
1099256400;4.1;1318.0;-200.0;17.5;1226.0;521.0;543.0;83.0;1848.0;1365.0;20.0;73.2;1.6965
1099260000;2.7;1229.0;-200.0;13.9;1114.0;352.0;598.0;76.0;1723.0;1247.0;19.7;73.7;1.6708
1099263600;2.6;1187.0;-200.0;13.6;1105.0;321.0;611.0;68.0;1700.0;1183.0;19.9;72.6;1.6681
1099267200;3.2;1353.0;-200.0;15.9;1176.0;318.0;584.0;69.0;1723.0;2150.0;20.1;71.3;1.6564
1099270800;3.7;1407.0;-200.0;17.8;1235.0;338.0;548.0;77.0;1780.0;2519.0;20.1;71.1;1.6498
1099274400;3.5;1333.0;-200.0;16.7;1201.0;353.0;552.0;68.0;1767.0;1925.0;19.6;73.2;1.6543
1099278000;3.0;1269.0;-200.0;16.0;1181.0;-200.0;559.0;-200.0;1756.0;1762.0;19.1;75.8;1.6568
1099281600;-200.0;1253.0;-200.0;16.9;1206.0;291.0;540.0;52.0;1779.0;1579.0;18.4;77.9;1.6389
1099285200;2.7;1212.0;-200.0;15.0;1149.0;279.0;562.0;49.0;1710.0;1599.0;18.4;78.1;1.637
1099288800;1.8;1061.0;-200.0;9.6;962.0;200.0;679.0;45.0;1554.0;1395.0;19.2;74.7;1.6398
1099292400;1.3;1028.0;-200.0;7.8;890.0;180.0;733.0;51.0;1525.0;1323.0;19.4;75.1;1.6766
1099296000;1.5;1067.0;-200.0;8.7;928.0;213.0;711.0;51.0;1564.0;1309.0;19.1;75.6;1.6519
1099299600;1.9;1111.0;-200.0;9.8;970.0;266.0;667.0;62.0;1594.0;1441.0;20.3;71.1;1.6803
1099303200;2.2;1189.0;-200.0;12.4;1065.0;247.0;609.0;74.0;1683.0;1830.0;23.1;61.3;1.7131
1099306800;2.6;1293.0;-200.0;13.9;1114.0;326.0;584.0;88.0;1702.0;1704.0;25.1;56.0;1.7565
1099310400;2.7;1285.0;-200.0;12.5;1065.0;319.0;597.0;90.0;1686.0;1576.0;25.8;56.1;1.841
1099314000;2.5;1236.0;-200.0;10.9;1011.0;320.0;631.0;91.0;1706.0;1305.0;23.7;68.2;1.9739
1099317600;1.5;1082.0;-200.0;6.5;834.0;174.0;747.0;64.0;1562.0;991.0;23.1;70.8;1.98
1099321200;2.0;1188.0;-200.0;9.4;954.0;216.0;664.0;72.0;1636.0;1148.0;23.9;66.3;1.9361
1099324800;3.1;1348.0;-200.0;15.3;1157.0;376.0;564.0;88.0;1810.0;1307.0;23.8;65.0;1.8897
1099328400;3.7;1394.0;-200.0;16.4;1193.0;496.0;547.0;110.0;1811.0;1386.0;23.2;65.6;1.8435
1099332000;4.0;1472.0;-200.0;19.8;1290.0;523.0;510.0;95.0;1942.0;1420.0;21.8;72.7;1.8789
1099335600;4.1;1291.0;-200.0;15.8;1174.0;465.0;567.0;91.0;1746.0;1341.0;21.7;67.3;1.7256
1099339200;3.1;1264.0;-200.0;14.5;1133.0;407.0;593.0;94.0;1750.0;1258.0;21.3;66.3;1.6594
1099342800;3.2;1264.0;-200.0;14.7;1138.0;412.0;579.0;86.0;1733.0;1245.0;20.4;71.6;1.7004
1099346400;3.2;1260.0;-200.0;15.3;1160.0;403.0;568.0;79.0;1755.0;1231.0;19.6;75.3;1.6981
1099350000;2.7;1184.0;-200.0;13.0;1084.0;357.0;612.0;71.0;1674.0;1151.0;19.3;75.8;1.6762
1099353600;2.3;1122.0;-200.0;10.5;996.0;259.0;660.0;62.0;1586.0;1048.0;18.4;76.3;1.6017
1099357200;1.6;983.0;-200.0;7.6;881.0;227.0;752.0;56.0;1472.0;928.0;18.2;76.4;1.5787
1099360800;1.1;885.0;-200.0;4.8;753.0;147.0;878.0;49.0;1374.0;813.0;17.9;74.8;1.5219
1099364400;0.7;825.0;-200.0;3.1;661.0;-200.0;987.0;-200.0;1334.0;753.0;17.5;74.5;1.4781
1099368000;-200.0;791.0;-200.0;2.6;627.0;72.0;1069.0;38.0;1306.0;709.0;17.2;74.0;1.4388
1099371600;0.6;802.0;-200.0;2.7;636.0;96.0;1016.0;35.0;1289.0;721.0;17.6;73.2;1.4555
1099375200;0.5;804.0;-200.0;3.0;652.0;73.0;1054.0;37.0;1294.0;710.0;17.9;69.3;1.4099
1099378800;1.5;1014.0;-200.0;8.7;927.0;309.0;747.0;56.0;1497.0;951.0;16.1;76.3;1.3902
1099382400;3.4;1316.0;-200.0;20.7;1317.0;607.0;538.0;85.0;1860.0;1336.0;17.1;72.8;1.4054
1099386000;4.4;1296.0;-200.0;25.2;1435.0;562.0;504.0;112.0;1899.0;1489.0;20.8;57.9;1.407
1099389600;4.4;1381.0;-200.0;23.6;1394.0;560.0;495.0;107.0;1911.0;1558.0;20.6;60.2;1.4428
1099393200;5.8;1570.0;-200.0;32.9;1617.0;844.0;426.0;151.0;2170.0;1944.0;22.1;56.6;1.4851
1099396800;4.9;1426.0;-200.0;25.6;1445.0;667.0;477.0;151.0;1970.0;1782.0;24.0;50.0;1.4679
1099400400;5.1;1535.0;-200.0;31.2;1578.0;583.0;440.0;150.0;2125.0;1921.0;25.7;45.6;1.487
1099404000;7.5;1678.0;-200.0;37.9;1727.0;726.0;390.0;190.0;2318.0;2039.0;25.5;49.7;1.5985
1099407600;5.8;1605.0;-200.0;32.3;1603.0;674.0;415.0;168.0;2199.0;1912.0;25.2;50.6;1.5989
1099411200;5.9;1559.0;-200.0;31.5;1586.0;544.0;421.0;127.0;2197.0;1827.0;25.4;50.7;1.6187
1099414800;6.8;1713.0;-200.0;38.0;1728.0;715.0;390.0;140.0;2386.0;1919.0;24.4;56.0;1.6885
1099418400;7.9;1751.0;-200.0;44.1;1853.0;789.0;358.0;158.0;2496.0;2013.0;23.0;62.1;1.7283
1099422000;8.0;1723.0;-200.0;44.9;1869.0;737.0;359.0;121.0;2563.0;1919.0;21.8;65.3;1.6889
1099425600;9.2;1778.0;-200.0;48.2;1935.0;859.0;349.0;119.0;2643.0;1927.0;20.9;67.5;1.6539
1099429200;5.9;1461.0;-200.0;29.1;1529.0;668.0;450.0;96.0;2111.0;1573.0;20.2;68.6;1.6034
1099432800;3.7;1258.0;-200.0;19.1;1272.0;454.0;541.0;77.0;1804.0;1325.0;19.3;70.8;1.5728
1099436400;2.6;1138.0;-200.0;13.9;1113.0;337.0;610.0;66.0;1641.0;1203.0;19.2;68.8;1.5097
1099440000;1.1;936.0;-200.0;6.8;849.0;127.0;798.0;56.0;1381.0;947.0;20.4;61.1;1.4495
1099443600;2.6;1167.0;-200.0;13.2;1090.0;281.0;626.0;62.0;1620.0;1106.0;18.0;71.5;1.4615
1099447200;2.2;1071.0;-200.0;10.7;1003.0;252.0;665.0;58.0;1542.0;1045.0;17.5;73.2;1.4515
1099450800;0.9;866.0;-200.0;4.1;717.0;-200.0;909.0;-200.0;1328.0;827.0;17.2;71.7;1.394
1099454400;-200.0;836.0;-200.0;2.9;647.0;65.0;985.0;37.0;1271.0;777.0;16.4;74.4;1.3779
1099458000;0.5;823.0;-200.0;2.7;630.0;69.0;1033.0;35.0;1253.0;748.0;16.8;71.9;1.3628
1099461600;0.7;890.0;-200.0;4.3;727.0;151.0;917.0;50.0;1290.0;833.0;16.9;70.5;1.3504
1099465200;1.3;1019.0;-200.0;8.0;901.0;231.0;750.0;64.0;1438.0;960.0;17.0;70.1;1.3512
1099468800;2.2;1177.0;-200.0;15.5;1166.0;297.0;621.0;75.0;1667.0;1157.0;18.8;62.5;1.3401
1099472400;3.7;1348.0;-200.0;23.8;1398.0;515.0;505.0;101.0;1847.0;1444.0;20.3;58.4;1.3745
1099476000;3.7;1341.0;-200.0;21.0;1323.0;499.0;516.0;94.0;1786.0;1522.0;23.7;49.1;1.423
1099479600;3.4;1307.0;-200.0;19.3;1278.0;445.0;527.0;95.0;1767.0;1452.0;26.6;42.8;1.4713
1099483200;3.4;1305.0;-200.0;19.7;1287.0;464.0;525.0;124.0;1771.0;1437.0;26.2;43.5;1.4591
1099486800;2.6;1177.0;-200.0;13.2;1090.0;298.0;612.0;86.0;1632.0;1209.0;26.3;43.6;1.4663
1099490400;2.5;1192.0;-200.0;13.0;1085.0;266.0;617.0;79.0;1638.0;1170.0;26.6;42.5;1.4568
1099494000;2.5;1214.0;-200.0;12.9;1080.0;323.0;611.0;87.0;1642.0;1190.0;26.3;43.7;1.4718
1099497600;2.7;1240.0;-200.0;15.1;1152.0;352.0;575.0;94.0;1699.0;1278.0;25.6;46.2;1.4903
1099501200;3.2;1271.0;-200.0;16.3;1188.0;372.0;563.0;107.0;1703.0;1305.0;25.1;47.6;1.4983
1099504800;3.7;1333.0;-200.0;20.5;1312.0;383.0;520.0;107.0;1853.0;1364.0;23.8;51.4;1.4956
1099508400;4.6;1390.0;-200.0;24.4;1414.0;455.0;487.0;117.0;1959.0;1428.0;23.3;53.1;1.496
1099512000;3.3;1266.0;-200.0;18.7;1261.0;355.0;541.0;97.0;1807.0;1285.0;22.4;55.2;1.4735
1099515600;2.4;1140.0;-200.0;12.7;1072.0;267.0;626.0;90.0;1597.0;1143.0;21.7;57.7;1.4766
1099519200;2.8;1240.0;-200.0;15.6;1168.0;308.0;582.0;86.0;1714.0;1235.0;20.5;63.0;1.5043
1099522800;2.7;1187.0;-200.0;14.2;1122.0;313.0;589.0;77.0;1641.0;1208.0;19.5;67.6;1.5156
1099526400;1.8;1043.0;-200.0;9.9;975.0;216.0;675.0;66.0;1489.0;1041.0;18.7;69.0;1.4727
1099530000;1.1;948.0;-200.0;6.3;826.0;137.0;802.0;57.0;1382.0;897.0;19.3;65.5;1.45
1099533600;1.2;955.0;-200.0;5.2;775.0;140.0;831.0;55.0;1362.0;862.0;17.6;70.8;1.4105
1099537200;0.8;915.0;-200.0;4.2;721.0;-200.0;891.0;-200.0;1315.0;816.0;16.8;72.9;1.3851
1099540800;0.6;832.0;-200.0;2.9;644.0;94.0;990.0;40.0;1239.0;747.0;17.8;68.1;1.3722
1099544400;0.5;846.0;-200.0;2.6;628.0;79.0;1025.0;40.0;1218.0;727.0;16.1;73.5;1.3329
1099548000;0.7;897.0;-200.0;4.7;750.0;156.0;874.0;46.0;1270.0;799.0;15.8;73.5;1.3151
1099551600;0.8;908.0;-200.0;5.1;767.0;153.0;868.0;53.0;1272.0;807.0;17.0;68.0;1.3102
1099555200;3.5;1348.0;-200.0;22.2;1357.0;464.0;526.0;84.0;1833.0;1324.0;16.0;72.2;1.3077
1099558800;3.6;1384.0;-200.0;23.3;1386.0;435.0;504.0;88.0;1833.0;1404.0;17.8;65.4;1.3213
1099562400;-200.0;1473.0;-200.0;26.3;1463.0;683.0;462.0;143.0;1948.0;1605.0;20.6;56.0;1.3467
1099566000;-200.0;1360.0;-200.0;19.7;1287.0;523.0;517.0;130.0;1755.0;1478.0;23.6;48.0;1.3757
1099569600;-200.0;1305.0;-200.0;17.4;1223.0;460.0;545.0;120.0;1720.0;1414.0;23.7;49.8;1.4433
1099573200;-200.0;1337.0;-200.0;20.2;1302.0;417.0;507.0;139.0;1786.0;1465.0;24.7;47.4;1.4527
1099576800;-200.0;1414.0;-200.0;24.4;1414.0;486.0;478.0;139.0;1896.0;1588.0;25.9;42.8;1.4122
1099580400;-200.0;1463.0;-200.0;24.5;1417.0;512.0;467.0;156.0;1900.0;1651.0;26.8;43.3;1.4977
1099584000;-200.0;1530.0;-200.0;24.8;1425.0;595.0;457.0;143.0;1975.0;1652.0;26.6;45.5;1.5555
1099587600;-200.0;1915.0;-200.0;45.9;1889.0;1052.0;340.0;186.0;2603.0;2110.0;24.8;53.9;1.6683
1099591200;8.7;1882.0;-200.0;47.5;1920.0;1014.0;328.0;171.0;2609.0;2204.0;23.1;61.1;1.7082
1099594800;5.8;1589.0;-200.0;33.0;1619.0;633.0;406.0;124.0;2216.0;1780.0;22.2;63.7;1.6865
1099598400;4.3;1463.0;-200.0;27.2;1484.0;485.0;443.0;97.0;2011.0;1590.0;21.1;66.1;1.6313
1099602000;3.6;1380.0;-200.0;21.8;1345.0;480.0;493.0;92.0;1856.0;1419.0;20.0;69.0;1.5956
1099605600;3.9;1383.0;-200.0;21.3;1332.0;572.0;495.0;96.0;1855.0;1415.0;19.1;72.0;1.5732
1099609200;2.4;1181.0;-200.0;13.3;1094.0;345.0;600.0;74.0;1599.0;1180.0;18.8;70.6;1.5209
1099612800;1.6;1061.0;-200.0;8.8;931.0;195.0;699.0;65.0;1481.0;1015.0;18.5;69.5;1.4657
1099616400;1.8;1091.0;-200.0;9.2;945.0;213.0;698.0;62.0;1467.0;1014.0;18.4;68.5;1.439
1099620000;1.5;1010.0;-200.0;7.6;884.0;216.0;719.0;59.0;1430.0;938.0;16.8;73.3;1.3915
1099623600;0.7;868.0;-200.0;3.6;688.0;-200.0;922.0;-200.0;1249.0;777.0;17.9;66.8;1.3596
1099627200;0.5;852.0;-200.0;2.8;639.0;73.0;1009.0;41.0;1204.0;723.0;16.5;71.0;1.3239
1099630800;0.4;826.0;-200.0;2.2;601.0;67.0;1056.0;38.0;1180.0;702.0;16.9;67.9;1.295
1099634400;0.5;862.0;-200.0;3.4;677.0;96.0;973.0;43.0;1192.0;725.0;16.1;69.3;1.2591
1099638000;0.8;951.0;-200.0;5.7;800.0;162.0;803.0;52.0;1257.0;836.0;16.1;69.6;1.2593
1099641600;2.0;1210.0;-200.0;16.3;1188.0;305.0;583.0;75.0;1575.0;1129.0;16.2;70.1;1.2837
1099645200;6.2;1601.0;-200.0;37.9;1727.0;725.0;389.0;118.0;2252.0;1718.0;16.5;69.3;1.2897
1099648800;4.5;1477.0;-200.0;25.5;1443.0;658.0;469.0;126.0;1878.0;1646.0;19.6;58.3;1.3141
1099652400;4.6;1458.0;-200.0;24.2;1408.0;710.0;471.0;151.0;1889.0;1664.0;20.7;55.5;1.3414
1099656000;3.3;1354.0;-200.0;20.9;1321.0;445.0;504.0;107.0;1799.0;1496.0;20.8;56.3;1.3664
1099659600;3.6;1385.0;-200.0;22.1;1354.0;455.0;490.0;114.0;1823.0;1506.0;21.7;53.1;1.3649
1099663200;4.4;1460.0;-200.0;25.0;1430.0;524.0;466.0;125.0;1932.0;1604.0;23.0;49.0;1.362
1099666800;4.3;1492.0;-200.0;26.4;1463.0;527.0;460.0;138.0;1935.0;1632.0;24.2;44.0;1.3078
1099670400;5.0;1569.0;-200.0;29.8;1547.0;601.0;435.0;144.0;2016.0;1736.0;24.7;43.6;1.3396
1099674000;8.1;1870.0;-200.0;45.0;1871.0;1001.0;351.0;180.0;2483.0;2165.0;23.0;54.2;1.5066
1099677600;8.0;1774.0;-200.0;42.8;1829.0;852.0;359.0;154.0;2457.0;2152.0;21.4;60.9;1.5322
1099681200;3.6;1388.0;-200.0;22.4;1363.0;370.0;485.0;105.0;1815.0;1556.0;20.3;61.4;1.4417
1099684800;2.9;1303.0;-200.0;15.9;1177.0;348.0;562.0;98.0;1619.0;1389.0;20.0;63.2;1.4581
1099688400;2.7;1257.0;-200.0;14.3;1126.0;361.0;581.0;93.0;1599.0;1300.0;19.1;64.4;1.405
1099692000;1.9;1132.0;-200.0;10.7;1002.0;255.0;640.0;76.0;1474.0;1126.0;18.1;67.5;1.3855
1099695600;1.3;1050.0;-200.0;7.6;881.0;162.0;732.0;69.0;1363.0;982.0;17.8;66.9;1.3464
1099699200;1.2;1033.0;-200.0;6.7;842.0;166.0;756.0;66.0;1362.0;941.0;17.6;66.5;1.3249
1099702800;1.8;1106.0;-200.0;9.0;938.0;247.0;685.0;76.0;1395.0;1010.0;16.1;71.2;1.2948
1099706400;1.9;1107.0;-200.0;9.0;940.0;255.0;689.0;73.0;1403.0;985.0;15.5;73.3;1.2845
1099710000;1.5;1011.0;-200.0;7.0;856.0;-200.0;769.0;-200.0;1341.0;889.0;15.4;72.8;1.2633
1099713600;0.9;916.0;-200.0;4.3;726.0;129.0;879.0;54.0;1248.0;791.0;15.6;70.8;1.2461
1099717200;0.5;852.0;-200.0;2.8;641.0;83.0;1012.0;44.0;1172.0;710.0;17.0;64.5;1.2374
1099720800;0.6;889.0;-200.0;3.7;694.0;114.0;913.0;45.0;1198.0;743.0;14.9;72.3;1.2186
1099724400;1.1;1002.0;-200.0;6.3;828.0;233.0;798.0;58.0;1307.0;857.0;14.0;76.6;1.2183
1099728000;2.8;1231.0;-200.0;14.5;1134.0;448.0;587.0;87.0;1572.0;1143.0;14.6;74.2;1.2256
1099731600;2.9;1212.0;-200.0;16.4;1191.0;455.0;551.0;97.0;1586.0;1210.0;15.9;69.8;1.253
1099735200;1.7;1121.0;-200.0;10.9;1012.0;254.0;650.0;80.0;1436.0;1060.0;18.4;61.3;1.2854
1099738800;2.3;1260.0;-200.0;14.1;1121.0;313.0;568.0;82.0;1569.0;1252.0;20.0;56.7;1.3078
1099742400;3.3;1391.0;-200.0;17.1;1214.0;490.0;518.0;112.0;1691.0;1435.0;20.4;57.0;1.3507
1099746000;3.5;1463.0;-200.0;19.4;1280.0;496.0;482.0;121.0;1794.0;1544.0;20.7;59.3;1.4283
1099749600;3.8;1464.0;-200.0;20.9;1321.0;514.0;475.0;132.0;1794.0;1600.0;21.7;54.8;1.4024
1099753200;3.4;1412.0;-200.0;17.7;1230.0;454.0;516.0;141.0;1672.0;1534.0;22.0;54.2;1.4096
1099756800;3.8;1450.0;-200.0;19.8;1292.0;507.0;495.0;130.0;1768.0;1495.0;21.4;57.1;1.4356
1099760400;3.6;1416.0;-200.0;19.5;1283.0;474.0;510.0;113.0;1739.0;1442.0;20.8;58.7;1.4259
1099764000;3.5;1346.0;-200.0;17.0;1211.0;404.0;540.0;101.0;1674.0;1340.0;20.1;59.6;1.3852
1099767600;2.8;1273.0;-200.0;14.6;1137.0;356.0;586.0;91.0;1563.0;1231.0;20.0;58.4;1.3473
1099771200;2.5;1206.0;-200.0;12.0;1049.0;345.0;634.0;90.0;1484.0;1128.0;19.5;58.9;1.3195
1099774800;3.1;1252.0;-200.0;13.3;1094.0;395.0;615.0;90.0;1526.0;1188.0;19.5;57.4;1.2874
1099778400;1.8;1069.0;-200.0;7.9;897.0;249.0;729.0;83.0;1364.0;998.0;19.1;59.2;1.295
1099782000;1.6;1061.0;-200.0;7.9;895.0;197.0;737.0;73.0;1359.0;944.0;18.8;59.1;1.2702
1099785600;1.9;1072.0;-200.0;7.5;880.0;224.0;767.0;80.0;1318.0;928.0;18.0;60.4;1.2331
1099789200;2.0;1075.0;-200.0;8.4;917.0;231.0;737.0;87.0;1354.0;1037.0;17.5;60.7;1.2009
1099792800;1.4;992.0;-200.0;6.9;853.0;177.0;796.0;79.0;1305.0;930.0;17.5;59.4;1.1768
1099796400;1.2;914.0;-200.0;4.6;741.0;-200.0;891.0;-200.0;1210.0;803.0;17.1;59.2;1.1477
1099800000;-200.0;854.0;-200.0;3.8;700.0;98.0;980.0;56.0;1151.0;665.0;17.0;52.3;1.0009
1099803600;0.7;774.0;-200.0;2.1;591.0;64.0;1151.0;42.0;1044.0;533.0;16.1;49.8;0.9021
1099807200;0.4;757.0;-200.0;1.5;542.0;44.0;1339.0;31.0;1004.0;449.0;15.5;51.5;0.9026
1099810800;0.4;752.0;-200.0;1.2;516.0;53.0;1370.0;35.0;997.0;440.0;15.1;52.0;0.8878
1099814400;0.5;757.0;-200.0;1.6;551.0;94.0;1295.0;51.0;967.0;453.0;14.9;46.8;0.7885
1099818000;0.7;777.0;-200.0;1.9;580.0;100.0;1263.0;58.0;963.0;465.0;15.5;42.4;0.74
1099821600;0.7;774.0;-200.0;2.0;583.0;98.0;1246.0;57.0;966.0;457.0;16.6;38.2;0.7186
1099825200;0.7;805.0;-200.0;2.7;632.0;115.0;1176.0;63.0;1033.0;475.0;18.0;34.7;0.7089
1099828800;1.0;838.0;-200.0;3.6;686.0;115.0;1083.0;61.0;1046.0;532.0;18.0;35.1;0.7176
1099832400;1.0;824.0;-200.0;3.7;695.0;76.0;1091.0;34.0;1035.0;526.0;17.6;33.8;0.6726
1099836000;0.9;812.0;-200.0;3.9;704.0;55.0;1055.0;26.0;1044.0;520.0;17.5;33.7;0.6691
1099839600;0.9;806.0;-200.0;3.8;702.0;59.0;1052.0;28.0;1035.0;500.0;17.2;33.9;0.6591
1099843200;0.9;789.0;-200.0;3.4;675.0;95.0;1121.0;50.0;974.0;482.0;16.8;32.1;0.6073
1099846800;1.1;821.0;-200.0;4.0;713.0;107.0;1067.0;55.0;1030.0;539.0;16.0;34.1;0.6155
1099850400;3.2;1024.0;-200.0;14.3;1127.0;189.0;704.0;84.0;1346.0;943.0;14.8;37.5;0.6259
1099854000;3.1;1009.0;-200.0;10.5;995.0;386.0;784.0;140.0;1201.0;1016.0;14.4;39.2;0.6407
1099857600;3.1;1064.0;-200.0;12.2;1055.0;412.0;738.0;138.0;1242.0;1063.0;14.1;43.0;0.6883
1099861200;2.3;1001.0;-200.0;11.4;1029.0;342.0;733.0;127.0;1255.0;1034.0;13.4;48.4;0.7397
1099864800;1.8;927.0;-200.0;7.3;868.0;255.0;847.0;117.0;1155.0;864.0;12.7;51.2;0.7505
1099868400;0.8;819.0;-200.0;2.4;613.0;89.0;1118.0;57.0;1060.0;500.0;9.9;71.4;0.8736
1099872000;0.9;847.0;-200.0;2.7;630.0;106.0;1057.0;59.0;1091.0;537.0;10.2;71.6;0.8893
1099875600;0.8;798.0;-200.0;2.5;621.0;109.0;1115.0;62.0;1041.0;524.0;10.6;61.3;0.7856
1099879200;0.7;757.0;-200.0;1.7;561.0;67.0;1192.0;42.0;998.0;457.0;11.1;55.6;0.7344
1099882800;0.4;703.0;-200.0;0.5;446.0;-200.0;1523.0;-200.0;918.0;360.0;11.5;50.4;0.6815
1099886400;0.2;689.0;-200.0;0.3;407.0;13.0;1757.0;13.0;895.0;333.0;11.3;49.5;0.6615
1099890000;0.2;698.0;-200.0;0.4;424.0;20.0;1665.0;18.0;903.0;339.0;10.8;50.9;0.657
1099893600;0.3;720.0;-200.0;0.6;458.0;33.0;1536.0;26.0;917.0;358.0;10.9;50.1;0.6519
1099897200;0.7;797.0;-200.0;2.1;593.0;146.0;1212.0;72.0;984.0;494.0;10.8;49.7;0.6429
1099900800;1.7;950.0;-200.0;7.4;875.0;359.0;850.0;131.0;1179.0;828.0;10.7;50.4;0.6467
1099904400;1.8;887.0;-200.0;5.9;809.0;322.0;899.0;133.0;1111.0;769.0;10.9;50.0;0.6531
1099908000;1.5;850.0;-200.0;4.8;755.0;293.0;966.0;116.0;1051.0;714.0;12.1;46.5;0.653
1099911600;1.3;836.0;-200.0;4.5;740.0;255.0;987.0;117.0;1046.0;672.0;12.4;44.1;0.6324
1099915200;1.2;827.0;-200.0;5.1;768.0;233.0;972.0;103.0;1040.0;671.0;13.0;40.1;0.5989
1099918800;1.3;819.0;-200.0;6.0;810.0;220.0;947.0;100.0;1027.0;631.0;13.4;36.3;0.5556
1099922400;1.8;919.0;-200.0;10.0;978.0;246.0;820.0;105.0;1180.0;805.0;13.1;38.5;0.5776
1099926000;1.7;897.0;-200.0;7.8;890.0;272.0;850.0;121.0;1139.0;808.0;11.5;46.4;0.6302
1099929600;2.2;973.0;-200.0;11.2;1023.0;358.0;780.0;132.0;1226.0;964.0;13.1;40.4;0.606
1099933200;3.2;1065.0;-200.0;17.0;1211.0;514.0;669.0;156.0;1364.0;1188.0;13.0;39.3;0.5877
1099936800;5.9;1341.0;-200.0;31.0;1575.0;742.0;503.0;183.0;1778.0;1571.0;11.3;50.9;0.679
1099940400;6.6;1303.0;-200.0;28.9;1524.0;-200.0;515.0;-200.0;1744.0;1580.0;10.6;53.4;0.6818
1099944000;-200.0;1189.0;-200.0;23.1;1381.0;-200.0;566.0;-200.0;1574.0;1426.0;9.5;57.9;0.6877
1099947600;-200.0;1054.0;-200.0;13.7;1106.0;-200.0;679.0;-200.0;1297.0;1239.0;8.6;60.5;0.6788
1099951200;-200.0;943.0;-200.0;8.0;900.0;-200.0;816.0;-200.0;1129.0;1064.0;8.5;59.7;0.6649
1099954800;-200.0;903.0;-200.0;7.4;872.0;-200.0;855.0;-200.0;1108.0;987.0;7.9;61.4;0.6582
1099958400;-200.0;858.0;-200.0;4.9;760.0;-200.0;940.0;-200.0;1049.0;873.0;7.1;63.6;0.6442
1099962000;-200.0;821.0;-200.0;3.7;696.0;-200.0;1032.0;-200.0;1013.0;783.0;7.2;62.2;0.6362
1099965600;-200.0;781.0;-200.0;2.9;645.0;-200.0;1088.0;-200.0;986.0;719.0;5.6;67.9;0.6247
1099969200;-200.0;741.0;-200.0;1.9;580.0;-200.0;1224.0;-200.0;952.0;660.0;5.1;68.7;0.6077
1099972800;-200.0;720.0;-200.0;1.4;540.0;-200.0;1296.0;-200.0;938.0;613.0;4.4;71.4;0.6024
1099976400;-200.0;733.0;-200.0;1.9;574.0;-200.0;1238.0;-200.0;964.0;627.0;4.1;73.1;0.6074
1099980000;-200.0;780.0;-200.0;3.2;666.0;-200.0;1099.0;-200.0;1003.0;697.0;3.2;76.8;0.5963
1099983600;-200.0;915.0;-200.0;7.4;873.0;-200.0;873.0;-200.0;1135.0;915.0;3.7;76.2;0.6137
1099987200;-200.0;1228.0;-200.0;22.4;1362.0;-200.0;575.0;-200.0;1543.0;1399.0;4.9;70.7;0.6193
1099990800;-200.0;1239.0;-200.0;22.8;1373.0;-200.0;550.0;-200.0;1593.0;1495.0;7.1;62.0;0.6265
1099994400;-200.0;1209.0;-200.0;18.5;1255.0;-200.0;588.0;-200.0;1447.0;1499.0;8.1;59.1;0.6397
1099998000;-200.0;1257.0;-200.0;20.4;1308.0;-200.0;548.0;-200.0;1466.0;1720.0;11.1;48.8;0.643
1100001600;-200.0;1007.0;-200.0;10.6;1000.0;-200.0;727.0;-200.0;1197.0;1210.0;11.3;46.5;0.6194
1100005200;-200.0;1020.0;-200.0;11.8;1041.0;-200.0;733.0;-200.0;1245.0;1123.0;12.5;42.3;0.6104
1100008800;-200.0;1094.0;-200.0;14.8;1144.0;-200.0;669.0;-200.0;1327.0;1209.0;12.5;42.8;0.6177
1100012400;2.1;1045.0;-200.0;13.1;1087.0;-200.0;712.0;-200.0;1270.0;1144.0;12.6;42.4;0.6159
1100016000;1.5;909.0;-200.0;7.5;879.0;-200.0;874.0;-200.0;1083.0;847.0;13.8;40.7;0.6405
1100019600;1.6;1013.0;-200.0;8.1;905.0;-200.0;816.0;-200.0;1201.0;923.0;11.0;58.8;0.7705
1100023200;3.5;1236.0;-200.0;16.9;1206.0;-200.0;615.0;-200.0;1523.0;1166.0;8.3;76.5;0.8426
1100026800;4.6;1275.0;-200.0;19.9;1294.0;-200.0;570.0;-200.0;1605.0;1280.0;8.6;75.5;0.8469
1100030400;4.7;1237.0;-200.0;16.5;1194.0;-200.0;615.0;-200.0;1508.0;1193.0;8.8;76.6;0.8678
1100034000;3.0;1101.0;-200.0;9.6;963.0;-200.0;748.0;-200.0;1320.0;966.0;8.0;81.0;0.8714
1100037600;1.5;962.0;-200.0;5.3;778.0;-200.0;911.0;-200.0;1162.0;752.0;7.3;85.7;0.8818
1100041200;0.9;841.0;-200.0;3.5;680.0;-200.0;1052.0;-200.0;1067.0;594.0;6.5;85.6;0.8353
1100044800;0.8;831.0;-200.0;2.5;620.0;-200.0;1164.0;-200.0;1039.0;545.0;6.5;83.5;0.8116
1100048400;0.7;843.0;-200.0;2.5;622.0;-200.0;1146.0;-200.0;1060.0;555.0;6.9;82.3;0.8244
1100052000;0.6;798.0;-200.0;2.2;600.0;-200.0;1151.0;-200.0;1049.0;543.0;7.3;78.1;0.8041
1100055600;0.3;730.0;-200.0;0.8;477.0;-200.0;1433.0;-200.0;950.0;420.0;7.9;68.0;0.7265
1100059200;0.2;715.0;-200.0;0.5;445.0;32.0;1601.0;29.0;925.0;373.0;8.0;64.5;0.695
1100062800;0.2;726.0;-200.0;0.5;443.0;29.0;1663.0;26.0;942.0;363.0;8.1;68.6;0.7409
1100066400;0.3;771.0;-200.0;0.9;490.0;48.0;1419.0;39.0;990.0;411.0;6.3;84.8;0.8148
1100070000;0.5;805.0;-200.0;1.6;555.0;113.0;1255.0;72.0;1019.0;496.0;6.7;79.8;0.7872
1100073600;1.4;958.0;-200.0;5.8;803.0;267.0;910.0;128.0;1172.0;738.0;7.1;77.9;0.7914
1100077200;2.0;1021.0;-200.0;9.5;959.0;332.0;760.0;149.0;1297.0;910.0;7.9;73.5;0.7883
1100080800;1.6;969.0;-200.0;6.7;843.0;354.0;857.0;165.0;1213.0;821.0;6.9;86.0;0.8632
1100084400;1.3;923.0;-200.0;4.4;733.0;316.0;962.0;150.0;1124.0;740.0;6.8;87.1;0.8652
1100088000;1.4;973.0;-200.0;6.8;850.0;395.0;868.0;165.0;1213.0;852.0;8.0;81.6;0.8755
1100091600;1.9;996.0;-200.0;7.8;893.0;391.0;808.0;175.0;1237.0;895.0;9.5;70.0;0.8296
1100095200;2.7;1055.0;-200.0;10.8;1007.0;457.0;736.0;145.0;1301.0;1019.0;10.5;62.2;0.7923
1100098800;2.1;1023.0;-200.0;9.8;971.0;448.0;752.0;98.0;1283.0;993.0;11.4;59.1;0.7963
1100102400;2.4;1039.0;-200.0;11.3;1024.0;543.0;721.0;105.0;1325.0;1043.0;11.1;58.6;0.7737
1100106000;2.7;1051.0;-200.0;12.3;1061.0;574.0;696.0;106.0;1333.0;1111.0;10.8;57.6;0.7473
1100109600;2.5;1050.0;-200.0;12.6;1070.0;435.0;699.0;141.0;1334.0;1087.0;10.6;56.9;0.7281
1100113200;3.7;1156.0;-200.0;17.0;1209.0;504.0;614.0;177.0;1467.0;1250.0;10.6;59.3;0.7588
1100116800;4.6;1277.0;-200.0;21.4;1335.0;586.0;551.0;182.0;1636.0;1331.0;10.0;71.5;0.8768
1100120400;3.9;1172.0;-200.0;15.3;1159.0;580.0;621.0;193.0;1461.0;1243.0;10.3;71.1;0.8878
1100124000;2.2;1048.0;-200.0;9.9;973.0;346.0;731.0;148.0;1298.0;1074.0;10.5;70.3;0.893
1100127600;2.7;1144.0;-200.0;13.4;1096.0;531.0;643.0;167.0;1394.0;1258.0;10.2;71.3;0.8859
1100131200;2.6;1104.0;-200.0;11.2;1023.0;477.0;677.0;158.0;1314.0;1189.0;9.7;73.1;0.8787
1100134800;2.1;1038.0;-200.0;9.4;957.0;344.0;713.0;132.0;1271.0;1092.0;9.3;73.5;0.8651
1100138400;1.4;960.0;-200.0;6.6;838.0;219.0;797.0;97.0;1189.0;996.0;9.2;73.9;0.8616
1100142000;1.2;934.0;-200.0;5.5;787.0;-200.0;822.0;-200.0;1147.0;974.0;8.1;78.1;0.8452
1100145600;1.1;930.0;-200.0;5.4;784.0;174.0;850.0;74.0;1151.0;902.0;7.6;81.2;0.8483
1100149200;1.1;918.0;-200.0;5.3;778.0;165.0;864.0;68.0;1136.0;859.0;7.5;81.5;0.8495
1100152800;1.1;952.0;-200.0;6.1;814.0;250.0;804.0;89.0;1153.0;970.0;8.3;77.2;0.8464
1100156400;1.5;1019.0;-200.0;8.1;905.0;388.0;757.0;117.0;1244.0;1062.0;8.9;75.6;0.8667
1100160000;3.1;1287.0;-200.0;17.3;1218.0;758.0;580.0;190.0;1580.0;1304.0;9.2;81.7;0.9506
1100163600;6.8;1578.0;-200.0;32.3;1605.0;1247.0;429.0;211.0;2032.0;1643.0;9.9;83.4;1.0194
1100167200;5.4;1417.0;-200.0;24.1;1407.0;1110.0;490.0;190.0;1709.0;1488.0;10.2;82.3;1.0253
1100170800;4.5;1392.0;-200.0;21.0;1325.0;1145.0;511.0;194.0;1631.0;1465.0;11.2;80.7;1.0688
1100174400;3.0;1147.0;-200.0;12.7;1073.0;720.0;628.0;210.0;1415.0;1198.0;11.8;76.1;1.0516
1100178000;2.8;1150.0;-200.0;13.6;1105.0;557.0;629.0;199.0;1450.0;1160.0;12.5;71.3;1.0285
1100181600;3.9;1252.0;-200.0;18.0;1240.0;678.0;564.0;178.0;1614.0;1277.0;13.2;68.4;1.0346
1100185200;3.4;1186.0;-200.0;14.3;1125.0;659.0;617.0;184.0;1493.0;1171.0;12.5;73.2;1.0563
1100188800;3.2;1172.0;-200.0;13.7;1107.0;552.0;629.0;186.0;1449.0;1106.0;12.2;75.7;1.0693
1100192400;2.8;1109.0;-200.0;11.2;1021.0;395.0;689.0;168.0;1361.0;1036.0;11.5;78.1;1.0565
1100196000;3.9;1201.0;-200.0;16.5;1196.0;573.0;597.0;187.0;1546.0;1196.0;11.6;76.0;1.0354
1100199600;3.5;1189.0;-200.0;16.1;1183.0;463.0;603.0;166.0;1534.0;1170.0;12.0;73.3;1.0264
1100203200;4.7;1282.0;-200.0;20.6;1312.0;568.0;551.0;177.0;1671.0;1312.0;12.9;68.8;1.0175
1100206800;4.6;1207.0;-200.0;16.8;1203.0;706.0;625.0;207.0;1570.0;1251.0;13.1;69.6;1.0464
1100210400;1.2;904.0;-200.0;4.8;754.0;193.0;930.0;114.0;1172.0;805.0;12.3;73.4;1.049
1100214000;1.1;900.0;-200.0;4.0;711.0;151.0;975.0;84.0;1153.0;736.0;12.7;71.0;1.0387
1100217600;1.2;932.0;-200.0;4.5;740.0;167.0;926.0;92.0;1180.0;774.0;12.9;69.9;1.0371
1100221200;1.6;968.0;-200.0;5.4;785.0;239.0;872.0;111.0;1209.0;826.0;12.9;70.5;1.0442
1100224800;0.7;827.0;-200.0;2.4;610.0;102.0;1092.0;71.0;1120.0;636.0;13.1;67.7;1.0198
1100228400;0.4;789.0;-200.0;1.2;515.0;-200.0;1276.0;-200.0;1054.0;516.0;13.1;67.6;1.0127
1100232000;-200.0;812.0;-200.0;1.6;549.0;55.0;1213.0;43.0;1079.0;531.0;13.8;64.0;1.0042
1100235600;0.6;811.0;-200.0;1.7;559.0;71.0;1170.0;50.0;1085.0;558.0;13.7;64.4;1.0036
1100239200;0.5;827.0;-200.0;1.7;560.0;79.0;1169.0;53.0;1087.0;565.0;13.9;63.8;1.0079
1100242800;0.6;849.0;-200.0;2.3;604.0;117.0;1086.0;67.0;1108.0;604.0;14.1;64.5;1.0287
1100246400;1.4;1001.0;-200.0;5.7;798.0;266.0;855.0;113.0;1257.0;794.0;14.0;66.1;1.0488
1100250000;2.0;1021.0;-200.0;7.9;896.0;340.0;741.0;140.0;1314.0;907.0;14.2;66.4;1.0673
1100253600;1.6;978.0;-200.0;6.4;831.0;257.0;807.0;116.0;1257.0;838.0;14.9;62.5;1.0529
1100257200;1.6;996.0;-200.0;6.9;855.0;311.0;793.0;122.0;1277.0;884.0;16.3;58.4;1.0729
1100260800;1.7;1014.0;-200.0;6.7;843.0;279.0;791.0;116.0;1297.0;866.0;16.9;56.5;1.0801
1100264400;2.0;1061.0;-200.0;8.7;928.0;267.0;730.0;118.0;1366.0;909.0;17.4;55.8;1.098
1100268000;2.3;1092.0;-200.0;9.9;975.0;310.0;690.0;125.0;1418.0;990.0;17.4;57.3;1.1328
1100271600;2.4;1129.0;-200.0;11.4;1028.0;352.0;661.0;126.0;1480.0;1050.0;17.7;55.5;1.1127
1100275200;2.2;1077.0;-200.0;9.8;969.0;337.0;690.0;135.0;1405.0;1023.0;16.8;58.9;1.1199
1100278800;2.6;1153.0;-200.0;12.9;1079.0;358.0;635.0;140.0;1496.0;1103.0;17.0;57.5;1.1071
1100282400;4.0;1234.0;-200.0;16.6;1197.0;547.0;575.0;163.0;1597.0;1239.0;16.2;60.2;1.1003
1100286000;5.2;1319.0;-200.0;20.8;1319.0;600.0;539.0;178.0;1735.0;1384.0;16.7;58.0;1.0916
1100289600;3.9;1251.0;-200.0;18.8;1264.0;470.0;561.0;160.0;1677.0;1289.0;16.5;58.8;1.0921
1100293200;3.8;1165.0;-200.0;12.6;1070.0;522.0;650.0;166.0;1467.0;1180.0;15.8;61.1;1.0856
1100296800;1.6;954.0;-200.0;5.9;807.0;208.0;833.0;115.0;1243.0;855.0;15.7;60.8;1.0769
1100300400;1.5;971.0;-200.0;6.1;818.0;205.0;828.0;107.0;1252.0;857.0;15.9;59.6;1.0673
1100304000;1.6;961.0;-200.0;5.0;765.0;217.0;865.0;108.0;1212.0;811.0;15.6;60.0;1.0594
1100307600;1.5;952.0;-200.0;4.9;758.0;216.0;876.0;111.0;1203.0;794.0;15.6;60.1;1.0557
1100311200;1.0;875.0;-200.0;2.7;635.0;117.0;1037.0;75.0;1133.0;612.0;15.7;59.5;1.0534
1100314800;0.8;891.0;-200.0;2.7;633.0;-200.0;1035.0;-200.0;1137.0;590.0;15.7;60.1;1.064
1100318400;1.3;1006.0;-200.0;5.0;765.0;174.0;848.0;88.0;1239.0;807.0;15.6;61.7;1.0847
1100322000;1.0;907.0;-200.0;3.7;691.0;111.0;927.0;71.0;1173.0;702.0;15.8;59.9;1.0693
1100325600;1.0;938.0;-200.0;3.8;702.0;147.0;904.0;75.0;1185.0;753.0;15.2;61.8;1.0602
1100329200;0.9;925.0;-200.0;3.3;672.0;140.0;991.0;86.0;1154.0;709.0;16.1;55.4;1.0089
1100332800;2.1;1157.0;-200.0;9.7;967.0;421.0;678.0;124.0;1365.0;1087.0;14.9;64.1;1.0773
1100336400;2.1;1169.0;-200.0;10.7;1003.0;350.0;665.0;128.0;1409.0;1126.0;15.6;62.0;1.0904
1100340000;3.1;1312.0;-200.0;14.7;1139.0;550.0;565.0;164.0;1568.0;1386.0;17.9;54.6;1.11
1100343600;3.8;1347.0;-200.0;17.6;1227.0;589.0;539.0;199.0;1627.0;1476.0;21.1;44.5;1.0964
1100347200;3.7;1321.0;-200.0;17.5;1224.0;537.0;543.0;192.0;1617.0;1424.0;20.3;46.7;1.0971
1100350800;3.6;1267.0;-200.0;14.1;1118.0;473.0;592.0;166.0;1503.0;1310.0;21.5;42.7;1.0837
1100354400;3.3;1234.0;-200.0;12.1;1053.0;364.0;639.0;133.0;1476.0;1114.0;21.5;43.1;1.0919
1100358000;2.1;1101.0;-200.0;9.2;947.0;270.0;699.0;118.0;1374.0;1029.0;21.5;43.4;1.0965
1100361600;2.3;1149.0;-200.0;10.6;998.0;368.0;664.0;133.0;1434.0;1101.0;20.8;45.5;1.1054
1100365200;2.1;1094.0;-200.0;9.0;941.0;318.0;695.0;128.0;1371.0;1040.0;19.2;49.6;1.0893
1100368800;1.9;1056.0;-200.0;7.5;878.0;244.0;758.0;116.0;1308.0;856.0;18.3;51.6;1.0732
1100372400;1.9;1030.0;-200.0;8.0;899.0;234.0;767.0;118.0;1275.0;836.0;17.7;51.5;1.0357
1100376000;2.3;1075.0;-200.0;9.1;943.0;296.0;752.0;142.0;1305.0;894.0;17.2;51.5;1.0015
1100379600;1.7;927.0;-200.0;4.7;748.0;205.0;888.0;113.0;1157.0;696.0;15.9;54.9;0.9853
1100383200;0.8;793.0;-200.0;1.8;570.0;95.0;1143.0;59.0;1036.0;524.0;14.0;55.2;0.8807
1100386800;0.8;796.0;-200.0;2.1;589.0;93.0;1136.0;52.0;1026.0;506.0;13.3;53.0;0.8044
1100390400;0.8;780.0;-200.0;1.8;568.0;100.0;1190.0;57.0;997.0;453.0;11.9;55.5;0.7711
1100394000;0.8;774.0;-200.0;1.8;569.0;100.0;1222.0;58.0;984.0;434.0;11.4;54.6;0.7363
1100397600;0.6;718.0;-200.0;1.0;500.0;63.0;1401.0;44.0;914.0;373.0;10.4;53.7;0.6749
1100401200;0.4;705.0;-200.0;0.8;478.0;-200.0;1546.0;-200.0;885.0;330.0;9.9;54.3;0.6609
1100404800;0.3;689.0;-200.0;0.7;470.0;36.0;1643.0;26.0;863.0;305.0;9.8;51.3;0.6225
1100408400;0.3;678.0;-200.0;0.4;427.0;24.0;1771.0;20.0;853.0;286.0;9.5;52.2;0.6198
1100412000;0.2;655.0;-200.0;0.2;402.0;20.0;2077.0;17.0;814.0;268.0;10.0;45.7;0.5598
1100415600;0.2;649.0;-200.0;0.2;397.0;25.0;2062.0;21.0;798.0;261.0;10.2;41.9;0.5209
1100419200;0.3;647.0;-200.0;0.3;412.0;39.0;1964.0;29.0;779.0;274.0;10.6;36.1;0.4624
1100422800;0.3;667.0;-200.0;0.4;429.0;57.0;1793.0;39.0;790.0;291.0;10.7;36.0;0.4623
1100426400;0.4;669.0;-200.0;0.5;444.0;59.0;1664.0;41.0;791.0;304.0;10.8;35.4;0.4583
1100430000;0.4;667.0;-200.0;0.6;455.0;65.0;1716.0;44.0;786.0;301.0;11.4;32.9;0.4435
1100433600;0.6;705.0;-200.0;1.1;508.0;93.0;1494.0;54.0;820.0;329.0;12.4;32.0;0.4583
1100437200;0.6;710.0;-200.0;1.2;523.0;112.0;1479.0;62.0;827.0;350.0;12.4;31.3;0.45
1100440800;0.6;713.0;-200.0;1.4;539.0;110.0;1593.0;62.0;829.0;380.0;12.2;31.8;0.4514
1100444400;0.5;703.0;-200.0;1.1;512.0;81.0;2121.0;48.0;837.0;356.0;10.5;37.9;0.4821
1100448000;0.6;738.0;-200.0;1.3;529.0;100.0;1991.0;59.0;876.0;383.0;9.6;44.2;0.5289
1100451600;0.7;795.0;-200.0;1.8;569.0;109.0;1773.0;63.0;959.0;429.0;8.2;57.9;0.6293
1100455200;1.4;861.0;-200.0;4.7;750.0;148.0;1481.0;78.0;1051.0;556.0;7.3;63.5;0.6519
1100458800;1.2;836.0;-200.0;3.0;653.0;207.0;1798.0;99.0;978.0;537.0;8.4;55.7;0.6155
1100462400;1.1;812.0;-200.0;3.0;652.0;210.0;1586.0;106.0;964.0;554.0;9.1;49.6;0.5765
1100466000;1.0;771.0;-200.0;2.8;642.0;180.0;1678.0;97.0;915.0;518.0;10.0;41.4;0.5102
1100469600;0.6;711.0;-200.0;1.6;556.0;109.0;1938.0;67.0;840.0;416.0;10.4;36.2;0.4561
1100473200;0.8;741.0;-200.0;2.3;607.0;128.0;1312.0;73.0;865.0;433.0;11.3;32.3;0.4329
1100476800;0.6;696.0;-200.0;1.3;532.0;96.0;1416.0;62.0;814.0;393.0;10.9;33.5;0.4378
1100480400;0.5;692.0;-200.0;1.1;507.0;65.0;1483.0;44.0;811.0;353.0;10.6;34.9;0.4455
1100484000;0.3;679.0;-200.0;0.6;449.0;42.0;1666.0;31.0;800.0;314.0;10.7;36.1;0.4639
1100487600;0.2;676.0;-200.0;0.4;429.0;-200.0;1750.0;-200.0;803.0;296.0;11.0;37.3;0.488
1100491200;-200.0;681.0;-200.0;0.4;428.0;24.0;1768.0;21.0;817.0;297.0;10.7;39.2;0.5045
1100494800;0.3;683.0;-200.0;0.4;426.0;28.0;1775.0;22.0;805.0;302.0;10.4;38.6;0.4862
1100498400;0.4;704.0;-200.0;0.8;478.0;55.0;1498.0;41.0;821.0;348.0;10.4;37.4;0.4717
1100502000;0.7;767.0;-200.0;2.0;588.0;181.0;1292.0;94.0;885.0;508.0;10.5;37.0;0.4707
1100505600;2.0;964.0;-200.0;8.7;928.0;480.0;871.0;167.0;1130.0;936.0;10.7;37.9;0.487
1100509200;2.4;925.0;-200.0;8.6;923.0;442.0;841.0;162.0;1115.0;944.0;11.1;38.1;0.5023
1100512800;1.8;883.0;-200.0;6.8;849.0;361.0;910.0;141.0;1053.0;843.0;12.6;36.6;0.5314
1100516400;1.6;894.0;-200.0;6.2;820.0;288.0;932.0;127.0;1072.0;820.0;13.8;36.2;0.569
1100520000;1.7;881.0;-200.0;6.4;831.0;330.0;911.0;116.0;1074.0;793.0;13.4;37.1;0.5683
1100523600;1.8;867.0;-200.0;6.7;842.0;300.0;909.0;104.0;1077.0;737.0;13.5;34.9;0.5393
1100527200;1.7;856.0;-200.0;6.2;821.0;239.0;937.0;111.0;1043.0;718.0;13.7;32.2;0.5032
1100530800;1.7;862.0;-200.0;6.7;843.0;265.0;930.0;114.0;1032.0;743.0;13.6;32.1;0.4977
1100534400;1.7;891.0;-200.0;7.8;891.0;287.0;874.0;121.0;1077.0;848.0;13.5;31.8;0.4876
1100538000;2.6;931.0;-200.0;11.5;1032.0;403.0;795.0;164.0;1098.0;991.0;13.5;27.9;0.4287
1100541600;4.0;1025.0;-200.0;16.7;1202.0;515.0;691.0;194.0;1263.0;1191.0;12.7;28.9;0.4233
1100545200;3.8;1029.0;-200.0;16.6;1198.0;446.0;694.0;175.0;1305.0;1169.0;12.6;30.2;0.4384
1100548800;4.0;1038.0;-200.0;16.3;1190.0;501.0;685.0;180.0;1291.0;1167.0;12.3;32.0;0.4553
1100552400;2.4;904.0;-200.0;8.6;924.0;355.0;846.0;147.0;1083.0;966.0;12.0;34.3;0.4787
1100556000;1.4;844.0;-200.0;5.4;782.0;217.0;969.0;112.0;1003.0;796.0;11.6;37.3;0.5095
1100559600;1.3;839.0;-200.0;4.0;711.0;180.0;1029.0;94.0;990.0;712.0;11.3;40.3;0.5406
1100563200;1.3;844.0;-200.0;3.9;705.0;167.0;1035.0;91.0;986.0;701.0;11.3;41.8;0.561
1100566800;1.0;800.0;-200.0;2.8;641.0;126.0;1113.0;76.0;957.0;591.0;11.2;42.0;0.5582
1100570400;0.8;786.0;-200.0;2.2;596.0;113.0;1178.0;73.0;937.0;609.0;11.0;42.6;0.5595
1100574000;0.6;737.0;-200.0;0.9;492.0;-200.0;1391.0;-200.0;880.0;467.0;11.2;41.3;0.5498
1100577600;0.4;732.0;-200.0;0.7;472.0;37.0;1461.0;32.0;866.0;391.0;11.1;40.8;0.5395
1100581200;0.5;737.0;-200.0;0.7;468.0;50.0;1481.0;40.0;869.0;395.0;10.7;41.8;0.536
1100584800;0.5;778.0;-200.0;1.2;517.0;96.0;1330.0;63.0;890.0;510.0;10.2;43.6;0.5405
1100588400;0.9;867.0;-200.0;3.3;669.0;271.0;1069.0;119.0;981.0;779.0;10.1;44.0;0.5434
1100592000;3.5;1248.0;-200.0;16.6;1197.0;892.0;641.0;202.0;1405.0;1395.0;10.1;45.6;0.5632
1100595600;5.2;1389.0;-200.0;26.3;1463.0;1071.0;518.0;222.0;1694.0;1706.0;11.3;43.9;0.5867
1100599200;4.3;1184.0;-200.0;16.4;1193.0;839.0;626.0;212.0;1327.0;1479.0;14.5;33.8;0.5541
1100602800;3.5;1160.0;-200.0;15.5;1165.0;713.0;655.0;219.0;1325.0;1403.0;17.5;26.4;0.5228
1100606400;2.6;982.0;-200.0;10.7;1003.0;498.0;1037.0;189.0;1117.0;1072.0;17.2;22.4;0.4354
1100610000;2.5;948.0;-200.0;11.1;1017.0;389.0;1065.0;147.0;1077.0;929.0;17.3;20.4;0.4011
1100613600;2.8;1017.0;-200.0;11.7;1039.0;457.0;769.0;161.0;1149.0;1024.0;18.1;21.0;0.4321
1100617200;2.2;985.0;-200.0;10.9;1011.0;425.0;779.0;148.0;1138.0;1010.0;17.9;22.3;0.4537
1100620800;2.4;1017.0;-200.0;11.4;1029.0;483.0;768.0;148.0;1160.0;1046.0;17.6;23.7;0.473
1100624400;3.5;1121.0;-200.0;16.3;1190.0;604.0;673.0;188.0;1297.0;1264.0;16.7;25.9;0.4886
1100628000;4.2;1129.0;-200.0;18.5;1255.0;648.0;634.0;206.0;1370.0;1365.0;14.8;29.6;0.4965
1100631600;3.1;1101.0;-200.0;14.5;1134.0;427.0;683.0;168.0;1283.0;1281.0;13.6;34.0;0.5251
1100635200;3.2;1182.0;-200.0;15.8;1175.0;461.0;637.0;171.0;1363.0;1463.0;13.4;40.4;0.6178
1100638800;2.8;1144.0;-200.0;13.2;1091.0;436.0;671.0;171.0;1295.0;1388.0;11.8;44.3;0.6121
1100642400;2.2;1046.0;-200.0;7.8;890.0;300.0;791.0;142.0;1109.0;1195.0;10.7;47.5;0.6108
1100646000;1.8;990.0;-200.0;6.1;817.0;277.0;849.0;134.0;1071.0;1111.0;10.2;49.4;0.6138
1100649600;1.7;974.0;-200.0;5.0;764.0;196.0;910.0;107.0;1029.0;992.0;9.5;51.0;0.6045
1100653200;1.6;953.0;-200.0;5.3;778.0;277.0;885.0;121.0;1051.0;1019.0;7.7;57.9;0.6107
1100656800;1.1;868.0;-200.0;2.9;647.0;131.0;1054.0;85.0;962.0;828.0;8.4;54.5;0.6022
1100660400;0.8;833.0;-200.0;1.9;574.0;-200.0;1150.0;-200.0;930.0;752.0;7.9;55.4;0.593
1100664000;0.7;786.0;-200.0;1.2;522.0;97.0;1253.0;68.0;910.0;699.0;6.2;61.0;0.5824
1100667600;0.8;834.0;-200.0;1.6;551.0;105.0;1193.0;69.0;917.0;719.0;6.8;58.6;0.5813
1100671200;0.9;845.0;-200.0;2.0;583.0;138.0;1132.0;81.0;929.0;761.0;5.7;62.7;0.5801
1100674800;1.2;929.0;-200.0;4.0;713.0;183.0;987.0;92.0;1002.0;830.0;5.9;62.0;0.5811
1100678400;3.3;1234.0;-200.0;15.4;1161.0;664.0;629.0;200.0;1386.0;1318.0;6.3;61.7;0.5926
1100682000;3.8;1270.0;-200.0;19.0;1267.0;611.0;565.0;201.0;1434.0;1482.0;7.5;58.8;0.6117
1100685600;3.2;1241.0;-200.0;14.6;1135.0;600.0;622.0;213.0;1280.0;1474.0;11.4;45.4;0.6113
1100689200;-200.0;1268.0;-200.0;16.0;1180.0;-200.0;593.0;-200.0;1323.0;1632.0;14.1;39.2;0.6278
1100692800;3.2;1248.0;-200.0;14.4;1131.0;878.0;615.0;187.0;1296.0;1592.0;13.3;42.3;0.6448
1100696400;4.2;1317.0;-200.0;19.0;1269.0;905.0;554.0;205.0;1446.0;1679.0;14.7;38.9;0.6462
1100700000;4.3;1308.0;-200.0;20.3;1306.0;808.0;553.0;212.0;1471.0;1670.0;16.5;32.9;0.6127
1100703600;4.0;1321.0;-200.0;19.5;1281.0;858.0;557.0;198.0;1442.0;1650.0;17.4;32.7;0.6422
1100707200;4.1;1360.0;-200.0;21.0;1325.0;839.0;535.0;171.0;1513.0;1692.0;17.3;33.9;0.6627
1100710800;7.8;1659.0;-200.0;35.9;1685.0;1290.0;423.0;272.0;1946.0;2155.0;16.0;41.5;0.7483
1100714400;10.2;1802.0;-200.0;47.7;1924.0;748.0;356.0;192.0;2235.0;2452.0;13.7;52.8;0.8244
1100718000;6.6;1549.0;-200.0;30.1;1553.0;1148.0;446.0;288.0;1796.0;2032.0;13.0;55.1;0.824
1100721600;4.3;1407.0;-200.0;22.0;1351.0;729.0;516.0;254.0;1557.0;1751.0;12.4;56.8;0.8141
1100725200;4.9;1374.0;-200.0;19.0;1268.0;810.0;536.0;267.0;1531.0;1675.0;10.7;62.1;0.7972
1100728800;2.6;1127.0;-200.0;9.2;948.0;427.0;703.0;198.0;1188.0;1312.0;10.5;61.1;0.7755
1100732400;2.3;1096.0;-200.0;7.1;860.0;274.0;777.0;145.0;1131.0;1179.0;9.7;62.5;0.7509
1100736000;2.7;1119.0;-200.0;8.2;908.0;387.0;735.0;167.0;1173.0;1197.0;8.8;65.5;0.7435
1100739600;2.2;999.0;-200.0;5.1;771.0;235.0;864.0;127.0;1068.0;995.0;8.8;63.8;0.7236
1100743200;2.0;987.0;-200.0;5.6;794.0;225.0;852.0;119.0;1106.0;971.0;8.5;65.0;0.7221
1100746800;1.3;912.0;-200.0;3.5;685.0;-200.0;934.0;-200.0;1050.0;876.0;7.5;69.3;0.7201
1100750400;1.2;893.0;-200.0;3.8;701.0;185.0;935.0;84.0;1045.0;844.0;6.4;74.0;0.7134
1100754000;1.1;878.0;-200.0;3.6;687.0;212.0;964.0;89.0;1035.0;813.0;5.9;76.6;0.7179
1100757600;1.4;996.0;-200.0;6.6;841.0;358.0;797.0;122.0;1127.0;1005.0;6.1;76.7;0.7271
1100761200;2.1;1119.0;-200.0;9.9;974.0;531.0;710.0;162.0;1224.0;1170.0;6.8;74.5;0.7415
1100764800;4.5;1407.0;-200.0;21.5;1339.0;992.0;531.0;225.0;1584.0;1533.0;7.7;72.5;0.7666
1100768400;5.6;1503.0;-200.0;27.8;1498.0;1132.0;469.0;249.0;1749.0;1783.0;8.9;67.4;0.7714
1100772000;5.6;1446.0;-200.0;22.9;1374.0;1195.0;499.0;282.0;1560.0;1818.0;11.4;58.3;0.7868
1100775600;4.7;1416.0;-200.0;20.2;1302.0;1120.0;526.0;278.0;1471.0;1826.0;13.4;52.8;0.8086
1100779200;4.2;1448.0;-200.0;19.7;1288.0;870.0;518.0;251.0;1506.0;1839.0;15.8;50.1;0.892
1100782800;3.6;1282.0;-200.0;13.8;1111.0;570.0;586.0;208.0;1455.0;1428.0;18.3;50.0;1.0431
1100786400;3.2;1271.0;-200.0;15.3;1157.0;384.0;572.0;187.0;1483.0;1353.0;18.8;49.2;1.0548
1100790000;3.1;1321.0;-200.0;15.9;1178.0;381.0;552.0;182.0;1539.0;1491.0;18.4;49.6;1.0391
1100793600;3.8;1362.0;-200.0;17.4;1223.0;541.0;535.0;212.0;1597.0;1517.0;18.3;51.0;1.0586
1100797200;3.9;1316.0;-200.0;17.6;1228.0;484.0;540.0;174.0;1610.0;1413.0;17.6;53.1;1.0596
1100800800;4.6;1374.0;-200.0;20.4;1307.0;549.0;521.0;220.0;1709.0;1429.0;17.3;53.6;1.0472
1100804400;4.9;1388.0;-200.0;22.6;1367.0;596.0;500.0;214.0;1722.0;1503.0;16.8;55.2;1.048
1100808000;5.4;1422.0;-200.0;25.1;1432.0;620.0;474.0;212.0;1852.0;1636.0;16.6;56.5;1.0551
1100811600;4.3;1281.0;-200.0;17.2;1216.0;542.0;548.0;191.0;1604.0;1687.0;16.3;58.1;1.0648
1100815200;3.1;1192.0;-200.0;11.7;1040.0;381.0;640.0;160.0;1441.0;1405.0;15.9;59.0;1.059
1100818800;2.5;1108.0;-200.0;9.2;945.0;270.0;692.0;130.0;1355.0;1199.0;15.9;59.4;1.0628
1100822400;2.4;1071.0;-200.0;7.7;885.0;284.0;740.0;133.0;1298.0;1090.0;15.7;60.9;1.0774
1100826000;1.9;999.0;-200.0;5.6;793.0;204.0;817.0;110.0;1242.0;898.0;16.1;59.5;1.0811
1100829600;1.3;925.0;-200.0;3.3;670.0;93.0;940.0;65.0;1173.0;663.0;15.5;63.8;1.1119
1100833200;1.2;886.0;-200.0;2.3;608.0;-200.0;1013.0;-200.0;1143.0;611.0;14.9;65.3;1.1018
1100836800;1.1;888.0;-200.0;2.1;590.0;51.0;1009.0;41.0;1152.0;625.0;14.7;64.4;1.0704
1100840400;0.9;863.0;-200.0;1.3;531.0;45.0;1097.0;36.0;1095.0;606.0;14.7;59.8;0.9968
1100844000;1.0;870.0;-200.0;1.6;550.0;68.0;1126.0;45.0;1078.0;515.0;15.4;55.9;0.9722
1100847600;1.6;1043.0;-200.0;5.3;776.0;198.0;800.0;98.0;1248.0;826.0;14.5;63.0;1.0319
1100851200;4.8;1478.0;-200.0;20.5;1310.0;633.0;492.0;194.0;1775.0;1542.0;14.7;63.1;1.0513
1100854800;5.9;1436.0;-200.0;22.7;1371.0;548.0;458.0;191.0;1808.0;1626.0;15.2;62.2;1.0641
1100858400;5.6;1354.0;-200.0;16.7;1201.0;588.0;529.0;193.0;1593.0;1538.0;16.1;59.2;1.0736
1100862000;3.5;1290.0;-200.0;13.8;1110.0;612.0;571.0;231.0;1512.0;1441.0;17.0;55.9;1.0741
1100865600;2.8;1203.0;-200.0;11.8;1043.0;428.0;617.0;202.0;1470.0;1217.0;17.6;52.2;1.0396
1100869200;3.6;1298.0;-200.0;15.2;1156.0;463.0;549.0;188.0;1582.0;1320.0;17.3;55.4;1.0836
1100872800;4.8;1352.0;-200.0;17.9;1236.0;479.0;522.0;184.0;1659.0;1368.0;17.8;53.5;1.0833
1100876400;5.0;1247.0;-200.0;14.8;1142.0;469.0;574.0;222.0;1547.0;1199.0;18.3;52.3;1.0922
1100880000;5.6;1375.0;-200.0;18.3;1247.0;583.0;531.0;221.0;1650.0;1375.0;18.3;52.8;1.1016
1100883600;7.5;1553.0;-200.0;24.4;1414.0;760.0;455.0;193.0;1851.0;1682.0;17.7;56.6;1.133
1100887200;7.2;1521.0;-200.0;25.0;1430.0;691.0;449.0;187.0;1907.0;1761.0;17.3;58.2;1.1435
1100890800;8.3;1623.0;-200.0;29.8;1547.0;832.0;414.0;188.0;2040.0;1883.0;16.2;62.6;1.1455
1100894400;8.6;1510.0;-200.0;27.9;1501.0;881.0;456.0;185.0;1901.0;1855.0;15.2;57.5;0.9829
1100898000;4.3;837.0;-200.0;6.5;835.0;390.0;896.0;146.0;960.0;1078.0;14.2;27.7;0.4451
1100901600;2.6;667.0;-200.0;3.6;689.0;207.0;1210.0;120.0;709.0;620.0;13.4;14.3;0.2185
1100905200;2.6;695.0;-200.0;4.0;711.0;204.0;1193.0;110.0;739.0;645.0;12.8;14.8;0.218
1100908800;2.7;683.0;-200.0;3.6;686.0;243.0;1240.0;121.0;702.0;627.0;12.2;14.0;0.1988
1100912400;2.7;695.0;-200.0;4.0;709.0;264.0;1236.0;126.0;717.0;645.0;12.0;14.5;0.2029
1100916000;2.6;703.0;-200.0;3.5;685.0;215.0;1218.0;117.0;734.0;641.0;10.8;17.0;0.2193
1100919600;2.4;698.0;-200.0;2.4;614.0;-200.0;1286.0;-200.0;718.0;591.0;10.4;19.2;0.242
1100923200;-200.0;714.0;-200.0;2.3;605.0;146.0;1278.0;94.0;738.0;594.0;9.7;22.5;0.2698
1100926800;0.6;692.0;-200.0;1.5;546.0;92.0;1347.0;70.0;697.0;500.0;9.0;23.1;0.2648
1100930400;0.7;729.0;-200.0;2.8;639.0;174.0;1234.0;96.0;773.0;628.0;8.7;24.7;0.2785
1100934000;1.2;880.0;-200.0;6.0;812.0;294.0;928.0;136.0;954.0;1040.0;6.9;39.4;0.3948
1100937600;2.0;974.0;-200.0;11.1;1019.0;412.0;769.0;177.0;1122.0;1159.0;6.3;44.8;0.431
1100941200;2.8;1086.0;-200.0;15.3;1157.0;573.0;674.0;214.0;1237.0;1330.0;7.2;43.2;0.4417
1100944800;2.9;1087.0;-200.0;17.1;1213.0;661.0;668.0;243.0;1216.0;1402.0;11.9;27.9;0.3882
1100948400;2.2;933.0;-200.0;10.3;990.0;555.0;849.0;192.0;956.0;1104.0;14.8;17.9;0.2977
1100952000;1.6;852.0;-200.0;8.5;919.0;363.0;967.0;149.0;831.0;855.0;14.8;14.3;0.2397
1100955600;1.5;882.0;-200.0;10.4;993.0;302.0;902.0;141.0;941.0;862.0;14.7;15.5;0.2586
1100959200;1.9;888.0;-200.0;10.9;1009.0;340.0;866.0;137.0;937.0;973.0;14.7;16.6;0.2756
1100962800;1.5;878.0;-200.0;10.6;1000.0;306.0;880.0;138.0;942.0;936.0;14.8;15.6;0.2615
1100966400;1.8;892.0;-200.0;11.1;1018.0;377.0;879.0;149.0;931.0;1009.0;15.3;14.3;0.2462
1100970000;3.4;1117.0;-200.0;21.1;1327.0;625.0;692.0;196.0;1302.0;1475.0;13.5;19.5;0.3003
1100973600;4.6;1252.0;-200.0;22.3;1359.0;870.0;604.0;239.0;1380.0;1765.0;11.1;31.8;0.4187
1100977200;1.6;1012.0;-200.0;10.6;999.0;421.0;785.0;164.0;1057.0;1329.0;10.2;33.4;0.4143
1100980800;1.2;1025.0;-200.0;8.4;916.0;294.0;832.0;149.0;1018.0;1262.0;9.5;35.9;0.4273
1100984400;1.2;1033.0;-200.0;7.6;881.0;339.0;855.0;159.0;999.0;1230.0;8.0;39.8;0.4286
1100988000;0.9;1008.0;-200.0;7.1;861.0;260.0;858.0;149.0;991.0;1229.0;6.6;44.1;0.4333
1100991600;0.7;992.0;-200.0;7.2;867.0;256.0;876.0;133.0;997.0;1196.0;6.1;45.2;0.4295
1100995200;2.5;1187.0;-200.0;13.9;1114.0;572.0;700.0;216.0;1193.0;1433.0;5.2;50.8;0.452
1100998800;1.5;1065.0;-200.0;9.7;968.0;428.0;808.0;196.0;1059.0;1249.0;4.9;53.0;0.4629
1101002400;0.5;889.0;-200.0;4.9;760.0;195.0;968.0;120.0;919.0;983.0;5.3;48.7;0.4364
1101006000;0.3;901.0;-200.0;5.1;767.0;-200.0;961.0;-200.0;944.0;965.0;4.2;53.6;0.4454
1101009600;0.5;875.0;-200.0;5.6;795.0;160.0;928.0;101.0;965.0;932.0;3.1;56.3;0.4368
1101013200;0.1;808.0;-200.0;2.8;636.0;101.0;1120.0;75.0;862.0;770.0;4.1;52.2;0.4338
1101016800;0.2;858.0;-200.0;2.7;633.0;97.0;1136.0;73.0;878.0;788.0;3.5;55.9;0.4431
1101020400;-200.0;819.0;-200.0;3.6;690.0;127.0;1051.0;84.0;907.0;819.0;1.8;61.7;0.4376
1101024000;0.2;862.0;-200.0;4.9;757.0;227.0;983.0;116.0;938.0;879.0;1.3;65.3;0.4457
1101027600;0.5;877.0;-200.0;5.6;793.0;253.0;944.0;132.0;951.0;924.0;3.2;57.0;0.4434
1101031200;0.4;941.0;-200.0;6.4;832.0;234.0;914.0;125.0;970.0;964.0;7.2;42.8;0.4356
1101034800;0.8;983.0;-200.0;6.8;846.0;291.0;871.0;148.0;996.0;1055.0;10.3;34.2;0.4291
1101038400;1.5;1067.0;-200.0;10.1;981.0;402.0;755.0;186.0;1104.0;1383.0;10.9;33.8;0.4393
1101042000;1.9;1100.0;-200.0;11.2;1022.0;492.0;752.0;193.0;1101.0;1367.0;12.2;30.0;0.4245
1101045600;1.1;958.0;-200.0;8.7;928.0;351.0;841.0;174.0;986.0;1120.0;13.3;24.3;0.3686
1101049200;0.3;866.0;-200.0;5.0;763.0;160.0;1018.0;106.0;859.0;775.0;15.2;18.7;0.3214
1101052800;0.9;1018.0;-200.0;8.2;907.0;292.0;889.0;127.0;981.0;1150.0;14.9;21.7;0.3646
1101056400;2.1;1175.0;-200.0;12.7;1074.0;537.0;748.0;172.0;1134.0;1528.0;13.1;25.4;0.3814
1101060000;2.4;1197.0;-200.0;10.9;1012.0;607.0;717.0;179.0;1103.0;1655.0;11.7;32.7;0.4472
1101063600;1.6;1110.0;-200.0;7.4;872.0;308.0;822.0;150.0;971.0;1393.0;10.1;34.4;0.4249
1101067200;1.1;1060.0;-200.0;6.3;825.0;277.0;854.0;147.0;967.0;1338.0;9.8;36.0;0.4364
1101070800;1.3;1136.0;-200.0;7.7;885.0;348.0;806.0;163.0;1006.0;1403.0;7.1;43.2;0.436
1101074400;0.8;1049.0;-200.0;7.2;864.0;267.0;818.0;145.0;1010.0;1327.0;5.9;47.8;0.4459
1101078000;1.0;1053.0;-200.0;7.0;859.0;399.0;810.0;186.0;1008.0;1346.0;5.3;50.5;0.453
1101081600;0.3;970.0;-200.0;5.0;763.0;163.0;917.0;116.0;930.0;1132.0;5.6;48.0;0.4412
1101085200;1.0;1049.0;-200.0;8.2;907.0;297.0;795.0;145.0;1038.0;1209.0;3.9;55.9;0.4568
1101088800;0.4;919.0;-200.0;5.0;761.0;212.0;911.0;122.0;942.0;1044.0;3.3;58.0;0.4551
1101092400;0.1;870.0;-200.0;3.5;684.0;-200.0;997.0;-200.0;895.0;936.0;3.7;56.3;0.4544
1101096000;-200.0;814.0;-200.0;2.0;587.0;81.0;1146.0;68.0;876.0;840.0;4.2;54.8;0.4571
1101099600;-200.0;820.0;-200.0;2.3;604.0;116.0;1127.0;80.0;874.0;847.0;2.6;60.8;0.4544
1101103200;0.1;897.0;-200.0;4.2;722.0;201.0;987.0;108.0;953.0;959.0;3.7;57.9;0.4651
1101106800;0.4;988.0;-200.0;6.8;850.0;333.0;861.0;149.0;1030.0;1133.0;4.5;54.8;0.466
1101110400;2.4;1242.0;-200.0;16.2;1185.0;733.0;625.0;232.0;1297.0;1511.0;4.9;55.8;0.4882
1101114000;3.1;1493.0;-200.0;50.7;1981.0;846.0;448.0;215.0;1567.0;2346.0;5.4;55.1;0.497
1101117600;3.1;1394.0;-200.0;63.7;2214.0;801.0;411.0;218.0;1629.0;2311.0;6.2;51.8;0.4952
1101121200;2.7;1252.0;-200.0;25.4;1439.0;884.0;559.0;239.0;1383.0;1798.0;6.8;49.8;0.4959
1101124800;2.3;1255.0;-200.0;20.1;1301.0;784.0;571.0;224.0;1355.0;1750.0;7.3;50.6;0.5184
1101128400;3.0;1360.0;-200.0;23.5;1392.0;896.0;490.0;235.0;1458.0;1863.0;7.8;49.0;0.5191
1101132000;3.6;1369.0;-200.0;25.2;1434.0;953.0;489.0;237.0;1539.0;1883.0;8.0;49.2;0.5282
1101135600;3.1;1361.0;-200.0;21.8;1347.0;980.0;518.0;239.0;1456.0;1851.0;8.3;49.3;0.5414
1101139200;3.5;1411.0;-200.0;22.8;1371.0;1058.0;500.0;235.0;1484.0;1919.0;8.5;49.6;0.5517
1101142800;4.0;1509.0;-200.0;25.4;1439.0;1080.0;459.0;199.0;1577.0;2078.0;8.5;52.6;0.5856
1101146400;6.3;1738.0;-200.0;38.3;1735.0;1301.0;365.0;240.0;1917.0;2434.0;8.9;53.4;0.6117
1101150000;6.9;1766.0;-200.0;37.6;1720.0;1345.0;361.0;245.0;1881.0;2515.0;9.1;53.8;0.6216
1101153600;6.5;1706.0;-200.0;33.9;1641.0;1218.0;381.0;239.0;1778.0;2522.0;8.9;54.2;0.6183
1101157200;3.3;1472.0;-200.0;22.4;1361.0;884.0;462.0;191.0;1455.0;2334.0;8.5;54.2;0.6054
1101160800;2.4;1392.0;-200.0;16.9;1206.0;650.0;521.0;164.0;1347.0;2199.0;8.5;57.8;0.6432
1101164400;1.7;1335.0;-200.0;13.9;1112.0;444.0;570.0;130.0;1331.0;1861.0;7.7;71.1;0.7503
1101168000;1.3;1285.0;-200.0;11.6;1037.0;370.0;610.0;121.0;1277.0;1751.0;7.9;72.5;0.7766
1101171600;1.1;1267.0;-200.0;10.8;1008.0;349.0;628.0;118.0;1264.0;1652.0;8.0;75.3;0.8079
1101175200;0.8;1176.0;-200.0;8.8;930.0;287.0;679.0;113.0;1216.0;1455.0;8.0;76.2;0.8217
1101178800;0.3;1079.0;-200.0;6.0;812.0;-200.0;782.0;-200.0;1158.0;1158.0;7.8;81.3;0.8631
1101182400;-200.0;1084.0;-200.0;6.1;816.0;226.0;776.0;94.0;1165.0;1126.0;7.9;81.8;0.8759
1101186000;1.3;1091.0;-200.0;6.4;829.0;238.0;755.0;92.0;1177.0;1126.0;8.2;81.4;0.888
1101189600;1.4;1126.0;-200.0;7.7;886.0;316.0;713.0;98.0;1225.0;1158.0;8.5;81.1;0.8989
1101193200;2.1;1210.0;-200.0;10.0;978.0;508.0;666.0;111.0;1332.0;1237.0;8.9;79.3;0.9088
1101196800;4.5;1565.0;-200.0;24.0;1405.0;920.0;488.0;139.0;1830.0;1696.0;9.5;77.9;0.9278
1101200400;5.7;1578.0;-200.0;27.6;1494.0;980.0;448.0;160.0;1854.0;1800.0;9.9;77.6;0.9488
1101204000;6.6;1702.0;-200.0;31.5;1585.0;1188.0;422.0;183.0;1960.0;1967.0;10.7;76.2;0.9798
1101207600;5.0;1552.0;-200.0;24.1;1406.0;1045.0;478.0;185.0;1749.0;1862.0;11.8;72.2;0.9948
1101211200;5.3;1590.0;-200.0;26.5;1466.0;999.0;448.0;198.0;1831.0;2003.0;13.3;66.9;1.0163
1101214800;5.4;1640.0;-200.0;27.1;1480.0;955.0;432.0;201.0;1865.0;2041.0;13.8;67.0;1.0513
1101218400;7.3;1769.0;-200.0;33.2;1624.0;1189.0;396.0;233.0;2041.0;2202.0;13.9;67.6;1.0666
1101222000;5.1;1581.0;-200.0;25.5;1442.0;933.0;435.0;202.0;1839.0;1966.0;14.2;66.8;1.073
1101225600;5.3;1658.0;-200.0;27.1;1482.0;898.0;419.0;186.0;1893.0;2030.0;14.2;67.8;1.0879
1101229200;7.3;1821.0;-200.0;35.4;1673.0;1201.0;371.0;215.0;2119.0;2201.0;13.6;71.0;1.1018
1101232800;10.2;1982.0;-200.0;49.5;1959.0;1369.0;322.0;227.0;2536.0;2386.0;13.2;72.6;1.0936
1101236400;11.9;2008.0;-200.0;50.6;1980.0;1389.0;325.0;220.0;2562.0;2342.0;12.4;74.7;1.0741
1101240000;11.5;1918.0;-200.0;49.4;1958.0;1358.0;335.0;190.0;2477.0;2237.0;11.5;76.2;1.0324
1101243600;8.3;1693.0;-200.0;31.7;1590.0;1189.0;412.0;178.0;1949.0;2025.0;10.4;79.3;0.9993
1101247200;4.7;1495.0;-200.0;21.8;1345.0;866.0;467.0;147.0;1649.0;1853.0;10.0;82.5;1.015
1101250800;4.0;1449.0;-200.0;19.8;1291.0;718.0;482.0;138.0;1580.0;1817.0;10.0;82.6;1.0163
1101254400;3.9;1439.0;-200.0;18.6;1257.0;715.0;494.0;135.0;1571.0;1704.0;10.1;83.5;1.0296
1101258000;2.8;1270.0;-200.0;13.4;1098.0;558.0;572.0;123.0;1420.0;1463.0;10.0;83.6;1.0235
1101261600;2.3;1163.0;-200.0;10.1;980.0;467.0;654.0;106.0;1327.0;1299.0;10.4;80.8;1.0191
1101265200;1.8;1130.0;-200.0;8.4;915.0;-200.0;697.0;-200.0;1281.0;1205.0;10.6;80.3;1.0252
1101268800;1.4;1023.0;-200.0;5.4;781.0;295.0;809.0;81.0;1195.0;1019.0;10.6;78.8;1.008
1101272400;1.0;931.0;-200.0;3.4;679.0;151.0;947.0;66.0;1138.0;867.0;10.5;77.8;0.9839
1101276000;1.0;953.0;-200.0;4.1;717.0;188.0;907.0;64.0;1152.0;911.0;9.8;79.2;0.9567
1101279600;1.8;1108.0;-200.0;8.7;927.0;380.0;718.0;86.0;1315.0;1106.0;9.5;80.3;0.9532
1101283200;3.8;1414.0;-200.0;18.7;1261.0;717.0;532.0;114.0;1644.0;1479.0;9.8;80.5;0.9724
1101286800;4.2;1423.0;-200.0;21.0;1323.0;803.0;496.0;115.0;1727.0;1568.0;10.3;80.3;1.002
1101290400;3.6;1352.0;-200.0;17.7;1231.0;726.0;538.0;110.0;1605.0;1530.0;11.1;77.2;1.0175
1101294000;3.3;1303.0;-200.0;15.1;1153.0;558.0;575.0;116.0;1520.0;1582.0;13.3;68.8;1.0505
1101297600;2.0;1103.0;-200.0;8.8;931.0;427.0;711.0;162.0;1293.0;1235.0;15.1;58.3;0.9978
1101301200;2.0;1138.0;-200.0;9.7;967.0;317.0;695.0;104.0;1332.0;1195.0;15.6;56.2;0.9876
1101304800;2.9;1278.0;-200.0;14.4;1130.0;436.0;580.0;129.0;1506.0;1471.0;15.4;59.6;1.0375
1101308400;2.7;1292.0;-200.0;14.7;1141.0;490.0;556.0;146.0;1498.0;1582.0;14.6;63.7;1.0508
1101312000;3.4;1374.0;-200.0;17.4;1222.0;602.0;516.0;160.0;1582.0;1671.0;13.7;66.8;1.0432
1101315600;4.5;1464.0;-200.0;22.3;1358.0;732.0;477.0;169.0;1719.0;1711.0;12.3;72.5;1.0331
1101319200;6.1;1562.0;-200.0;30.3;1557.0;865.0;427.0;167.0;1916.0;1852.0;10.8;77.2;1.0021
1101322800;6.8;1592.0;-200.0;33.3;1627.0;936.0;401.0;166.0;1957.0;1902.0;10.2;80.4;1.0003
1101326400;8.4;1669.0;-200.0;36.0;1686.0;1074.0;384.0;181.0;2066.0;1961.0;10.1;79.3;0.9795
1101330000;5.3;1429.0;-200.0;23.9;1401.0;812.0;475.0;144.0;1698.0;1689.0;10.0;76.1;0.9329
1101333600;4.5;1354.0;-200.0;19.0;1269.0;773.0;506.0;141.0;1530.0;1580.0;8.6;82.3;0.9198
1101337200;4.1;1311.0;-200.0;16.8;1203.0;761.0;542.0;123.0;1448.0;1428.0;7.7;84.3;0.8881
1101340800;4.0;1311.0;-200.0;17.5;1225.0;781.0;538.0;121.0;1464.0;1434.0;7.1;84.1;0.8557
1101344400;4.0;1292.0;-200.0;17.4;1221.0;743.0;547.0;114.0;1437.0;1389.0;6.7;83.2;0.819
1101348000;3.0;1091.0;-200.0;11.3;1025.0;533.0;666.0;93.0;1262.0;1130.0;6.0;83.0;0.78
1101351600;2.1;1009.0;-200.0;8.7;928.0;-200.0;754.0;-200.0;1166.0;983.0;5.1;84.0;0.7439
1101355200;2.2;1050.0;-200.0;9.4;956.0;456.0;725.0;89.0;1162.0;1025.0;4.3;85.4;0.7152
1101358800;2.2;1053.0;-200.0;9.4;955.0;486.0;710.0;94.0;1154.0;1050.0;4.0;85.7;0.7041
1101362400;2.0;1016.0;-200.0;9.1;945.0;498.0;724.0;93.0;1147.0;1038.0;4.0;84.4;0.6943
1101366000;2.2;1057.0;-200.0;10.7;1004.0;585.0;702.0;100.0;1204.0;1080.0;4.0;83.1;0.682
1101369600;4.0;1309.0;-200.0;21.3;1333.0;911.0;537.0;127.0;1555.0;1411.0;4.4;81.3;0.689
1101373200;4.8;1315.0;-200.0;22.9;1375.0;845.0;526.0;137.0;1576.0;1549.0;6.7;72.6;0.718
1101376800;4.6;1315.0;-200.0;20.1;1300.0;807.0;547.0;190.0;1531.0;1659.0;10.0;63.4;0.7791
1101380400;2.8;1111.0;-200.0;11.8;1042.0;603.0;682.0;171.0;1257.0;1434.0;13.6;48.7;0.7547
1101384000;2.1;1087.0;-200.0;10.6;1000.0;391.0;706.0;127.0;1251.0;1310.0;14.6;46.5;0.7687
1101387600;2.0;1104.0;-200.0;11.4;1028.0;279.0;696.0;109.0;1263.0;1227.0;15.4;43.0;0.7483
1101391200;2.5;1142.0;-200.0;12.8;1078.0;358.0;670.0;126.0;1256.0;1261.0;16.4;38.2;0.7081
1101394800;2.5;1164.0;-200.0;13.4;1096.0;403.0;662.0;136.0;1311.0;1261.0;16.8;37.6;0.7129
1101398400;2.8;1214.0;-200.0;14.2;1124.0;465.0;659.0;156.0;1302.0;1345.0;16.8;36.7;0.6944
1101402000;4.0;1369.0;-200.0;21.8;1346.0;707.0;558.0;187.0;1537.0;1608.0;15.4;41.3;0.7151
1101405600;4.5;1368.0;-200.0;21.4;1334.0;660.0;529.0;173.0;1547.0;1653.0;13.8;48.9;0.7699
1101409200;3.1;1226.0;-200.0;15.4;1161.0;402.0;606.0;137.0;1368.0;1442.0;13.3;50.9;0.7745
1101412800;2.6;1225.0;-200.0;14.5;1134.0;350.0;614.0;122.0;1352.0;1421.0;11.5;57.3;0.7786
1101416400;2.6;1190.0;-200.0;11.4;1028.0;355.0;654.0;129.0;1287.0;1329.0;10.7;59.8;0.7674
1101420000;2.0;1128.0;-200.0;7.8;889.0;296.0;743.0;110.0;1160.0;1212.0;10.0;61.8;0.7576
1101423600;1.8;1105.0;-200.0;7.6;883.0;266.0;747.0;102.0;1180.0;1179.0;9.9;62.1;0.7566
1101427200;2.5;1152.0;-200.0;9.5;959.0;373.0;689.0;114.0;1232.0;1231.0;9.3;64.5;0.7554
1101430800;2.3;1141.0;-200.0;9.7;967.0;417.0;698.0;117.0;1245.0;1214.0;9.1;65.7;0.7607
1101434400;2.1;1121.0;-200.0;8.1;901.0;308.0;712.0;98.0;1215.0;1134.0;8.9;71.8;0.818
1101438000;1.5;1043.0;-200.0;5.9;805.0;-200.0;798.0;-200.0;1155.0;992.0;9.1;72.9;0.8429
1101441600;-200.0;1090.0;-200.0;6.6;841.0;209.0;757.0;79.0;1202.0;989.0;8.7;77.6;0.8753
1101445200;1.2;982.0;-200.0;4.8;752.0;196.0;844.0;77.0;1153.0;897.0;9.0;77.3;0.8873
1101448800;1.0;974.0;-200.0;4.6;743.0;203.0;864.0;75.0;1155.0;885.0;9.1;77.3;0.8944
1101452400;1.7;1118.0;-200.0;8.4;915.0;393.0;731.0;95.0;1289.0;1059.0;9.3;76.9;0.9007
1101456000;4.3;1508.0;-200.0;23.1;1379.0;864.0;496.0;137.0;1767.0;1567.0;10.0;75.0;0.9179
1101459600;5.8;1521.0;-200.0;26.6;1470.0;960.0;456.0;149.0;1857.0;1727.0;10.6;72.7;0.9272
1101463200;5.6;1562.0;-200.0;26.1;1458.0;1056.0;458.0;197.0;1770.0;2021.0;12.4;64.8;0.931
1101466800;4.0;1392.0;-200.0;16.4;1192.0;856.0;543.0;183.0;1508.0;1795.0;13.7;59.9;0.9335
1101470400;4.0;1439.0;-200.0;18.9;1267.0;854.0;522.0;179.0;1586.0;1852.0;14.9;57.0;0.9564
1101474000;4.9;1539.0;-200.0;22.7;1371.0;854.0;488.0;196.0;1712.0;1943.0;15.5;56.2;0.9814
1101477600;5.6;1608.0;-200.0;27.2;1483.0;949.0;446.0;208.0;1845.0;2058.0;15.8;56.3;1.0026
1101481200;5.1;1589.0;-200.0;24.1;1407.0;932.0;556.0;203.0;1757.0;1972.0;15.8;57.9;1.0292
1101484800;6.2;1704.0;-200.0;29.1;1531.0;1071.0;507.0;213.0;1904.0;2098.0;15.7;58.9;1.0432
1101488400;7.7;1822.0;-200.0;36.0;1686.0;1134.0;387.0;233.0;2077.0;2244.0;15.5;61.2;1.067
1101492000;10.1;1956.0;-200.0;45.2;1877.0;1389.0;347.0;255.0;2338.0;2465.0;15.5;62.8;1.0979
1101495600;6.4;1676.0;-200.0;30.7;1568.0;866.0;444.0;170.0;1983.0;2096.0;15.6;64.9;1.1396
1101499200;7.7;1834.0;-200.0;37.7;1723.0;947.0;400.0;167.0;2204.0;2190.0;15.1;67.0;1.1394
1101502800;8.1;1759.0;-200.0;31.6;1588.0;1155.0;437.0;205.0;1971.0;2234.0;14.6;67.7;1.1164
1101506400;4.7;1518.0;-200.0;19.9;1293.0;798.0;515.0;170.0;1602.0;2048.0;13.8;67.8;1.0609
1101510000;4.3;1502.0;-200.0;18.6;1256.0;696.0;560.0;154.0;1568.0;2044.0;13.4;69.0;1.0579
1101513600;4.1;1499.0;-200.0;16.9;1207.0;654.0;748.0;143.0;1530.0;1881.0;13.0;73.7;1.0957
1101517200;4.2;1531.0;-200.0;18.0;1238.0;685.0;619.0;140.0;1583.0;1774.0;12.7;77.5;1.1339
1101520800;3.8;1424.0;-200.0;14.9;1145.0;574.0;641.0;122.0;1482.0;1615.0;12.4;78.4;1.1269
1101524400;2.7;1279.0;-200.0;10.2;986.0;-200.0;756.0;-200.0;1362.0;1473.0;11.9;79.7;1.1075
1101528000;2.4;1250.0;-200.0;9.1;942.0;319.0;755.0;103.0;1323.0;1380.0;11.9;80.7;1.1199
1101531600;2.0;1189.0;-200.0;7.3;870.0;263.0;821.0;97.0;1272.0;1251.0;13.2;75.8;1.1459
1101535200;1.7;1197.0;-200.0;7.6;881.0;320.0;820.0;99.0;1295.0;1173.0;12.3;81.9;1.1674
1101538800;2.1;1273.0;-200.0;9.2;946.0;439.0;729.0;110.0;1349.0;1217.0;12.8;80.8;1.1898
1101542400;2.5;1298.0;-200.0;11.1;1017.0;398.0;727.0;110.0;1418.0;1193.0;13.7;76.3;1.1932
1101546000;3.8;1453.0;-200.0;16.3;1190.0;637.0;583.0;121.0;1644.0;1358.0;13.4;78.8;1.2104
1101549600;3.9;1492.0;-200.0;17.8;1233.0;699.0;561.0;122.0;1672.0;1481.0;13.8;77.8;1.2201
1101553200;4.2;1481.0;-200.0;16.7;1202.0;699.0;768.0;136.0;1639.0;1532.0;15.1;73.2;1.244
1101556800;4.0;1524.0;-200.0;17.6;1228.0;707.0;853.0;170.0;1646.0;1675.0;15.8;70.5;1.2557
1101560400;4.4;1562.0;-200.0;19.4;1280.0;743.0;479.0;156.0;1711.0;1709.0;15.4;73.3;1.27
1101564000;4.7;1567.0;-200.0;20.1;1300.0;745.0;473.0;158.0;1753.0;1743.0;15.6;71.4;1.2596
1101567600;4.6;1568.0;-200.0;19.4;1280.0;741.0;479.0;174.0;1703.0;1774.0;16.3;68.7;1.2596
1101571200;4.8;1622.0;-200.0;20.5;1312.0;765.0;477.0;187.0;1727.0;1804.0;16.4;68.2;1.2662
1101574800;4.5;1515.0;-200.0;18.7;1259.0;632.0;508.0;147.0;1695.0;1555.0;15.6;70.2;1.238
1101578400;5.6;1603.0;-200.0;24.5;1417.0;808.0;459.0;136.0;1871.0;1621.0;14.2;75.8;1.2202
1101582000;4.9;1514.0;-200.0;21.3;1334.0;703.0;489.0;134.0;1755.0;1614.0;14.0;74.6;1.1865
1101585600;5.3;1567.0;-200.0;23.5;1392.0;764.0;470.0;126.0;1821.0;1637.0;13.3;75.8;1.1506
1101589200;4.6;1380.0;-200.0;15.5;1163.0;667.0;573.0;130.0;1547.0;1485.0;13.7;72.5;1.1326
1101592800;2.4;1214.0;-200.0;9.9;972.0;355.0;663.0;98.0;1359.0;1280.0;12.8;73.8;1.0853
1101596400;2.7;1225.0;-200.0;10.1;982.0;359.0;656.0;89.0;1358.0;1236.0;11.2;78.3;1.0415
1101600000;2.5;1250.0;-200.0;10.3;989.0;327.0;665.0;88.0;1343.0;1204.0;10.6;79.4;1.0133
1101603600;2.3;1143.0;-200.0;7.6;882.0;289.0;738.0;86.0;1260.0;1069.0;10.8;77.5;1.0027
1101607200;-200.0;1046.0;-200.0;6.1;817.0;-200.0;790.0;-200.0;1214.0;957.0;10.5;78.6;0.9976
1101610800;1.3;953.0;-200.0;4.2;722.0;138.0;911.0;70.0;1148.0;828.0;10.3;77.6;0.9743
1101614400;1.0;913.0;-200.0;3.1;659.0;86.0;1010.0;55.0;1121.0;748.0;10.3;74.9;0.9362
1101618000;0.9;858.0;-200.0;1.6;554.0;60.0;1207.0;45.0;1047.0;663.0;11.2;69.0;0.9159
1101621600;0.7;848.0;-200.0;1.7;560.0;62.0;1206.0;44.0;1045.0;644.0;8.9;77.1;0.8804
1101625200;0.8;871.0;-200.0;1.5;548.0;73.0;1197.0;50.0;1025.0;662.0;9.5;73.3;0.8719
1101628800;1.0;909.0;-200.0;2.6;624.0;157.0;1056.0;74.0;1073.0;736.0;8.6;77.2;0.8617
1101632400;1.1;906.0;-200.0;2.8;637.0;166.0;1024.0;81.0;1070.0;761.0;8.6;76.6;0.8586
1101636000;0.8;859.0;-200.0;1.9;573.0;98.0;1126.0;65.0;1039.0;696.0;9.7;72.0;0.8649
1101639600;1.4;1028.0;-200.0;5.2;773.0;153.0;877.0;76.0;1194.0;871.0;11.1;68.2;0.8979
1101643200;2.2;1089.0;-200.0;6.5;835.0;307.0;778.0;110.0;1216.0;1004.0;11.8;65.0;0.8966
1101646800;2.7;1184.0;-200.0;9.4;954.0;416.0;701.0;124.0;1313.0;1133.0;12.1;64.8;0.9135
1101650400;2.3;1136.0;-200.0;8.2;906.0;346.0;729.0;120.0;1274.0;1140.0;12.6;63.2;0.9209
1101654000;1.9;1069.0;-200.0;6.9;854.0;252.0;780.0;99.0;1242.0;999.0;13.4;61.9;0.9513
1101657600;2.7;1214.0;-200.0;8.6;922.0;326.0;741.0;117.0;1273.0;1124.0;13.3;63.3;0.9597
1101661200;3.2;1212.0;-200.0;8.6;926.0;490.0;720.0;132.0;1283.0;1193.0;11.2;70.9;0.9406
1101664800;3.2;1218.0;-200.0;10.1;981.0;452.0;677.0;113.0;1335.0;1258.0;9.6;76.5;0.9184
1101668400;3.5;1279.0;-200.0;12.6;1069.0;542.0;628.0;117.0;1418.0;1356.0;9.9;76.3;0.9296
1101672000;4.5;1382.0;-200.0;16.5;1196.0;605.0;573.0;127.0;1543.0;1468.0;10.4;74.6;0.9394
1101675600;4.1;1292.0;-200.0;13.0;1085.0;577.0;620.0;132.0;1438.0;1390.0;10.3;75.1;0.9399
1101679200;3.3;1250.0;-200.0;12.1;1054.0;491.0;634.0;121.0;1407.0;1348.0;10.4;75.4;0.947
1101682800;3.1;1260.0;-200.0;11.4;1030.0;492.0;639.0;122.0;1378.0;1355.0;10.5;75.4;0.9566
1101686400;3.0;1203.0;-200.0;10.3;988.0;412.0;658.0;113.0;1350.0;1315.0;10.2;78.4;0.9757
1101690000;2.3;1146.0;-200.0;8.0;900.0;283.0;718.0;99.0;1280.0;1183.0;9.9;80.5;0.984
1101693600;2.3;1130.0;-200.0;8.1;902.0;280.0;715.0;86.0;1289.0;1117.0;9.8;81.4;0.9855
1101697200;1.7;1032.0;-200.0;4.9;757.0;-200.0;837.0;-200.0;1182.0;1001.0;9.5;81.7;0.9693
1101700800;1.5;993.0;-200.0;4.2;720.0;156.0;891.0;66.0;1143.0;925.0;8.9;83.0;0.9487
1101704400;1.3;987.0;-200.0;4.9;759.0;166.0;856.0;67.0;1162.0;940.0;8.8;83.7;0.9529
1101708000;1.4;1018.0;-200.0;5.7;800.0;225.0;821.0;78.0;1185.0;956.0;8.7;84.2;0.9526
1101711600;2.0;1129.0;-200.0;9.8;971.0;325.0;707.0;90.0;1315.0;1064.0;8.7;83.7;0.9454
1101715200;4.2;1440.0;-200.0;20.6;1312.0;760.0;537.0;120.0;1657.0;1515.0;9.6;80.8;0.9687
1101718800;5.9;1609.0;-200.0;29.5;1540.0;948.0;486.0;139.0;1961.0;1803.0;11.3;75.3;1.0048
1101722400;6.3;1573.0;-200.0;28.3;1511.0;1044.0;531.0;172.0;1916.0;1927.0;13.8;68.5;1.0718
1101726000;6.6;1705.0;-200.0;30.5;1562.0;1172.0;473.0;232.0;1988.0;2197.0;14.9;64.9;1.0929
1101729600;5.0;1551.0;-200.0;23.0;1377.0;1000.0;564.0;168.0;1734.0;2038.0;15.3;63.2;1.0898
1101733200;2.5;1163.0;-200.0;11.1;1016.0;366.0;781.0;120.0;1363.0;1339.0;18.6;49.1;1.0425
1101736800;2.6;1186.0;-200.0;12.8;1077.0;346.0;797.0;121.0;1404.0;1328.0;18.6;49.3;1.0451
1101740400;1.9;1166.0;-200.0;10.8;1007.0;289.0;775.0;117.0;1391.0;1227.0;18.4;49.9;1.0453
1101744000;2.3;1200.0;-200.0;11.4;1027.0;316.0;760.0;121.0;1416.0;1199.0;17.9;51.4;1.0488
1101747600;1.9;1134.0;-200.0;8.1;903.0;238.0;821.0;107.0;1299.0;1046.0;18.0;51.9;1.0622
1101751200;2.3;1161.0;-200.0;10.0;979.0;267.0;758.0;115.0;1375.0;1132.0;16.7;57.3;1.0813
1101754800;1.8;1117.0;-200.0;7.3;871.0;182.0;781.0;94.0;1320.0;986.0;17.3;57.0;1.1137
1101758400;1.9;1114.0;-200.0;7.3;872.0;197.0;857.0;98.0;1310.0;991.0;16.8;58.7;1.1109
1101762000;1.4;1022.0;-200.0;4.6;744.0;149.0;1224.0;87.0;1210.0;847.0;16.5;59.2;1.1021
1101765600;1.2;996.0;-200.0;4.0;710.0;124.0;1699.0;78.0;1182.0;783.0;16.3;59.7;1.0941
1101769200;1.0;1002.0;-200.0;3.9;704.0;105.0;1472.0;69.0;1202.0;752.0;16.0;61.6;1.1127
1101772800;1.2;1032.0;-200.0;3.6;688.0;109.0;1514.0;67.0;1200.0;737.0;15.6;66.6;1.1763
1101776400;1.4;1052.0;-200.0;5.1;766.0;169.0;1031.0;81.0;1302.0;796.0;13.8;80.4;1.2621
1101780000;1.2;1014.0;-200.0;4.5;737.0;124.0;1509.0;75.0;1288.0;765.0;13.2;84.4;1.2779
1101783600;0.8;897.0;-200.0;2.0;581.0;-200.0;1184.0;-200.0;1181.0;636.0;13.6;82.8;1.2845
1101787200;0.6;878.0;-200.0;1.2;518.0;50.0;1294.0;42.0;1149.0;539.0;13.8;81.3;1.2767
1101790800;0.6;840.0;-200.0;1.4;534.0;47.0;1268.0;38.0;1109.0;483.0;13.6;75.5;1.172
1101794400;0.7;879.0;-200.0;1.9;575.0;110.0;1262.0;64.0;1111.0;537.0;11.5;81.4;1.1025
1101798000;1.1;999.0;-200.0;3.6;690.0;193.0;1027.0;86.0;1192.0;707.0;11.8;80.7;1.1181
1101801600;2.5;1251.0;-200.0;11.0;1015.0;475.0;751.0;127.0;1453.0;1070.0;12.3;78.9;1.1283
1101805200;3.6;1351.0;-200.0;17.5;1226.0;420.0;648.0;122.0;1649.0;1248.0;13.0;76.0;1.1317
1101808800;3.6;1312.0;-200.0;15.9;1177.0;439.0;711.0;141.0;1588.0;1261.0;13.7;70.9;1.1076
1101812400;3.3;1201.0;-200.0;13.4;1098.0;461.0;763.0;139.0;1500.0;1209.0;14.0;70.9;1.1244
1101816000;2.0;1120.0;-200.0;8.8;932.0;238.0;897.0;105.0;1301.0;1039.0;14.6;65.9;1.088
1101819600;1.9;1071.0;-200.0;9.4;955.0;232.0;940.0;103.0;1311.0;977.0;14.9;59.9;1.0063
1101823200;2.2;1085.0;-200.0;9.7;967.0;241.0;943.0;108.0;1321.0;976.0;14.9;58.4;0.9839
1101826800;2.2;1113.0;-200.0;10.1;980.0;278.0;984.0;109.0;1311.0;995.0;15.3;54.3;0.9357
1101830400;3.8;1310.0;-200.0;20.2;1301.0;496.0;746.0;149.0;1694.0;1350.0;14.6;56.6;0.9367
1101834000;3.5;1183.0;-200.0;14.2;1122.0;464.0;897.0;143.0;1476.0;1215.0;12.6;62.0;0.9027
1101837600;5.2;1362.0;-200.0;22.8;1373.0;600.0;755.0;159.0;1698.0;1461.0;11.9;62.3;0.8674
1101841200;6.3;1408.0;-200.0;28.0;1502.0;692.0;640.0;178.0;1843.0;1598.0;11.6;64.3;0.8789
1101844800;6.8;1471.0;-200.0;30.3;1559.0;731.0;605.0;168.0;1939.0;1669.0;11.5;68.0;0.9207
1101848400;4.1;1157.0;-200.0;12.4;1063.0;491.0;905.0;160.0;1394.0;1223.0;10.7;73.9;0.9502
1101852000;2.3;1061.0;-200.0;8.0;899.0;284.0;1067.0;117.0;1277.0;939.0;9.6;83.0;0.9899
1101855600;1.9;1006.0;-200.0;6.5;836.0;245.0;1226.0;113.0;1210.0;902.0;9.6;79.9;0.9579
1101859200;2.2;1039.0;-200.0;7.5;880.0;273.0;1198.0;113.0;1251.0;933.0;9.8;79.4;0.9626
1101862800;1.3;886.0;-200.0;3.8;699.0;157.0;1900.0;94.0;1106.0;766.0;10.1;75.3;0.9322
1101866400;1.2;900.0;-200.0;3.8;701.0;117.0;1955.0;76.0;1127.0;749.0;9.1;80.0;0.9299
1101870000;0.9;856.0;-200.0;3.0;654.0;-200.0;2042.0;-200.0;1100.0;709.0;8.7;82.4;0.9294
1101873600;-200.0;857.0;-200.0;2.8;638.0;123.0;2061.0;68.0;1083.0;746.0;8.5;81.7;0.9074
1101877200;0.6;844.0;-200.0;2.5;618.0;100.0;2095.0;63.0;1064.0;757.0;8.3;80.4;0.8861
1101880800;0.9;927.0;-200.0;3.3;671.0;135.0;2009.0;74.0;1098.0;792.0;8.9;79.2;0.9067
1101884400;1.4;1007.0;-200.0;7.0;857.0;301.0;1699.0;96.0;1248.0;921.0;8.7;80.8;0.9096
1101888000;3.4;1318.0;-200.0;18.1;1243.0;641.0;1261.0;121.0;1638.0;1318.0;9.0;79.8;0.9203
1101891600;5.0;1396.0;-200.0;24.6;1419.0;849.0;1104.0;145.0;1799.0;1547.0;9.5;78.3;0.9338
1101895200;4.7;1337.0;-200.0;19.7;1288.0;861.0;1192.0;158.0;1648.0;1516.0;10.4;76.0;0.9561
1101898800;3.2;1202.0;-200.0;13.0;1083.0;629.0;1376.0;143.0;1410.0;1340.0;11.0;74.4;0.9736
1101902400;3.5;1309.0;-200.0;17.1;1212.0;737.0;1267.0;182.0;1533.0;1556.0;13.8;63.6;0.9959
1101906000;4.0;1351.0;-200.0;19.3;1278.0;712.0;1249.0;163.0;1623.0;1582.0;13.6;65.6;1.0167
1101909600;5.7;1501.0;-200.0;28.4;1514.0;933.0;1090.0;178.0;1898.0;1791.0;13.7;66.5;1.038
1101913200;5.0;1426.0;-200.0;22.9;1375.0;836.0;1143.0;162.0;1751.0;1631.0;13.0;73.0;1.086
1101916800;5.6;1544.0;-200.0;25.7;1446.0;987.0;1070.0;171.0;1834.0;1679.0;12.7;77.1;1.1251
1101920400;6.2;1566.0;-200.0;26.8;1474.0;985.0;1049.0;174.0;1887.0;1681.0;12.3;79.7;1.1342
1101924000;7.5;1547.0;-200.0;29.2;1532.0;1040.0;1009.0;185.0;1972.0;1718.0;12.3;78.8;1.1279
1101927600;3.0;1124.0;-200.0;11.9;1047.0;401.0;1401.0;126.0;1419.0;1193.0;12.5;72.6;1.0489
1101931200;2.6;1090.0;-200.0;10.1;981.0;279.0;1513.0;113.0;1390.0;1044.0;11.8;76.1;1.0544
1101934800;2.1;1034.0;-200.0;7.2;865.0;280.0;1732.0;111.0;1280.0;925.0;11.3;79.9;1.0697
1101938400;1.8;1040.0;-200.0;7.1;859.0;280.0;1705.0;107.0;1293.0;889.0;11.1;84.3;1.1137
1101942000;2.0;1060.0;-200.0;7.5;877.0;327.0;1648.0;107.0;1313.0;929.0;11.3;83.1;1.1089
1101945600;2.2;1076.0;-200.0;8.1;903.0;316.0;1627.0;102.0;1330.0;958.0;11.6;81.0;1.1082
1101949200;1.9;975.0;-200.0;5.5;787.0;223.0;1812.0;96.0;1238.0;844.0;11.7;77.8;1.0689
1101952800;1.6;987.0;-200.0;5.7;796.0;180.0;1789.0;86.0;1254.0;830.0;11.7;78.6;1.0813
1101956400;1.1;928.0;-200.0;3.8;699.0;-200.0;1930.0;-200.0;1198.0;785.0;11.9;78.2;1.0856
1101960000;0.9;889.0;-200.0;2.9;646.0;131.0;2047.0;70.0;1163.0;743.0;12.0;77.4;1.0825
1101963600;0.7;880.0;-200.0;2.4;610.0;101.0;2095.0;59.0;1150.0;711.0;12.0;78.0;1.094
1101967200;0.9;919.0;-200.0;4.0;711.0;189.0;1667.0;74.0;1195.0;819.0;12.4;75.3;1.0813
1101970800;1.4;1073.0;-200.0;7.2;867.0;336.0;768.0;89.0;1329.0;981.0;12.5;76.4;1.1021
1101974400;4.2;1435.0;-200.0;21.6;1341.0;804.0;501.0;131.0;1787.0;1480.0;12.9;73.8;1.0937
1101978000;5.0;1477.0;-200.0;27.9;1501.0;860.0;444.0;139.0;1972.0;1691.0;13.3;70.7;1.0749
1101981600;4.4;1337.0;-200.0;19.2;1275.0;745.0;525.0;145.0;1655.0;1548.0;14.3;66.1;1.0711
1101985200;3.4;1308.0;-200.0;16.4;1191.0;685.0;537.0;137.0;1559.0;1523.0;15.4;63.9;1.1071
1101988800;2.8;1245.0;-200.0;14.8;1143.0;639.0;569.0;128.0;1531.0;1406.0;15.9;62.7;1.1273
1101992400;3.4;1295.0;-200.0;16.8;1205.0;668.0;538.0;128.0;1579.0;1476.0;16.4;61.9;1.1465
1101996000;2.9;1338.0;-200.0;16.9;1208.0;469.0;539.0;123.0;1600.0;1481.0;18.0;58.0;1.1901
1101999600;3.9;1405.0;-200.0;19.0;1269.0;605.0;500.0;136.0;1735.0;1534.0;19.2;57.9;1.2757
1102003200;4.0;1456.0;-200.0;19.8;1291.0;641.0;490.0;137.0;1753.0;1592.0;18.1;62.1;1.2822
1102006800;4.9;1516.0;-200.0;24.8;1423.0;774.0;455.0;151.0;1881.0;1688.0;16.7;67.3;1.2707
1102010400;7.7;1707.0;-200.0;37.6;1721.0;1001.0;375.0;171.0;2260.0;1940.0;15.8;70.7;1.2601
1102014000;9.4;1816.0;-200.0;43.9;1851.0;1184.0;341.0;171.0;2405.0;2069.0;15.4;73.0;1.2688
1102017600;7.8;1713.0;-200.0;36.6;1699.0;1020.0;371.0;161.0;2196.0;1943.0;15.4;73.0;1.2648
1102021200;6.6;1646.0;-200.0;30.8;1570.0;964.0;401.0;154.0;2049.0;1846.0;15.3;73.6;1.2691
1102024800;4.7;1468.0;-200.0;22.0;1351.0;741.0;472.0;127.0;1783.0;1611.0;15.1;74.3;1.2623
1102028400;4.8;1443.0;-200.0;20.9;1323.0;757.0;486.0;115.0;1760.0;1487.0;14.2;78.0;1.254
1102032000;3.2;1289.0;-200.0;13.1;1087.0;564.0;587.0;102.0;1515.0;1208.0;14.1;81.4;1.3066
1102035600;2.6;1194.0;-200.0;9.3;950.0;434.0;667.0;100.0;1433.0;1043.0;14.4;82.7;1.3496
1102039200;2.1;1165.0;-200.0;9.4;957.0;308.0;661.0;86.0;1452.0;979.0;14.1;84.1;1.3461
1102042800;1.3;1003.0;-200.0;4.7;747.0;-200.0;843.0;-200.0;1289.0;806.0;14.1;84.8;1.3544
1102046400;1.1;986.0;-200.0;3.8;700.0;133.0;883.0;80.0;1249.0;768.0;14.0;84.1;1.3389
1102050000;0.7;930.0;-200.0;2.5;623.0;103.0;975.0;74.0;1215.0;720.0;13.9;85.1;1.3449
1102053600;0.9;988.0;-200.0;4.0;709.0;178.0;897.0;82.0;1267.0;785.0;13.8;85.5;1.3469
1102057200;1.5;1094.0;-200.0;7.0;857.0;289.0;739.0;96.0;1378.0;903.0;13.8;85.3;1.3412
1102060800;3.8;1528.0;-200.0;21.1;1328.0;736.0;487.0;124.0;1839.0;1389.0;13.7;84.5;1.3202
1102064400;6.0;1628.0;-200.0;29.0;1528.0;928.0;416.0;142.0;2081.0;1649.0;13.9;83.9;1.3284
1102068000;5.1;1555.0;-200.0;23.0;1377.0;897.0;455.0;154.0;1834.0;1621.0;14.6;81.6;1.3448
1102071600;3.6;1290.0;-200.0;13.0;1084.0;596.0;586.0;144.0;1544.0;1362.0;15.8;74.7;1.3336
1102075200;3.0;1280.0;-200.0;14.9;1144.0;481.0;555.0;144.0;1599.0;1624.0;16.4;72.1;1.336
1102078800;3.1;1302.0;-200.0;15.7;1169.0;495.0;544.0;139.0;1636.0;1605.0;16.8;70.3;1.3341
1102082400;3.3;1332.0;-200.0;18.1;1242.0;460.0;524.0;138.0;1716.0;1608.0;17.9;66.3;1.3499
1102086000;3.4;1332.0;-200.0;15.5;1163.0;445.0;548.0;134.0;1664.0;1522.0;18.8;62.7;1.3506
1102089600;4.6;1493.0;-200.0;23.8;1399.0;618.0;466.0;150.0;1893.0;1708.0;19.0;61.6;1.3407
1102093200;6.9;1648.0;-200.0;32.6;1612.0;858.0;401.0;173.0;2177.0;1885.0;17.7;68.3;1.3713
1102096800;5.1;1482.0;-200.0;24.0;1404.0;634.0;463.0;134.0;1883.0;1657.0;16.5;71.7;1.3358
1102100400;4.9;1501.0;-200.0;23.6;1392.0;575.0;476.0;128.0;1832.0;1645.0;15.7;72.7;1.2872
1102104000;6.1;1601.0;-200.0;30.7;1568.0;738.0;422.0;132.0;2111.0;1729.0;15.0;74.4;1.2593
1102107600;6.2;1421.0;-200.0;20.9;1320.0;739.0;496.0;134.0;1804.0;1556.0;14.6;75.2;1.2405
1102111200;3.0;1232.0;-200.0;12.7;1074.0;472.0;606.0;107.0;1504.0;1317.0;14.0;75.7;1.2051
1102114800;3.4;1270.0;-200.0;14.0;1117.0;542.0;586.0;101.0;1528.0;1290.0;13.1;78.7;1.1817
1102118400;3.5;1257.0;-200.0;13.7;1108.0;577.0;592.0;94.0;1520.0;1287.0;12.6;78.4;1.1419
1102122000;3.2;1246.0;-200.0;12.8;1077.0;568.0;621.0;99.0;1462.0;1235.0;12.8;77.9;1.1438
1102125600;2.9;1166.0;-200.0;11.0;1013.0;451.0;643.0;90.0;1408.0;1144.0;12.1;79.4;1.1201
1102129200;2.1;1062.0;-200.0;8.2;906.0;-200.0;724.0;-200.0;1305.0;1004.0;11.6;80.1;1.0899
1102132800;-200.0;1005.0;-200.0;6.4;829.0;242.0;779.0;71.0;1246.0;944.0;11.6;79.7;1.0858
1102136400;1.7;1032.0;-200.0;6.8;848.0;277.0;751.0;71.0;1266.0;972.0;11.4;81.1;1.0928
1102140000;1.7;1034.0;-200.0;7.4;876.0;291.0;740.0;66.0;1305.0;968.0;11.5;81.7;1.1033
1102143600;1.3;1024.0;-200.0;6.2;822.0;277.0;800.0;70.0;1266.0;954.0;12.4;77.1;1.1072
1102147200;2.8;1243.0;-200.0;13.7;1108.0;510.0;595.0;90.0;1539.0;1201.0;12.3;79.0;1.1293
1102150800;2.5;1148.0;-200.0;9.6;963.0;451.0;680.0;102.0;1395.0;1017.0;12.2;83.9;1.189
1102154400;2.7;1182.0;-200.0;10.4;994.0;584.0;654.0;102.0;1431.0;1039.0;12.2;85.1;1.2079
1102158000;1.5;1015.0;-200.0;6.5;835.0;260.0;796.0;94.0;1263.0;911.0;12.4;80.1;1.1462
1102161600;2.6;1175.0;-200.0;10.6;1002.0;492.0;668.0;122.0;1422.0;1059.0;13.0;77.8;1.1641
1102165200;3.1;1224.0;-200.0;11.9;1046.0;580.0;630.0;124.0;1476.0;1213.0;11.8;86.5;1.1981
1102168800;2.5;1123.0;-200.0;8.4;916.0;373.0;709.0;103.0;1346.0;1003.0;11.9;85.7;1.1912
1102172400;2.6;1187.0;-200.0;9.6;961.0;497.0;685.0;115.0;1408.0;1017.0;11.9;88.7;1.2352
1102176000;2.5;1116.0;-200.0;7.1;860.0;413.0;758.0;107.0;1316.0;937.0;12.3;87.0;1.2422
1102179600;2.3;1131.0;-200.0;8.3;912.0;444.0;728.0;120.0;1356.0;987.0;12.7;84.4;1.2352
1102183200;3.1;1215.0;-200.0;10.9;1012.0;533.0;653.0;120.0;1441.0;1131.0;13.1;81.7;1.2284
1102186800;1.9;1077.0;-200.0;6.9;852.0;325.0;773.0;108.0;1302.0;969.0;13.1;80.4;1.2038
1102190400;2.5;1210.0;-200.0;10.6;1000.0;439.0;679.0;115.0;1456.0;1062.0;13.4;79.9;1.2254
1102194000;3.1;1181.0;-200.0;9.4;956.0;506.0;689.0;124.0;1400.0;1058.0;13.8;76.8;1.206
1102197600;2.0;1088.0;-200.0;6.9;851.0;349.0;766.0;109.0;1307.0;959.0;14.0;75.9;1.2064
1102201200;1.9;1054.0;-200.0;5.6;794.0;235.0;830.0;93.0;1282.0;887.0;13.5;78.3;1.2097
1102204800;2.4;1096.0;-200.0;6.3;826.0;378.0;795.0;103.0;1285.0;911.0;13.0;79.2;1.182
1102208400;2.0;1042.0;-200.0;6.5;834.0;304.0;808.0;106.0;1267.0;914.0;12.4;77.5;1.1115
1102212000;1.2;887.0;-200.0;3.4;679.0;180.0;969.0;96.0;1132.0;786.0;12.3;71.2;1.0175
1102215600;1.0;884.0;-200.0;3.0;651.0;-200.0;1034.0;-200.0;1105.0;741.0;12.2;69.6;0.986
1102219200;1.0;862.0;-200.0;2.8;639.0;148.0;1033.0;81.0;1100.0;727.0;12.3;67.5;0.9624
1102222800;0.8;821.0;-200.0;2.0;584.0;106.0;1132.0;70.0;1070.0;686.0;12.7;65.6;0.9566
1102226400;0.6;797.0;-200.0;1.5;543.0;87.0;1235.0;60.0;1047.0;648.0;12.5;65.9;0.9533
1102230000;0.7;802.0;-200.0;1.4;538.0;96.0;1237.0;63.0;1042.0;645.0;12.4;65.4;0.9426
1102233600;0.8;848.0;-200.0;1.9;578.0;120.0;1160.0;68.0;1068.0;679.0;13.2;62.5;0.943
1102237200;0.9;863.0;-200.0;2.4;610.0;130.0;1088.0;68.0;1086.0;696.0;13.1;62.4;0.9366
1102240800;1.0;889.0;-200.0;3.1;661.0;140.0;1001.0;66.0;1115.0;735.0;12.9;64.7;0.9564
1102244400;1.3;969.0;-200.0;4.4;733.0;176.0;901.0;72.0;1191.0;803.0;13.0;67.6;1.009
1102248000;1.7;1013.0;-200.0;5.6;795.0;209.0;826.0;81.0;1257.0;848.0;13.0;69.7;1.0403
1102251600;2.4;1100.0;-200.0;6.7;842.0;309.0;774.0;89.0;1296.0;882.0;12.0;80.0;1.1167
1102255200;1.7;1019.0;-200.0;5.5;788.0;226.0;828.0;85.0;1267.0;812.0;11.4;83.7;1.1278
1102258800;1.8;1061.0;-200.0;7.7;887.0;246.0;745.0;86.0;1367.0;889.0;12.0;80.8;1.1264
1102262400;1.5;940.0;-200.0;3.7;692.0;208.0;934.0;83.0;1177.0;749.0;11.5;81.0;1.101
1102266000;1.1;904.0;-200.0;2.8;640.0;154.0;1022.0;77.0;1152.0;682.0;11.3;81.0;1.0851
1102269600;2.4;1120.0;-200.0;8.9;935.0;275.0;744.0;93.0;1385.0;922.0;12.0;78.4;1.0954
1102273200;2.0;987.0;-200.0;4.6;746.0;281.0;880.0;103.0;1212.0;833.0;12.1;75.5;1.0669
1102276800;1.5;971.0;-200.0;4.4;734.0;237.0;905.0;90.0;1187.0;808.0;12.5;71.9;1.0351
1102280400;1.7;965.0;-200.0;4.4;733.0;225.0;909.0;93.0;1173.0;790.0;12.6;70.5;1.0239
1102284000;1.0;873.0;-200.0;2.8;641.0;143.0;1025.0;72.0;1120.0;685.0;12.5;69.1;1.0003
1102287600;1.0;892.0;-200.0;3.3;672.0;146.0;1012.0;73.0;1111.0;706.0;13.1;64.3;0.9628
1102291200;1.0;857.0;-200.0;2.3;605.0;115.0;1094.0;64.0;1071.0;636.0;13.2;62.9;0.9517
1102294800;0.9;901.0;-200.0;3.2;662.0;125.0;1034.0;66.0;1127.0;678.0;13.3;63.6;0.9673
1102298400;1.1;901.0;-200.0;3.1;661.0;150.0;1022.0;71.0;1124.0;714.0;13.3;65.3;0.9948
1102302000;1.1;904.0;-200.0;3.0;649.0;-200.0;983.0;-200.0;1157.0;726.0;12.7;72.2;1.0525
1102305600;0.6;857.0;-200.0;1.7;562.0;78.0;1140.0;54.0;1130.0;646.0;11.9;79.6;1.1043
1102309200;0.7;881.0;-200.0;2.3;602.0;108.0;1034.0;58.0;1157.0;685.0;11.8;81.4;1.1238
1102312800;0.9;913.0;-200.0;3.8;701.0;181.0;926.0;72.0;1219.0;750.0;12.0;80.1;1.1231
1102316400;1.3;1012.0;-200.0;6.1;817.0;302.0;819.0;89.0;1314.0;878.0;12.2;78.8;1.1178
1102320000;3.1;1314.0;-200.0;15.8;1173.0;587.0;589.0;112.0;1627.0;1238.0;12.7;77.2;1.1298
1102323600;4.9;1479.0;-200.0;26.4;1465.0;712.0;471.0;131.0;2018.0;1572.0;13.4;74.4;1.1407
1102327200;4.7;1299.0;-200.0;18.5;1254.0;698.0;566.0;161.0;1662.0;1488.0;15.9;63.4;1.1349
1102330800;3.2;1221.0;-200.0;13.2;1090.0;576.0;641.0;135.0;1489.0;1424.0;18.5;52.9;1.1174
1102334400;2.5;1171.0;-200.0;12.0;1049.0;438.0;655.0;119.0;1418.0;1338.0;18.4;52.6;1.1064
1102338000;3.8;1316.0;-200.0;19.9;1293.0;562.0;538.0;144.0;1682.0;1559.0;19.4;49.8;1.1095
1102341600;3.3;1208.0;-200.0;16.4;1191.0;467.0;573.0;130.0;1589.0;1415.0;19.5;50.1;1.1225
1102345200;2.5;1145.0;-200.0;13.8;1112.0;323.0;621.0;109.0;1481.0;1331.0;20.3;47.5;1.1187
1102348800;2.7;1189.0;-200.0;15.6;1167.0;391.0;599.0;114.0;1541.0;1315.0;18.7;53.0;1.1322
1102352400;2.9;1173.0;-200.0;15.7;1170.0;379.0;597.0;115.0;1551.0;1289.0;17.3;57.1;1.1161
1102356000;3.1;1237.0;-200.0;18.0;1239.0;387.0;570.0;123.0;1620.0;1389.0;16.4;59.5;1.1017
1102359600;4.0;1253.0;-200.0;17.9;1238.0;433.0;571.0;138.0;1613.0;1351.0;15.9;60.8;1.088
1102363200;3.1;1155.0;-200.0;14.3;1126.0;349.0;617.0;123.0;1511.0;1267.0;15.5;60.7;1.0591
1102366800;2.7;1175.0;-200.0;12.8;1077.0;337.0;634.0;112.0;1480.0;1279.0;15.3;63.1;1.0872
1102370400;1.7;1001.0;-200.0;7.3;871.0;245.0;806.0;87.0;1264.0;1071.0;16.6;58.5;1.0963
1102374000;1.5;1014.0;-200.0;5.8;804.0;236.0;871.0;79.0;1233.0;994.0;14.6;64.7;1.0677
1102377600;1.4;966.0;-200.0;5.1;770.0;191.0;900.0;74.0;1206.0;956.0;14.0;66.1;1.05
1102381200;1.4;987.0;-200.0;5.5;786.0;273.0;901.0;75.0;1220.0;936.0;13.0;69.4;1.0364
1102384800;1.1;888.0;-200.0;3.5;680.0;211.0;985.0;70.0;1138.0;826.0;13.1;67.4;1.0101
1102388400;1.1;911.0;-200.0;4.2;719.0;-200.0;947.0;-200.0;1170.0;839.0;11.6;73.4;0.999
1102392000;-200.0;828.0;-200.0;2.6;627.0;146.0;1074.0;64.0;1103.0;748.0;11.9;71.4;0.9921
1102395600;0.6;857.0;-200.0;2.3;604.0;126.0;1126.0;63.0;1091.0;740.0;12.4;68.3;0.9801
1102399200;0.8;886.0;-200.0;2.8;641.0;146.0;1082.0;67.0;1098.0;783.0;14.1;60.6;0.9715
1102402800;1.0;964.0;-200.0;4.3;730.0;243.0;985.0;71.0;1146.0;891.0;12.9;64.2;0.9506
1102406400;2.8;1230.0;-200.0;12.6;1070.0;450.0;761.0;98.0;1431.0;1197.0;11.7;68.9;0.9439
1102410000;3.4;1236.0;-200.0;16.8;1203.0;499.0;681.0;114.0;1566.0;1311.0;12.5;65.8;0.9538
1102413600;3.3;1322.0;-200.0;17.3;1219.0;574.0;682.0;130.0;1591.0;1472.0;14.5;61.1;1.0007
1102417200;4.1;1407.0;-200.0;19.8;1292.0;679.0;643.0;155.0;1638.0;1694.0;16.9;54.2;1.0371
1102420800;3.5;1357.0;-200.0;21.6;1339.0;572.0;657.0;141.0;1583.0;1639.0;17.4;53.3;1.0528
1102424400;3.0;1289.0;-200.0;18.0;1239.0;396.0;733.0;118.0;1635.0;1469.0;18.8;49.3;1.0581
1102428000;3.6;1257.0;-200.0;16.0;1179.0;455.0;818.0;134.0;1545.0;1415.0;19.4;47.1;1.051
1102431600;3.0;1199.0;-200.0;13.7;1108.0;423.0;818.0;123.0;1450.0;1250.0;19.2;47.1;1.0371
1102435200;2.6;1181.0;-200.0;14.1;1121.0;356.0;629.0;117.0;1466.0;1236.0;17.7;51.5;1.0315
1102438800;2.6;1175.0;-200.0;13.9;1112.0;350.0;628.0;110.0;1484.0;1212.0;16.5;54.6;1.0164
1102442400;3.1;1202.0;-200.0;14.3;1126.0;359.0;606.0;115.0;1480.0;1212.0;15.4;57.9;1.0068
1102446000;3.2;1170.0;-200.0;13.3;1095.0;358.0;618.0;116.0;1470.0;1195.0;15.2;58.4;1.0007
1102449600;2.4;1115.0;-200.0;11.6;1036.0;289.0;649.0;99.0;1381.0;1200.0;14.9;58.4;0.9843
1102453200;2.6;1130.0;-200.0;11.3;1026.0;359.0;657.0;115.0;1374.0;1209.0;14.5;60.4;0.9909
1102456800;2.4;1195.0;-200.0;11.0;1013.0;355.0;646.0;104.0;1345.0;1276.0;14.5;62.3;1.0216
1102460400;1.8;1111.0;-200.0;7.7;887.0;244.0;720.0;92.0;1262.0;1132.0;14.6;60.6;1.0033
1102464000;1.7;1092.0;-200.0;7.0;855.0;194.0;750.0;84.0;1231.0;1061.0;15.0;59.3;1.0045
1102467600;1.9;1111.0;-200.0;7.0;856.0;176.0;746.0;81.0;1254.0;1036.0;14.7;60.3;1.0031
1102471200;1.4;992.0;-200.0;4.4;731.0;170.0;1035.0;77.0;1149.0;911.0;15.3;59.1;1.0191
1102474800;1.5;1051.0;-200.0;6.1;815.0;-200.0;1305.0;-200.0;1203.0;951.0;12.3;69.7;0.9954
1102478400;1.7;1080.0;-200.0;7.9;896.0;212.0;1075.0;75.0;1262.0;1033.0;11.6;72.5;0.9916
1102482000;1.0;893.0;-200.0;3.1;655.0;146.0;990.0;69.0;1097.0;816.0;12.0;71.9;1.003
1102485600;0.9;923.0;-200.0;3.2;664.0;177.0;988.0;67.0;1121.0;822.0;11.8;71.8;0.9909
1102489200;1.0;950.0;-200.0;4.0;713.0;172.0;917.0;68.0;1139.0;841.0;11.8;71.4;0.9864
1102492800;1.0;947.0;-200.0;3.2;666.0;159.0;985.0;68.0;1115.0;795.0;12.8;66.3;0.9804
1102496400;1.1;973.0;-200.0;4.0;712.0;184.0;923.0;69.0;1157.0;831.0;13.2;65.2;0.9841
1102500000;1.7;1111.0;-200.0;7.6;884.0;310.0;751.0;81.0;1280.0;1025.0;13.1;66.2;0.9933
1102503600;2.3;1206.0;-200.0;9.8;969.0;363.0;701.0;95.0;1365.0;1178.0;14.3;63.3;1.0266
1102507200;2.1;1202.0;-200.0;9.5;958.0;302.0;732.0;92.0;1330.0;1181.0;16.0;58.1;1.0482
1102510800;2.7;1261.0;-200.0;11.2;1022.0;424.0;635.0;113.0;1407.0;1250.0;17.3;53.9;1.0562
1102514400;2.3;1102.0;-200.0;6.9;855.0;258.0;763.0;98.0;1279.0;1039.0;17.3;53.3;1.0407
1102518000;1.2;997.0;-200.0;4.6;742.0;179.0;911.0;82.0;1180.0;899.0;16.7;54.7;1.0311
1102521600;1.4;1049.0;-200.0;5.5;790.0;221.0;870.0;96.0;1183.0;1019.0;15.4;58.9;1.02
1102525200;1.9;1082.0;-200.0;6.5;834.0;303.0;800.0;107.0;1207.0;1057.0;15.2;58.0;0.9927
1102528800;2.6;1177.0;-200.0;10.3;987.0;429.0;692.0;119.0;1324.0;1229.0;16.2;54.5;0.9956
1102532400;2.4;1166.0;-200.0;8.9;935.0;357.0;756.0;114.0;1301.0;1135.0;16.5;55.3;1.0267
1102536000;3.5;1352.0;-200.0;14.0;1118.0;438.0;625.0;127.0;1524.0;1188.0;14.6;72.1;1.1947
1102539600;3.5;1210.0;-200.0;9.2;947.0;457.0;697.0;121.0;1404.0;1060.0;13.9;76.7;1.2098
1102543200;2.2;1161.0;-200.0;8.2;909.0;355.0;721.0;109.0;1370.0;962.0;13.7;79.3;1.2326
1102546800;2.3;1142.0;-200.0;7.2;866.0;348.0;815.0;107.0;1329.0;939.0;13.8;77.3;1.2169
1102550400;1.9;1054.0;-200.0;5.5;789.0;241.0;886.0;100.0;1254.0;864.0;14.2;71.7;1.1578
1102554000;1.0;926.0;-200.0;2.9;649.0;134.0;1035.0;83.0;1145.0;741.0;14.9;65.7;1.105
1102557600;0.8;873.0;-200.0;2.0;583.0;94.0;1155.0;66.0;1108.0;642.0;14.7;67.3;1.1177
1102561200;0.5;832.0;-200.0;1.2;518.0;-200.0;1264.0;-200.0;1061.0;539.0;15.2;63.2;1.0821
1102564800;0.4;803.0;-200.0;0.7;466.0;33.0;1451.0;30.0;1034.0;449.0;14.8;65.5;1.0965
1102568400;0.4;818.0;-200.0;0.7;463.0;33.0;1509.0;29.0;1046.0;437.0;14.4;68.5;1.1158
1102572000;0.4;814.0;-200.0;0.8;482.0;57.0;1426.0;41.0;1027.0;457.0;14.5;62.9;1.0335
1102575600;0.6;832.0;-200.0;1.3;530.0;112.0;1346.0;63.0;1027.0;512.0;14.6;56.7;0.9358
1102579200;1.9;1091.0;-200.0;7.6;882.0;358.0;844.0;114.0;1288.0;931.0;15.0;55.3;0.9338
1102582800;2.0;1019.0;-200.0;7.4;874.0;287.0;1113.0;114.0;1235.0;905.0;14.5;56.5;0.9306
1102586400;1.4;937.0;-200.0;4.7;750.0;263.0;1386.0;102.0;1141.0;790.0;14.3;55.4;0.9005
1102590000;1.4;950.0;-200.0;5.4;786.0;282.0;1038.0;101.0;1145.0;850.0;14.7;52.5;0.8716
1102593600;1.5;962.0;-200.0;5.4;785.0;286.0;993.0;103.0;1161.0;870.0;15.5;51.7;0.9033
1102597200;1.6;969.0;-200.0;6.0;812.0;259.0;989.0;100.0;1189.0;842.0;14.9;53.4;0.8998
1102600800;1.8;1010.0;-200.0;7.1;863.0;265.0;915.0;95.0;1257.0;886.0;15.2;51.0;0.8762
1102604400;1.4;946.0;-200.0;5.3;780.0;249.0;945.0;99.0;1142.0;801.0;15.2;50.1;0.858
1102608000;1.7;988.0;-200.0;7.2;865.0;268.0;876.0;102.0;1190.0;895.0;15.6;46.6;0.8176
1102611600;1.7;948.0;-200.0;5.7;799.0;226.0;1539.0;105.0;1145.0;827.0;14.8;48.4;0.8069
1102615200;2.3;1045.0;-200.0;9.5;960.0;301.0;1376.0;118.0;1259.0;972.0;14.6;48.0;0.7902
1102618800;3.2;1114.0;-200.0;12.2;1057.0;388.0;777.0;135.0;1301.0;1079.0;15.1;45.4;0.7759
1102622400;2.6;1006.0;-200.0;10.3;987.0;285.0;1028.0;124.0;1247.0;964.0;14.5;45.4;0.7458
1102626000;1.6;889.0;-200.0;4.5;738.0;197.0;1379.0;100.0;1061.0;743.0;13.4;48.1;0.7374
1102629600;0.8;792.0;-200.0;2.0;583.0;105.0;1972.0;66.0;946.0;517.0;12.3;48.7;0.6931
1102633200;0.7;808.0;-200.0;1.8;572.0;88.0;1729.0;57.0;954.0;468.0;12.0;51.2;0.7179
1102636800;0.6;814.0;-200.0;1.9;574.0;92.0;1613.0;58.0;965.0;461.0;11.9;54.6;0.7589
1102640400;0.7;827.0;-200.0;2.7;636.0;88.0;1485.0;59.0;980.0;483.0;13.7;45.0;0.6991
1102644000;0.7;801.0;-200.0;2.7;633.0;90.0;1489.0;60.0;940.0;482.0;14.7;37.5;0.622
1102647600;0.5;770.0;-200.0;2.2;600.0;-200.0;2081.0;-200.0;901.0;416.0;13.8;36.8;0.576
1102651200;-200.0;721.0;-200.0;0.7;470.0;42.0;2331.0;35.0;815.0;367.0;13.2;35.6;0.5375
1102654800;0.3;709.0;-200.0;0.5;437.0;31.0;2559.0;27.0;787.0;324.0;12.0;37.3;0.5239
1102658400;0.4;734.0;-200.0;0.8;478.0;51.0;2294.0;39.0;805.0;378.0;11.7;38.1;0.5223
1102662000;0.5;770.0;-200.0;1.4;533.0;100.0;2683.0;63.0;839.0;480.0;11.5;38.0;0.5159
1102665600;1.4;919.0;-200.0;5.6;795.0;315.0;2327.0;110.0;998.0;822.0;12.3;35.8;0.5086
1102669200;2.4;996.0;-200.0;10.6;998.0;417.0;2318.0;128.0;1136.0;1060.0;12.9;34.5;0.5102
1102672800;1.8;925.0;-200.0;7.2;866.0;328.0;2542.0;122.0;1013.0;916.0;14.4;30.2;0.4911
1102676400;1.5;883.0;-200.0;6.2;821.0;304.0;886.0;111.0;967.0;844.0;16.2;26.2;0.4789
1102680000;1.5;884.0;-200.0;6.2;822.0;300.0;909.0;110.0;968.0;807.0;17.1;23.5;0.453
1102683600;1.8;920.0;-200.0;8.1;903.0;306.0;849.0;114.0;1011.0;853.0;18.1;21.3;0.4396
1102687200;2.1;941.0;-200.0;9.0;941.0;342.0;837.0;114.0;1036.0;884.0;18.8;20.0;0.4278
1102690800;1.7;934.0;-200.0;8.4;914.0;324.0;873.0;111.0;1016.0;834.0;18.1;20.8;0.4274
1102694400;2.3;929.0;-200.0;8.7;928.0;327.0;842.0;116.0;1001.0;893.0;17.6;19.9;0.3952
1102698000;2.9;972.0;-200.0;11.8;1043.0;404.0;764.0;148.0;1083.0;1037.0;16.0;20.8;0.3757
1102701600;4.0;1073.0;-200.0;16.5;1195.0;575.0;675.0;177.0;1249.0;1244.0;14.6;23.7;0.3903
1102705200;4.2;1050.0;-200.0;18.7;1260.0;539.0;662.0;164.0;1256.0;1269.0;13.7;22.9;0.3581
1102708800;3.5;980.0;-200.0;14.5;1132.0;460.0;742.0;151.0;1102.0;1125.0;12.8;21.7;0.3182
1102712400;2.6;872.0;-200.0;8.0;900.0;386.0;918.0;147.0;910.0;946.0;12.7;21.3;0.3119
1102716000;1.3;802.0;-200.0;4.6;743.0;202.0;1051.0;110.0;826.0;751.0;12.8;22.5;0.3309
1102719600;1.0;792.0;-200.0;3.4;674.0;162.0;1122.0;99.0;810.0;670.0;12.6;23.4;0.3408
1102723200;1.6;857.0;-200.0;4.8;753.0;261.0;1034.0;116.0;860.0;754.0;12.4;24.0;0.3443
1102726800;1.6;856.0;-200.0;4.4;734.0;263.0;1041.0;121.0;853.0;781.0;12.5;24.0;0.3462
1102730400;1.1;869.0;-200.0;3.8;702.0;159.0;1019.0;103.0;891.0;842.0;11.9;32.4;0.4489
1102734000;1.1;890.0;-200.0;3.6;688.0;-200.0;1015.0;-200.0;897.0;840.0;11.7;33.8;0.4623
1102737600;0.8;834.0;-200.0;2.7;632.0;111.0;1102.0;83.0;871.0;746.0;11.5;34.2;0.4621
1102741200;0.8;860.0;-200.0;2.4;616.0;104.0;1105.0;76.0;873.0;754.0;10.5;37.8;0.4799
1102744800;1.0;909.0;-200.0;4.3;728.0;221.0;933.0;107.0;948.0;905.0;7.8;47.4;0.5046
1102748400;1.2;955.0;-200.0;5.2;772.0;243.0;1030.0;106.0;957.0;960.0;9.3;43.1;0.5062
1102752000;1.7;1035.0;-200.0;8.4;914.0;356.0;947.0;124.0;1064.0;1080.0;8.2;46.8;0.5091
1102755600;2.4;1087.0;-200.0;14.1;1121.0;429.0;711.0;134.0;1177.0;1209.0;10.7;34.2;0.439
1102759200;2.8;1101.0;-200.0;13.0;1083.0;518.0;692.0;147.0;1130.0;1243.0;14.4;28.2;0.4593
1102762800;2.9;1135.0;-200.0;13.5;1100.0;460.0;679.0;146.0;1161.0;1273.0;17.4;23.3;0.4599
1102766400;2.6;1095.0;-200.0;12.5;1067.0;389.0;702.0;133.0;1152.0;1216.0;17.8;23.6;0.4766
1102770000;2.3;986.0;-200.0;8.8;931.0;362.0;815.0;120.0;1011.0;976.0;18.3;19.5;0.4044
1102773600;2.3;991.0;-200.0;9.0;940.0;337.0;816.0;117.0;1035.0;973.0;18.9;18.9;0.4091
1102777200;1.7;926.0;-200.0;6.1;815.0;254.0;931.0;109.0;945.0;827.0;18.4;19.7;0.4117
1102780800;1.8;974.0;-200.0;7.8;891.0;281.0;857.0;112.0;1005.0;912.0;17.8;21.0;0.4234
1102784400;2.5;1042.0;-200.0;11.5;1031.0;369.0;756.0;131.0;1094.0;1084.0;16.1;23.4;0.4248
1102788000;2.4;1006.0;-200.0;10.7;1005.0;350.0;781.0;133.0;1071.0;1045.0;14.9;24.9;0.4178
1102791600;2.0;979.0;-200.0;9.2;946.0;323.0;826.0;138.0;1018.0;1026.0;14.6;24.6;0.4054
1102795200;2.3;1072.0;-200.0;10.9;1011.0;340.0;762.0;142.0;1075.0;1172.0;14.2;26.8;0.4332
1102798800;2.9;1217.0;-200.0;11.6;1037.0;443.0;669.0;138.0;1167.0;1452.0;13.3;38.7;0.5867
1102802400;2.0;1124.0;-200.0;9.0;939.0;292.0;737.0;118.0;1126.0;1317.0;11.2;45.1;0.6004
1102806000;2.5;1152.0;-200.0;11.6;1036.0;372.0;670.0;120.0;1206.0;1365.0;8.8;52.5;0.5969
1102809600;3.0;1216.0;-200.0;11.7;1039.0;443.0;685.0;132.0;1183.0;1378.0;8.6;54.3;0.606
1102813200;2.4;1095.0;-200.0;11.3;1024.0;360.0;708.0;121.0;1219.0;1246.0;8.1;53.2;0.5746
1102816800;2.6;1099.0;-200.0;10.4;994.0;401.0;715.0;117.0;1164.0;1186.0;6.8;57.8;0.5768
1102820400;2.0;974.0;-200.0;6.4;832.0;-200.0;832.0;-200.0;1035.0;1024.0;6.6;58.1;0.5687
1102824000;2.1;1091.0;-200.0;9.8;971.0;273.0;703.0;102.0;1148.0;1187.0;5.4;64.1;0.5772
1102827600;1.7;955.0;-200.0;5.8;804.0;199.0;843.0;95.0;1017.0;1007.0;5.6;61.6;0.5656
1102831200;1.5;975.0;-200.0;7.0;859.0;177.0;777.0;81.0;1043.0;1019.0;4.2;69.0;0.5737
1102834800;1.3;909.0;-200.0;4.0;709.0;206.0;936.0;95.0;953.0;921.0;4.8;64.6;0.563
1102838400;1.9;992.0;-200.0;6.9;853.0;323.0;821.0;111.0;1052.0;1038.0;4.0;69.0;0.5661
1102842000;2.0;1018.0;-200.0;7.7;889.0;392.0;780.0;118.0;1085.0;1105.0;4.9;66.3;0.5786
1102845600;2.7;1100.0;-200.0;9.9;974.0;420.0;728.0;130.0;1131.0;1208.0;9.4;48.7;0.5748
1102849200;2.4;1101.0;-200.0;8.9;934.0;333.0;751.0;116.0;1085.0;1208.0;12.6;39.9;0.5804
1102852800;2.7;1148.0;-200.0;11.3;1025.0;395.0;701.0;128.0;1165.0;1282.0;14.4;35.3;0.5763
1102856400;3.2;1253.0;-200.0;13.7;1108.0;478.0;633.0;156.0;1253.0;1494.0;15.1;37.4;0.6374
1102860000;3.4;1229.0;-200.0;12.7;1075.0;470.0;638.0;169.0;1226.0;1500.0;16.0;35.8;0.6456
1102863600;3.2;1250.0;-200.0;14.5;1133.0;508.0;629.0;168.0;1274.0;1463.0;17.5;30.8;0.6095
1102867200;4.3;1432.0;-200.0;18.4;1251.0;596.0;547.0;178.0;1396.0;1722.0;17.2;34.2;0.6669
1102870800;5.0;1530.0;-200.0;22.0;1352.0;694.0;491.0;178.0;1550.0;1934.0;14.3;45.8;0.7452
1102874400;6.3;1604.0;-200.0;25.4;1438.0;968.0;466.0;188.0;1650.0;2018.0;12.2;53.9;0.7617
1102878000;4.6;1352.0;-200.0;16.4;1191.0;658.0;570.0;169.0;1362.0;1796.0;11.6;51.2;0.6965
1102881600;3.1;1235.0;-200.0;12.4;1065.0;409.0;640.0;133.0;1213.0;1594.0;11.3;50.1;0.672
1102885200;2.6;1127.0;-200.0;9.6;962.0;345.0;751.0;125.0;1120.0;1389.0;10.6;51.2;0.6541
1102888800;2.1;1073.0;-200.0;7.1;860.0;230.0;896.0;110.0;1058.0;1238.0;9.6;51.7;0.6163
1102892400;2.1;1074.0;-200.0;7.2;867.0;285.0;888.0;112.0;1064.0;1221.0;8.7;55.2;0.6225
1102896000;2.5;1133.0;-200.0;9.3;951.0;310.0;825.0;112.0;1156.0;1254.0;7.9;60.2;0.6432
1102899600;2.0;1021.0;-200.0;5.9;808.0;224.0;961.0;102.0;1048.0;1098.0;7.9;59.2;0.6331
1102903200;1.8;995.0;-200.0;5.9;807.0;213.0;978.0;90.0;1056.0;1044.0;6.7;64.6;0.6381
1102906800;1.3;882.0;-200.0;2.4;614.0;-200.0;1221.0;-200.0;931.0;888.0;6.9;62.3;0.6227
1102910400;-200.0;869.0;-200.0;2.1;594.0;103.0;1326.0;66.0;935.0;835.0;6.3;64.6;0.6197
1102914000;0.7;868.0;-200.0;1.8;567.0;91.0;1238.0;64.0;919.0;823.0;6.4;63.3;0.6123
1102917600;0.9;921.0;-200.0;3.1;655.0;178.0;1001.0;81.0;972.0;908.0;6.4;64.4;0.6204
1102921200;1.5;1041.0;-200.0;6.8;846.0;351.0;829.0;106.0;1112.0;1076.0;5.6;68.9;0.6328
1102924800;3.4;1275.0;-200.0;16.4;1193.0;587.0;596.0;140.0;1389.0;1393.0;6.4;65.6;0.6348
1102928400;3.4;1238.0;-200.0;16.7;1202.0;475.0;748.0;138.0;1382.0;1429.0;7.3;61.4;0.6306
1102932000;3.2;1288.0;-200.0;17.3;1220.0;576.0;937.0;165.0;1391.0;1594.0;9.6;53.7;0.6409
1102935600;4.8;1422.0;-200.0;22.4;1362.0;920.0;775.0;214.0;1509.0;1956.0;12.0;45.9;0.6421
1102939200;3.5;1293.0;-200.0;17.9;1236.0;710.0;784.0;178.0;1370.0;1872.0;12.7;44.4;0.6512
1102942800;4.1;1410.0;-200.0;22.4;1363.0;696.0;690.0;187.0;1515.0;2014.0;13.9;42.8;0.6761
1102946400;4.8;1425.0;-200.0;23.3;1386.0;744.0;691.0;203.0;1536.0;1978.0;15.0;41.4;0.7016
1102950000;4.4;1590.0;-200.0;28.0;1503.0;743.0;575.0;204.0;1559.0;2257.0;16.0;38.7;0.6987
1102953600;4.5;1520.0;-200.0;30.1;1552.0;801.0;568.0;198.0;1615.0;2104.0;16.0;38.6;0.6952
1102957200;5.9;1595.0;-200.0;33.4;1628.0;1014.0;495.0;218.0;1822.0;2140.0;14.1;44.9;0.7194
1102960800;9.9;1881.0;-200.0;50.8;1983.0;1479.0;334.0;269.0;2271.0;2523.0;12.6;55.9;0.8142
1102964400;6.9;1633.0;-200.0;35.6;1677.0;1018.0;400.0;217.0;1880.0;2188.0;11.7;60.8;0.8336
1102968000;4.3;1391.0;-200.0;21.5;1338.0;729.0;509.0;183.0;1514.0;1816.0;11.5;60.9;0.8249
1102971600;2.9;1263.0;-200.0;15.5;1164.0;508.0;581.0;147.0;1338.0;1587.0;10.6;64.1;0.8182
1102975200;2.0;1147.0;-200.0;10.9;1012.0;347.0;665.0;120.0;1214.0;1381.0;10.1;66.2;0.8185
1102978800;1.7;1103.0;-200.0;8.7;928.0;327.0;715.0;112.0;1174.0;1287.0;9.0;70.1;0.8036
1102982400;1.9;1071.0;-200.0;7.4;873.0;339.0;739.0;107.0;1150.0;1193.0;8.6;70.5;0.7915
1102986000;2.0;1137.0;-200.0;9.9;975.0;358.0;687.0;103.0;1234.0;1223.0;7.6;74.3;0.7783
1102989600;1.9;1066.0;-200.0;8.2;907.0;377.0;728.0;97.0;1174.0;1122.0;6.9;76.1;0.759
1102993200;1.0;918.0;-200.0;3.9;704.0;-200.0;920.0;-200.0;1032.0;932.0;8.0;70.6;0.7607
1102996800;0.8;895.0;-200.0;3.2;663.0;165.0;977.0;74.0;1007.0;866.0;6.8;75.4;0.7475
1103000400;0.7;885.0;-200.0;3.0;655.0;145.0;996.0;68.0;1015.0;848.0;6.6;75.3;0.7378
1103004000;1.1;964.0;-200.0;5.4;784.0;282.0;824.0;92.0;1080.0;959.0;6.0;77.3;0.7262
1103007600;1.7;1088.0;-200.0;8.7;927.0;494.0;715.0;111.0;1196.0;1154.0;6.0;76.7;0.722
1103011200;3.1;1274.0;-200.0;15.4;1160.0;606.0;587.0;133.0;1412.0;1373.0;6.9;73.7;0.7348
1103014800;4.4;1406.0;-200.0;27.2;1483.0;581.0;478.0;139.0;1767.0;1708.0;7.6;70.6;0.7371
1103018400;5.6;1521.0;-200.0;30.7;1568.0;920.0;440.0;192.0;1843.0;2097.0;9.3;64.2;0.7544
1103022000;4.4;1408.0;-200.0;24.3;1412.0;811.0;484.0;192.0;1608.0;2056.0;11.7;55.7;0.763
1103025600;4.4;1377.0;-200.0;21.7;1342.0;786.0;499.0;206.0;1546.0;2006.0;12.9;54.1;0.8003
1103029200;4.7;1470.0;-200.0;25.8;1450.0;677.0;481.0;182.0;1706.0;2015.0;14.0;53.0;0.8451
1103032800;4.2;1416.0;-200.0;21.8;1346.0;612.0;609.0;192.0;1570.0;1945.0;15.1;50.2;0.8552
1103036400;3.3;1383.0;-200.0;20.6;1314.0;524.0;785.0;188.0;1538.0;1793.0;16.7;47.3;0.8883
1103040000;5.1;1574.0;-200.0;27.2;1483.0;775.0;460.0;186.0;1778.0;1962.0;16.8;48.4;0.9175
1103043600;7.4;-200.0;-200.0;-200.0;-200.0;1159.0;-200.0;257.0;-200.0;-200.0;-200.0;-200.0;-200.0
1103047200;9.3;-200.0;-200.0;-200.0;-200.0;1310.0;-200.0;248.0;-200.0;-200.0;-200.0;-200.0;-200.0
1103050800;7.4;-200.0;-200.0;-200.0;-200.0;1037.0;-200.0;208.0;-200.0;-200.0;-200.0;-200.0;-200.0
1103054400;5.3;-200.0;-200.0;-200.0;-200.0;791.0;-200.0;167.0;-200.0;-200.0;-200.0;-200.0;-200.0
1103058000;4.1;-200.0;-200.0;-200.0;-200.0;670.0;-200.0;148.0;-200.0;-200.0;-200.0;-200.0;-200.0
1103061600;2.5;-200.0;-200.0;-200.0;-200.0;341.0;-200.0;112.0;-200.0;-200.0;-200.0;-200.0;-200.0
1103065200;2.1;-200.0;-200.0;-200.0;-200.0;365.0;-200.0;108.0;-200.0;-200.0;-200.0;-200.0;-200.0
1103068800;2.9;-200.0;-200.0;-200.0;-200.0;510.0;-200.0;115.0;-200.0;-200.0;-200.0;-200.0;-200.0
1103072400;2.3;-200.0;-200.0;-200.0;-200.0;352.0;-200.0;96.0;-200.0;-200.0;-200.0;-200.0;-200.0
1103076000;1.7;-200.0;-200.0;-200.0;-200.0;299.0;-200.0;87.0;-200.0;-200.0;-200.0;-200.0;-200.0
1103079600;0.9;-200.0;-200.0;-200.0;-200.0;-200.0;-200.0;-200.0;-200.0;-200.0;-200.0;-200.0;-200.0
1103083200;0.7;-200.0;-200.0;-200.0;-200.0;103.0;-200.0;61.0;-200.0;-200.0;-200.0;-200.0;-200.0
1103086800;0.8;-200.0;-200.0;-200.0;-200.0;133.0;-200.0;61.0;-200.0;-200.0;-200.0;-200.0;-200.0
1103090400;1.0;-200.0;-200.0;-200.0;-200.0;244.0;-200.0;82.0;-200.0;-200.0;-200.0;-200.0;-200.0
1103094000;1.2;-200.0;-200.0;-200.0;-200.0;222.0;-200.0;83.0;-200.0;-200.0;-200.0;-200.0;-200.0
1103097600;3.5;-200.0;-200.0;-200.0;-200.0;591.0;-200.0;116.0;-200.0;-200.0;-200.0;-200.0;-200.0
1103101200;4.5;-200.0;-200.0;-200.0;-200.0;821.0;-200.0;147.0;-200.0;-200.0;-200.0;-200.0;-200.0
1103104800;4.9;-200.0;-200.0;-200.0;-200.0;803.0;-200.0;167.0;-200.0;-200.0;-200.0;-200.0;-200.0
1103108400;3.5;-200.0;-200.0;-200.0;-200.0;809.0;-200.0;176.0;-200.0;-200.0;-200.0;-200.0;-200.0
1103112000;3.4;-200.0;-200.0;-200.0;-200.0;836.0;-200.0;177.0;-200.0;-200.0;-200.0;-200.0;-200.0
1103115600;4.0;-200.0;-200.0;-200.0;-200.0;820.0;-200.0;169.0;-200.0;-200.0;-200.0;-200.0;-200.0
1103119200;4.3;-200.0;-200.0;-200.0;-200.0;861.0;-200.0;181.0;-200.0;-200.0;-200.0;-200.0;-200.0
1103122800;4.0;-200.0;-200.0;-200.0;-200.0;842.0;-200.0;183.0;-200.0;-200.0;-200.0;-200.0;-200.0
1103126400;4.7;-200.0;-200.0;-200.0;-200.0;933.0;-200.0;176.0;-200.0;-200.0;-200.0;-200.0;-200.0
1103130000;6.6;-200.0;-200.0;-200.0;-200.0;1237.0;-200.0;229.0;-200.0;-200.0;-200.0;-200.0;-200.0
1103133600;7.3;-200.0;-200.0;-200.0;-200.0;1137.0;-200.0;214.0;-200.0;-200.0;-200.0;-200.0;-200.0
1103137200;3.6;-200.0;-200.0;-200.0;-200.0;484.0;-200.0;137.0;-200.0;-200.0;-200.0;-200.0;-200.0
1103140800;2.4;-200.0;-200.0;-200.0;-200.0;325.0;-200.0;115.0;-200.0;-200.0;-200.0;-200.0;-200.0
1103144400;2.1;-200.0;-200.0;-200.0;-200.0;292.0;-200.0;107.0;-200.0;-200.0;-200.0;-200.0;-200.0
1103148000;2.1;-200.0;-200.0;-200.0;-200.0;303.0;-200.0;105.0;-200.0;-200.0;-200.0;-200.0;-200.0
1103151600;1.7;-200.0;-200.0;-200.0;-200.0;242.0;-200.0;96.0;-200.0;-200.0;-200.0;-200.0;-200.0
1103155200;2.2;-200.0;-200.0;-200.0;-200.0;314.0;-200.0;100.0;-200.0;-200.0;-200.0;-200.0;-200.0
1103158800;2.0;-200.0;-200.0;-200.0;-200.0;289.0;-200.0;100.0;-200.0;-200.0;-200.0;-200.0;-200.0
1103162400;1.6;-200.0;-200.0;-200.0;-200.0;224.0;-200.0;92.0;-200.0;-200.0;-200.0;-200.0;-200.0
1103166000;1.7;-200.0;-200.0;-200.0;-200.0;-200.0;-200.0;-200.0;-200.0;-200.0;-200.0;-200.0;-200.0
1103169600;-200.0;-200.0;-200.0;-200.0;-200.0;191.0;-200.0;81.0;-200.0;-200.0;-200.0;-200.0;-200.0
1103173200;1.0;-200.0;-200.0;-200.0;-200.0;149.0;-200.0;74.0;-200.0;-200.0;-200.0;-200.0;-200.0
1103176800;1.0;-200.0;-200.0;-200.0;-200.0;212.0;-200.0;81.0;-200.0;-200.0;-200.0;-200.0;-200.0
1103180400;1.6;-200.0;-200.0;-200.0;-200.0;398.0;-200.0;99.0;-200.0;-200.0;-200.0;-200.0;-200.0
1103184000;3.5;-200.0;-200.0;-200.0;-200.0;763.0;-200.0;123.0;-200.0;-200.0;-200.0;-200.0;-200.0
1103187600;5.3;-200.0;-200.0;-200.0;-200.0;905.0;-200.0;146.0;-200.0;-200.0;-200.0;-200.0;-200.0
1103191200;4.6;-200.0;-200.0;-200.0;-200.0;849.0;-200.0;161.0;-200.0;-200.0;-200.0;-200.0;-200.0
1103194800;4.5;-200.0;-200.0;-200.0;-200.0;1015.0;-200.0;210.0;-200.0;-200.0;-200.0;-200.0;-200.0
1103198400;4.2;-200.0;-200.0;-200.0;-200.0;845.0;-200.0;190.0;-200.0;-200.0;-200.0;-200.0;-200.0
1103202000;4.1;-200.0;-200.0;-200.0;-200.0;740.0;-200.0;170.0;-200.0;-200.0;-200.0;-200.0;-200.0
1103205600;5.5;-200.0;-200.0;-200.0;-200.0;1018.0;-200.0;212.0;-200.0;-200.0;-200.0;-200.0;-200.0
1103209200;4.8;-200.0;-200.0;-200.0;-200.0;1058.0;-200.0;217.0;-200.0;-200.0;-200.0;-200.0;-200.0
1103212800;5.5;-200.0;-200.0;-200.0;-200.0;1182.0;-200.0;236.0;-200.0;-200.0;-200.0;-200.0;-200.0
1103216400;5.2;-200.0;-200.0;-200.0;-200.0;1089.0;-200.0;217.0;-200.0;-200.0;-200.0;-200.0;-200.0
1103220000;7.5;-200.0;-200.0;-200.0;-200.0;1186.0;-200.0;231.0;-200.0;-200.0;-200.0;-200.0;-200.0
1103223600;8.6;-200.0;-200.0;-200.0;-200.0;1235.0;-200.0;227.0;-200.0;-200.0;-200.0;-200.0;-200.0
1103227200;9.1;-200.0;-200.0;-200.0;-200.0;1253.0;-200.0;219.0;-200.0;-200.0;-200.0;-200.0;-200.0
1103230800;8.6;-200.0;-200.0;-200.0;-200.0;1237.0;-200.0;203.0;-200.0;-200.0;-200.0;-200.0;-200.0
1103234400;5.4;-200.0;-200.0;-200.0;-200.0;1060.0;-200.0;186.0;-200.0;-200.0;-200.0;-200.0;-200.0
1103238000;4.3;-200.0;-200.0;-200.0;-200.0;873.0;-200.0;173.0;-200.0;-200.0;-200.0;-200.0;-200.0
1103241600;4.2;-200.0;-200.0;-200.0;-200.0;807.0;-200.0;162.0;-200.0;-200.0;-200.0;-200.0;-200.0
1103245200;4.3;-200.0;-200.0;-200.0;-200.0;798.0;-200.0;161.0;-200.0;-200.0;-200.0;-200.0;-200.0
1103248800;4.2;-200.0;-200.0;-200.0;-200.0;691.0;-200.0;144.0;-200.0;-200.0;-200.0;-200.0;-200.0
1103252400;2.8;-200.0;-200.0;-200.0;-200.0;-200.0;-200.0;-200.0;-200.0;-200.0;-200.0;-200.0;-200.0
1103256000;2.2;-200.0;-200.0;-200.0;-200.0;433.0;-200.0;119.0;-200.0;-200.0;-200.0;-200.0;-200.0
1103259600;1.8;-200.0;-200.0;-200.0;-200.0;371.0;-200.0;112.0;-200.0;-200.0;-200.0;-200.0;-200.0
1103263200;2.0;-200.0;-200.0;-200.0;-200.0;469.0;-200.0;111.0;-200.0;-200.0;-200.0;-200.0;-200.0
1103266800;2.5;-200.0;-200.0;-200.0;-200.0;658.0;-200.0;122.0;-200.0;-200.0;-200.0;-200.0;-200.0
1103270400;4.1;-200.0;-200.0;-200.0;-200.0;854.0;-200.0;137.0;-200.0;-200.0;-200.0;-200.0;-200.0
1103274000;6.3;-200.0;-200.0;-200.0;-200.0;1005.0;-200.0;151.0;-200.0;-200.0;-200.0;-200.0;-200.0
1103277600;5.0;-200.0;-200.0;-200.0;-200.0;937.0;-200.0;164.0;-200.0;-200.0;-200.0;-200.0;-200.0
1103281200;5.1;-200.0;-200.0;-200.0;-200.0;963.0;-200.0;198.0;-200.0;-200.0;-200.0;-200.0;-200.0
1103284800;3.6;-200.0;-200.0;-200.0;-200.0;635.0;-200.0;213.0;-200.0;-200.0;-200.0;-200.0;-200.0
1103288400;3.5;-200.0;-200.0;-200.0;-200.0;521.0;-200.0;164.0;-200.0;-200.0;-200.0;-200.0;-200.0
1103292000;3.7;-200.0;-200.0;-200.0;-200.0;613.0;-200.0;177.0;-200.0;-200.0;-200.0;-200.0;-200.0
1103295600;3.1;-200.0;-200.0;-200.0;-200.0;516.0;-200.0;168.0;-200.0;-200.0;-200.0;-200.0;-200.0
1103299200;3.2;-200.0;-200.0;-200.0;-200.0;446.0;-200.0;150.0;-200.0;-200.0;-200.0;-200.0;-200.0
1103302800;3.8;-200.0;-200.0;-200.0;-200.0;499.0;-200.0;152.0;-200.0;-200.0;-200.0;-200.0;-200.0
1103306400;3.2;-200.0;-200.0;-200.0;-200.0;407.0;-200.0;138.0;-200.0;-200.0;-200.0;-200.0;-200.0
1103310000;3.2;-200.0;-200.0;-200.0;-200.0;418.0;-200.0;129.0;-200.0;-200.0;-200.0;-200.0;-200.0
1103313600;3.3;1325.0;-200.0;16.4;1191.0;403.0;564.0;130.0;1542.0;1389.0;13.3;68.0;1.0376
1103317200;3.1;1316.0;-200.0;13.4;1099.0;412.0;610.0;137.0;1451.0;1268.0;13.2;72.8;1.0984
1103320800;2.4;1170.0;-200.0;8.2;906.0;322.0;707.0;125.0;1317.0;1046.0;12.6;76.5;1.1106
1103324400;1.4;1061.0;-200.0;5.7;800.0;200.0;819.0;106.0;1232.0;862.0;12.6;74.3;1.0843
1103328000;2.1;1109.0;-200.0;7.0;855.0;244.0;787.0;121.0;1220.0;866.0;12.9;72.1;1.0658
1103331600;1.4;1025.0;-200.0;5.6;794.0;199.0;848.0;101.0;1202.0;788.0;13.1;70.5;1.0594
1103335200;1.4;1086.0;-200.0;5.1;769.0;190.0;822.0;100.0;1196.0;857.0;12.4;73.8;1.0574
1103338800;1.3;1058.0;-200.0;4.3;727.0;-200.0;834.0;-200.0;1193.0;860.0;12.2;74.5;1.0537
1103342400;1.0;1034.0;-200.0;4.2;719.0;153.0;858.0;86.0;1189.0;845.0;11.8;76.3;1.0547
1103346000;1.3;1065.0;-200.0;6.1;816.0;215.0;777.0;90.0;1245.0;873.0;10.8;80.0;1.0367
1103349600;1.0;988.0;-200.0;5.2;774.0;206.0;842.0;89.0;1189.0;841.0;10.4;77.3;0.9709
1103353200;1.1;986.0;-200.0;5.4;785.0;225.0;842.0;96.0;1173.0;853.0;10.0;76.2;0.9332
1103356800;2.1;1136.0;-200.0;11.0;1015.0;416.0;702.0;125.0;1287.0;1063.0;9.4;67.7;0.8018
1103360400;3.2;1256.0;-200.0;16.1;1184.0;613.0;582.0;143.0;1448.0;1276.0;9.3;71.2;0.8325
1103364000;3.3;1228.0;-200.0;15.7;1170.0;567.0;596.0;153.0;1375.0;1332.0;12.6;54.0;0.784
1103367600;2.3;956.0;-200.0;8.8;931.0;409.0;799.0;140.0;1046.0;1015.0;16.1;28.5;0.5164
1103371200;1.0;781.0;-200.0;3.9;704.0;183.0;1062.0;92.0;842.0;594.0;16.6;19.9;0.3728
1103374800;0.8;759.0;-200.0;3.8;699.0;140.0;1223.0;78.0;799.0;501.0;15.9;18.2;0.3255
1103378400;0.8;722.0;-200.0;3.3;671.0;133.0;1596.0;68.0;737.0;448.0;14.3;18.4;0.2991
1103382000;0.6;699.0;-200.0;2.4;613.0;115.0;1731.0;64.0;682.0;387.0;15.0;16.3;0.2749
1103385600;0.9;755.0;-200.0;3.6;690.0;157.0;1653.0;80.0;750.0;467.0;14.9;17.1;0.2875
1103389200;0.8;746.0;-200.0;3.5;684.0;149.0;1301.0;81.0;764.0;484.0;13.2;18.8;0.2837
1103392800;1.2;784.0;-200.0;4.6;744.0;219.0;1080.0;102.0;802.0;608.0;12.4;19.6;0.2797
1103396400;2.1;931.0;-200.0;9.9;972.0;424.0;868.0;132.0;974.0;953.0;11.9;21.3;0.2957
1103400000;3.9;1112.0;-200.0;19.0;1267.0;659.0;671.0;162.0;1250.0;1307.0;11.1;24.8;0.3264
1103403600;4.4;1133.0;-200.0;17.2;1215.0;727.0;674.0;179.0;1196.0;1415.0;10.1;29.7;0.3666
1103407200;2.0;886.0;-200.0;8.4;917.0;398.0;908.0;148.0;901.0;1023.0;10.2;23.8;0.2955
1103410800;2.3;993.0;-200.0;11.4;1030.0;414.0;805.0;146.0;1005.0;1154.0;9.4;27.4;0.3239
1103414400;3.6;1215.0;-200.0;15.6;1167.0;600.0;664.0;164.0;1181.0;1426.0;7.9;39.0;0.4154
1103418000;3.9;1160.0;-200.0;13.0;1083.0;596.0;706.0;162.0;1114.0;1363.0;7.6;40.6;0.4273
1103421600;1.6;928.0;-200.0;6.2;819.0;225.0;919.0;118.0;923.0;1006.0;6.4;43.7;0.4242
1103425200;1.0;879.0;-200.0;4.2;722.0;-200.0;1014.0;-200.0;878.0;873.0;6.3;44.7;0.4293
1103428800;-200.0;833.0;-200.0;2.7;632.0;120.0;1107.0;78.0;834.0;760.0;5.1;46.5;0.4125
1103432400;1.0;840.0;-200.0;3.0;649.0;126.0;1044.0;79.0;869.0;799.0;3.3;53.5;0.418
1103436000;0.8;848.0;-200.0;2.4;612.0;83.0;1169.0;62.0;852.0;703.0;4.8;49.9;0.4325
1103439600;0.7;828.0;-200.0;3.1;660.0;156.0;1078.0;85.0;881.0;781.0;2.2;60.1;0.4361
1103443200;1.0;847.0;-200.0;3.8;698.0;240.0;1034.0;110.0;905.0;815.0;2.5;59.3;0.4401
1103446800;1.0;868.0;-200.0;3.2;665.0;186.0;1067.0;99.0;865.0;800.0;3.2;55.7;0.4344
1103450400;1.5;970.0;-200.0;6.2;819.0;224.0;923.0;101.0;959.0;926.0;5.0;48.8;0.429
1103454000;2.5;1077.0;-200.0;9.6;963.0;386.0;761.0;129.0;1081.0;1151.0;5.8;49.8;0.4613
1103457600;2.6;1058.0;-200.0;9.6;962.0;397.0;778.0;132.0;1058.0;1153.0;6.0;47.6;0.4488
1103461200;3.2;1136.0;-200.0;12.5;1067.0;477.0;702.0;148.0;1143.0;1298.0;7.4;44.6;0.4613
1103464800;3.0;1228.0;-200.0;12.5;1068.0;405.0;658.0;134.0;1264.0;1238.0;5.2;73.1;0.6535
1103468400;3.4;1235.0;-200.0;14.0;1118.0;453.0;612.0;148.0;1354.0;1222.0;4.8;81.4;0.7055
1103472000;3.3;1217.0;-200.0;11.6;1036.0;459.0;661.0;146.0;1260.0;1171.0;4.7;82.3;0.7105
1103475600;3.6;1298.0;-200.0;13.0;1082.0;452.0;642.0;148.0;1287.0;1237.0;4.7;82.8;0.7157
1103479200;5.5;1327.0;-200.0;17.3;1219.0;579.0;582.0;175.0;1453.0;1366.0;4.7;83.4;0.7177
1103482800;4.5;1293.0;-200.0;14.6;1136.0;542.0;631.0;170.0;1365.0;1278.0;5.2;83.1;0.7411
1103486400;4.7;1353.0;-200.0;16.2;1187.0;601.0;599.0;173.0;1424.0;1293.0;5.5;84.1;0.7657
1103490000;4.3;1254.0;-200.0;13.8;1111.0;521.0;630.0;151.0;1360.0;1198.0;5.8;84.5;0.7822
1103493600;3.2;1189.0;-200.0;10.6;999.0;411.0;680.0;129.0;1286.0;1115.0;6.2;84.1;0.8018
1103497200;2.9;1183.0;-200.0;9.1;944.0;382.0;731.0;126.0;1226.0;1092.0;6.6;83.3;0.8183
1103500800;3.1;1185.0;-200.0;9.7;966.0;421.0;711.0;127.0;1250.0;1104.0;6.8;82.8;0.8216
1103504400;2.8;1098.0;-200.0;7.0;859.0;362.0;792.0;118.0;1211.0;1006.0;8.2;78.4;0.8561
1103508000;1.2;938.0;-200.0;2.8;639.0;104.0;1020.0;83.0;1059.0;777.0;9.7;70.9;0.8539
1103511600;0.9;883.0;-200.0;2.0;583.0;-200.0;1116.0;-200.0;1019.0;710.0;9.5;69.9;0.8298
1103515200;0.8;839.0;-200.0;1.4;536.0;69.0;1229.0;60.0;970.0;600.0;9.3;65.9;0.7757
1103518800;0.6;784.0;-200.0;0.8;479.0;41.0;1365.0;37.0;905.0;477.0;8.8;62.9;0.7154
1103522400;0.6;779.0;-200.0;0.7;466.0;46.0;1393.0;39.0;881.0;454.0;8.6;58.8;0.6603
1103526000;1.0;883.0;-200.0;2.6;625.0;118.0;1069.0;70.0;997.0;630.0;9.2;55.9;0.6521
1103529600;3.2;970.0;-200.0;5.3;776.0;295.0;873.0;108.0;1059.0;858.0;8.4;57.7;0.6376
1103533200;3.6;1012.0;-200.0;7.1;861.0;311.0;785.0;119.0;1133.0;951.0;8.5;60.4;0.6713
1103536800;2.9;934.0;-200.0;5.0;766.0;269.0;878.0;111.0;1047.0;836.0;8.9;57.4;0.6575
1103540400;2.4;888.0;-200.0;3.8;700.0;225.0;956.0;106.0;999.0;721.0;9.2;55.8;0.6479
1103544000;2.5;918.0;-200.0;4.5;737.0;220.0;1007.0;105.0;1030.0;703.0;9.6;53.9;0.6425
1103547600;2.6;901.0;-200.0;4.7;747.0;216.0;1001.0;114.0;1020.0;657.0;9.6;52.4;0.6276
1103551200;2.3;857.0;-200.0;3.9;708.0;162.0;972.0;93.0;983.0;581.0;9.7;49.8;0.5998
1103554800;2.2;838.0;-200.0;3.8;699.0;152.0;1015.0;89.0;944.0;546.0;9.4;44.9;0.5296
1103558400;2.3;869.0;-200.0;5.2;772.0;183.0;1051.0;102.0;966.0;641.0;9.8;41.9;0.5083
1103562000;2.9;928.0;-200.0;6.8;850.0;254.0;1118.0;129.0;1004.0;794.0;8.9;44.9;0.5125
1103565600;4.1;1037.0;-200.0;11.9;1047.0;355.0;869.0;151.0;1159.0;1042.0;8.4;45.4;0.5035
1103569200;4.1;980.0;-200.0;10.8;1008.0;341.0;758.0;151.0;1103.0;993.0;8.0;41.0;0.4416
1103572800;4.0;978.0;-200.0;11.5;1031.0;341.0;765.0;149.0;1066.0;968.0;7.9;37.1;0.3974
1103576400;3.7;891.0;-200.0;7.6;882.0;342.0;885.0;149.0;950.0;894.0;7.8;33.9;0.3594
1103580000;1.7;762.0;-200.0;3.1;657.0;186.0;1158.0;114.0;783.0;592.0;7.3;32.4;0.334
1103583600;1.1;794.0;-200.0;3.6;687.0;170.0;1100.0;104.0;826.0;611.0;7.4;34.6;0.3576
1103587200;1.1;799.0;-200.0;3.6;690.0;169.0;1125.0;104.0;823.0;611.0;7.1;33.7;0.3417
1103590800;1.5;818.0;-200.0;4.3;725.0;246.0;1065.0;127.0;849.0;694.0;6.4;35.8;0.3471
1103594400;0.5;691.0;-200.0;0.7;471.0;63.0;1552.0;53.0;698.0;357.0;5.6;37.7;0.3444
1103598000;0.3;697.0;-200.0;0.6;455.0;-200.0;1726.0;-200.0;698.0;318.0;5.6;37.6;0.3448
1103601600;0.2;697.0;-200.0;0.5;437.0;44.0;1705.0;39.0;702.0;325.0;5.3;38.8;0.3473
1103605200;0.3;716.0;-200.0;0.7;473.0;54.0;1595.0;41.0;734.0;343.0;4.7;41.4;0.3576
1103608800;0.6;791.0;-200.0;2.2;598.0;176.0;1186.0;97.0;802.0;608.0;4.3;43.9;0.3675
1103612400;0.7;804.0;-200.0;2.6;630.0;236.0;1188.0;120.0;806.0;712.0;4.9;40.6;0.3539
1103616000;2.6;1093.0;-200.0;13.4;1098.0;613.0;782.0;167.0;1221.0;1173.0;5.1;40.8;0.3603
1103619600;5.5;1179.0;-200.0;23.5;1390.0;755.0;567.0;198.0;1453.0;1459.0;6.5;38.1;0.3709
1103623200;2.6;951.0;-200.0;9.4;953.0;460.0;812.0;157.0;1022.0;1055.0;7.4;36.5;0.3778
1103626800;1.5;882.0;-200.0;6.3;826.0;280.0;952.0;125.0;910.0;799.0;7.9;36.4;0.3889
1103630400;1.7;897.0;-200.0;6.7;845.0;322.0;942.0;135.0;943.0;787.0;7.8;36.8;0.3908
1103634000;2.2;949.0;-200.0;9.7;965.0;349.0;860.0;138.0;1041.0;892.0;8.7;33.7;0.379
1103637600;2.1;896.0;-200.0;7.8;891.0;297.0;921.0;132.0;935.0;766.0;8.5;34.3;0.3813
1103641200;2.2;908.0;-200.0;7.7;886.0;353.0;922.0;142.0;947.0;835.0;8.9;34.5;0.3946
1103644800;2.3;959.0;-200.0;8.6;924.0;316.0;899.0;137.0;993.0;897.0;8.8;35.7;0.4043
1103648400;2.5;994.0;-200.0;10.7;1005.0;348.0;832.0;145.0;1054.0;1009.0;7.9;38.6;0.4137
1103652000;3.1;1081.0;-200.0;16.7;1202.0;445.0;691.0;166.0;1230.0;1250.0;7.6;40.1;0.4195
1103655600;3.6;1081.0;-200.0;15.5;1164.0;457.0;705.0;165.0;1171.0;1283.0;6.9;40.3;0.4025
1103659200;3.9;1175.0;-200.0;18.3;1248.0;516.0;661.0;175.0;1308.0;1377.0;6.5;41.7;0.4047
1103662800;4.0;1123.0;-200.0;13.8;1110.0;575.0;732.0;185.0;1152.0;1322.0;6.3;42.6;0.4106
1103666400;2.3;1032.0;-200.0;9.3;952.0;449.0;833.0;166.0;1025.0;1198.0;5.9;44.7;0.4186
1103670000;1.5;927.0;-200.0;5.8;805.0;289.0;965.0;140.0;918.0;1007.0;5.8;43.4;0.4037
1103673600;1.5;952.0;-200.0;6.6;838.0;268.0;948.0;133.0;937.0;976.0;5.8;42.5;0.3937
1103677200;2.2;987.0;-200.0;7.6;883.0;343.0;913.0;144.0;949.0;1013.0;5.6;42.0;0.3856
1103680800;1.3;902.0;-200.0;5.0;761.0;222.0;1048.0;126.0;872.0;868.0;5.3;42.3;0.3806
1103684400;0.9;833.0;-200.0;2.9;648.0;-200.0;1135.0;-200.0;814.0;760.0;5.1;43.5;0.3852
1103688000;-200.0;776.0;-200.0;1.3;525.0;87.0;1391.0;72.0;770.0;585.0;5.1;44.8;0.3967
1103691600;0.5;812.0;-200.0;1.5;541.0;89.0;1309.0;70.0;774.0;616.0;5.2;45.9;0.4099
1103695200;0.5;821.0;-200.0;1.7;563.0;103.0;1270.0;74.0;807.0;678.0;4.7;49.0;0.4209
1103698800;0.9;932.0;-200.0;3.8;701.0;254.0;944.0;124.0;875.0;936.0;4.5;51.8;0.4418
1103702400;2.0;1069.0;-200.0;8.8;931.0;481.0;782.0;152.0;1054.0;1110.0;4.5;53.0;0.4495
1103706000;3.2;1137.0;-200.0;12.5;1066.0;638.0;681.0;174.0;1151.0;1258.0;4.8;53.1;0.4605
1103709600;2.3;1009.0;-200.0;8.7;926.0;492.0;791.0;161.0;1015.0;1080.0;7.8;42.0;0.4464
1103713200;1.8;962.0;-200.0;7.5;877.0;413.0;841.0;120.0;969.0;949.0;9.3;37.6;0.4391
1103716800;2.1;972.0;-200.0;8.2;909.0;364.0;827.0;111.0;1012.0;894.0;10.0;34.2;0.4212
1103720400;1.9;968.0;-200.0;8.5;920.0;299.0;831.0;128.0;991.0;882.0;10.3;32.6;0.4094
1103724000;2.4;939.0;-200.0;8.1;902.0;342.0;884.0;133.0;969.0;872.0;9.8;31.8;0.3858
1103727600;2.1;901.0;-200.0;6.7;843.0;309.0;1061.0;121.0;907.0;751.0;9.8;30.3;0.3658
1103731200;2.8;975.0;-200.0;9.0;938.0;367.0;874.0;147.0;989.0;928.0;9.6;29.6;0.3545
1103734800;3.3;1028.0;-200.0;11.3;1025.0;357.0;774.0;136.0;1024.0;1160.0;8.1;32.5;0.3516
1103738400;2.9;998.0;-200.0;9.9;972.0;345.0;806.0;153.0;984.0;1090.0;6.8;36.1;0.3575
1103742000;3.9;1094.0;-200.0;13.6;1105.0;483.0;708.0;178.0;1086.0;1274.0;6.4;36.5;0.3519
1103745600;4.1;1128.0;-200.0;15.4;1161.0;480.0;672.0;174.0;1163.0;1340.0;5.9;37.8;0.3528
1103749200;3.3;1111.0;-200.0;11.4;1030.0;427.0;751.0;166.0;1033.0;1271.0;5.1;40.7;0.3621
1103752800;3.3;1121.0;-200.0;11.2;1023.0;504.0;725.0;169.0;1053.0;1354.0;4.8;45.1;0.3925
1103756400;1.9;956.0;-200.0;5.7;796.0;248.0;915.0;132.0;861.0;1084.0;4.5;43.9;0.3728
1103760000;2.0;973.0;-200.0;5.4;785.0;241.0;916.0;127.0;883.0;1086.0;5.2;44.1;0.3939
1103763600;1.9;952.0;-200.0;5.5;790.0;210.0;921.0;113.0;896.0;1038.0;4.3;46.4;0.3896
1103767200;2.1;969.0;-200.0;5.2;773.0;292.0;889.0;128.0;914.0;1064.0;3.0;52.5;0.4021
1103770800;1.7;919.0;-200.0;3.7;693.0;-200.0;955.0;-200.0;882.0;979.0;2.3;56.3;0.4134
1103774400;1.3;874.0;-200.0;3.1;657.0;129.0;985.0;85.0;867.0;930.0;1.5;61.4;0.4235
1103778000;1.1;806.0;-200.0;1.6;554.0;106.0;1206.0;77.0;807.0;783.0;4.0;50.4;0.4154
1103781600;1.2;874.0;-200.0;2.5;623.0;125.0;1096.0;78.0;847.0;831.0;2.8;55.2;0.4177
1103785200;1.8;961.0;-200.0;5.3;779.0;267.0;917.0;115.0;960.0;983.0;1.2;61.4;0.4159
1103788800;3.6;1195.0;-200.0;13.4;1096.0;543.0;668.0;169.0;1166.0;1315.0;1.4;61.3;0.4208
1103792400;3.7;1184.0;-200.0;15.0;1148.0;496.0;651.0;174.0;1178.0;1389.0;2.2;58.1;0.4218
1103796000;3.4;1135.0;-200.0;12.8;1076.0;491.0;685.0;171.0;1120.0;1396.0;4.3;49.4;0.4138
1103799600;4.0;1211.0;-200.0;15.9;1177.0;667.0;620.0;179.0;1221.0;1585.0;6.6;42.5;0.416
1103803200;3.8;1228.0;-200.0;15.9;1178.0;693.0;621.0;193.0;1202.0;1628.0;8.0;38.3;0.4133
1103806800;4.1;1247.0;-200.0;16.3;1188.0;707.0;598.0;210.0;1237.0;1692.0;9.1;36.1;0.4172
1103810400;4.9;1336.0;-200.0;18.6;1256.0;777.0;567.0;224.0;1320.0;1828.0;10.0;34.7;0.4259
1103814000;3.3;1205.0;-200.0;12.8;1079.0;512.0;652.0;175.0;1168.0;1476.0;11.0;33.0;0.4331
1103817600;4.3;1305.0;-200.0;17.9;1238.0;587.0;565.0;177.0;1325.0;1640.0;11.3;33.6;0.4504
1103821200;6.6;1568.0;-200.0;29.0;1528.0;864.0;455.0;208.0;1661.0;2046.0;9.4;41.3;0.4888
1103824800;8.5;1630.0;-200.0;33.1;1622.0;1089.0;421.0;247.0;1757.0;2238.0;8.0;45.9;0.4936
1103828400;8.7;1704.0;-200.0;36.1;1689.0;1070.0;402.0;242.0;1820.0;2480.0;7.1;50.3;0.51
1103832000;9.1;1701.0;-200.0;36.3;1692.0;1220.0;402.0;252.0;1832.0;2415.0;6.2;56.9;0.5419
1103835600;7.2;1564.0;-200.0;26.3;1462.0;1076.0;472.0;228.0;1574.0;2181.0;6.3;57.9;0.5575
1103839200;5.0;1441.0;-200.0;20.6;1314.0;825.0;517.0;196.0;1389.0;2051.0;6.2;56.8;0.5421
1103842800;4.2;1376.0;-200.0;17.0;1209.0;740.0;549.0;190.0;1283.0;2041.0;6.1;54.7;0.5201
1103846400;4.6;1412.0;-200.0;17.2;1216.0;759.0;543.0;187.0;1300.0;2059.0;6.0;55.6;0.5244
1103850000;3.9;1352.0;-200.0;14.6;1137.0;610.0;567.0;174.0;1234.0;2016.0;5.1;59.0;0.5248
1103853600;3.4;1285.0;-200.0;12.1;1052.0;465.0;605.0;158.0;1164.0;1967.0;5.1;58.4;0.517
1103857200;3.0;1263.0;-200.0;10.5;997.0;-200.0;625.0;-200.0;1140.0;1960.0;4.7;60.8;0.5232
1103860800;2.4;1200.0;-200.0;8.7;929.0;288.0;664.0;132.0;1082.0;1847.0;4.2;63.1;0.5259
1103864400;2.5;1187.0;-200.0;8.8;931.0;251.0;669.0;121.0;1093.0;1792.0;4.3;64.1;0.537
1103868000;3.5;1166.0;-200.0;8.2;909.0;351.0;691.0;136.0;1079.0;1680.0;4.8;61.9;0.537
1103871600;3.9;1209.0;-200.0;9.5;958.0;379.0;666.0;138.0;1124.0;1662.0;5.3;61.1;0.5499
1103875200;4.8;1349.0;-200.0;14.6;1136.0;539.0;575.0;149.0;1299.0;1810.0;5.7;61.3;0.5657
1103878800;6.1;1458.0;-200.0;20.4;1307.0;706.0;497.0;165.0;1483.0;2103.0;6.1;60.5;0.5719
1103882400;6.6;1462.0;-200.0;18.8;1263.0;750.0;510.0;170.0;1421.0;2082.0;6.7;59.7;0.589
1103886000;6.5;1448.0;-200.0;18.8;1263.0;747.0;511.0;165.0;1428.0;1971.0;7.2;58.6;0.5986
1103889600;6.0;1419.0;-200.0;18.5;1254.0;670.0;524.0;167.0;1406.0;1950.0;8.0;55.9;0.6018
1103893200;6.9;1561.0;-200.0;24.8;1425.0;772.0;465.0;197.0;1624.0;2101.0;9.8;52.4;0.6349
1103896800;7.9;1558.0;-200.0;22.9;1375.0;792.0;471.0;217.0;1563.0;2112.0;10.5;51.1;0.6503
1103900400;6.1;1438.0;-200.0;16.9;1208.0;626.0;528.0;204.0;1405.0;1962.0;10.8;52.4;0.6767
1103904000;6.7;1532.0;-200.0;22.2;1356.0;678.0;474.0;193.0;1610.0;2033.0;10.6;55.3;0.7058
1103907600;6.8;1522.0;-200.0;21.5;1337.0;706.0;479.0;192.0;1578.0;2034.0;10.4;57.0;0.7167
1103911200;6.7;1514.0;-200.0;21.5;1338.0;668.0;474.0;175.0;1598.0;2018.0;10.2;58.3;0.7256
1103914800;6.4;-200.0;-200.0;-200.0;-200.0;641.0;-200.0;168.0;-200.0;-200.0;-200.0;-200.0;-200.0
1103918400;6.8;-200.0;-200.0;-200.0;-200.0;649.0;-200.0;170.0;-200.0;-200.0;-200.0;-200.0;-200.0
1103922000;5.6;-200.0;-200.0;-200.0;-200.0;521.0;-200.0;157.0;-200.0;-200.0;-200.0;-200.0;-200.0
1103925600;5.4;-200.0;-200.0;-200.0;-200.0;487.0;-200.0;143.0;-200.0;-200.0;-200.0;-200.0;-200.0
1103929200;5.2;-200.0;-200.0;-200.0;-200.0;453.0;-200.0;152.0;-200.0;-200.0;-200.0;-200.0;-200.0
1103932800;5.9;1505.0;-200.0;15.6;1168.0;567.0;525.0;169.0;1447.0;2066.0;9.4;66.1;0.7816
1103936400;5.6;1458.0;-200.0;14.2;1123.0;527.0;540.0;164.0;1395.0;2030.0;9.6;65.9;0.7869
1103940000;5.5;1431.0;-200.0;13.5;1100.0;503.0;553.0;154.0;1385.0;1913.0;9.5;66.2;0.7882
1103943600;5.2;1366.0;-200.0;11.4;1027.0;-200.0;583.0;-200.0;1328.0;1901.0;9.2;67.3;0.7851
1103947200;-200.0;1332.0;-200.0;10.5;997.0;345.0;601.0;130.0;1304.0;1783.0;9.1;68.7;0.7925
1103950800;2.2;1243.0;-200.0;8.6;924.0;274.0;648.0;119.0;1250.0;1534.0;9.0;69.8;0.8039
1103954400;2.0;1251.0;-200.0;8.6;924.0;231.0;644.0;106.0;1246.0;1568.0;8.9;70.5;0.8056
1103958000;2.2;1259.0;-200.0;9.1;944.0;268.0;631.0;111.0;1267.0;1622.0;8.9;70.4;0.8074
1103961600;2.0;1268.0;-200.0;8.6;926.0;281.0;645.0;122.0;1247.0;1628.0;9.1;69.6;0.8045
1103965200;2.5;1288.0;-200.0;9.4;956.0;340.0;623.0;121.0;1272.0;1553.0;9.0;70.8;0.8173
1103968800;3.0;1410.0;-200.0;11.0;1015.0;406.0;594.0;136.0;1319.0;1769.0;9.8;68.6;0.8324
1103972400;2.8;1374.0;-200.0;10.6;999.0;379.0;598.0;138.0;1316.0;1776.0;10.2;67.3;0.8373
1103976000;3.4;1458.0;-200.0;13.2;1090.0;436.0;553.0;147.0;1383.0;1898.0;10.7;65.0;0.8378
1103979600;5.5;1609.0;-200.0;18.1;1243.0;602.0;505.0;178.0;1491.0;2100.0;11.4;62.9;0.8454
1103983200;4.0;1424.0;-200.0;13.2;1090.0;507.0;566.0;176.0;1351.0;1896.0;12.2;61.1;0.8652
1103986800;2.4;1331.0;-200.0;9.7;966.0;266.0;633.0;159.0;1266.0;1745.0;12.1;61.8;0.8723
1103990400;3.1;1434.0;-200.0;13.3;1093.0;335.0;561.0;168.0;1366.0;1893.0;11.7;65.6;0.898
1103994000;4.0;1542.0;-200.0;15.4;1161.0;464.0;531.0;181.0;1435.0;1972.0;11.4;67.9;0.9119
1103997600;4.6;1651.0;-200.0;17.8;1234.0;527.0;501.0;184.0;1513.0;2020.0;11.2;70.8;0.9386
1104001200;4.8;1633.0;-200.0;18.0;1240.0;592.0;496.0;170.0;1555.0;1906.0;10.9;75.9;0.9868
1104004800;6.2;1739.0;-200.0;21.3;1333.0;821.0;460.0;174.0;1689.0;1832.0;11.3;78.3;1.0455
1104008400;4.6;1523.0;-200.0;14.5;1132.0;538.0;541.0;136.0;1488.0;1470.0;10.3;82.8;1.0369
1104012000;4.5;1543.0;-200.0;15.8;1174.0;513.0;521.0;127.0;1542.0;1494.0;10.4;82.5;1.0406
1104015600;4.2;1469.0;-200.0;13.1;1086.0;514.0;564.0;125.0;1485.0;1394.0;11.0;81.7;1.0727
1104019200;2.6;1271.0;-200.0;7.7;886.0;345.0;688.0;121.0;1321.0;1113.0;11.7;79.8;1.0964
1104022800;1.6;1161.0;-200.0;6.0;810.0;231.0;775.0;117.0;1281.0;958.0;11.6;80.0;1.0924
1104026400;1.3;1053.0;-200.0;3.5;680.0;166.0;890.0;108.0;1166.0;807.0;11.3;80.1;1.0741
1104030000;0.6;916.0;-200.0;1.5;541.0;-200.0;1143.0;-200.0;1064.0;536.0;11.7;74.1;1.0167
1104033600;0.5;900.0;-200.0;1.2;522.0;61.0;1242.0;55.0;1070.0;471.0;10.8;78.7;1.0202
1104037200;0.4;855.0;-200.0;0.8;479.0;49.0;1319.0;46.0;1068.0;450.0;10.7;81.5;1.0497
1104040800;0.3;848.0;-200.0;0.7;464.0;54.0;1425.0;46.0;1062.0;438.0;10.9;80.3;1.0444
1104044400;0.4;873.0;-200.0;0.9;485.0;78.0;1305.0;67.0;1083.0;512.0;10.7;80.7;1.0377
1104048000;0.6;945.0;-200.0;1.8;569.0;136.0;1140.0;90.0;1135.0;632.0;10.5;81.8;1.0416
1104051600;0.9;1003.0;-200.0;2.5;618.0;198.0;1003.0;117.0;1159.0;754.0;10.4;82.9;1.0419
1104055200;1.1;1041.0;-200.0;3.1;659.0;211.0;908.0;118.0;1188.0;792.0;10.6;82.1;1.0451
1104058800;1.0;1036.0;-200.0;3.5;685.0;183.0;942.0;112.0;1168.0;776.0;11.5;72.6;0.9846
1104062400;1.6;1124.0;-200.0;5.7;799.0;277.0;775.0;134.0;1231.0;969.0;12.8;65.5;0.964
1104066000;1.8;1130.0;-200.0;5.8;803.0;267.0;772.0;127.0;1230.0;975.0;13.9;60.9;0.9644
1104069600;1.0;991.0;-200.0;2.7;632.0;123.0;981.0;88.0;1114.0;637.0;14.9;57.9;0.9726
1104073200;0.8;988.0;-200.0;2.2;596.0;68.0;1056.0;57.0;1118.0;541.0;14.8;63.5;1.0592
1104076800;1.4;1163.0;-200.0;5.8;801.0;186.0;772.0;99.0;1288.0;876.0;13.6;68.9;1.0699
1104080400;2.1;1226.0;-200.0;6.9;853.0;321.0;725.0;129.0;1307.0;1029.0;13.6;68.9;1.0661
1104084000;2.3;1286.0;-200.0;9.1;942.0;343.0;687.0;137.0;1362.0;1103.0;13.5;67.1;1.0357
1104087600;3.5;1423.0;-200.0;14.0;1116.0;550.0;553.0;146.0;1531.0;1369.0;12.3;75.4;1.0768
1104091200;3.8;1408.0;-200.0;13.1;1088.0;598.0;560.0;139.0;1504.0;1381.0;11.7;80.0;1.0938
1104094800;2.4;1178.0;-200.0;7.2;866.0;390.0;700.0;128.0;1342.0;1094.0;11.8;82.7;1.1381
1104098400;1.0;985.0;-200.0;3.8;701.0;159.0;877.0;106.0;1187.0;835.0;11.8;77.5;1.0741
1104102000;1.3;1113.0;-200.0;5.2;776.0;193.0;828.0;114.0;1217.0;881.0;12.0;72.3;1.0095
1104105600;2.3;1178.0;-200.0;7.4;873.0;316.0;700.0;137.0;1328.0;987.0;11.2;79.6;1.0587
1104109200;1.5;1024.0;-200.0;3.9;705.0;199.0;876.0;114.0;1168.0;807.0;11.5;74.2;1.0063
1104112800;1.1;954.0;-200.0;2.7;630.0;134.0;988.0;92.0;1107.0;664.0;11.6;68.9;0.9411
1104116400;0.6;875.0;-200.0;1.5;548.0;-200.0;1165.0;-200.0;1049.0;525.0;11.5;67.4;0.9106
1104120000;0.7;877.0;-200.0;1.3;526.0;63.0;1171.0;55.0;1023.0;496.0;11.7;64.6;0.8888
1104123600;0.4;826.0;-200.0;0.7;465.0;50.0;1322.0;46.0;978.0;433.0;11.9;61.1;0.8527
1104127200;0.5;862.0;-200.0;1.4;535.0;93.0;1193.0;67.0;1020.0;524.0;12.5;57.3;0.8269
1104130800;0.8;938.0;-200.0;3.0;653.0;161.0;970.0;95.0;1100.0;747.0;12.3;60.1;0.8562
1104134400;1.9;1205.0;-200.0;9.1;943.0;368.0;688.0;133.0;1361.0;1052.0;11.5;68.7;0.9302
1104138000;2.3;1171.0;-200.0;10.0;978.0;344.0;637.0;138.0;1374.0;1092.0;12.5;63.2;0.9113
1104141600;1.9;1131.0;-200.0;8.6;926.0;288.0;684.0;127.0;1324.0;1036.0;12.9;63.2;0.9335
1104145200;1.6;1074.0;-200.0;6.4;832.0;244.0;748.0;119.0;1230.0;934.0;13.5;59.9;0.9261
1104148800;1.4;1062.0;-200.0;6.2;822.0;224.0;764.0;113.0;1228.0;917.0;13.4;61.3;0.9379
1104152400;1.5;1045.0;-200.0;5.7;800.0;206.0;796.0;109.0;1193.0;839.0;14.4;57.1;0.9309
1104156000;1.4;1034.0;-200.0;5.0;763.0;163.0;840.0;97.0;1192.0;761.0;15.0;57.2;0.9698
1104159600;2.0;1186.0;-200.0;8.0;899.0;296.0;695.0;117.0;1332.0;926.0;12.4;72.6;1.0422
1104163200;2.5;1256.0;-200.0;10.5;996.0;386.0;625.0;132.0;1417.0;1104.0;12.8;73.6;1.0851
1104166800;2.2;1138.0;-200.0;6.9;854.0;262.0;735.0;117.0;1276.0;911.0;13.3;68.2;1.0356
1104170400;2.0;1138.0;-200.0;7.8;891.0;212.0;721.0;110.0;1295.0;918.0;13.4;66.6;1.0187
1104174000;2.1;1114.0;-200.0;8.0;899.0;245.0;710.0;119.0;1279.0;948.0;13.3;63.6;0.9661
1104177600;2.1;1107.0;-200.0;8.1;905.0;263.0;705.0;116.0;1288.0;966.0;12.9;62.4;0.9258
1104181200;2.1;1117.0;-200.0;7.5;876.0;300.0;706.0;123.0;1264.0;1057.0;12.4;64.7;0.9266
1104184800;1.6;1090.0;-200.0;6.0;812.0;242.0;753.0;117.0;1213.0;1001.0;12.1;65.6;0.9222
1104188400;1.1;954.0;-200.0;3.2;665.0;152.0;916.0;100.0;1119.0;777.0;11.3;69.8;0.932
1104192000;1.2;987.0;-200.0;4.1;715.0;165.0;884.0;101.0;1145.0;797.0;11.0;68.7;0.9001
1104195600;-200.0;969.0;-200.0;3.1;659.0;-200.0;945.0;-200.0;1082.0;691.0;11.1;65.3;0.8601
1104199200;-200.0;939.0;-200.0;2.9;648.0;-200.0;949.0;-200.0;1084.0;680.0;10.2;66.9;0.8323
1104202800;-200.0;961.0;-200.0;3.0;654.0;-200.0;925.0;-200.0;1084.0;755.0;9.5;70.1;0.8343
1104206400;-200.0;916.0;-200.0;2.5;623.0;-200.0;962.0;-200.0;1064.0;725.0;9.8;69.4;0.8397
1104210000;-200.0;835.0;-200.0;0.9;484.0;-200.0;1266.0;-200.0;961.0;432.0;10.7;62.5;0.802
1104213600;-200.0;885.0;-200.0;1.8;572.0;-200.0;1081.0;-200.0;1031.0;612.0;10.4;64.8;0.8138
1104217200;-200.0;1088.0;-200.0;6.6;839.0;-200.0;760.0;-200.0;1236.0;951.0;9.7;73.1;0.8772
1104220800;-200.0;1358.0;-200.0;15.3;1158.0;-200.0;529.0;-200.0;1537.0;1326.0;9.3;77.0;0.9018
1104224400;-200.0;1456.0;-200.0;23.4;1389.0;-200.0;443.0;-200.0;1808.0;1504.0;9.1;77.1;0.8947
1104228000;-200.0;1274.0;-200.0;15.3;1159.0;-200.0;545.0;-200.0;1493.0;1326.0;10.6;67.9;0.8666
1104231600;-200.0;1092.0;-200.0;9.2;946.0;-200.0;691.0;-200.0;1234.0;1043.0;12.7;56.7;0.8304
1104235200;-200.0;1111.0;-200.0;10.4;993.0;-200.0;662.0;-200.0;1287.0;1058.0;13.0;53.9;0.8029
1104238800;-200.0;1177.0;-200.0;14.8;1143.0;-200.0;574.0;-200.0;1443.0;1205.0;13.9;49.0;0.7727
1104242400;-200.0;1199.0;-200.0;14.6;1138.0;-200.0;581.0;-200.0;1452.0;1203.0;14.4;49.2;0.8027
1104246000;-200.0;1121.0;-200.0;10.7;1003.0;-200.0;656.0;-200.0;1323.0;1058.0;14.3;48.6;0.79
1104249600;-200.0;1252.0;-200.0;15.5;1164.0;-200.0;559.0;-200.0;1474.0;1257.0;13.6;52.8;0.8177
1104253200;-200.0;1233.0;-200.0;14.9;1144.0;-200.0;575.0;-200.0;1436.0;1271.0;13.1;54.3;0.8167
1104256800;-200.0;1215.0;-200.0;12.4;1063.0;-200.0;616.0;-200.0;1370.0;1214.0;12.4;59.3;0.853
1104260400;-200.0;1193.0;-200.0;11.2;1020.0;-200.0;645.0;-200.0;1340.0;1135.0;12.1;61.5;0.8677
1104264000;-200.0;1195.0;-200.0;11.3;1026.0;-200.0;637.0;-200.0;1342.0;1150.0;12.0;60.8;0.852
1104267600;-200.0;1301.0;-200.0;12.9;1080.0;-200.0;579.0;-200.0;1435.0;1248.0;11.0;73.8;0.9677
1104271200;-200.0;1126.0;-200.0;6.4;828.0;-200.0;722.0;-200.0;1250.0;955.0;9.6;82.9;0.99
1104274800;-200.0;1013.0;-200.0;3.6;687.0;-200.0;872.0;-200.0;1135.0;726.0;8.6;83.5;0.9372
1104278400;-200.0;982.0;-200.0;2.9;645.0;-200.0;922.0;-200.0;1107.0;708.0;8.7;83.0;0.9393
1104282000;-200.0;970.0;-200.0;2.8;642.0;-200.0;922.0;-200.0;1107.0;704.0;8.8;81.2;0.9214
1104285600;-200.0;959.0;-200.0;2.8;637.0;-200.0;958.0;-200.0;1107.0;667.0;8.9;79.0;0.9032
1104289200;-200.0;925.0;-200.0;2.2;598.0;-200.0;978.0;-200.0;1079.0;662.0;9.0;76.5;0.8828
1104292800;-200.0;847.0;-200.0;1.0;502.0;-200.0;1198.0;-200.0;1020.0;508.0;9.0;75.8;0.8721
1104296400;-200.0;885.0;-200.0;1.4;534.0;-200.0;1144.0;-200.0;1036.0;529.0;9.1;73.9;0.8576
1104300000;-200.0;883.0;-200.0;1.6;549.0;-200.0;1019.0;-200.0;1025.0;607.0;9.4;70.9;0.8386
1104303600;-200.0;892.0;-200.0;2.0;587.0;-200.0;1070.0;-200.0;1041.0;623.0;10.1;65.9;0.8148
1104307200;-200.0;970.0;-200.0;3.4;678.0;-200.0;916.0;-200.0;1101.0;732.0;10.1;64.6;0.7967
1104310800;-200.0;904.0;-200.0;2.9;644.0;-200.0;949.0;-200.0;1036.0;697.0;9.3;64.7;0.7575
1104314400;-200.0;919.0;-200.0;3.0;652.0;-200.0;953.0;-200.0;1045.0;712.0;9.9;61.3;0.7499
1104318000;-200.0;929.0;-200.0;3.3;668.0;-200.0;937.0;-200.0;1054.0;696.0;10.6;59.9;0.7674
1104321600;-200.0;938.0;-200.0;4.3;729.0;-200.0;874.0;-200.0;1060.0;702.0;11.1;55.3;0.7325
1104325200;-200.0;971.0;-200.0;5.5;786.0;-200.0;812.0;-200.0;1086.0;796.0;12.0;49.3;0.69
1104328800;-200.0;914.0;-200.0;4.5;739.0;-200.0;870.0;-200.0;1025.0;714.0;11.6;46.8;0.6397
1104332400;-200.0;892.0;-200.0;4.1;719.0;-200.0;918.0;-200.0;1019.0;635.0;12.0;44.0;0.6169
1104336000;-200.0;913.0;-200.0;4.5;735.0;-200.0;905.0;-200.0;1024.0;706.0;11.8;44.3;0.6141
1104339600;-200.0;928.0;-200.0;4.9;759.0;-200.0;871.0;-200.0;1040.0;775.0;11.3;45.4;0.6063
1104343200;-200.0;1035.0;-200.0;9.0;941.0;-200.0;734.0;-200.0;1175.0;965.0;11.3;44.1;0.5909
1104346800;-200.0;1033.0;-200.0;9.0;939.0;-200.0;729.0;-200.0;1159.0;979.0;11.2;45.1;0.5971
1104350400;-200.0;990.0;-200.0;7.2;865.0;-200.0;764.0;-200.0;1130.0;902.0;10.8;47.3;0.6122
1104354000;-200.0;934.0;-200.0;4.7;750.0;-200.0;891.0;-200.0;1035.0;798.0;10.7;47.7;0.6127
1104357600;-200.0;881.0;-200.0;3.3;670.0;-200.0;979.0;-200.0;978.0;697.0;10.5;46.9;0.5956
1104361200;-200.0;855.0;-200.0;2.7;631.0;-200.0;1033.0;-200.0;932.0;626.0;10.2;45.4;0.5632
1104364800;-200.0;832.0;-200.0;2.2;598.0;-200.0;1122.0;-200.0;912.0;537.0;9.7;46.0;0.5546
1104368400;-200.0;848.0;-200.0;2.8;639.0;-200.0;1057.0;-200.0;929.0;574.0;9.8;45.2;0.5489
1104372000;-200.0;806.0;-200.0;1.8;567.0;-200.0;1163.0;-200.0;878.0;490.0;9.4;45.4;0.5355
1104375600;-200.0;796.0;-200.0;1.5;545.0;-200.0;1210.0;-200.0;853.0;450.0;9.3;44.0;0.5153
1104379200;-200.0;777.0;-200.0;0.9;493.0;-200.0;1247.0;-200.0;828.0;438.0;8.8;45.2;0.5134
1104382800;-200.0;785.0;-200.0;1.1;505.0;-200.0;1226.0;-200.0;829.0;428.0;8.7;45.6;0.5128
1104386400;-200.0;766.0;-200.0;0.7;470.0;-200.0;1317.0;-200.0;810.0;404.0;8.5;44.8;0.498
1104390000;-200.0;808.0;-200.0;1.4;534.0;-200.0;1243.0;-200.0;853.0;480.0;8.7;43.4;0.4905
1104393600;-200.0;975.0;-200.0;6.2;822.0;-200.0;852.0;-200.0;1049.0;876.0;8.5;43.6;0.4865
1104397200;-200.0;943.0;-200.0;6.1;816.0;-200.0;828.0;-200.0;1033.0;868.0;8.8;42.0;0.4773
1104400800;-200.0;886.0;-200.0;5.0;764.0;-200.0;920.0;-200.0;946.0;740.0;10.8;35.1;0.4549
1104404400;-200.0;861.0;-200.0;4.1;716.0;-200.0;973.0;-200.0;921.0;628.0;11.7;34.4;0.4712
1104408000;-200.0;881.0;-200.0;4.4;734.0;-200.0;961.0;-200.0;925.0;636.0;12.6;31.7;0.4613
1104411600;-200.0;855.0;-200.0;4.6;741.0;-200.0;965.0;-200.0;901.0;616.0;12.5;30.3;0.4367
1104415200;-200.0;855.0;-200.0;4.3;725.0;-200.0;983.0;-200.0;898.0;613.0;11.4;32.8;0.4424
1104418800;-200.0;844.0;-200.0;3.6;689.0;-200.0;1040.0;-200.0;867.0;545.0;12.1;31.1;0.4383
1104422400;-200.0;900.0;-200.0;5.6;794.0;-200.0;906.0;-200.0;930.0;710.0;12.3;29.7;0.4226
1104426000;-200.0;883.0;-200.0;4.8;751.0;-200.0;962.0;-200.0;922.0;661.0;9.8;36.4;0.4414
1104429600;-200.0;994.0;-200.0;8.1;903.0;-200.0;781.0;-200.0;1079.0;922.0;9.3;40.8;0.4781
1104433200;-200.0;927.0;-200.0;5.2;774.0;-200.0;883.0;-200.0;976.0;755.0;8.6;45.1;0.5038
1104436800;-200.0;1078.0;-200.0;10.2;987.0;-200.0;718.0;-200.0;1152.0;1015.0;9.3;41.7;0.4884
1104440400;-200.0;952.0;-200.0;5.5;788.0;-200.0;849.0;-200.0;1018.0;876.0;8.7;44.3;0.4998
1104444000;-200.0;882.0;-200.0;3.1;660.0;-200.0;991.0;-200.0;922.0;727.0;8.0;47.6;0.5113
1104447600;-200.0;924.0;-200.0;4.2;724.0;-200.0;946.0;-200.0;969.0;781.0;7.7;47.2;0.4975
1104451200;-200.0;987.0;-200.0;6.2;823.0;-200.0;827.0;-200.0;1027.0;893.0;7.2;50.2;0.5118
1104454800;-200.0;930.0;-200.0;4.8;752.0;-200.0;889.0;-200.0;981.0;820.0;6.9;50.3;0.5029
1104458400;-200.0;861.0;-200.0;3.0;654.0;-200.0;995.0;-200.0;919.0;632.0;6.7;50.7;0.4998
1104462000;-200.0;783.0;-200.0;1.2;522.0;-200.0;1241.0;-200.0;832.0;458.0;7.6;46.4;0.4869
1104465600;-200.0;744.0;-200.0;0.4;431.0;-200.0;1539.0;-200.0;778.0;345.0;7.4;45.7;0.4714
1104469200;-200.0;753.0;-200.0;0.4;426.0;-200.0;1568.0;-200.0;792.0;337.0;6.9;49.3;0.4913
1104472800;-200.0;787.0;-200.0;0.6;452.0;-200.0;1400.0;-200.0;823.0;370.0;7.8;48.1;0.5095
1104476400;-200.0;820.0;-200.0;1.1;506.0;-200.0;1221.0;-200.0;871.0;466.0;8.1;47.8;0.5157
1104480000;-200.0;840.0;-200.0;1.6;552.0;-200.0;1152.0;-200.0;893.0;510.0;8.5;46.7;0.5191
1104483600;-200.0;897.0;-200.0;3.1;656.0;-200.0;953.0;-200.0;964.0;641.0;8.9;44.1;0.5039
1104487200;-200.0;989.0;-200.0;5.6;793.0;-200.0;815.0;-200.0;1052.0;862.0;9.4;42.5;0.5038
1104490800;-200.0;909.0;-200.0;4.5;737.0;-200.0;909.0;-200.0;941.0;753.0;10.8;36.3;0.4712
1104494400;-200.0;865.0;-200.0;3.8;697.0;-200.0;1002.0;-200.0;883.0;589.0;11.9;30.6;0.4264
1104498000;-200.0;924.0;-200.0;6.2;821.0;-200.0;899.0;-200.0;955.0;704.0;12.2;29.7;0.4205
1104501600;-200.0;912.0;-200.0;5.6;794.0;-200.0;885.0;-200.0;943.0;731.0;12.0;31.1;0.434
1104505200;-200.0;872.0;-200.0;4.1;717.0;-200.0;991.0;-200.0;882.0;592.0;12.7;28.4;0.416
1104508800;-200.0;917.0;-200.0;5.6;794.0;-200.0;907.0;-200.0;946.0;740.0;13.3;27.5;0.4185
1104512400;-200.0;962.0;-200.0;7.6;883.0;-200.0;818.0;-200.0;996.0;896.0;11.4;30.8;0.4148
1104516000;-200.0;932.0;-200.0;6.1;817.0;-200.0;883.0;-200.0;942.0;854.0;9.8;34.0;0.4112
1104519600;-200.0;930.0;-200.0;5.3;781.0;-200.0;933.0;-200.0;906.0;866.0;9.3;33.6;0.3958
1104523200;-200.0;962.0;-200.0;5.3;780.0;-200.0;919.0;-200.0;909.0;884.0;9.6;32.3;0.3871
1104526800;-200.0;974.0;-200.0;5.5;790.0;-200.0;915.0;-200.0;895.0;951.0;9.1;32.5;0.3766
1104530400;-200.0;1055.0;-200.0;5.6;791.0;-200.0;845.0;-200.0;936.0;1195.0;9.1;37.2;0.431
1104534000;-200.0;1003.0;-200.0;4.6;744.0;-200.0;882.0;-200.0;899.0;1138.0;7.8;38.4;0.4085
1104537600;-200.0;1046.0;-200.0;4.2;724.0;-200.0;848.0;-200.0;898.0;1201.0;8.2;40.1;0.4375
1104541200;1.6;1275.0;-200.0;8.8;930.0;215.0;649.0;106.0;1024.0;1617.0;5.3;50.7;0.4564
1104544800;2.5;1173.0;-200.0;7.5;878.0;300.0;738.0;129.0;1002.0;1355.0;5.9;50.0;0.4689
1104548400;2.7;1163.0;-200.0;7.6;881.0;-200.0;748.0;-200.0;1001.0;1296.0;4.9;53.9;0.4693
1104552000;1.9;1054.0;-200.0;5.6;791.0;253.0;830.0;126.0;967.0;1131.0;4.3;55.3;0.465
1104555600;1.4;1004.0;-200.0;4.8;753.0;181.0;879.0;106.0;942.0;1036.0;4.2;57.1;0.4759
1104559200;1.5;1001.0;-200.0;5.3;777.0;171.0;859.0;99.0;954.0;1009.0;3.5;58.3;0.4636
1104562800;1.4;974.0;-200.0;4.5;736.0;168.0;888.0;97.0;945.0;966.0;3.0;60.7;0.4667
1104566400;1.1;915.0;-200.0;3.0;653.0;169.0;973.0;94.0;905.0;901.0;2.6;63.2;0.4721
1104570000;1.0;939.0;-200.0;3.0;649.0;145.0;996.0;86.0;897.0;879.0;3.9;59.0;0.4807
1104573600;1.2;973.0;-200.0;4.7;748.0;190.0;878.0;97.0;968.0;991.0;4.7;57.2;0.4932
1104577200;1.7;1011.0;-200.0;5.4;782.0;225.0;846.0;113.0;992.0;1019.0;6.8;48.6;0.4822
1104580800;2.3;1097.0;-200.0;7.4;875.0;261.0;778.0;125.0;1080.0;1151.0;8.6;43.6;0.4887
1104584400;2.2;1149.0;-200.0;8.4;914.0;382.0;742.0;147.0;1072.0;1242.0;9.5;41.2;0.4908
1104588000;2.4;1117.0;-200.0;8.9;934.0;357.0;721.0;153.0;1075.0;1206.0;10.9;35.9;0.468
1104591600;2.2;1085.0;-200.0;7.9;896.0;299.0;760.0;147.0;1049.0;1138.0;12.5;32.3;0.467
1104595200;2.1;1102.0;-200.0;7.7;885.0;313.0;772.0;139.0;1051.0;1142.0;12.8;32.6;0.4814
1104598800;3.0;1281.0;-200.0;12.1;1053.0;510.0;659.0;165.0;1192.0;1438.0;10.9;39.7;0.5166
1104602400;4.7;1472.0;-200.0;16.6;1198.0;832.0;555.0;191.0;1344.0;1735.0;9.0;51.8;0.5961
1104606000;3.6;1328.0;-200.0;11.4;1029.0;622.0;637.0;172.0;1188.0;1611.0;8.1;54.1;0.5882
1104609600;2.5;1198.0;-200.0;7.9;897.0;402.0;720.0;151.0;1072.0;1436.0;7.8;54.6;0.5786
1104613200;2.3;1176.0;-200.0;8.1;905.0;334.0;718.0;137.0;1104.0;1389.0;6.2;59.6;0.5698
1104616800;2.1;1118.0;-200.0;6.4;830.0;295.0;765.0;130.0;1058.0;1313.0;5.7;59.9;0.5523
1104620400;1.7;1091.0;-200.0;5.2;773.0;222.0;820.0;115.0;1003.0;1232.0;5.6;59.7;0.5463
1104624000;1.8;1078.0;-200.0;5.2;775.0;230.0;809.0;112.0;1012.0;1195.0;4.7;62.9;0.5424
1104627600;1.6;1043.0;-200.0;4.3;726.0;195.0;875.0;105.0;972.0;1107.0;4.5;63.5;0.5411
1104631200;1.3;992.0;-200.0;3.6;685.0;167.0;916.0;96.0;963.0;1035.0;4.5;63.6;0.5414
1104634800;1.3;1004.0;-200.0;4.5;739.0;-200.0;868.0;-200.0;1004.0;1030.0;3.1;70.0;0.5388
1104638400;1.3;947.0;-200.0;3.3;673.0;148.0;929.0;87.0;974.0;929.0;3.2;68.3;0.531
1104642000;1.1;923.0;-200.0;2.7;634.0;123.0;984.0;75.0;943.0;875.0;3.1;69.2;0.5337
1104645600;1.0;911.0;-200.0;2.4;613.0;148.0;992.0;82.0;934.0;861.0;2.4;71.9;0.5288
1104649200;1.0;924.0;-200.0;2.6;629.0;143.0;994.0;83.0;941.0;852.0;3.1;68.7;0.5317
1104652800;1.2;954.0;-200.0;3.4;674.0;180.0;940.0;88.0;981.0;891.0;2.1;73.1;0.5289
1104656400;1.3;960.0;-200.0;3.9;704.0;226.0;887.0;106.0;1003.0;947.0;3.3;68.2;0.5346
1104660000;1.6;1016.0;-200.0;4.9;760.0;254.0;835.0;112.0;1044.0;1016.0;4.1;65.8;0.5451
1104663600;2.2;1139.0;-200.0;7.5;879.0;372.0;753.0;141.0;1092.0;1201.0;6.6;56.6;0.5528
1104667200;2.2;1130.0;-200.0;7.1;860.0;379.0;752.0;148.0;1058.0;1218.0;8.0;51.2;0.5516
1104670800;2.8;1237.0;-200.0;9.6;962.0;478.0;685.0;171.0;1138.0;1385.0;10.3;44.9;0.5612
1104674400;2.1;1159.0;-200.0;6.5;837.0;344.0;742.0;160.0;1087.0;1311.0;12.3;41.7;0.5961
1104678000;1.6;1124.0;-200.0;5.5;790.0;258.0;791.0;137.0;1071.0;1206.0;13.5;41.3;0.6342
1104681600;2.8;1312.0;-200.0;10.5;998.0;474.0;640.0;167.0;1249.0;1473.0;13.4;43.1;0.66
1104685200;2.6;1246.0;-200.0;8.9;936.0;438.0;665.0;164.0;1182.0;1460.0;9.9;53.3;0.6504
1104688800;2.8;1232.0;-200.0;8.8;931.0;451.0;674.0;166.0;1171.0;1627.0;8.9;54.6;0.6226
1104692400;2.9;1286.0;-200.0;10.5;996.0;473.0;644.0;167.0;1217.0;1827.0;8.9;54.8;0.6244
1104696000;3.4;1347.0;-200.0;13.0;1084.0;560.0;582.0;174.0;1290.0;2004.0;8.3;58.2;0.6391
1104699600;2.9;-200.0;-200.0;-200.0;-200.0;470.0;-200.0;160.0;-200.0;-200.0;-200.0;-200.0;-200.0
1104703200;3.2;-200.0;-200.0;-200.0;-200.0;506.0;-200.0;169.0;-200.0;-200.0;-200.0;-200.0;-200.0
1104706800;3.1;-200.0;-200.0;-200.0;-200.0;482.0;-200.0;162.0;-200.0;-200.0;-200.0;-200.0;-200.0
1104710400;3.0;-200.0;-200.0;-200.0;-200.0;436.0;-200.0;149.0;-200.0;-200.0;-200.0;-200.0;-200.0
1104714000;3.4;-200.0;-200.0;-200.0;-200.0;472.0;-200.0;158.0;-200.0;-200.0;-200.0;-200.0;-200.0
1104717600;3.0;-200.0;-200.0;-200.0;-200.0;379.0;-200.0;143.0;-200.0;-200.0;-200.0;-200.0;-200.0
1104721200;2.7;-200.0;-200.0;-200.0;-200.0;-200.0;-200.0;-200.0;-200.0;-200.0;-200.0;-200.0;-200.0
1104724800;-200.0;-200.0;-200.0;-200.0;-200.0;286.0;-200.0;121.0;-200.0;-200.0;-200.0;-200.0;-200.0
1104728400;1.1;-200.0;-200.0;-200.0;-200.0;155.0;-200.0;92.0;-200.0;-200.0;-200.0;-200.0;-200.0
1104732000;1.4;-200.0;-200.0;-200.0;-200.0;264.0;-200.0;102.0;-200.0;-200.0;-200.0;-200.0;-200.0
1104735600;1.8;-200.0;-200.0;-200.0;-200.0;366.0;-200.0;121.0;-200.0;-200.0;-200.0;-200.0;-200.0
1104739200;3.6;-200.0;-200.0;-200.0;-200.0;622.0;-200.0;164.0;-200.0;-200.0;-200.0;-200.0;-200.0
1104742800;3.1;-200.0;-200.0;-200.0;-200.0;551.0;-200.0;175.0;-200.0;-200.0;-200.0;-200.0;-200.0
1104746400;1.9;-200.0;-200.0;-200.0;-200.0;349.0;-200.0;130.0;-200.0;-200.0;-200.0;-200.0;-200.0
1104750000;1.7;-200.0;-200.0;-200.0;-200.0;285.0;-200.0;117.0;-200.0;-200.0;-200.0;-200.0;-200.0
1104753600;1.7;-200.0;-200.0;-200.0;-200.0;265.0;-200.0;115.0;-200.0;-200.0;-200.0;-200.0;-200.0
1104757200;1.6;-200.0;-200.0;-200.0;-200.0;222.0;-200.0;106.0;-200.0;-200.0;-200.0;-200.0;-200.0
1104760800;1.6;-200.0;-200.0;-200.0;-200.0;237.0;-200.0;102.0;-200.0;-200.0;-200.0;-200.0;-200.0
1104764400;1.7;-200.0;-200.0;-200.0;-200.0;294.0;-200.0;122.0;-200.0;-200.0;-200.0;-200.0;-200.0
1104768000;2.2;-200.0;-200.0;-200.0;-200.0;329.0;-200.0;138.0;-200.0;-200.0;-200.0;-200.0;-200.0
1104771600;3.3;-200.0;-200.0;-200.0;-200.0;487.0;-200.0;162.0;-200.0;-200.0;-200.0;-200.0;-200.0
1104775200;3.9;-200.0;-200.0;-200.0;-200.0;604.0;-200.0;177.0;-200.0;-200.0;-200.0;-200.0;-200.0
1104778800;5.0;-200.0;-200.0;-200.0;-200.0;728.0;-200.0;190.0;-200.0;-200.0;-200.0;-200.0;-200.0
1104782400;4.2;-200.0;-200.0;-200.0;-200.0;653.0;-200.0;182.0;-200.0;-200.0;-200.0;-200.0;-200.0
1104786000;3.2;-200.0;-200.0;-200.0;-200.0;509.0;-200.0;163.0;-200.0;-200.0;-200.0;-200.0;-200.0
1104789600;1.7;-200.0;-200.0;-200.0;-200.0;277.0;-200.0;135.0;-200.0;-200.0;-200.0;-200.0;-200.0
1104793200;1.5;-200.0;-200.0;-200.0;-200.0;268.0;-200.0;130.0;-200.0;-200.0;-200.0;-200.0;-200.0
1104796800;1.3;-200.0;-200.0;-200.0;-200.0;193.0;-200.0;117.0;-200.0;-200.0;-200.0;-200.0;-200.0
1104800400;1.2;-200.0;-200.0;-200.0;-200.0;167.0;-200.0;104.0;-200.0;-200.0;-200.0;-200.0;-200.0
1104804000;1.3;-200.0;-200.0;-200.0;-200.0;159.0;-200.0;97.0;-200.0;-200.0;-200.0;-200.0;-200.0
1104807600;0.8;-200.0;-200.0;-200.0;-200.0;-200.0;-200.0;-200.0;-200.0;-200.0;-200.0;-200.0;-200.0
1104811200;0.6;-200.0;-200.0;-200.0;-200.0;89.0;-200.0;72.0;-200.0;-200.0;-200.0;-200.0;-200.0
1104814800;0.8;-200.0;-200.0;-200.0;-200.0;97.0;-200.0;71.0;-200.0;-200.0;-200.0;-200.0;-200.0
1104818400;0.9;-200.0;-200.0;-200.0;-200.0;182.0;-200.0;94.0;-200.0;-200.0;-200.0;-200.0;-200.0
1104822000;1.1;-200.0;-200.0;-200.0;-200.0;262.0;-200.0;118.0;-200.0;-200.0;-200.0;-200.0;-200.0
1104825600;3.4;-200.0;-200.0;-200.0;-200.0;561.0;-200.0;174.0;-200.0;-200.0;-200.0;-200.0;-200.0
1104829200;3.6;-200.0;-200.0;-200.0;-200.0;540.0;-200.0;170.0;-200.0;-200.0;-200.0;-200.0;-200.0
1104832800;3.1;-200.0;-200.0;-200.0;-200.0;480.0;-200.0;171.0;-200.0;-200.0;-200.0;-200.0;-200.0
1104836400;3.3;-200.0;-200.0;-200.0;-200.0;608.0;-200.0;196.0;-200.0;-200.0;-200.0;-200.0;-200.0
1104840000;3.4;-200.0;-200.0;-200.0;-200.0;584.0;-200.0;191.0;-200.0;-200.0;-200.0;-200.0;-200.0
1104843600;2.8;-200.0;-200.0;-200.0;-200.0;426.0;-200.0;165.0;-200.0;-200.0;-200.0;-200.0;-200.0
1104847200;2.6;-200.0;-200.0;-200.0;-200.0;397.0;-200.0;148.0;-200.0;-200.0;-200.0;-200.0;-200.0
1104850800;3.0;-200.0;-200.0;-200.0;-200.0;473.0;-200.0;172.0;-200.0;-200.0;-200.0;-200.0;-200.0
1104854400;2.9;-200.0;-200.0;-200.0;-200.0;369.0;-200.0;165.0;-200.0;-200.0;-200.0;-200.0;-200.0
1104858000;3.8;-200.0;-200.0;-200.0;-200.0;532.0;-200.0;184.0;-200.0;-200.0;-200.0;-200.0;-200.0
1104861600;3.8;-200.0;-200.0;-200.0;-200.0;498.0;-200.0;173.0;-200.0;-200.0;-200.0;-200.0;-200.0
1104865200;3.6;-200.0;-200.0;-200.0;-200.0;487.0;-200.0;174.0;-200.0;-200.0;-200.0;-200.0;-200.0
1104868800;4.5;-200.0;-200.0;-200.0;-200.0;629.0;-200.0;181.0;-200.0;-200.0;-200.0;-200.0;-200.0
1104872400;3.7;-200.0;-200.0;-200.0;-200.0;502.0;-200.0;166.0;-200.0;-200.0;-200.0;-200.0;-200.0
1104876000;2.4;-200.0;-200.0;-200.0;-200.0;381.0;-200.0;150.0;-200.0;-200.0;-200.0;-200.0;-200.0
1104879600;1.7;-200.0;-200.0;-200.0;-200.0;250.0;-200.0;131.0;-200.0;-200.0;-200.0;-200.0;-200.0
1104883200;1.7;-200.0;-200.0;-200.0;-200.0;266.0;-200.0;129.0;-200.0;-200.0;-200.0;-200.0;-200.0
1104886800;1.7;1135.0;-200.0;5.6;792.0;226.0;727.0;120.0;1170.0;1151.0;9.5;69.5;0.8261
1104890400;1.9;1188.0;-200.0;8.1;901.0;259.0;657.0;119.0;1261.0;1185.0;9.1;70.9;0.8176
1104894000;2.0;1242.0;-200.0;8.5;921.0;-200.0;626.0;-200.0;1219.0;1374.0;8.1;72.1;0.7798
1104897600;2.0;1219.0;-200.0;7.7;889.0;260.0;649.0;111.0;1186.0;1405.0;7.9;72.1;0.7679
1104901200;1.7;1187.0;-200.0;6.8;850.0;242.0;653.0;109.0;1169.0;1383.0;7.6;72.7;0.7598
1104904800;1.8;1225.0;-200.0;8.1;904.0;267.0;644.0;110.0;1194.0;1460.0;7.5;71.7;0.7439
1104908400;2.2;1333.0;-200.0;11.1;1019.0;411.0;576.0;126.0;1275.0;1612.0;7.9;70.6;0.7562
1104912000;3.7;1489.0;-200.0;16.4;1193.0;670.0;497.0;148.0;1475.0;1776.0;8.6;69.0;0.7732
1104915600;4.8;1596.0;-200.0;21.6;1341.0;830.0;436.0;162.0;1672.0;1991.0;9.1;67.5;0.7831
1104919200;4.8;1585.0;-200.0;19.3;1277.0;845.0;456.0;173.0;1567.0;1944.0;9.8;65.8;0.7967
1104922800;5.2;1674.0;-200.0;22.9;1376.0;992.0;438.0;198.0;1643.0;2098.0;11.2;61.9;0.8226
1104926400;5.9;1741.0;-200.0;25.3;1438.0;1130.0;416.0;219.0;1741.0;2159.0;12.8;60.1;0.882
1104930000;5.9;1680.0;-200.0;25.2;1434.0;977.0;417.0;206.0;1790.0;2005.0;13.4;62.4;0.9513
1104933600;3.1;1295.0;-200.0;13.2;1090.0;459.0;553.0;155.0;1479.0;1441.0;14.3;61.2;0.9941
1104937200;2.6;1288.0;-200.0;13.9;1112.0;346.0;560.0;150.0;1492.0;1380.0;14.6;59.6;0.9824
1104940800;2.8;1281.0;-200.0;13.8;1111.0;383.0;553.0;148.0;1483.0;1409.0;14.2;60.0;0.9684
1104944400;2.8;1310.0;-200.0;13.5;1099.0;414.0;559.0;158.0;1481.0;1445.0;13.8;62.6;0.9862
1104948000;2.8;1276.0;-200.0;13.5;1099.0;370.0;559.0;152.0;1504.0;1388.0;13.6;64.0;0.9891
1104951600;3.1;1312.0;-200.0;15.0;1148.0;400.0;532.0;148.0;1525.0;1411.0;13.4;64.5;0.9865
1104955200;3.3;1332.0;-200.0;14.9;1146.0;378.0;539.0;147.0;1523.0;1377.0;13.5;64.7;0.9971
1104958800;2.7;1248.0;-200.0;11.9;1046.0;357.0;588.0;144.0;1404.0;1316.0;13.4;65.3;0.9967
1104962400;2.3;1182.0;-200.0;9.2;947.0;333.0;643.0;144.0;1334.0;1210.0;13.2;64.5;0.9732
1104966000;1.6;1059.0;-200.0;6.0;810.0;227.0;764.0;126.0;1200.0;1002.0;13.2;62.3;0.9392
1104969600;1.6;1056.0;-200.0;5.6;795.0;203.0;783.0;115.0;1187.0;896.0;12.5;63.7;0.9196
1104973200;1.7;1064.0;-200.0;5.4;785.0;210.0;769.0;116.0;1184.0;946.0;12.3;64.6;0.9229
1104976800;1.6;1059.0;-200.0;5.4;783.0;198.0;781.0;112.0;1188.0;877.0;12.5;63.8;0.9244
1104980400;1.4;991.0;-200.0;3.5;681.0;-200.0;874.0;-200.0;1125.0;718.0;12.6;62.7;0.9121
1104984000;-200.0;950.0;-200.0;2.5;622.0;89.0;960.0;67.0;1093.0;643.0;12.0;64.6;0.906
1104987600;0.9;1005.0;-200.0;3.4;679.0;89.0;875.0;67.0;1120.0;745.0;10.7;69.5;0.8919
1104991200;0.8;939.0;-200.0;1.8;568.0;101.0;1037.0;72.0;1054.0;656.0;12.4;62.6;0.8994
1104994800;0.7;961.0;-200.0;2.6;629.0;104.0;1011.0;69.0;1114.0;682.0;12.3;62.7;0.8947
1104998400;1.1;1017.0;-200.0;4.0;712.0;192.0;827.0;107.0;1147.0;829.0;11.4;66.6;0.8948
1105002000;1.5;1108.0;-200.0;6.2;823.0;237.0;720.0;117.0;1247.0;961.0;11.1;70.2;0.9276
1105005600;1.5;1122.0;-200.0;5.8;803.0;211.0;733.0;115.0;1225.0;960.0;13.4;61.0;0.9348
1105009200;1.6;1099.0;-200.0;6.3;826.0;230.0;739.0;120.0;1223.0;940.0;15.9;52.2;0.9377
1105012800;1.6;1124.0;-200.0;5.9;805.0;240.0;726.0;128.0;1233.0;938.0;15.6;54.0;0.9515
1105016400;2.0;1186.0;-200.0;8.5;921.0;295.0;660.0;138.0;1310.0;1040.0;16.3;51.5;0.9462
1105020000;1.7;1096.0;-200.0;6.2;819.0;243.0;733.0;127.0;1238.0;904.0;16.5;50.8;0.9442
1105023600;1.5;1120.0;-200.0;6.4;829.0;196.0;725.0;111.0;1259.0;910.0;16.3;51.9;0.9535
1105027200;2.0;1185.0;-200.0;7.9;893.0;237.0;666.0;122.0;1312.0;1011.0;16.2;53.0;0.9687
1105030800;1.9;1173.0;-200.0;7.7;885.0;274.0;685.0;134.0;1288.0;1038.0;15.6;54.8;0.966
1105034400;2.1;1221.0;-200.0;8.9;935.0;352.0;642.0;153.0;1323.0;1144.0;14.5;57.5;0.944
1105038000;2.8;1330.0;-200.0;12.4;1063.0;488.0;578.0;169.0;1419.0;1352.0;14.0;60.1;0.9566
1105041600;2.7;1325.0;-200.0;11.3;1027.0;426.0;591.0;162.0;1394.0;1365.0;13.5;63.0;0.9686
1105045200;2.4;1195.0;-200.0;8.4;915.0;376.0;666.0;152.0;1295.0;1245.0;12.6;65.4;0.9529
1105048800;1.6;1150.0;-200.0;7.3;869.0;237.0;694.0;127.0;1252.0;1203.0;12.0;67.5;0.9413
1105052400;1.7;1145.0;-200.0;5.9;806.0;199.0;736.0;112.0;1207.0;1120.0;10.5;72.0;0.912
1105056000;1.3;1041.0;-200.0;4.3;729.0;164.0;819.0;98.0;1130.0;972.0;10.0;70.9;0.8706
1105059600;1.4;1032.0;-200.0;3.6;687.0;142.0;867.0;89.0;1109.0;878.0;9.8;70.7;0.8571
1105063200;1.2;1010.0;-200.0;3.1;661.0;142.0;881.0;82.0;1100.0;853.0;8.0;75.0;0.8098
1105066800;1.0;951.0;-200.0;2.5;620.0;-200.0;938.0;-200.0;1077.0;779.0;7.9;75.1;0.805
1105070400;1.0;944.0;-200.0;2.5;617.0;127.0;944.0;77.0;1039.0;766.0;7.0;77.3;0.7782
1105074000;0.6;862.0;-200.0;1.4;540.0;73.0;1110.0;55.0;999.0;670.0;7.2;74.4;0.7581
1105077600;0.7;909.0;-200.0;1.8;567.0;100.0;1049.0;63.0;993.0;694.0;6.7;75.0;0.7418
1105081200;1.0;965.0;-200.0;3.1;659.0;126.0;973.0;69.0;1059.0;739.0;6.4;76.3;0.7389
1105084800;1.7;1102.0;-200.0;7.6;884.0;284.0;719.0;99.0;1218.0;940.0;6.0;78.5;0.7377
1105088400;3.0;1226.0;-200.0;15.3;1157.0;419.0;552.0;125.0;1464.0;1201.0;6.3;77.4;0.7452
1105092000;2.4;1132.0;-200.0;9.3;950.0;432.0;659.0;123.0;1253.0;1106.0;7.7;73.8;0.7769
1105095600;2.2;1183.0;-200.0;11.0;1013.0;310.0;632.0;128.0;1306.0;1186.0;10.2;61.5;0.7638
1105099200;2.6;1211.0;-200.0;10.6;998.0;446.0;605.0;149.0;1298.0;1302.0;11.3;58.1;0.7743
1105102800;2.5;1253.0;-200.0;11.4;1030.0;464.0;590.0;137.0;1351.0;1368.0;10.6;62.3;0.7981
1105106400;3.0;1311.0;-200.0;13.1;1088.0;505.0;563.0;147.0;1402.0;1452.0;11.1;62.0;0.8199
1105110000;3.3;1341.0;-200.0;14.8;1142.0;564.0;536.0;168.0;1454.0;1537.0;12.6;57.7;0.8387
1105113600;3.8;1432.0;-200.0;16.5;1195.0;625.0;509.0;180.0;1513.0;1651.0;13.3;56.2;0.8548
1105117200;3.6;1404.0;-200.0;16.5;1195.0;590.0;499.0;170.0;1501.0;1623.0;11.2;65.3;0.8639
1105120800;5.0;1493.0;-200.0;21.5;1337.0;712.0;466.0;180.0;1638.0;1742.0;8.8;74.6;0.8434
1105124400;5.7;1478.0;-200.0;22.2;1357.0;723.0;473.0;178.0;1652.0;1639.0;7.2;78.5;0.803
1105128000;5.0;1411.0;-200.0;20.5;1311.0;707.0;487.0;159.0;1589.0;1537.0;6.5;80.0;0.7789
1105131600;4.8;1387.0;-200.0;17.7;1231.0;737.0;523.0;156.0;1487.0;1463.0;5.8;83.8;0.7768
1105135200;3.9;1306.0;-200.0;15.4;1161.0;646.0;557.0;146.0;1407.0;1379.0;5.5;83.5;0.7619
1105138800;3.3;1232.0;-200.0;11.6;1035.0;536.0;623.0;132.0;1296.0;1256.0;5.8;81.3;0.7568
1105142400;3.4;1277.0;-200.0;13.0;1085.0;567.0;589.0;137.0;1329.0;1344.0;5.4;82.6;0.7495
1105146000;2.4;1063.0;-200.0;6.7;843.0;357.0;762.0;114.0;1125.0;1089.0;6.4;76.3;0.7369
1105149600;1.4;991.0;-200.0;4.6;744.0;187.0;863.0;95.0;1069.0;949.0;7.0;73.6;0.7417
1105153200;1.4;989.0;-200.0;3.8;701.0;-200.0;871.0;-200.0;1049.0;933.0;7.2;72.3;0.7392
1105156800;1.2;972.0;-200.0;3.4;674.0;169.0;926.0;88.0;1032.0;882.0;7.9;69.3;0.7413
1105160400;1.2;973.0;-200.0;3.4;675.0;184.0;903.0;94.0;1029.0;905.0;7.4;71.7;0.7434
1105164000;1.2;985.0;-200.0;3.6;691.0;205.0;878.0;97.0;1056.0;902.0;7.7;71.9;0.7575
1105167600;1.3;1020.0;-200.0;4.5;736.0;213.0;854.0;93.0;1069.0;923.0;8.1;68.0;0.7396
1105171200;2.3;1192.0;-200.0;10.0;978.0;415.0;638.0;113.0;1273.0;1210.0;6.7;77.1;0.7597
1105174800;3.4;1325.0;-200.0;14.7;1140.0;583.0;542.0;126.0;1403.0;1468.0;6.8;77.9;0.7756
1105178400;3.0;1219.0;-200.0;11.3;1026.0;462.0;604.0;133.0;1311.0;1329.0;8.9;66.7;0.7634
1105182000;2.5;1195.0;-200.0;10.4;992.0;387.0;632.0;141.0;1251.0;1295.0;11.6;54.1;0.7387
1105185600;2.7;1230.0;-200.0;11.2;1020.0;414.0;605.0;139.0;1301.0;1365.0;13.5;49.4;0.7598
1105189200;2.8;1312.0;-200.0;13.1;1087.0;440.0;567.0;147.0;1393.0;1452.0;13.8;50.9;0.796
1105192800;3.6;1387.0;-200.0;14.3;1127.0;516.0;530.0;175.0;1430.0;1615.0;13.4;55.9;0.8588
1105196400;3.1;1375.0;-200.0;12.8;1076.0;495.0;555.0;180.0;1377.0;1599.0;12.9;59.0;0.8736
1105200000;4.3;1532.0;-200.0;18.9;1265.0;643.0;482.0;194.0;1578.0;1777.0;13.3;59.0;0.8945
1105203600;4.6;1531.0;-200.0;17.9;1235.0;725.0;484.0;192.0;1541.0;1742.0;13.0;61.9;0.9224
1105207200;4.3;1479.0;-200.0;16.5;1196.0;683.0;498.0;188.0;1511.0;1739.0;12.5;63.6;0.9193
1105210800;4.3;1521.0;-200.0;16.9;1208.0;681.0;497.0;179.0;1549.0;1770.0;12.2;65.8;0.931
1105214400;5.5;1616.0;-200.0;22.4;1363.0;833.0;442.0;196.0;1701.0;1918.0;12.6;65.2;0.9474
1105218000;3.4;1371.0;-200.0;13.6;1105.0;514.0;553.0;169.0;1429.0;1581.0;13.3;63.6;0.9681
1105221600;2.4;1198.0;-200.0;9.1;943.0;371.0;647.0;151.0;1307.0;1291.0;13.5;62.6;0.9644
1105225200;1.6;1102.0;-200.0;6.0;813.0;213.0;764.0;123.0;1204.0;1000.0;14.1;59.6;0.9563
1105228800;1.7;1120.0;-200.0;6.3;826.0;242.0;750.0;127.0;1222.0;974.0;14.0;61.4;0.9773
1105232400;1.6;1093.0;-200.0;5.5;789.0;241.0;771.0;127.0;1206.0;949.0;13.5;63.4;0.9755
1105236000;1.3;1112.0;-200.0;5.6;791.0;218.0;764.0;118.0;1216.0;934.0;13.2;64.2;0.9706
1105239600;0.8;986.0;-200.0;3.4;674.0;-200.0;883.0;-200.0;1137.0;730.0;13.6;62.2;0.9643
1105243200;-200.0;934.0;-200.0;2.3;609.0;70.0;976.0;55.0;1094.0;581.0;13.7;61.1;0.9537
1105246800;0.6;919.0;-200.0;1.8;571.0;54.0;1017.0;44.0;1082.0;521.0;13.5;63.8;0.9801
1105250400;0.6;929.0;-200.0;1.6;556.0;60.0;1035.0;46.0;1094.0;575.0;12.5;67.3;0.9743
1105254000;0.5;919.0;-200.0;1.6;552.0;55.0;1063.0;46.0;1080.0;522.0;13.2;64.2;0.9664
1105257600;0.6;944.0;-200.0;2.0;586.0;93.0;977.0;61.0;1090.0;586.0;13.1;63.4;0.9535
1105261200;0.7;943.0;-200.0;1.9;580.0;81.0;980.0;60.0;1074.0;566.0;13.8;60.5;0.9526
1105264800;0.9;1036.0;-200.0;3.5;683.0;109.0;846.0;71.0;1144.0;693.0;13.7;60.4;0.939
1105268400;1.5;1168.0;-200.0;5.7;797.0;251.0;698.0;111.0;1235.0;1022.0;14.0;59.7;0.9495
1105272000;1.9;1232.0;-200.0;8.1;903.0;284.0;626.0;127.0;1313.0;1152.0;15.0;56.2;0.9539
1105275600;1.9;1236.0;-200.0;8.1;901.0;262.0;628.0;128.0;1311.0;1108.0;16.9;50.9;0.9714
1105279200;2.2;1278.0;-200.0;12.6;1070.0;256.0;557.0;142.0;1479.0;1110.0;16.6;52.4;0.981
1105282800;3.8;1369.0;-200.0;18.1;1242.0;310.0;476.0;145.0;1669.0;1306.0;16.4;53.2;0.9826
1105286400;2.0;1182.0;-200.0;8.7;929.0;269.0;648.0;145.0;1324.0;1029.0;16.1;52.8;0.9579
1105290000;2.2;1210.0;-200.0;8.8;933.0;348.0;648.0;156.0;1327.0;1094.0;15.7;54.4;0.9616
1105293600;3.3;1316.0;-200.0;14.1;1121.0;396.0;548.0;154.0;1488.0;1282.0;15.4;55.3;0.9616
1105297200;2.7;1221.0;-200.0;9.3;952.0;432.0;641.0;165.0;1334.0;1147.0;15.2;54.7;0.9362
1105300800;2.6;1260.0;-200.0;11.6;1034.0;419.0;588.0;153.0;1402.0;1208.0;14.7;56.6;0.9392
1105304400;2.5;1231.0;-200.0;9.6;962.0;412.0;625.0;151.0;1348.0;1192.0;14.4;58.2;0.9495
1105308000;1.5;1115.0;-200.0;5.8;804.0;223.0;734.0;131.0;1220.0;1136.0;14.3;59.2;0.9608
1105311600;1.9;1180.0;-200.0;7.5;877.0;242.0;680.0;128.0;1297.0;1131.0;14.0;60.4;0.9622
1105315200;2.0;1174.0;-200.0;7.4;873.0;288.0;672.0;137.0;1300.0;1071.0;13.7;63.6;0.9912
1105318800;1.7;1178.0;-200.0;7.4;876.0;209.0;666.0;119.0;1319.0;1059.0;13.1;68.7;1.0329
1105322400;1.2;1052.0;-200.0;3.9;704.0;141.0;807.0;96.0;1210.0;909.0;13.2;69.9;1.0526
1105326000;0.9;998.0;-200.0;2.1;591.0;-200.0;937.0;-200.0;1147.0;820.0;12.8;71.2;1.0454
1105329600;0.6;960.0;-200.0;1.3;532.0;66.0;1059.0;60.0;1122.0;724.0;12.9;70.4;1.0444
1105333200;-200.0;958.0;-200.0;1.8;571.0;64.0;998.0;54.0;1138.0;707.0;12.4;72.5;1.0411
1105336800;-200.0;989.0;-200.0;3.0;650.0;105.0;900.0;66.0;1171.0;768.0;13.0;70.3;1.0502
1105340400;0.4;1162.0;-200.0;6.7;843.0;303.0;685.0;104.0;1336.0;1027.0;12.3;73.3;1.0448
1105344000;2.6;1523.0;-200.0;21.0;1324.0;620.0;451.0;137.0;1776.0;1502.0;12.8;71.8;1.0551
1105347600;3.5;1511.0;-200.0;21.4;1334.0;590.0;433.0;146.0;1804.0;1606.0;13.1;70.2;1.0567
1105351200;2.1;1420.0;-200.0;16.1;1183.0;592.0;488.0;136.0;1626.0;1520.0;12.8;71.8;1.0551
1105354800;2.1;1413.0;-200.0;16.4;1193.0;698.0;484.0;144.0;1598.0;1566.0;13.1;70.3;1.0566
1105358400;1.7;1335.0;-200.0;14.8;1141.0;482.0;512.0;133.0;1536.0;1501.0;13.7;67.0;1.0446
1105362000;2.6;1451.0;-200.0;20.1;1298.0;575.0;452.0;148.0;1744.0;1634.0;14.0;65.4;1.0427
1105365600;2.6;1410.0;-200.0;19.3;1276.0;548.0;459.0;155.0;1701.0;1587.0;14.4;63.8;1.0421
1105369200;2.4;1429.0;-200.0;19.3;1277.0;498.0;456.0;152.0;1721.0;1560.0;14.1;65.9;1.0531
1105372800;2.4;1409.0;-200.0;17.4;1223.0;479.0;475.0;145.0;1640.0;1538.0;14.1;65.9;1.0552
1105376400;2.0;1372.0;-200.0;17.0;1210.0;420.0;484.0;139.0;1629.0;1491.0;14.1;66.0;1.0539
1105380000;2.0;1366.0;-200.0;17.1;1213.0;378.0;489.0;134.0;1611.0;1469.0;14.0;66.4;1.0536
1105383600;3.1;1365.0;-200.0;16.4;1192.0;340.0;492.0;128.0;1593.0;1486.0;13.8;66.4;1.0451
1105387200;3.3;1385.0;-200.0;17.3;1218.0;399.0;478.0;135.0;1620.0;1494.0;13.4;68.1;1.0441
1105390800;3.3;1361.0;-200.0;14.6;1137.0;449.0;503.0;136.0;1526.0;1471.0;13.2;69.1;1.0452
1105394400;2.6;1312.0;-200.0;11.9;1047.0;374.0;545.0;126.0;1430.0;1399.0;13.0;70.0;1.042
1105398000;1.7;1177.0;-200.0;7.3;871.0;244.0;660.0;116.0;1292.0;1192.0;12.7;69.9;1.0223
1105401600;1.8;1205.0;-200.0;7.7;888.0;256.0;647.0;116.0;1292.0;1187.0;12.0;71.9;1.0071
1105405200;1.5;1114.0;-200.0;4.9;757.0;212.0;744.0;107.0;1204.0;1070.0;13.2;66.8;1.0087
1105408800;1.1;1047.0;-200.0;3.9;708.0;146.0;816.0;91.0;1167.0;949.0;12.4;69.5;0.9986
1105412400;0.9;982.0;-200.0;2.1;592.0;-200.0;953.0;-200.0;1106.0;830.0;13.1;65.7;0.9858
1105416000;0.7;992.0;-200.0;2.9;644.0;96.0;899.0;70.0;1128.0;854.0;11.8;70.6;0.9731
1105419600;0.7;977.0;-200.0;2.6;629.0;106.0;908.0;78.0;1129.0;835.0;12.3;68.0;0.9734
1105423200;0.9;1047.0;-200.0;3.3;671.0;115.0;863.0;75.0;1147.0;887.0;12.0;69.2;0.9697
1105426800;1.3;1126.0;-200.0;5.2;775.0;236.0;760.0;101.0;1205.0;1019.0;11.7;69.8;0.9612
1105430400;3.2;1474.0;-200.0;19.0;1268.0;583.0;502.0;136.0;1677.0;1503.0;12.1;67.6;0.95
1105434000;5.1;1526.0;-200.0;26.5;1466.0;662.0;415.0;147.0;1855.0;1687.0;12.5;65.1;0.9399
1105437600;3.7;1386.0;-200.0;15.3;1158.0;528.0;518.0;143.0;1485.0;1553.0;12.8;62.5;0.9213
1105441200;3.2;1392.0;-200.0;15.6;1166.0;549.0;519.0;153.0;1488.0;1624.0;13.4;59.9;0.9143
1105444800;3.1;1363.0;-200.0;16.4;1192.0;531.0;499.0;148.0;1501.0;1637.0;13.4;57.9;0.8895
1105448400;3.0;1331.0;-200.0;16.1;1184.0;493.0;507.0;149.0;1508.0;1533.0;13.6;56.4;0.8754
1105452000;3.6;1401.0;-200.0;18.8;1261.0;527.0;479.0;141.0;1580.0;1577.0;13.8;56.3;0.8841
1105455600;3.2;1374.0;-200.0;18.0;1239.0;487.0;483.0;147.0;1569.0;1532.0;13.7;57.9;0.9063
1105459200;3.9;1436.0;-200.0;20.1;1299.0;581.0;451.0;159.0;1616.0;1621.0;13.6;58.9;0.9139
1105462800;3.4;1386.0;-200.0;17.6;1228.0;531.0;479.0;152.0;1546.0;1578.0;13.4;59.7;0.9142
1105466400;3.9;1419.0;-200.0;19.3;1277.0;495.0;459.0;144.0;1603.0;1631.0;13.3;61.2;0.933
1105470000;3.6;1428.0;-200.0;19.7;1288.0;487.0;465.0;146.0;1580.0;1629.0;13.2;61.8;0.9313
1105473600;4.7;1508.0;-200.0;24.5;1416.0;596.0;418.0;162.0;1773.0;1733.0;12.9;61.5;0.9139
1105477200;4.1;1438.0;-200.0;18.4;1251.0;595.0;470.0;156.0;1593.0;1622.0;12.6;63.9;0.9307
1105480800;3.4;1415.0;-200.0;16.6;1197.0;559.0;486.0;146.0;1539.0;1597.0;12.0;67.4;0.9417
1105484400;3.5;1433.0;-200.0;16.2;1186.0;586.0;479.0;151.0;1497.0;1738.0;11.9;69.0;0.9568
1105488000;1.2;1208.0;-200.0;9.6;964.0;399.0;602.0;127.0;1305.0;1350.0;12.0;66.6;0.9293
1105491600;2.4;1280.0;-200.0;11.4;1029.0;399.0;564.0;123.0;1366.0;1363.0;11.4;69.6;0.9373
1105495200;2.1;1174.0;-200.0;9.1;942.0;381.0;626.0;122.0;1296.0;1262.0;11.2;70.3;0.9323
1105498800;1.1;1022.0;-200.0;4.3;729.0;-200.0;803.0;-200.0;1139.0;1034.0;11.5;68.2;0.9271
1105502400;-200.0;1002.0;-200.0;4.2;722.0;162.0;807.0;85.0;1161.0;998.0;10.7;71.3;0.9161
1105506000;1.0;1018.0;-200.0;4.7;746.0;183.0;800.0;83.0;1171.0;958.0;10.0;74.8;0.9161
1105509600;1.4;1095.0;-200.0;7.3;868.0;357.0;676.0;98.0;1241.0;1078.0;9.2;78.5;0.9143
1105513200;1.8;1182.0;-200.0;9.3;951.0;479.0;634.0;109.0;1327.0;1143.0;8.8;79.4;0.9033
1105516800;3.8;1478.0;-200.0;17.8;1234.0;852.0;470.0;138.0;1606.0;1551.0;8.7;79.4;0.8944
1105520400;4.1;1515.0;-200.0;20.1;1298.0;822.0;434.0;138.0;1706.0;1669.0;8.9;76.5;0.8767
1105524000;4.4;1488.0;-200.0;19.6;1286.0;910.0;452.0;170.0;1648.0;1766.0;9.9;73.3;0.8936
1105527600;3.5;1383.0;-200.0;16.5;1196.0;800.0;497.0;191.0;1514.0;1717.0;11.8;65.5;0.901
1105531200;3.5;1383.0;-200.0;17.3;1218.0;758.0;497.0;196.0;1506.0;1738.0;13.0;60.9;0.9061
1105534800;3.8;1337.0;-200.0;17.7;1231.0;647.0;505.0;185.0;1518.0;1611.0;14.7;52.3;0.8687
1105538400;3.1;1243.0;-200.0;15.2;1155.0;431.0;546.0;156.0;1473.0;1398.0;15.1;49.6;0.8428
1105542000;3.4;1304.0;-200.0;18.2;1244.0;491.0;507.0;173.0;1558.0;1497.0;15.7;48.8;0.8657
1105545600;3.3;1284.0;-200.0;17.2;1216.0;476.0;522.0;166.0;1545.0;1415.0;15.8;48.9;0.8707
1105549200;3.4;1303.0;-200.0;17.6;1226.0;538.0;521.0;173.0;1554.0;1457.0;14.6;54.0;0.8946
1105552800;4.7;1461.0;-200.0;25.4;1440.0;621.0;440.0;177.0;1806.0;1669.0;14.3;56.3;0.9119
1105556400;5.7;1517.0;-200.0;28.4;1512.0;728.0;421.0;182.0;1902.0;1740.0;14.1;57.8;0.9262
1105560000;5.6;1526.0;-200.0;27.5;1492.0;716.0;428.0;166.0;1883.0;1770.0;13.1;62.9;0.943
1105563600;5.9;1495.0;-200.0;23.3;1386.0;782.0;457.0;177.0;1736.0;1734.0;12.0;67.5;0.9467
1105567200;3.6;1333.0;-200.0;15.2;1154.0;550.0;534.0;158.0;1441.0;1647.0;10.7;70.9;0.9113
1105570800;2.5;1216.0;-200.0;11.1;1020.0;377.0;605.0;133.0;1337.0;1379.0;10.0;73.2;0.8988
1105574400;2.9;1232.0;-200.0;11.5;1032.0;391.0;599.0;123.0;1347.0;1331.0;9.4;75.0;0.8874
1105578000;2.5;1181.0;-200.0;10.2;985.0;433.0;629.0;120.0;1312.0;1240.0;8.5;76.9;0.8557
1105581600;1.7;1042.0;-200.0;6.0;814.0;287.0;746.0;105.0;1167.0;1036.0;8.4;75.9;0.8407
1105585200;1.6;1027.0;-200.0;6.3;824.0;-200.0;753.0;-200.0;1171.0;969.0;6.9;80.7;0.8054
1105588800;1.1;915.0;-200.0;3.7;695.0;192.0;883.0;86.0;1094.0;826.0;6.2;82.1;0.7825
1105592400;0.9;891.0;-200.0;3.2;666.0;161.0;931.0;77.0;1058.0;798.0;7.0;77.3;0.7759
1105596000;1.0;937.0;-200.0;3.7;694.0;194.0;915.0;81.0;1054.0;817.0;6.5;79.7;0.7751
1105599600;1.6;1086.0;-200.0;8.0;901.0;343.0;715.0;103.0;1216.0;1055.0;7.7;76.8;0.8112
1105603200;3.1;1326.0;-200.0;16.3;1190.0;624.0;531.0;127.0;1509.0;1391.0;8.2;74.9;0.8184
1105606800;4.1;1469.0;-200.0;24.0;1403.0;758.0;452.0;134.0;1780.0;1665.0;8.8;73.2;0.8298
1105610400;3.9;1321.0;-200.0;15.7;1170.0;760.0;532.0;158.0;1488.0;1539.0;9.7;70.1;0.8432
1105614000;3.6;1396.0;-200.0;16.5;1196.0;713.0;524.0;175.0;1492.0;1653.0;11.7;62.7;0.8586
1105617600;3.2;1270.0;-200.0;12.8;1077.0;615.0;583.0;178.0;1353.0;1586.0;13.1;58.5;0.877
1105621200;2.2;1189.0;-200.0;11.3;1025.0;319.0;626.0;135.0;1316.0;1332.0;14.2;54.1;0.8707
1105624800;2.4;1227.0;-200.0;12.9;1081.0;338.0;570.0;133.0;1396.0;1369.0;14.2;54.3;0.8757
1105628400;2.7;1266.0;-200.0;14.1;1118.0;380.0;564.0;134.0;1410.0;1373.0;14.0;56.3;0.894
1105632000;2.7;1277.0;-200.0;15.8;1175.0;366.0;531.0;137.0;1480.0;1397.0;13.5;57.8;0.8933
1105635600;3.9;1438.0;-200.0;19.9;1295.0;567.0;470.0;160.0;1620.0;1577.0;12.3;63.0;0.9015
1105639200;5.2;1523.0;-200.0;26.6;1470.0;702.0;414.0;166.0;1811.0;1783.0;11.4;68.0;0.9166
1105642800;4.0;1384.0;-200.0;19.8;1290.0;523.0;475.0;144.0;1571.0;1568.0;10.8;69.5;0.8995
1105646400;2.9;1283.0;-200.0;13.3;1093.0;373.0;581.0;129.0;1354.0;1356.0;11.0;67.1;0.8766
1105650000;3.3;1304.0;-200.0;13.0;1085.0;467.0;571.0;129.0;1385.0;1419.0;9.5;71.3;0.8458
1105653600;2.0;1126.0;-200.0;7.5;880.0;260.0;690.0;107.0;1202.0;1177.0;8.8;71.0;0.8089
1105657200;1.8;1141.0;-200.0;7.8;892.0;244.0;686.0;101.0;1213.0;1141.0;8.0;73.4;0.7899
1105660800;2.7;1183.0;-200.0;8.8;930.0;317.0;669.0;112.0;1210.0;1179.0;7.6;73.0;0.7629
1105664400;1.8;1090.0;-200.0;6.4;830.0;224.0;744.0;98.0;1125.0;1056.0;7.1;73.9;0.7515
1105668000;1.3;1032.0;-200.0;4.5;736.0;176.0;809.0;90.0;1064.0;973.0;7.1;73.5;0.7439
1105671600;1.0;940.0;-200.0;3.6;691.0;-200.0;877.0;-200.0;1036.0;827.0;6.7;75.0;0.739
1105675200;1.1;981.0;-200.0;4.2;721.0;103.0;866.0;59.0;1059.0;836.0;5.1;81.3;0.7204
1105678800;1.6;1104.0;-200.0;6.9;851.0;367.0;687.0;98.0;1101.0;1085.0;4.3;82.9;0.6968
1105682400;1.3;989.0;-200.0;5.0;762.0;326.0;793.0;109.0;1076.0;959.0;5.3;80.4;0.7234
1105686000;1.4;1079.0;-200.0;7.3;869.0;374.0;732.0;110.0;1160.0;1039.0;5.7;79.3;0.7326
1105689600;5.0;1472.0;-200.0;24.5;1418.0;756.0;459.0;159.0;1681.0;1554.0;6.8;74.8;0.7423
1105693200;4.3;1313.0;-200.0;16.9;1206.0;690.0;513.0;144.0;1469.0;1546.0;6.9;75.2;0.7505
1105696800;4.1;1363.0;-200.0;17.7;1229.0;754.0;515.0;147.0;1490.0;1638.0;8.0;71.9;0.7712
1105700400;3.8;1347.0;-200.0;17.1;1212.0;750.0;527.0;179.0;1443.0;1568.0;9.3;67.1;0.7849
1105704000;3.1;1240.0;-200.0;14.7;1140.0;590.0;567.0;164.0;1388.0;1433.0;10.2;63.6;0.7928
1105707600;3.3;1280.0;-200.0;17.4;1222.0;525.0;526.0;160.0;1519.0;1452.0;11.0;60.9;0.7966
1105711200;3.1;1210.0;-200.0;15.1;1151.0;406.0;569.0;143.0;1428.0;1345.0;11.3;60.1;0.8022
1105714800;2.7;1216.0;-200.0;14.5;1134.0;360.0;566.0;138.0;1403.0;1336.0;12.2;56.9;0.8068
1105718400;3.4;1320.0;-200.0;16.9;1207.0;448.0;535.0;143.0;1498.0;1442.0;11.9;59.1;0.8211
1105722000;5.0;1477.0;-200.0;24.3;1412.0;733.0;450.0;196.0;1704.0;1748.0;10.3;66.3;0.8286
1105725600;5.7;1500.0;-200.0;26.1;1458.0;847.0;428.0;197.0;1750.0;1776.0;8.2;74.9;0.8187
1105729200;5.8;1512.0;-200.0;26.4;1463.0;765.0;435.0;189.0;1720.0;1802.0;7.9;77.1;0.8223
1105732800;5.8;1496.0;-200.0;25.7;1447.0;715.0;435.0;188.0;1710.0;1796.0;8.3;75.0;0.8253
1105736400;5.0;1360.0;-200.0;18.2;1246.0;716.0;513.0;190.0;1504.0;1600.0;8.2;75.2;0.8185
1105740000;1.7;1024.0;-200.0;6.2;819.0;235.0;782.0;126.0;1101.0;1083.0;8.3;69.7;0.7632
1105743600;1.6;1094.0;-200.0;6.7;845.0;198.0;780.0;113.0;1127.0;1064.0;6.7;74.4;0.7344
1105747200;2.3;1111.0;-200.0;7.5;877.0;293.0;735.0;129.0;1142.0;1104.0;6.4;74.9;0.7238
1105750800;2.4;1097.0;-200.0;7.5;878.0;356.0;737.0;128.0;1140.0;1053.0;4.9;80.1;0.7011
1105754400;2.0;1051.0;-200.0;6.2;820.0;285.0;778.0;122.0;1087.0;1009.0;4.8;79.4;0.6872
1105758000;1.6;979.0;-200.0;5.1;767.0;-200.0;827.0;-200.0;1041.0;908.0;3.3;82.6;0.645
1105761600;-200.0;978.0;-200.0;4.8;756.0;266.0;834.0;115.0;1015.0;878.0;2.4;86.6;0.6369
1105765200;1.1;902.0;-200.0;3.1;659.0;158.0;940.0;92.0;972.0;800.0;3.4;81.4;0.6425
1105768800;1.0;957.0;-200.0;2.8;641.0;95.0;1013.0;70.0;940.0;784.0;4.2;77.0;0.6439
1105772400;1.3;973.0;-200.0;4.3;728.0;148.0;902.0;83.0;1004.0;854.0;3.5;80.8;0.6406
1105776000;1.9;1074.0;-200.0;9.7;967.0;337.0;703.0;127.0;1201.0;1065.0;3.5;80.3;0.6366
1105779600;2.6;1115.0;-200.0;10.9;1012.0;453.0;650.0;142.0;1230.0;1161.0;4.0;78.5;0.645
1105783200;2.7;1136.0;-200.0;10.6;1001.0;497.0;653.0;155.0;1216.0;1192.0;4.5;76.6;0.6534
1105786800;2.4;1128.0;-200.0;10.0;977.0;448.0;673.0;153.0;1199.0;1202.0;5.6;72.3;0.6627
1105790400;2.7;1196.0;-200.0;11.6;1035.0;496.0;633.0;177.0;1259.0;1338.0;7.5;64.4;0.672
1105794000;3.1;1267.0;-200.0;15.6;1166.0;535.0;567.0;179.0;1382.0;1505.0;8.9;60.8;0.6921
1105797600;4.4;1355.0;-200.0;18.1;1244.0;644.0;536.0;212.0;1454.0;1715.0;10.6;55.3;0.7058
1105801200;3.2;1194.0;-200.0;12.3;1061.0;459.0;622.0;182.0;1257.0;1473.0;12.3;46.3;0.6597
1105804800;2.9;1188.0;-200.0;11.4;1029.0;409.0;635.0;168.0;1243.0;1433.0;12.2;47.0;0.6686
1105808400;3.0;1279.0;-200.0;15.2;1154.0;515.0;573.0;179.0;1391.0;1544.0;10.5;55.1;0.6993
1105812000;3.7;1361.0;-200.0;17.4;1223.0;640.0;525.0;182.0;1454.0;1648.0;8.7;66.3;0.7491
1105815600;5.2;1474.0;-200.0;20.8;1319.0;816.0;496.0;194.0;1524.0;1784.0;7.9;69.9;0.7487
1105819200;3.3;1235.0;-200.0;12.8;1078.0;505.0;616.0;166.0;1265.0;1519.0;7.6;65.3;0.6842
1105822800;3.6;1289.0;-200.0;14.7;1140.0;560.0;590.0;168.0;1317.0;1532.0;6.5;67.6;0.6608
1105826400;2.3;1124.0;-200.0;8.3;910.0;389.0;717.0;148.0;1112.0;1340.0;5.9;66.4;0.6226
1105830000;3.0;1231.0;-200.0;11.1;1017.0;492.0;655.0;151.0;1207.0;1414.0;5.2;70.0;0.6232
1105833600;3.8;1289.0;-200.0;13.6;1104.0;531.0;623.0;165.0;1257.0;1499.0;5.2;67.8;0.6028
1105837200;3.2;1166.0;-200.0;9.8;970.0;487.0;705.0;165.0;1136.0;1306.0;4.9;67.1;0.5863
1105840800;2.1;1062.0;-200.0;7.6;884.0;293.0;748.0;128.0;1062.0;1172.0;5.1;65.5;0.5811
1105844400;1.7;1028.0;-200.0;6.0;813.0;-200.0;794.0;-200.0;1019.0;1076.0;4.0;69.5;0.5706
1105848000;1.7;1003.0;-200.0;5.9;807.0;219.0;819.0;115.0;1021.0;1005.0;3.7;68.9;0.5549
1105851600;1.4;929.0;-200.0;4.2;721.0;198.0;923.0;120.0;956.0;913.0;4.5;62.7;0.5343
1105855200;1.2;951.0;-200.0;4.5;737.0;166.0;910.0;106.0;977.0;922.0;4.7;62.3;0.5368
1105858800;1.4;1011.0;-200.0;5.4;783.0;255.0;835.0;118.0;1013.0;1026.0;3.9;67.1;0.5483
1105862400;1.4;939.0;-200.0;4.8;751.0;312.0;898.0;156.0;984.0;952.0;5.7;54.5;0.5034
1105866000;1.7;946.0;-200.0;6.3;827.0;236.0;876.0;130.0;1037.0;915.0;6.1;50.3;0.4769
1105869600;1.0;841.0;-200.0;2.6;625.0;172.0;1054.0;112.0;846.0;687.0;9.0;39.5;0.4554
1105873200;1.0;850.0;-200.0;2.6;629.0;138.0;1076.0;96.0;847.0;597.0;10.7;34.4;0.4406
1105876800;0.8;831.0;-200.0;2.2;602.0;121.0;1123.0;89.0;824.0;527.0;11.1;33.4;0.4401
1105880400;1.0;866.0;-200.0;3.0;652.0;143.0;1060.0;98.0;857.0;573.0;11.9;30.8;0.4285
1105884000;0.8;819.0;-200.0;1.9;576.0;114.0;1142.0;85.0;809.0;492.0;11.4;32.0;0.431
1105887600;0.7;833.0;-200.0;2.0;584.0;107.0;1144.0;80.0;821.0;463.0;11.3;32.5;0.4334
1105891200;1.1;877.0;-200.0;2.8;642.0;176.0;1037.0;112.0;859.0;565.0;11.0;33.0;0.4331
1105894800;1.1;892.0;-200.0;3.3;668.0;180.0;1017.0;121.0;872.0;632.0;10.3;35.0;0.4377
1105898400;1.2;899.0;-200.0;3.4;674.0;212.0;1002.0;132.0;893.0;691.0;8.4;40.9;0.4542
1105902000;2.0;1008.0;-200.0;7.1;861.0;331.0;839.0;160.0;977.0;943.0;8.3;38.5;0.4228
1105905600;2.2;1013.0;-200.0;7.4;873.0;369.0;820.0;167.0;984.0;985.0;8.1;37.9;0.41
1105909200;1.5;912.0;-200.0;4.3;730.0;274.0;959.0;157.0;893.0;821.0;7.7;39.0;0.4106
1105912800;1.2;907.0;-200.0;3.9;705.0;199.0;995.0;130.0;880.0;767.0;7.0;41.5;0.4193
1105916400;1.5;953.0;-200.0;5.2;771.0;248.0;905.0;145.0;936.0;895.0;6.6;42.6;0.4179
1105920000;1.4;916.0;-200.0;3.8;701.0;197.0;954.0;133.0;899.0;791.0;6.4;44.2;0.428
1105923600;1.2;894.0;-200.0;3.5;682.0;147.0;991.0;110.0;881.0;770.0;6.0;46.0;0.4349
1105927200;1.0;895.0;-200.0;2.9;648.0;135.0;1001.0;100.0;875.0;839.0;4.4;53.1;0.4484
1105930800;0.6;845.0;-200.0;1.4;534.0;-200.0;1168.0;-200.0;833.0;721.0;4.0;54.3;0.4454
1105934400;0.7;837.0;-200.0;1.1;512.0;95.0;1228.0;79.0;836.0;720.0;3.7;55.8;0.4489
1105938000;0.5;795.0;-200.0;1.0;504.0;94.0;1258.0;79.0;840.0;682.0;2.6;58.6;0.4385
1105941600;0.7;874.0;-200.0;1.6;552.0;121.0;1162.0;90.0;857.0;723.0;3.2;56.0;0.4364
1105945200;1.0;920.0;-200.0;3.2;667.0;131.0;1005.0;95.0;916.0;813.0;3.6;55.4;0.4419
1105948800;3.0;1257.0;-200.0;15.9;1176.0;552.0;612.0;169.0;1357.0;1365.0;1.8;63.3;0.4464
1105952400;4.1;1222.0;-200.0;18.0;1239.0;614.0;574.0;199.0;1346.0;1472.0;2.4;60.2;0.4426
1105956000;3.1;1196.0;-200.0;14.7;1139.0;530.0;617.0;186.0;1271.0;1497.0;4.6;52.1;0.4472
1105959600;3.8;1214.0;-200.0;15.1;1153.0;721.0;612.0;208.0;1244.0;1626.0;8.2;40.5;0.4414
1105963200;2.7;1149.0;-200.0;13.4;1096.0;474.0;639.0;178.0;1219.0;1476.0;10.5;34.7;0.4393
1105966800;3.1;1166.0;-200.0;14.5;1134.0;514.0;603.0;176.0;1227.0;1531.0;11.1;33.3;0.4384
1105970400;3.1;1170.0;-200.0;14.7;1138.0;504.0;611.0;177.0;1233.0;1503.0;11.1;32.6;0.4292
1105974000;3.2;1176.0;-200.0;17.0;1209.0;508.0;588.0;182.0;1264.0;1488.0;12.4;28.3;0.4076
1105977600;3.3;1147.0;-200.0;15.3;1158.0;529.0;615.0;182.0;1200.0;1435.0;12.9;24.5;0.363
1105981200;4.0;1294.0;-200.0;21.2;1330.0;676.0;535.0;193.0;1363.0;1725.0;11.4;28.7;0.3865
1105984800;8.6;1683.0;-200.0;43.0;1831.0;1216.0;374.0;272.0;1964.0;2331.0;9.2;39.3;0.4573
1105988400;8.7;1615.0;-200.0;37.2;1712.0;1230.0;384.0;225.0;1811.0;2312.0;7.8;48.1;0.5115
1105992000;3.6;1256.0;-200.0;16.7;1201.0;582.0;563.0;181.0;1251.0;1699.0;7.2;50.6;0.517
1105995600;3.0;1205.0;-200.0;13.4;1098.0;460.0;610.0;172.0;1170.0;1587.0;6.0;53.3;0.5008
1105999200;1.9;1087.0;-200.0;8.7;926.0;340.0;715.0;153.0;1053.0;1390.0;5.3;55.0;0.4921
1106002800;1.9;1092.0;-200.0;7.4;875.0;298.0;751.0;143.0;1010.0;1347.0;4.2;58.1;0.4832
1106006400;1.6;1039.0;-200.0;6.7;845.0;300.0;775.0;142.0;993.0;1268.0;3.4;60.9;0.4809
1106010000;1.4;1001.0;-200.0;5.0;762.0;223.0;850.0;131.0;948.0;1155.0;3.0;60.2;0.4639
1106013600;1.0;925.0;-200.0;3.4;677.0;151.0;958.0;105.0;901.0;1024.0;3.2;58.8;0.4578
1106017200;0.7;880.0;-200.0;2.4;613.0;-200.0;1016.0;-200.0;878.0;968.0;3.3;57.7;0.4516
1106020800;-200.0;873.0;-200.0;2.1;592.0;108.0;1076.0;83.0;869.0;915.0;4.5;53.8;0.4572
1106024400;0.8;880.0;-200.0;2.5;618.0;125.0;1023.0;87.0;893.0;928.0;3.1;59.7;0.4604
1106028000;0.9;950.0;-200.0;3.5;680.0;181.0;936.0;106.0;914.0;1028.0;4.2;57.1;0.4743
1106031600;1.5;1039.0;-200.0;6.9;855.0;341.0;783.0;140.0;1025.0;1210.0;3.4;58.5;0.4608
1106035200;3.1;1284.0;-200.0;16.8;1204.0;552.0;599.0;167.0;1337.0;1531.0;3.9;57.3;0.4661
1106038800;5.1;1350.0;-200.0;20.3;1305.0;839.0;509.0;175.0;1383.0;1745.0;4.3;56.8;0.4768
1106042400;5.8;1476.0;-200.0;25.0;1428.0;1049.0;477.0;235.0;1536.0;1974.0;5.6;52.9;0.4841
1106046000;3.8;1342.0;-200.0;17.2;1215.0;796.0;542.0;196.0;1332.0;1806.0;5.5;54.9;0.4985
1106049600;4.4;1488.0;-200.0;21.4;1336.0;999.0;479.0;211.0;1483.0;1985.0;5.1;64.3;0.5697
1106053200;4.9;1557.0;-200.0;25.1;1432.0;1022.0;445.0;234.0;1605.0;2068.0;5.5;66.1;0.601
1106056800;5.2;1610.0;-200.0;28.0;1502.0;1023.0;420.0;240.0;1697.0;2087.0;5.5;69.3;0.6331
1106060400;4.6;1583.0;-200.0;26.1;1457.0;1065.0;431.0;243.0;1640.0;1994.0;5.0;75.5;0.6667
1106064000;4.8;1620.0;-200.0;24.7;1420.0;1098.0;436.0;224.0;1598.0;1971.0;5.2;76.2;0.6796
1106067600;4.9;1605.0;-200.0;24.5;1416.0;1099.0;436.0;240.0;1614.0;1941.0;5.3;77.4;0.6954
1106071200;4.9;1604.0;-200.0;27.7;1496.0;939.0;410.0;215.0;1733.0;1969.0;5.0;79.6;0.7022
1106074800;5.5;1582.0;-200.0;26.0;1455.0;875.0;423.0;216.0;1725.0;1813.0;5.1;83.0;0.7352
1106078400;4.2;1523.0;-200.0;21.7;1342.0;745.0;466.0;184.0;1588.0;1677.0;6.4;82.9;0.8022
1106082000;1.5;1172.0;-200.0;6.0;813.0;339.0;774.0;152.0;1233.0;1118.0;10.3;74.0;0.9237
1106085600;0.1;1021.0;-200.0;3.3;670.0;135.0;932.0;104.0;1187.0;828.0;11.3;71.8;0.9577
1106089200;0.2;1125.0;-200.0;4.9;758.0;167.0;820.0;104.0;1241.0;867.0;9.8;81.9;0.9923
1106092800;0.9;1197.0;-200.0;6.6;840.0;232.0;712.0;124.0;1298.0;974.0;9.5;83.8;0.9972
1106096400;1.0;1174.0;-200.0;6.7;842.0;273.0;723.0;127.0;1286.0;975.0;9.9;81.0;0.9885
1106100000;0.4;1106.0;-200.0;4.4;733.0;165.0;822.0;109.0;1208.0;902.0;9.9;79.8;0.9725
1106103600;-200.0;873.0;-200.0;1.5;549.0;-200.0;1106.0;-200.0;1008.0;791.0;6.9;76.4;0.7661
1106107200;-200.0;828.0;-200.0;1.1;506.0;75.0;1222.0;73.0;945.0;673.0;4.8;75.7;0.659
1106110800;-200.0;830.0;-200.0;0.9;492.0;53.0;1263.0;52.0;948.0;578.0;4.7;78.9;0.682
1106114400;-200.0;840.0;-200.0;1.2;515.0;72.0;1235.0;57.0;941.0;563.0;5.0;75.0;0.6627
1106118000;0.1;909.0;-200.0;2.5;622.0;130.0;1046.0;89.0;992.0;730.0;5.6;69.5;0.6362
1106121600;0.7;1098.0;-200.0;7.6;881.0;265.0;760.0;128.0;1203.0;974.0;7.0;64.9;0.6512
1106125200;1.2;1036.0;-200.0;7.3;868.0;314.0;732.0;152.0;1158.0;958.0;7.1;65.4;0.6644
1106128800;0.2;912.0;-200.0;3.7;692.0;194.0;923.0;128.0;1020.0;713.0;6.4;67.4;0.6537
1106132400;-200.0;873.0;-200.0;2.5;618.0;180.0;1036.0;124.0;994.0;617.0;5.3;75.9;0.6824
1106136000;-200.0;889.0;-200.0;2.7;634.0;181.0;1009.0;117.0;1018.0;591.0;6.3;73.0;0.7024
1106139600;0.3;965.0;-200.0;4.6;742.0;193.0;889.0;110.0;1099.0;661.0;8.6;63.3;0.7073
1106143200;0.6;1009.0;-200.0;6.7;845.0;263.0;771.0;128.0;1132.0;856.0;10.0;55.0;0.6753
1106146800;0.2;918.0;-200.0;4.3;729.0;176.0;904.0;114.0;1014.0;639.0;9.4;53.6;0.6333
1106150400;0.2;920.0;-200.0;4.3;729.0;168.0;891.0;110.0;1013.0;647.0;9.2;55.0;0.6402
1106154000;0.7;923.0;-200.0;4.1;715.0;170.0;915.0;112.0;1015.0;646.0;8.7;55.1;0.6228
1106157600;1.8;1021.0;-200.0;7.6;883.0;234.0;766.0;130.0;1139.0;846.0;8.9;54.4;0.62
1106161200;2.2;998.0;-200.0;7.0;858.0;256.0;770.0;135.0;1109.0;857.0;8.6;53.6;0.5992
1106164800;2.3;1061.0;-200.0;9.6;962.0;257.0;721.0;141.0;1167.0;942.0;9.0;50.4;0.5809
1106168400;2.6;1016.0;-200.0;7.8;892.0;317.0;758.0;141.0;1109.0;945.0;9.2;49.8;0.5808
1106172000;1.1;859.0;-200.0;2.4;611.0;135.0;1053.0;95.0;918.0;562.0;8.8;52.1;0.5918
1106175600;1.2;945.0;-200.0;3.9;707.0;159.0;963.0;97.0;1005.0;657.0;8.8;50.9;0.5781
1106179200;1.8;937.0;-200.0;4.1;715.0;186.0;896.0;112.0;995.0;723.0;8.7;51.1;0.5755
1106182800;1.1;876.0;-200.0;2.5;618.0;102.0;1032.0;74.0;948.0;555.0;8.6;51.5;0.5772
1106186400;0.9;831.0;-200.0;1.3;530.0;75.0;1169.0;62.0;893.0;472.0;8.5;51.9;0.5766
1106190000;0.7;828.0;-200.0;1.2;514.0;-200.0;1205.0;-200.0;880.0;434.0;8.1;53.1;0.5742
1106193600;0.6;810.0;-200.0;0.7;470.0;41.0;1315.0;40.0;863.0;412.0;7.8;54.2;0.5755
1106197200;0.6;822.0;-200.0;0.9;493.0;50.0;1278.0;45.0;876.0;453.0;7.1;56.0;0.569
1106200800;0.9;898.0;-200.0;2.9;646.0;189.0;1013.0;93.0;954.0;702.0;7.0;57.6;0.5784
1106204400;1.0;909.0;-200.0;2.7;636.0;182.0;992.0;104.0;947.0;720.0;7.5;55.3;0.5734
1106208000;3.4;1256.0;-200.0;14.4;1130.0;636.0;616.0;162.0;1316.0;1311.0;7.0;56.3;0.566
1106211600;4.2;1298.0;-200.0;17.2;1217.0;704.0;552.0;169.0;1409.0;1444.0;7.6;53.5;0.5605
1106215200;4.4;1326.0;-200.0;17.4;1223.0;854.0;547.0;190.0;1381.0;1613.0;8.3;50.5;0.5558
1106218800;2.9;1139.0;-200.0;11.5;1031.0;652.0;649.0;170.0;1181.0;1388.0;12.4;37.1;0.5329
1106222400;2.6;1135.0;-200.0;11.9;1047.0;529.0;641.0;151.0;1175.0;1379.0;13.9;32.3;0.5117
1106226000;2.6;1117.0;-200.0;12.6;1071.0;438.0;638.0;150.0;1178.0;1289.0;14.4;28.9;0.4723
1106229600;3.0;1094.0;-200.0;14.3;1128.0;438.0;626.0;154.0;1191.0;1280.0;14.8;25.4;0.4259
1106233200;2.3;982.0;-200.0;10.3;990.0;378.0;745.0;140.0;1018.0;1059.0;15.1;20.8;0.3536
1106236800;3.0;1107.0;-200.0;14.5;1134.0;482.0;639.0;167.0;1172.0;1299.0;15.4;23.5;0.4076
1106240400;4.5;1290.0;-200.0;21.9;1349.0;709.0;534.0;204.0;1386.0;1638.0;13.7;28.1;0.4381
1106244000;6.0;1445.0;-200.0;28.5;1516.0;796.0;455.0;210.0;1594.0;1946.0;11.5;37.5;0.5068
1106247600;4.3;1357.0;-200.0;21.2;1330.0;605.0;511.0;182.0;1414.0;1798.0;10.4;42.3;0.5337
1106251200;3.4;1248.0;-200.0;16.0;1179.0;472.0;577.0;165.0;1259.0;1609.0;9.9;44.0;0.5381
1106254800;2.8;1220.0;-200.0;13.0;1085.0;411.0;618.0;150.0;1205.0;1531.0;8.7;48.3;0.5458
1106258400;2.1;1137.0;-200.0;7.0;856.0;264.0;758.0;132.0;1032.0;1338.0;8.1;49.9;0.5417
1106262000;1.7;1102.0;-200.0;6.4;829.0;217.0;773.0;120.0;1015.0;1274.0;7.3;52.8;0.5419
1106265600;1.8;1082.0;-200.0;5.8;801.0;211.0;780.0;119.0;1035.0;1200.0;8.0;52.2;0.5623
1106269200;1.6;1053.0;-200.0;5.6;795.0;179.0;786.0;110.0;1039.0;1143.0;6.8;56.4;0.5609
1106272800;1.4;1003.0;-200.0;4.5;740.0;135.0;847.0;94.0;992.0;1048.0;6.7;57.4;0.5654
1106276400;1.3;1019.0;-200.0;4.6;744.0;-200.0;836.0;-200.0;1000.0;1049.0;5.9;62.1;0.5806
1106280000;-200.0;1071.0;-200.0;5.9;808.0;221.0;757.0;101.0;1046.0;1172.0;5.4;65.9;0.5947
1106283600;1.3;1118.0;-200.0;6.6;841.0;284.0;702.0;117.0;1056.0;1368.0;5.5;66.5;0.6054
1106287200;1.6;1206.0;-200.0;9.2;948.0;357.0;628.0;121.0;1129.0;1540.0;5.9;65.8;0.6178
1106290800;2.4;1256.0;-200.0;12.2;1056.0;469.0;582.0;138.0;1230.0;1575.0;6.4;63.9;0.6192
1106294400;4.5;1501.0;-200.0;22.6;1367.0;766.0;465.0;174.0;1558.0;1856.0;7.2;62.2;0.6351
1106298000;5.7;1578.0;-200.0;29.0;1527.0;875.0;419.0;179.0;1761.0;2086.0;7.9;60.0;0.6406
1106301600;4.3;1427.0;-200.0;19.4;1280.0;800.0;500.0;175.0;1481.0;1948.0;8.3;58.5;0.6403
1106305200;4.2;1440.0;-200.0;20.5;1311.0;815.0;482.0;183.0;1476.0;2022.0;9.3;54.5;0.6415
1106308800;4.5;1522.0;-200.0;22.5;1365.0;841.0;464.0;189.0;1526.0;2104.0;10.2;53.1;0.6608
1106312400;5.0;1517.0;-200.0;24.0;1403.0;827.0;451.0;198.0;1579.0;2195.0;11.1;51.4;0.679
1106316000;2.9;1300.0;-200.0;13.9;1113.0;402.0;573.0;142.0;1291.0;1845.0;12.8;46.9;0.6919
1106319600;3.0;1401.0;-200.0;16.8;1204.0;415.0;526.0;139.0;1401.0;1947.0;13.1;48.0;0.7181
1106323200;3.3;1551.0;-200.0;20.2;1303.0;435.0;469.0;99.0;1520.0;2171.0;13.5;51.5;0.793
1106326800;1.4;1411.0;-200.0;16.4;1191.0;570.0;519.0;135.0;1426.0;1920.0;13.4;51.2;0.7808
1106330400;2.3;1434.0;-200.0;18.0;1239.0;530.0;506.0;223.0;1458.0;1835.0;12.1;55.3;0.7777
1106334000;1.6;1489.0;-200.0;20.3;1305.0;617.0;476.0;194.0;1547.0;1919.0;12.0;56.5;0.7924
1106337600;4.9;1835.0;-200.0;38.1;1731.0;983.0;355.0;244.0;2083.0;2254.0;10.4;64.4;0.8123
1106341200;6.4;1804.0;-200.0;35.7;1679.0;1200.0;370.0;243.0;2005.0;2210.0;9.4;69.1;0.815
1106344800;3.5;1579.0;-200.0;21.8;1345.0;1028.0;459.0;230.0;1608.0;1961.0;8.9;71.0;0.8115
1106348400;1.7;1508.0;-200.0;18.2;1246.0;797.0;496.0;207.0;1498.0;1791.0;8.1;73.8;0.7968
1106352000;2.6;1535.0;-200.0;20.1;1300.0;977.0;483.0;223.0;1524.0;1725.0;7.3;76.8;0.7904
1106355600;1.6;1395.0;-200.0;14.4;1131.0;811.0;552.0;216.0;1362.0;1553.0;7.3;76.7;0.7862
1106359200;1.5;1392.0;-200.0;15.1;1153.0;757.0;542.0;198.0;1395.0;1506.0;7.1;77.3;0.7826
1106362800;0.9;1326.0;-200.0;13.1;1087.0;-200.0;571.0;-200.0;1333.0;1398.0;6.7;78.7;0.7779
1106366400;0.5;1297.0;-200.0;11.5;1032.0;388.0;605.0;126.0;1297.0;1300.0;7.0;77.8;0.7848
1106370000;0.9;1331.0;-200.0;13.7;1106.0;497.0;568.0;144.0;1322.0;1383.0;5.7;80.5;0.7416
1106373600;0.4;1288.0;-200.0;11.6;1036.0;582.0;590.0;183.0;1242.0;1413.0;5.2;81.4;0.7276
1106377200;0.5;1322.0;-200.0;13.2;1091.0;574.0;565.0;193.0;1307.0;1471.0;5.6;80.4;0.7349
1106380800;0.8;1390.0;-200.0;15.6;1167.0;588.0;522.0;196.0;1392.0;1619.0;6.3;78.8;0.7544
1106384400;1.4;1443.0;-200.0;16.9;1207.0;645.0;502.0;208.0;1431.0;1673.0;6.9;76.9;0.7682
1106388000;1.6;1496.0;-200.0;18.5;1254.0;643.0;484.0;217.0;1472.0;1881.0;9.2;67.7;0.79
1106391600;1.5;1439.0;-200.0;16.6;1198.0;628.0;502.0;246.0;1426.0;1877.0;11.6;59.8;0.8152
1106395200;1.0;1432.0;-200.0;15.0;1150.0;547.0;527.0;204.0;1393.0;1818.0;14.0;52.0;0.8288
1106398800;1.0;1398.0;-200.0;15.0;1149.0;461.0;535.0;192.0;1417.0;1699.0;15.0;50.2;0.8495
1106402400;1.3;1380.0;-200.0;16.9;1206.0;455.0;515.0;186.0;1500.0;1677.0;14.9;49.9;0.8394
1106406000;0.1;1022.0;-200.0;7.0;857.0;244.0;770.0;133.0;1068.0;1088.0;15.8;33.8;0.6034
1106409600;-200.0;973.0;-200.0;5.9;806.0;202.0;851.0;126.0;994.0;926.0;15.4;29.3;0.5068
1106413200;-200.0;951.0;-200.0;7.1;862.0;256.0;823.0;138.0;972.0;961.0;14.4;25.7;0.4193
1106416800;0.1;987.0;-200.0;8.6;925.0;310.0;776.0;148.0;1016.0;1066.0;13.4;27.2;0.4157
1106420400;0.4;1100.0;-200.0;12.2;1057.0;391.0;687.0;167.0;1126.0;1241.0;12.2;28.7;0.4077
1106424000;0.7;1064.0;-200.0;12.6;1072.0;444.0;704.0;175.0;1103.0;1220.0;11.3;25.7;0.3422
1106427600;2.7;1316.0;-200.0;21.1;1327.0;794.0;549.0;224.0;1328.0;1613.0;9.7;31.9;0.3848
1106431200;2.1;1262.0;-200.0;16.9;1208.0;716.0;587.0;215.0;1219.0;1577.0;8.4;36.5;0.4035
1106434800;1.3;1259.0;-200.0;15.1;1152.0;565.0;610.0;196.0;1165.0;1569.0;8.2;36.8;0.4016
1106438400;0.8;1166.0;-200.0;10.1;981.0;451.0;697.0;195.0;993.0;1445.0;8.0;36.0;0.3872
1106442000;-200.0;1066.0;-200.0;7.5;880.0;313.0;784.0;181.0;946.0;1240.0;7.0;39.9;0.4006
1106445600;-200.0;1051.0;-200.0;7.6;883.0;241.0;783.0;150.0;978.0;1169.0;5.7;44.3;0.4093
1106449200;-200.0;992.0;-200.0;5.9;808.0;-200.0;849.0;-200.0;926.0;1052.0;4.7;46.6;0.4025
1106452800;-200.0;969.0;-200.0;5.5;788.0;224.0;854.0;139.0;938.0;1006.0;4.2;50.8;0.4234
1106456400;-200.0;862.0;-200.0;2.3;609.0;82.0;1101.0;74.0;810.0;757.0;4.6;45.1;0.3861
1106460000;-200.0;859.0;-200.0;2.0;581.0;89.0;1112.0;73.0;829.0;753.0;2.7;53.3;0.4006
1106463600;-200.0;849.0;-200.0;1.6;552.0;93.0;1165.0;77.0;812.0;737.0;3.1;51.0;0.3947
1106467200;-200.0;879.0;-200.0;2.1;594.0;134.0;1119.0;98.0;839.0;792.0;2.5;54.1;0.4017
1106470800;-200.0;956.0;-200.0;4.4;735.0;189.0;915.0;121.0;942.0;945.0;3.1;53.5;0.4123
1106474400;-200.0;1039.0;-200.0;6.4;828.0;292.0;791.0;162.0;987.0;1115.0;5.0;47.5;0.418
1106478000;-200.0;1066.0;-200.0;7.3;871.0;326.0;775.0;178.0;996.0;1131.0;5.8;43.4;0.4032
1106481600;-200.0;1124.0;-200.0;8.7;927.0;397.0;722.0;206.0;1047.0;1242.0;7.1;42.8;0.4327
1106485200;-200.0;1160.0;-200.0;9.2;948.0;371.0;712.0;191.0;1072.0;1289.0;7.9;41.6;0.4459
1106488800;-200.0;1110.0;-200.0;7.9;896.0;305.0;737.0;175.0;1040.0;1276.0;8.1;41.2;0.448
1106492400;-200.0;1138.0;-200.0;9.0;940.0;328.0;706.0;169.0;1088.0;1359.0;8.3;41.3;0.4533
1106496000;-200.0;1095.0;-200.0;7.0;857.0;281.0;756.0;180.0;1075.0;1020.0;8.9;49.1;0.5629
1106499600;-200.0;1045.0;-200.0;3.7;694.0;168.0;911.0;124.0;1025.0;805.0;7.1;66.0;0.6678
1106503200;-200.0;1078.0;-200.0;4.3;727.0;183.0;849.0;130.0;1057.0;857.0;5.7;75.1;0.6942
1106506800;-200.0;1169.0;-200.0;6.8;846.0;217.0;767.0;141.0;1157.0;942.0;5.4;77.6;0.7031
1106510400;-200.0;1174.0;-200.0;8.7;926.0;245.0;674.0;157.0;1220.0;1020.0;5.4;78.2;0.7074
1106514000;-200.0;1075.0;-200.0;4.7;749.0;154.0;827.0;123.0;1050.0;899.0;7.3;68.1;0.6979
1106517600;-200.0;1044.0;-200.0;3.5;685.0;141.0;903.0;104.0;1042.0;860.0;5.8;74.4;0.6924
1106521200;-200.0;1110.0;-200.0;5.4;782.0;210.0;798.0;134.0;1101.0;954.0;6.2;72.3;0.6887
1106524800;-200.0;1086.0;-200.0;4.4;733.0;140.0;848.0;105.0;1064.0;883.0;5.9;72.7;0.6791
1106528400;-200.0;1092.0;-200.0;6.0;811.0;191.0;773.0;121.0;1129.0;966.0;5.0;76.5;0.6728
1106532000;0.1;1127.0;-200.0;7.6;884.0;248.0;704.0;136.0;1173.0;983.0;4.0;80.4;0.663
1106535600;-200.0;881.0;-200.0;1.9;578.0;-200.0;1017.0;-200.0;876.0;607.0;5.8;59.0;0.5493
1106539200;-200.0;831.0;-200.0;1.0;498.0;50.0;1237.0;48.0;855.0;443.0;5.8;59.5;0.5519
1106542800;0.3;791.0;-200.0;0.6;459.0;43.0;1421.0;40.0;809.0;390.0;6.6;51.3;0.5026
1106546400;0.5;836.0;-200.0;1.2;520.0;86.0;1296.0;67.0;832.0;479.0;7.0;47.2;0.4745
1106550000;0.6;907.0;-200.0;2.9;644.0;152.0;1028.0;104.0;902.0;732.0;6.6;47.9;0.4686
1106553600;1.8;1174.0;-200.0;11.1;1018.0;341.0;688.0;169.0;1210.0;1149.0;7.2;49.8;0.5061
1106557200;2.0;1094.0;-200.0;9.7;967.0;355.0;682.0;203.0;1147.0;1136.0;6.9;52.8;0.5293
1106560800;1.4;992.0;-200.0;5.7;800.0;327.0;797.0;183.0;1007.0;934.0;8.7;46.7;0.5249
1106564400;0.6;955.0;-200.0;5.4;783.0;240.0;844.0;151.0;976.0;845.0;10.0;40.6;0.4971
1106568000;0.5;959.0;-200.0;5.1;771.0;217.0;852.0;138.0;975.0;808.0;11.8;35.4;0.4877
1106571600;0.7;981.0;-200.0;5.8;804.0;191.0;829.0;127.0;997.0;783.0;10.7;37.2;0.4788
1106575200;0.7;947.0;-200.0;5.6;791.0;-200.0;825.0;-200.0;963.0;785.0;10.9;34.9;0.456
1106578800;1.1;1023.0;-200.0;8.0;898.0;256.0;759.0;148.0;1034.0;899.0;10.7;33.1;0.4256
1106582400;1.3;1009.0;-200.0;7.1;860.0;287.0;787.0;172.0;993.0;922.0;10.6;34.2;0.4375
1106586000;1.0;1007.0;-200.0;7.6;884.0;278.0;780.0;163.0;1014.0;951.0;8.9;38.1;0.4341
1106589600;1.5;1054.0;-200.0;10.4;992.0;302.0;715.0;180.0;1092.0;1051.0;7.8;39.7;0.4206
1106593200;1.5;1018.0;-200.0;8.9;934.0;259.0;740.0;169.0;1014.0;967.0;7.3;42.2;0.4341
1106596800;1.2;976.0;-200.0;7.3;870.0;221.0;795.0;152.0;971.0;861.0;6.9;42.5;0.4257
1106600400;0.3;872.0;-200.0;3.6;689.0;142.0;970.0;107.0;866.0;631.0;6.6;43.2;0.4247
1106604000;-200.0;805.0;-200.0;1.7;559.0;93.0;1183.0;75.0;781.0;466.0;6.4;41.7;0.4034
1106607600;-200.0;800.0;-200.0;1.5;541.0;71.0;1250.0;58.0;779.0;407.0;6.1;42.6;0.4041
1106611200;-200.0;785.0;-200.0;1.0;504.0;66.0;1306.0;57.0;760.0;387.0;5.9;41.8;0.3928
1106614800;-200.0;757.0;-200.0;0.6;459.0;49.0;1447.0;44.0;735.0;337.0;5.7;41.5;0.3836
1106618400;-200.0;751.0;-200.0;0.4;424.0;29.0;1583.0;29.0;726.0;303.0;5.5;42.4;0.3867
1106622000;-200.0;766.0;-200.0;0.3;412.0;-200.0;1651.0;-200.0;763.0;295.0;4.5;52.0;0.4436
1106625600;-200.0;759.0;-200.0;0.2;399.0;19.0;1696.0;19.0;749.0;288.0;4.3;51.6;0.4323
1106629200;-200.0;758.0;-200.0;0.2;388.0;20.0;1785.0;20.0;765.0;274.0;3.7;56.3;0.453
1106632800;-200.0;761.0;-200.0;0.1;383.0;39.0;1745.0;35.0;787.0;289.0;3.3;58.1;0.4559
1106636400;-200.0;762.0;-200.0;0.4;434.0;77.0;1556.0;60.0;763.0;318.0;3.9;47.3;0.3862
1106640000;0.2;869.0;-200.0;2.9;646.0;180.0;1068.0;115.0;876.0;476.0;4.3;45.9;0.3843
1106643600;0.7;938.0;-200.0;5.4;785.0;243.0;853.0;157.0;969.0;704.0;4.2;50.1;0.4168
1106647200;0.5;951.0;-200.0;5.1;769.0;236.0;856.0;147.0;1000.0;735.0;3.4;62.7;0.4943
1106650800;0.4;892.0;-200.0;3.8;702.0;297.0;935.0;188.0;924.0;735.0;5.0;51.4;0.4534
1106654400;0.3;876.0;-200.0;3.9;703.0;235.0;968.0;126.0;892.0;653.0;5.7;44.1;0.4063
1106658000;0.3;872.0;-200.0;3.6;686.0;186.0;972.0;114.0;880.0;603.0;5.2;44.5;0.3968
1106661600;0.4;893.0;-200.0;4.2;722.0;196.0;932.0;123.0;917.0;645.0;4.7;48.6;0.4194
1106665200;0.2;879.0;-200.0;3.6;687.0;167.0;980.0;107.0;914.0;564.0;4.5;51.0;0.4327
1106668800;0.4;896.0;-200.0;3.6;689.0;211.0;966.0;121.0;909.0;614.0;5.1;50.1;0.4432
1106672400;0.4;909.0;-200.0;3.9;706.0;194.0;928.0;118.0;923.0;658.0;5.0;50.4;0.443
1106676000;0.7;958.0;-200.0;4.9;758.0;206.0;858.0;134.0;985.0;719.0;4.3;56.4;0.4721
1106679600;1.0;984.0;-200.0;5.8;803.0;211.0;813.0;142.0;1012.0;772.0;4.3;56.7;0.476
1106683200;1.1;991.0;-200.0;6.1;814.0;197.0;790.0;133.0;1040.0;812.0;4.3;57.0;0.4771
1106686800;0.3;881.0;-200.0;2.8;638.0;139.0;990.0;106.0;910.0;583.0;3.5;60.3;0.4782
1106690400;0.1;853.0;-200.0;2.4;616.0;113.0;1071.0;87.0;870.0;491.0;4.1;52.5;0.4351
1106694000;-200.0;804.0;-200.0;1.5;546.0;81.0;1194.0;67.0;796.0;400.0;3.9;50.6;0.4127
1106697600;-200.0;788.0;-200.0;1.1;514.0;63.0;1285.0;55.0;771.0;354.0;3.9;47.7;0.3901
1106701200;-200.0;788.0;-200.0;0.9;487.0;55.0;1346.0;49.0;769.0;329.0;4.0;47.8;0.3939
1106704800;-200.0;763.0;-200.0;0.4;428.0;31.0;1532.0;30.0;757.0;296.0;3.9;50.9;0.4144
1106708400;-200.0;771.0;-200.0;0.3;410.0;-200.0;1622.0;-200.0;765.0;283.0;3.0;57.7;0.4423
1106712000;-200.0;747.0;-200.0;0.2;390.0;20.0;1775.0;20.0;738.0;266.0;3.3;52.8;0.4137
1106715600;-200.0;744.0;-200.0;0.1;383.0;17.0;1881.0;17.0;720.0;253.0;2.7;53.9;0.4062
1106719200;-200.0;774.0;-200.0;0.5;441.0;42.0;1646.0;35.0;760.0;282.0;2.8;54.4;0.411
1106722800;-200.0;800.0;-200.0;0.9;492.0;90.0;1310.0;71.0;783.0;353.0;3.6;49.0;0.3915
1106726400;0.3;896.0;-200.0;3.3;668.0;227.0;1043.0;136.0;887.0;519.0;3.3;50.2;0.3934
1106730000;0.6;913.0;-200.0;4.4;733.0;250.0;902.0;163.0;901.0;681.0;3.5;47.5;0.3778
1106733600;0.3;871.0;-200.0;2.8;638.0;219.0;1022.0;143.0;860.0;583.0;4.3;49.4;0.4136
1106737200;0.1;872.0;-200.0;3.2;662.0;211.0;1007.0;134.0;874.0;628.0;4.5;48.4;0.4131
1106740800;0.1;858.0;-200.0;2.7;634.0;189.0;1053.0;130.0;868.0;566.0;4.3;50.0;0.4199
1106744400;0.2;876.0;-200.0;3.5;683.0;180.0;993.0;122.0;894.0;572.0;4.3;49.7;0.4166
1106748000;0.5;900.0;-200.0;4.8;751.0;197.0;891.0;129.0;913.0;637.0;4.9;45.3;0.3955
1106751600;0.3;864.0;-200.0;3.4;678.0;198.0;987.0;132.0;866.0;579.0;5.6;42.4;0.3884
1106755200;0.3;902.0;-200.0;4.2;721.0;203.0;924.0;133.0;900.0;666.0;5.7;43.1;0.3984
1106758800;0.3;916.0;-200.0;4.2;720.0;188.0;912.0;126.0;922.0;707.0;4.8;49.7;0.4305
1106762400;1.0;1004.0;-200.0;8.5;918.0;294.0;752.0;177.0;1033.0;990.0;5.1;43.0;0.3821
1106766000;1.4;1024.0;-200.0;9.2;945.0;302.0;729.0;185.0;1073.0;1026.0;5.3;44.4;0.397
1106769600;1.4;1011.0;-200.0;7.6;884.0;261.0;763.0;169.0;1048.0;910.0;4.9;47.9;0.418
1106773200;1.1;1006.0;-200.0;6.2;822.0;232.0;794.0;151.0;1025.0;897.0;4.7;50.8;0.4398
1106776800;0.4;913.0;-200.0;2.9;645.0;154.0;966.0;114.0;922.0;651.0;4.6;54.8;0.4704
1106780400;0.2;905.0;-200.0;2.5;620.0;120.0;986.0;90.0;904.0;598.0;4.0;56.8;0.4688
1106784000;0.2;872.0;-200.0;2.6;628.0;117.0;1009.0;87.0;857.0;560.0;4.2;46.8;0.39
1106787600;0.2;843.0;-200.0;2.2;597.0;108.0;1059.0;83.0;808.0;527.0;4.5;42.0;0.3571
1106791200;0.2;863.0;-200.0;2.5;622.0;97.0;1025.0;74.0;826.0;574.0;4.1;42.1;0.3487
1106794800;-200.0;791.0;-200.0;0.8;480.0;-200.0;1259.0;-200.0;738.0;422.0;4.5;39.7;0.3379
1106798400;-200.0;769.0;-200.0;0.3;412.0;28.0;1481.0;28.0;727.0;326.0;4.4;42.2;0.3571
1106802000;0.4;778.0;-200.0;0.3;417.0;27.0;1531.0;26.0;745.0;312.0;4.1;45.9;0.3804
1106805600;0.5;801.0;-200.0;0.7;470.0;81.0;1313.0;61.0;762.0;382.0;4.3;42.5;0.3556
1106809200;0.7;827.0;-200.0;1.4;533.0;129.0;1198.0;91.0;775.0;488.0;4.6;38.1;0.3267
1106812800;1.9;1038.0;-200.0;6.6;837.0;336.0;822.0;184.0;972.0;915.0;4.6;39.4;0.3367
1106816400;2.4;1040.0;-200.0;8.4;917.0;335.0;739.0;204.0;1038.0;1021.0;4.8;41.9;0.3634
1106820000;2.0;980.0;-200.0;5.5;790.0;318.0;839.0;185.0;934.0;897.0;5.9;40.2;0.376
1106823600;1.3;912.0;-200.0;3.5;683.0;201.0;961.0;125.0;872.0;699.0;7.0;38.4;0.3861
1106827200;1.0;887.0;-200.0;3.0;649.0;166.0;1009.0;104.0;854.0;588.0;6.6;40.2;0.3944
1106830800;1.2;922.0;-200.0;4.1;716.0;192.0;930.0;115.0;893.0;643.0;6.6;41.2;0.4046
1106834400;1.5;928.0;-200.0;4.7;748.0;198.0;900.0;126.0;900.0;685.0;7.3;36.8;0.3779
1106838000;1.3;921.0;-200.0;4.5;736.0;198.0;921.0;125.0;881.0;673.0;7.3;35.0;0.3584
1106841600;1.5;905.0;-200.0;4.7;747.0;223.0;924.0;139.0;850.0;691.0;7.0;33.5;0.3367
1106845200;1.5;906.0;-200.0;5.1;769.0;224.0;913.0;142.0;865.0;726.0;6.5;32.4;0.3155
1106848800;2.1;981.0;-200.0;7.7;886.0;266.0;819.0;170.0;928.0;912.0;5.7;33.9;0.3131
1106852400;2.6;1053.0;-200.0;10.3;987.0;326.0;750.0;195.0;1025.0;1048.0;5.0;36.1;0.3178
1106856000;3.0;1086.0;-200.0;11.5;1032.0;343.0;717.0;202.0;1049.0;1136.0;4.7;38.3;0.3306
1106859600;2.0;967.0;-200.0;6.0;811.0;243.0;863.0;168.0;911.0;909.0;4.5;39.9;0.339
1106863200;1.4;902.0;-200.0;3.6;689.0;177.0;995.0;128.0;838.0;719.0;4.3;41.1;0.3451
1106866800;1.3;916.0;-200.0;4.3;725.0;155.0;953.0;115.0;855.0;746.0;4.0;43.1;0.3551
1106870400;1.2;895.0;-200.0;3.4;677.0;143.0;999.0;111.0;827.0;700.0;3.7;46.0;0.3701
1106874000;1.1;866.0;-200.0;2.4;613.0;124.0;1075.0;97.0;810.0;579.0;3.3;47.4;0.3716
1106877600;0.9;861.0;-200.0;2.0;585.0;94.0;1120.0;77.0;807.0;553.0;3.0;49.1;0.3774
1106881200;0.8;845.0;-200.0;1.4;534.0;-200.0;1146.0;-200.0;781.0;519.0;3.5;48.0;0.3822
1106884800;0.6;849.0;-200.0;1.2;522.0;56.0;1158.0;51.0;779.0;467.0;3.6;48.0;0.3835
1106888400;0.5;818.0;-200.0;0.9;486.0;58.0;1282.0;49.0;781.0;422.0;4.0;47.8;0.3919
1106892000;0.6;864.0;-200.0;1.6;554.0;105.0;1159.0;79.0;819.0;545.0;4.1;48.1;0.3975
1106895600;0.7;856.0;-200.0;1.7;559.0;122.0;1138.0;92.0;810.0;556.0;4.1;47.4;0.3926
1106899200;1.6;1024.0;-200.0;6.2;823.0;274.0;827.0;167.0;992.0;879.0;4.2;48.7;0.4073
1106902800;2.2;1050.0;-200.0;8.2;909.0;342.0;742.0;206.0;1055.0;993.0;4.1;49.8;0.4117
1106906400;1.8;984.0;-200.0;6.4;832.0;296.0;822.0;184.0;966.0;892.0;4.3;48.4;0.4043
1106910000;1.5;990.0;-200.0;5.9;808.0;279.0;838.0;176.0;975.0;901.0;4.6;49.7;0.4271
1106913600;1.8;970.0;-200.0;5.7;798.0;325.0;842.0;191.0;941.0;874.0;4.5;49.6;0.421
1106917200;1.4;943.0;-200.0;5.3;781.0;222.0;871.0;147.0;925.0;722.0;4.4;48.4;0.4087
1106920800;2.1;994.0;-200.0;7.3;871.0;279.0;793.0;174.0;997.0;836.0;4.7;47.2;0.4075
1106924400;1.6;932.0;-200.0;5.1;767.0;248.0;888.0;167.0;920.0;669.0;4.2;49.5;0.4118
1106928000;1.3;891.0;-200.0;3.9;706.0;193.0;949.0;138.0;860.0;600.0;3.4;50.7;0.3991
1106931600;1.9;-200.0;-200.0;-200.0;-200.0;256.0;-200.0;164.0;-200.0;-200.0;-200.0;-200.0;-200.0
1106935200;2.4;-200.0;-200.0;-200.0;-200.0;288.0;-200.0;190.0;-200.0;-200.0;-200.0;-200.0;-200.0
1106938800;3.0;-200.0;-200.0;-200.0;-200.0;300.0;-200.0;198.0;-200.0;-200.0;-200.0;-200.0;-200.0
1106942400;1.9;-200.0;-200.0;-200.0;-200.0;224.0;-200.0;155.0;-200.0;-200.0;-200.0;-200.0;-200.0
1106946000;1.8;-200.0;-200.0;-200.0;-200.0;219.0;-200.0;153.0;-200.0;-200.0;-200.0;-200.0;-200.0
1106949600;1.1;-200.0;-200.0;-200.0;-200.0;145.0;-200.0;110.0;-200.0;-200.0;-200.0;-200.0;-200.0
1106953200;1.1;-200.0;-200.0;-200.0;-200.0;115.0;-200.0;91.0;-200.0;-200.0;-200.0;-200.0;-200.0
1106956800;1.1;-200.0;-200.0;-200.0;-200.0;136.0;-200.0;105.0;-200.0;-200.0;-200.0;-200.0;-200.0
1106960400;1.0;-200.0;-200.0;-200.0;-200.0;107.0;-200.0;85.0;-200.0;-200.0;-200.0;-200.0;-200.0
1106964000;0.7;793.0;-200.0;0.8;480.0;70.0;1306.0;60.0;745.0;376.0;1.9;49.7;0.3528
1106967600;0.6;790.0;-200.0;0.6;455.0;-200.0;1376.0;-200.0;751.0;336.0;1.6;52.9;0.3692
1106971200;0.5;776.0;-200.0;0.5;445.0;37.0;1460.0;34.0;737.0;330.0;1.4;53.8;0.3687
1106974800;0.5;766.0;-200.0;0.5;448.0;33.0;1494.0;31.0;734.0;321.0;1.0;54.7;0.3657
1106978400;0.4;774.0;-200.0;0.6;458.0;43.0;1473.0;37.0;735.0;334.0;1.4;52.3;0.3591
1106982000;0.5;801.0;-200.0;0.9;494.0;73.0;1324.0;58.0;754.0;395.0;1.6;51.0;0.3561
1106985600;0.8;847.0;-200.0;2.0;586.0;125.0;1163.0;92.0;814.0;473.0;1.4;53.1;0.3642
1106989200;1.1;874.0;-200.0;2.8;641.0;154.0;1022.0;110.0;857.0;553.0;1.7;54.1;0.3785
1106992800;1.1;879.0;-200.0;2.8;642.0;140.0;1027.0;101.0;836.0;545.0;2.5;51.0;0.3778
1106996400;1.1;888.0;-200.0;3.0;652.0;150.0;1025.0;96.0;833.0;547.0;2.9;48.7;0.3706
1107000000;1.1;873.0;-200.0;2.4;610.0;139.0;1051.0;102.0;819.0;527.0;3.6;45.8;0.3674
1107003600;1.1;877.0;-200.0;2.5;618.0;135.0;1027.0;96.0;830.0;505.0;3.1;48.1;0.3722
1107007200;1.2;893.0;-200.0;3.0;653.0;152.0;987.0;102.0;845.0;550.0;3.4;46.6;0.3668
1107010800;1.0;866.0;-200.0;2.2;602.0;121.0;1071.0;88.0;809.0;465.0;3.7;45.8;0.3697
1107014400;1.2;873.0;-200.0;2.6;629.0;122.0;1049.0;87.0;817.0;467.0;4.4;43.7;0.3688
1107018000;1.3;911.0;-200.0;3.4;676.0;167.0;998.0;115.0;855.0;555.0;4.0;44.9;0.3689
1107021600;1.4;908.0;-200.0;3.0;653.0;165.0;980.0;118.0;847.0;551.0;3.3;46.8;0.3671
1107025200;1.3;907.0;-200.0;3.1;657.0;190.0;981.0;134.0;844.0;569.0;3.1;48.1;0.3707
1107028800;1.4;925.0;-200.0;3.4;678.0;176.0;960.0;125.0;861.0;594.0;2.8;49.0;0.37
1107032400;1.5;920.0;-200.0;2.9;649.0;196.0;983.0;140.0;849.0;598.0;3.1;47.4;0.3661
1107036000;1.0;865.0;-200.0;1.7;561.0;103.0;1102.0;83.0;791.0;434.0;2.9;49.0;0.3725
1107039600;1.0;867.0;-200.0;1.6;553.0;91.0;1136.0;73.0;792.0;412.0;2.8;49.1;0.3726
1107043200;1.1;900.0;-200.0;2.3;604.0;119.0;1051.0;92.0;815.0;469.0;2.9;49.7;0.3782
1107046800;1.3;901.0;-200.0;2.2;599.0;147.0;1023.0;109.0;825.0;515.0;3.8;46.5;0.3762
1107050400;1.0;863.0;-200.0;1.7;560.0;101.0;1107.0;82.0;787.0;430.0;3.2;46.9;0.3658
1107054000;1.1;884.0;-200.0;2.2;599.0;-200.0;1065.0;-200.0;813.0;503.0;3.1;45.2;0.3504
1107057600;-200.0;873.0;-200.0;1.8;565.0;102.0;1097.0;83.0;793.0;494.0;3.1;44.8;0.3473
1107061200;0.6;806.0;-200.0;0.6;459.0;55.0;1322.0;50.0;728.0;368.0;3.1;44.4;0.342
1107064800;0.5;801.0;-200.0;0.6;454.0;51.0;1374.0;44.0;727.0;348.0;3.0;43.4;0.3337
1107068400;0.4;790.0;-200.0;0.4;431.0;53.0;1439.0;49.0;722.0;354.0;2.8;43.8;0.3308
1107072000;0.5;805.0;-200.0;0.7;465.0;74.0;1358.0;62.0;736.0;382.0;2.7;43.2;0.3259
1107075600;0.7;843.0;-200.0;1.2;520.0;113.0;1202.0;85.0;762.0;450.0;3.3;42.3;0.3299
1107079200;0.8;849.0;-200.0;1.4;537.0;107.0;1148.0;82.0;757.0;460.0;4.6;39.0;0.333
1107082800;0.8;872.0;-200.0;2.0;583.0;101.0;1126.0;77.0;765.0;441.0;5.6;37.5;0.3426
1107086400;1.0;890.0;-200.0;2.0;585.0;129.0;1097.0;92.0;776.0;454.0;7.2;34.2;0.3488
1107090000;0.9;874.0;-200.0;1.6;552.0;126.0;1128.0;95.0;760.0;415.0;6.9;35.6;0.3561
1107093600;0.9;863.0;-200.0;1.6;553.0;132.0;1133.0;95.0;742.0;419.0;8.2;30.1;0.3281
1107097200;0.9;840.0;-200.0;1.8;566.0;101.0;1176.0;76.0;717.0;368.0;7.6;27.9;0.2927
1107100800;1.0;845.0;-200.0;1.8;569.0;128.0;1151.0;95.0;709.0;397.0;7.9;25.9;0.2774
1107104400;1.0;888.0;-200.0;2.6;625.0;170.0;1062.0;118.0;763.0;510.0;7.8;28.3;0.3017
1107108000;1.1;845.0;-200.0;2.0;582.0;174.0;1120.0;123.0;719.0;473.0;6.3;28.8;0.2772
1107111600;1.2;880.0;-200.0;2.8;641.0;215.0;1077.0;140.0;759.0;537.0;5.4;30.1;0.2726
1107115200;1.6;917.0;-200.0;3.9;708.0;248.0;972.0;163.0;787.0;670.0;5.0;31.1;0.273
1107118800;1.7;927.0;-200.0;4.1;715.0;247.0;965.0;164.0;797.0;711.0;4.6;33.8;0.2898
1107122400;1.1;868.0;-200.0;2.4;615.0;154.0;1095.0;120.0;752.0;551.0;4.3;36.6;0.3064
1107126000;1.3;932.0;-200.0;3.5;685.0;186.0;996.0;130.0;820.0;670.0;4.0;39.0;0.3203
1107129600;1.7;971.0;-200.0;4.6;741.0;231.0;901.0;145.0;864.0;771.0;2.9;42.8;0.3276
1107133200;1.5;891.0;-200.0;3.0;650.0;174.0;987.0;126.0;782.0;586.0;3.4;38.9;0.3076
1107136800;0.8;806.0;-200.0;1.0;495.0;68.0;1282.0;61.0;685.0;355.0;4.0;36.4;0.2982
1107140400;0.5;787.0;-200.0;0.5;446.0;-200.0;1395.0;-200.0;657.0;310.0;4.0;36.4;0.2989
1107144000;0.4;791.0;-200.0;0.4;435.0;39.0;1486.0;37.0;668.0;292.0;3.7;37.7;0.3024
1107147600;0.4;787.0;-200.0;0.3;415.0;39.0;1474.0;37.0;667.0;293.0;3.4;38.9;0.3075
1107151200;0.4;814.0;-200.0;0.6;449.0;54.0;1363.0;50.0;674.0;328.0;3.7;37.5;0.3012
1107154800;0.7;844.0;-200.0;1.4;538.0;158.0;1164.0;109.0;726.0;479.0;3.7;35.2;0.2833
1107158400;1.8;1049.0;-200.0;7.1;863.0;350.0;826.0;198.0;923.0;979.0;3.7;33.9;0.2732
1107162000;-200.0;1201.0;-200.0;14.0;1116.0;-200.0;617.0;-200.0;1130.0;1469.0;4.4;38.8;0.328
1107165600;3.5;1293.0;-200.0;15.1;1153.0;584.0;602.0;283.0;1141.0;1667.0;6.6;34.4;0.3359
1107169200;2.8;1121.0;-200.0;12.5;1066.0;478.0;683.0;256.0;1040.0;1378.0;10.0;22.4;0.2753
1107172800;3.1;1112.0;-200.0;12.8;1078.0;563.0;683.0;261.0;1028.0;1426.0;11.9;18.6;0.2581
1107176400;2.5;1060.0;-200.0;11.9;1048.0;414.0;707.0;181.0;983.0;1246.0;12.5;17.2;0.2477
1107180000;2.7;1056.0;-200.0;11.7;1040.0;398.0;711.0;194.0;976.0;1187.0;13.2;17.3;0.2606
1107183600;2.9;1131.0;-200.0;14.7;1139.0;451.0;643.0;214.0;1097.0;1363.0;13.5;18.7;0.2872
1107187200;3.2;1162.0;-200.0;15.7;1170.0;503.0;618.0;204.0;1131.0;1425.0;14.1;18.2;0.2908
1107190800;4.1;1283.0;-200.0;21.1;1328.0;640.0;552.0;228.0;1294.0;1722.0;13.0;20.3;0.303
1107194400;6.1;1414.0;-200.0;27.4;1490.0;843.0;488.0;270.0;1433.0;2051.0;10.4;24.7;0.3116
1107198000;6.8;1486.0;-200.0;30.8;1570.0;954.0;455.0;285.0;1557.0;2179.0;8.6;29.8;0.3344
1107201600;6.8;1523.0;-200.0;29.2;1533.0;984.0;456.0;282.0;1532.0;2214.0;7.3;36.8;0.3771
1107205200;3.7;1283.0;-200.0;15.0;1149.0;586.0;587.0;235.0;1148.0;1799.0;6.3;39.4;0.3795
1107208800;2.1;1109.0;-200.0;7.1;863.0;360.0;737.0;208.0;960.0;1527.0;5.4;43.5;0.3922
1107212400;1.4;1055.0;-200.0;5.4;782.0;231.0;798.0;161.0;940.0;1377.0;5.1;45.6;0.4056
1107216000;1.3;1038.0;-200.0;4.8;756.0;200.0;813.0;146.0;921.0;1317.0;4.2;49.4;0.412
1107219600;1.1;996.0;-200.0;3.8;698.0;153.0;871.0;123.0;894.0;1228.0;4.1;50.1;0.415
1107223200;1.0;995.0;-200.0;3.5;680.0;135.0;879.0;109.0;904.0;1201.0;4.1;51.5;0.4263
1107226800;0.9;1000.0;-200.0;3.3;670.0;-200.0;868.0;-200.0;917.0;1158.0;3.7;57.5;0.4621
1107230400;0.8;1042.0;-200.0;3.6;688.0;196.0;814.0;115.0;935.0;1204.0;2.5;64.8;0.4807
1107234000;0.9;1042.0;-200.0;3.8;701.0;208.0;795.0;114.0;945.0;1216.0;1.8;68.9;0.4878
1107237600;1.1;1024.0;-200.0;4.2;724.0;241.0;814.0;122.0;944.0;1198.0;2.0;64.9;0.4661
1107241200;1.6;1147.0;-200.0;7.7;886.0;417.0;702.0;149.0;1056.0;1381.0;2.2;65.3;0.473
1107244800;3.7;1496.0;-200.0;20.0;1298.0;896.0;492.0;187.0;1441.0;1873.0;3.1;64.0;0.4938
1107248400;4.8;1541.0;-200.0;22.1;1353.0;966.0;449.0;198.0;1492.0;2112.0;3.7;61.7;0.4967
1107252000;4.1;1491.0;-200.0;17.2;1215.0;878.0;503.0;196.0;1343.0;2038.0;4.4;58.8;0.4979
1107255600;4.5;1533.0;-200.0;21.4;1334.0;985.0;466.0;218.0;1434.0;2118.0;5.8;54.1;0.502
1107259200;4.5;1507.0;-200.0;19.8;1292.0;1017.0;479.0;227.0;1379.0;2110.0;7.3;50.8;0.5226
1107262800;3.7;1451.0;-200.0;18.8;1264.0;683.0;497.0;181.0;1408.0;1965.0;9.5;47.2;0.5589
1107266400;4.2;1432.0;-200.0;18.8;1264.0;660.0;487.0;179.0;1476.0;1888.0;11.8;44.4;0.6118
1107270000;3.3;1408.0;-200.0;16.7;1202.0;492.0;506.0;151.0;1411.0;1774.0;12.7;45.5;0.6648
1107273600;3.2;1377.0;-200.0;14.4;1129.0;497.0;540.0;162.0;1392.0;1626.0;13.5;44.8;0.6898
1107277200;3.6;1454.0;-200.0;16.3;1190.0;562.0;508.0;165.0;1434.0;1761.0;12.3;48.9;0.6967
1107280800;3.5;1268.0;-200.0;14.4;1128.0;539.0;573.0;173.0;1255.0;1533.0;10.8;40.3;0.5201
1107284400;4.1;1259.0;-200.0;17.0;1211.0;502.0;559.0;188.0;1243.0;1531.0;9.4;36.7;0.4324
1107288000;4.0;1261.0;-200.0;14.8;1143.0;452.0;595.0;186.0;1208.0;1477.0;8.3;39.5;0.4318
1107291600;3.3;1133.0;-200.0;9.8;971.0;357.0;683.0;172.0;1059.0;1332.0;7.8;41.3;0.4389
1107295200;3.0;1054.0;-200.0;6.1;818.0;289.0;777.0;150.0;966.0;1210.0;7.3;43.8;0.4505
1107298800;2.6;1055.0;-200.0;5.4;783.0;221.0;805.0;137.0;969.0;1167.0;6.7;47.6;0.4688
1107302400;2.6;1059.0;-200.0;4.7;747.0;204.0;820.0;133.0;964.0;1133.0;6.6;51.2;0.5007
1107306000;2.6;1063.0;-200.0;5.1;769.0;183.0;807.0;122.0;993.0;1109.0;6.4;52.6;0.5074
1107309600;2.9;1135.0;-200.0;6.9;854.0;222.0;722.0;130.0;1065.0;1218.0;5.3;57.8;0.5177
1107313200;2.9;1126.0;-200.0;7.3;869.0;-200.0;680.0;-200.0;1075.0;1222.0;3.4;66.7;0.5281
1107316800;2.5;1058.0;-200.0;4.8;753.0;210.0;764.0;121.0;986.0;1149.0;3.3;66.8;0.5215
1107320400;2.0;1040.0;-200.0;3.6;688.0;185.0;846.0;115.0;920.0;1090.0;3.7;62.9;0.5059
1107324000;2.2;1069.0;-200.0;4.5;737.0;257.0;792.0;125.0;946.0;1114.0;2.6;67.5;0.5034
1107327600;2.4;1042.0;-200.0;5.2;771.0;297.0;795.0;136.0;941.0;1089.0;3.5;60.9;0.4857
1107331200;4.0;1322.0;-200.0;15.1;1151.0;573.0;566.0;174.0;1286.0;1446.0;2.7;63.4;0.4787
1107334800;6.7;1549.0;-200.0;27.3;1485.0;883.0;422.0;224.0;1638.0;1930.0;2.8;64.2;0.4859
1107338400;5.6;1416.0;-200.0;19.6;1285.0;824.0;501.0;230.0;1390.0;1809.0;5.8;53.1;0.4942
1107342000;4.3;1337.0;-200.0;14.8;1143.0;693.0;560.0;205.0;1236.0;1769.0;9.7;40.1;0.4832
1107345600;4.0;1281.0;-200.0;14.5;1132.0;714.0;577.0;204.0;1206.0;1696.0;12.7;30.0;0.4398
1107349200;2.6;1037.0;-200.0;10.1;981.0;388.0;721.0;139.0;1000.0;1086.0;13.7;20.7;0.3221
1107352800;2.2;1028.0;-200.0;10.1;983.0;337.0;728.0;133.0;979.0;1048.0;13.7;19.9;0.3114
1107356400;1.9;984.0;-200.0;8.3;913.0;326.0;762.0;127.0;930.0;990.0;14.1;18.1;0.2884
1107360000;1.8;1010.0;-200.0;9.0;940.0;329.0;759.0;124.0;960.0;1027.0;14.5;18.0;0.2956
1107363600;3.1;1113.0;-200.0;13.4;1096.0;465.0;645.0;158.0;1092.0;1359.0;13.2;20.4;0.3074
1107367200;4.8;1253.0;-200.0;19.5;1284.0;612.0;536.0;171.0;1285.0;1618.0;10.5;25.1;0.3194
1107370800;5.8;1400.0;-200.0;27.8;1499.0;759.0;461.0;193.0;1527.0;1869.0;8.9;31.4;0.3597
1107374400;5.9;1470.0;-200.0;31.4;1584.0;771.0;436.0;195.0;1641.0;2033.0;8.2;36.2;0.3953
1107378000;4.1;1281.0;-200.0;15.6;1168.0;655.0;571.0;212.0;1195.0;1756.0;6.7;39.6;0.3906
1107381600;1.8;1084.0;-200.0;7.0;855.0;332.0;748.0;193.0;939.0;1446.0;5.8;42.0;0.3904
1107385200;1.7;1097.0;-200.0;7.8;892.0;287.0;719.0;167.0;979.0;1423.0;4.9;45.9;0.3999
1107388800;1.7;1032.0;-200.0;5.6;791.0;242.0;793.0;156.0;915.0;1278.0;4.5;47.9;0.4079
1107392400;1.5;1046.0;-200.0;6.0;812.0;242.0;782.0;153.0;940.0;1265.0;3.9;51.6;0.4226
1107396000;1.1;975.0;-200.0;3.9;707.0;192.0;860.0;128.0;902.0;1107.0;3.4;54.7;0.4323
1107399600;0.9;932.0;-200.0;2.8;642.0;-200.0;950.0;-200.0;871.0;1014.0;3.3;56.1;0.4379
1107403200;-200.0;926.0;-200.0;2.6;623.0;134.0;954.0;96.0;873.0;1011.0;2.0;60.8;0.4337
1107406800;0.3;932.0;-200.0;2.9;645.0;142.0;916.0;105.0;882.0;1006.0;1.2;63.7;0.4327
1107410400;0.4;937.0;-200.0;2.8;640.0;194.0;923.0;130.0;870.0;1010.0;2.1;60.3;0.4368
1107414000;0.6;996.0;-200.0;4.2;724.0;216.0;861.0;134.0;938.0;1067.0;1.3;63.1;0.4322
1107417600;3.0;1382.0;-200.0;16.7;1202.0;728.0;534.0;275.0;1352.0;1630.0;1.3;64.8;0.441
1107421200;5.6;1544.0;-200.0;29.1;1530.0;975.0;416.0;309.0;1706.0;2030.0;2.1;62.2;0.4491
1107424800;4.9;1429.0;-200.0;20.7;1317.0;947.0;495.0;322.0;1425.0;1916.0;5.1;50.8;0.4499
1107428400;3.5;1312.0;-200.0;15.5;1164.0;790.0;570.0;333.0;1230.0;1761.0;8.5;39.7;0.4425
1107432000;2.2;1205.0;-200.0;10.3;989.0;551.0;643.0;235.0;1084.0;1597.0;11.5;33.0;0.4476
1107435600;2.7;1322.0;-200.0;13.8;1110.0;565.0;568.0;241.0;1208.0;1776.0;12.2;34.3;0.4864
1107439200;2.7;1301.0;-200.0;12.7;1074.0;532.0;574.0;214.0;1255.0;1636.0;13.5;35.0;0.5396
1107442800;2.1;1280.0;-200.0;11.4;1030.0;459.0;597.0;174.0;1246.0;1480.0;14.9;34.9;0.5869
1107446400;2.0;1256.0;-200.0;10.2;986.0;407.0;612.0;157.0;1240.0;1413.0;15.7;34.5;0.6111
1107450000;2.4;1358.0;-200.0;14.3;1128.0;434.0;545.0;170.0;1344.0;1611.0;14.7;37.2;0.618
1107453600;6.7;1713.0;-200.0;32.4;1605.0;980.0;383.0;212.0;1870.0;2186.0;12.2;44.8;0.6342
1107457200;6.4;1655.0;-200.0;29.0;1527.0;966.0;393.0;249.0;1758.0;2203.0;10.3;52.4;0.6578
1107460800;3.9;1444.0;-200.0;17.6;1227.0;646.0;485.0;231.0;1414.0;1891.0;9.3;55.5;0.6503
1107464400;2.7;1314.0;-200.0;12.6;1069.0;471.0;571.0;216.0;1271.0;1662.0;8.3;57.6;0.6304
1107468000;3.0;1368.0;-200.0;15.5;1164.0;528.0;524.0;217.0;1350.0;1674.0;6.3;65.1;0.6237
1107471600;2.1;1195.0;-200.0;9.1;943.0;378.0;645.0;203.0;1149.0;1462.0;6.5;63.1;0.6132
1107475200;1.2;1083.0;-200.0;6.4;828.0;235.0;734.0;161.0;1067.0;1273.0;6.0;62.7;0.589
1107478800;1.2;1055.0;-200.0;5.1;771.0;217.0;781.0;147.0;1030.0;1174.0;5.1;65.4;0.5797
1107482400;0.7;973.0;-200.0;3.3;672.0;141.0;887.0;111.0;954.0;1031.0;4.7;64.6;0.5568
1107486000;0.9;1039.0;-200.0;5.3;777.0;-200.0;778.0;-200.0;1031.0;1082.0;2.9;72.2;0.5523
1107489600;0.8;949.0;-200.0;3.1;657.0;158.0;895.0;115.0;948.0;991.0;5.0;63.5;0.5575
1107493200;0.4;920.0;-200.0;2.2;601.0;87.0;974.0;80.0;920.0;925.0;3.9;65.5;0.5367
1107496800;0.7;989.0;-200.0;3.9;703.0;194.0;843.0;122.0;988.0;1017.0;1.8;74.5;0.5271
1107500400;1.4;1100.0;-200.0;6.9;854.0;401.0;714.0;186.0;1075.0;1187.0;1.8;73.7;0.5198
1107504000;4.0;1411.0;-200.0;19.7;1288.0;887.0;492.0;306.0;1472.0;1638.0;2.3;70.9;0.5182
1107507600;3.9;1328.0;-200.0;20.1;1300.0;654.0;499.0;301.0;1405.0;1672.0;4.4;61.1;0.5176
1107511200;3.1;1308.0;-200.0;16.3;1189.0;566.0;534.0;274.0;1325.0;1656.0;7.7;49.8;0.5267
1107514800;3.2;1280.0;-200.0;14.3;1127.0;649.0;558.0;247.0;1277.0;1641.0;12.1;36.9;0.5212
1107518400;1.5;1056.0;-200.0;7.0;857.0;309.0;735.0;169.0;1028.0;1117.0;15.0;28.5;0.4821
1107522000;1.2;1019.0;-200.0;6.3;825.0;229.0;781.0;138.0;994.0;901.0;14.5;28.3;0.4665
1107525600;1.9;1084.0;-200.0;8.6;923.0;312.0;712.0;149.0;1085.0;1046.0;12.9;31.8;0.4707
1107529200;1.5;998.0;-200.0;6.6;841.0;276.0;792.0;165.0;979.0;884.0;12.1;32.3;0.4548
1107532800;1.4;987.0;-200.0;6.1;816.0;236.0;816.0;156.0;959.0;821.0;11.3;33.5;0.4476
1107536400;1.9;1079.0;-200.0;8.8;932.0;312.0;719.0;184.0;1018.0;1056.0;11.4;32.6;0.4373
1107540000;2.2;1096.0;-200.0;9.4;954.0;345.0;687.0;197.0;1085.0;1139.0;9.1;37.8;0.4372
1107543600;3.0;1146.0;-200.0;11.8;1043.0;386.0;639.0;204.0;1169.0;1248.0;8.1;41.0;0.4458
1107547200;2.6;1125.0;-200.0;11.3;1025.0;356.0;653.0;207.0;1147.0;1200.0;7.7;41.9;0.4409
1107550800;2.8;1130.0;-200.0;9.7;968.0;467.0;680.0;208.0;1102.0;1220.0;7.1;43.9;0.4433
1107554400;1.6;1017.0;-200.0;5.8;805.0;287.0;807.0;174.0;958.0;1032.0;6.3;45.8;0.4408
1107558000;1.3;1017.0;-200.0;5.3;776.0;239.0;843.0;157.0;946.0;971.0;6.0;46.1;0.4351
1107561600;1.6;1041.0;-200.0;5.3;778.0;266.0;828.0;166.0;947.0;1011.0;5.5;49.0;0.4471
1107565200;1.5;1034.0;-200.0;5.1;769.0;261.0;816.0;167.0;952.0;1049.0;4.9;52.0;0.4548
1107568800;1.3;1009.0;-200.0;4.8;751.0;223.0;828.0;154.0;939.0;1053.0;4.1;54.7;0.4536
1107572400;1.6;1105.0;-200.0;6.4;828.0;-200.0;735.0;-200.0;997.0;1157.0;2.1;64.2;0.4633
1107576000;2.0;1084.0;-200.0;7.0;859.0;272.0;703.0;164.0;1017.0;1163.0;1.5;66.2;0.4571
1107579600;1.3;989.0;-200.0;4.4;731.0;226.0;815.0;149.0;936.0;1018.0;1.0;67.7;0.4523
1107583200;0.9;1047.0;-200.0;5.6;792.0;250.0;757.0;150.0;957.0;1121.0;0.8;69.9;0.4591
1107586800;1.4;1091.0;-200.0;7.3;868.0;402.0;705.0;205.0;1021.0;1200.0;1.3;67.2;0.4598
1107590400;3.1;1263.0;-200.0;12.7;1074.0;708.0;614.0;283.0;1198.0;1403.0;2.0;63.6;0.4564
1107594000;4.1;1165.0;-200.0;11.3;1024.0;759.0;646.0;310.0;1134.0;1365.0;4.1;52.7;0.4345
1107597600;1.3;966.0;-200.0;4.9;760.0;302.0;877.0;200.0;890.0;940.0;7.5;39.2;0.4091
1107601200;0.9;927.0;-200.0;3.8;702.0;210.0;932.0;147.0;847.0;750.0;9.0;34.5;0.398
1107604800;1.0;909.0;-200.0;3.4;678.0;180.0;960.0;128.0;838.0;652.0;9.2;34.5;0.4025
1107608400;1.0;941.0;-200.0;4.2;723.0;165.0;922.0;121.0;880.0;643.0;9.3;33.8;0.3981
1107612000;1.1;903.0;-200.0;3.7;696.0;180.0;932.0;129.0;850.0;629.0;9.3;33.1;0.3874
1107615600;0.8;891.0;-200.0;3.3;668.0;147.0;991.0;110.0;819.0;549.0;9.7;30.8;0.3716
1107619200;1.0;904.0;-200.0;3.4;674.0;177.0;968.0;126.0;824.0;578.0;9.6;31.1;0.3718
1107622800;0.9;900.0;-200.0;3.1;659.0;157.0;990.0;121.0;807.0;582.0;8.6;32.8;0.3669
1107626400;0.9;926.0;-200.0;4.3;725.0;195.0;933.0;142.0;847.0;694.0;7.2;35.0;0.3567
1107630000;1.6;999.0;-200.0;6.2;821.0;263.0;846.0;174.0;915.0;926.0;6.4;36.8;0.3566
1107633600;1.4;994.0;-200.0;5.2;774.0;239.0;854.0;168.0;917.0;915.0;6.0;40.2;0.3773
1107637200;1.4;1010.0;-200.0;5.8;801.0;267.0;826.0;180.0;944.0;986.0;5.5;42.6;0.3874
1107640800;1.1;938.0;-200.0;3.5;685.0;214.0;934.0;157.0;870.0;840.0;4.9;43.7;0.3809
1107644400;1.2;983.0;-200.0;4.9;760.0;236.0;869.0;162.0;898.0;939.0;4.2;43.2;0.3605
1107648000;1.8;963.0;-200.0;4.7;749.0;251.0;900.0;173.0;834.0;869.0;4.0;39.2;0.3228
1107651600;1.4;962.0;-200.0;4.9;756.0;255.0;902.0;176.0;843.0;908.0;3.7;40.1;0.323
1107655200;1.4;980.0;-200.0;5.0;761.0;235.0;854.0;172.0;876.0;1051.0;3.1;47.1;0.3638
1107658800;0.9;914.0;-200.0;2.9;644.0;-200.0;972.0;-200.0;832.0;922.0;2.6;48.8;0.3658
1107662400;-200.0;898.0;-200.0;2.6;624.0;129.0;987.0;108.0;825.0;871.0;0.8;53.8;0.3542
1107666000;0.8;854.0;-200.0;1.8;572.0;95.0;1070.0;88.0;788.0;793.0;1.2;51.9;0.3515
1107669600;0.7;838.0;-200.0;1.3;531.0;95.0;1146.0;85.0;774.0;753.0;1.0;52.2;0.3489
1107673200;0.7;831.0;-200.0;1.5;543.0;100.0;1132.0;88.0;787.0;737.0;0.6;53.3;0.3467
1107676800;0.6;833.0;-200.0;1.3;526.0;110.0;1169.0;94.0;771.0;722.0;0.8;52.8;0.3468
1107680400;0.8;870.0;-200.0;2.0;582.0;149.0;1091.0;115.0;791.0;737.0;0.3;53.7;0.3424
1107684000;1.3;984.0;-200.0;4.3;727.0;197.0;891.0;137.0;908.0;913.0;4.1;42.9;0.3551
1107687600;2.0;1065.0;-200.0;6.7;844.0;351.0;780.0;212.0;979.0;1117.0;8.0;33.3;0.3591
1107691200;1.7;968.0;-200.0;4.6;743.0;249.0;886.0;173.0;840.0;774.0;10.7;25.2;0.3242
1107694800;1.2;911.0;-200.0;3.5;683.0;188.0;981.0;135.0;790.0;558.0;11.1;23.5;0.3105
1107698400;1.0;868.0;-200.0;2.1;590.0;127.0;1081.0;100.0;753.0;420.0;10.6;26.0;0.332
1107702000;0.8;868.0;-200.0;1.9;576.0;96.0;1128.0;78.0;755.0;363.0;10.3;27.7;0.3481
1107705600;1.0;904.0;-200.0;2.7;633.0;138.0;1040.0;100.0;789.0;410.0;10.2;28.3;0.3516
1107709200;1.4;944.0;-200.0;3.7;693.0;217.0;928.0;150.0;832.0;568.0;9.2;29.9;0.3479
1107712800;1.1;925.0;-200.0;2.9;649.0;186.0;1003.0;142.0;819.0;570.0;6.9;36.4;0.3635
1107716400;1.6;985.0;-200.0;4.5;736.0;227.0;891.0;165.0;875.0;774.0;6.0;38.0;0.3584
1107720000;1.8;1002.0;-200.0;5.3;780.0;252.0;855.0;179.0;892.0;857.0;5.8;36.4;0.3385
1107723600;1.4;938.0;-200.0;3.7;692.0;193.0;937.0;149.0;805.0;737.0;5.8;35.4;0.3286
1107727200;1.1;896.0;-200.0;2.6;627.0;158.0;1033.0;126.0;782.0;610.0;5.4;36.6;0.3304
1107730800;1.0;907.0;-200.0;2.4;614.0;150.0;1052.0;120.0;782.0;627.0;5.1;37.9;0.3358
1107734400;1.1;902.0;-200.0;2.4;613.0;130.0;1049.0;110.0;777.0;566.0;4.8;38.0;0.33
1107738000;1.0;885.0;-200.0;2.0;582.0;104.0;1072.0;92.0;760.0;517.0;4.5;38.1;0.3249
1107741600;0.8;863.0;-200.0;1.5;545.0;86.0;1119.0;78.0;749.0;484.0;4.3;38.1;0.3207
1107745200;0.6;861.0;-200.0;1.2;518.0;-200.0;1141.0;-200.0;738.0;482.0;3.9;39.9;0.325
1107748800;0.6;852.0;-200.0;0.8;482.0;67.0;1187.0;65.0;726.0;496.0;3.8;41.0;0.3327
1107752400;0.6;879.0;-200.0;1.0;495.0;75.0;1147.0;73.0;753.0;623.0;3.3;44.6;0.3499
1107756000;0.6;900.0;-200.0;1.3;525.0;97.0;1090.0;85.0;780.0;696.0;3.6;44.5;0.3574
1107759600;0.8;963.0;-200.0;2.4;615.0;177.0;980.0;133.0;837.0;916.0;3.4;47.0;0.3713
1107763200;2.3;1183.0;-200.0;8.7;929.0;433.0;675.0;246.0;1037.0;1309.0;2.9;49.5;0.3775
1107766800;2.8;1161.0;-200.0;10.5;996.0;471.0;639.0;281.0;1067.0;1396.0;5.6;40.5;0.3704
1107770400;2.1;1102.0;-200.0;7.9;896.0;346.0;720.0;222.0;969.0;1226.0;7.5;33.8;0.352
1107774000;1.7;1029.0;-200.0;6.5;835.0;262.0;771.0;182.0;897.0;1002.0;10.8;25.2;0.3251
1107777600;1.4;973.0;-200.0;5.7;797.0;221.0;845.0;154.0;845.0;769.0;12.9;20.6;0.3045
1107781200;1.6;981.0;-200.0;6.2;820.0;265.0;807.0;168.0;876.0;784.0;12.2;21.4;0.3033
1107784800;1.4;960.0;-200.0;5.4;784.0;219.0;842.0;149.0;868.0;643.0;12.0;21.9;0.3069
1107788400;1.3;973.0;-200.0;4.9;761.0;235.0;862.0;156.0;865.0;682.0;12.2;24.0;0.3392
1107792000;1.4;968.0;-200.0;5.0;765.0;227.0;843.0;156.0;863.0;692.0;12.0;24.3;0.3393
1107795600;1.7;1022.0;-200.0;6.9;854.0;285.0;771.0;187.0;941.0;926.0;10.5;27.8;0.3525
1107799200;1.9;1067.0;-200.0;7.5;879.0;291.0;740.0;194.0;989.0;996.0;8.7;33.9;0.3832
1107802800;2.3;1101.0;-200.0;8.2;908.0;295.0;707.0;204.0;1025.0;1095.0;7.8;37.6;0.4004
1107806400;2.0;1081.0;-200.0;7.7;885.0;243.0;720.0;174.0;1017.0;1058.0;7.2;39.4;0.4032
1107810000;1.6;988.0;-200.0;4.5;738.0;209.0;843.0;154.0;906.0;893.0;7.1;39.6;0.4019
1107813600;1.0;932.0;-200.0;2.7;630.0;147.0;980.0;117.0;842.0;681.0;7.1;39.6;0.4001
1107817200;0.9;923.0;-200.0;2.3;602.0;117.0;1028.0;98.0;831.0;599.0;7.2;39.3;0.4004
1107820800;0.9;915.0;-200.0;2.1;589.0;105.0;1045.0;90.0;813.0;550.0;6.9;39.6;0.3966
1107824400;0.9;879.0;-200.0;1.4;534.0;84.0;1129.0;74.0;785.0;470.0;7.0;39.8;0.4006
1107828000;0.5;852.0;-200.0;0.8;479.0;51.0;1275.0;49.0;761.0;375.0;7.1;40.5;0.409
1107831600;0.4;844.0;-200.0;0.6;453.0;-200.0;1378.0;-200.0;748.0;337.0;6.9;40.9;0.4091
1107835200;0.5;878.0;-200.0;1.0;496.0;54.0;1182.0;54.0;782.0;451.0;6.0;42.9;0.404
1107838800;0.6;910.0;-200.0;1.3;524.0;74.0;1102.0;69.0;802.0;600.0;6.4;42.7;0.4126
1107842400;0.6;918.0;-200.0;1.6;551.0;114.0;1062.0;92.0;817.0;712.0;6.1;43.6;0.4129
1107846000;1.0;991.0;-200.0;3.0;653.0;228.0;944.0;146.0;885.0;931.0;5.9;45.1;0.4211
1107849600;2.1;1223.0;-200.0;10.0;979.0;455.0;658.0;224.0;1120.0;1332.0;6.0;46.4;0.4367
1107853200;2.9;1277.0;-200.0;15.1;1153.0;493.0;543.0;253.0;1268.0;1520.0;6.6;43.7;0.4273
1107856800;2.2;1114.0;-200.0;8.6;922.0;410.0;689.0;225.0;1022.0;1223.0;8.7;36.3;0.4074
1107860400;1.6;1088.0;-200.0;6.9;853.0;277.0;729.0;180.0;996.0;1122.0;10.5;33.4;0.4246
1107864000;1.8;1064.0;-200.0;7.6;881.0;340.0;727.0;194.0;979.0;1099.0;11.4;27.8;0.3748
1107867600;1.5;1047.0;-200.0;6.9;854.0;238.0;753.0;158.0;959.0;904.0;12.7;27.4;0.4011
1107871200;2.2;1075.0;-200.0;8.5;920.0;323.0;726.0;184.0;992.0;1022.0;13.3;23.3;0.354
1107874800;1.6;973.0;-200.0;5.3;777.0;286.0;858.0;165.0;844.0;719.0;13.9;20.7;0.3271
1107878400;1.5;942.0;-200.0;4.4;733.0;271.0;912.0;156.0;800.0;609.0;13.6;20.0;0.3093
1107882000;1.8;-200.0;-200.0;-200.0;-200.0;276.0;-200.0;172.0;-200.0;-200.0;-200.0;-200.0;-200.0
1107885600;1.8;-200.0;-200.0;-200.0;-200.0;295.0;-200.0;194.0;-200.0;-200.0;-200.0;-200.0;-200.0
1107889200;2.3;-200.0;-200.0;-200.0;-200.0;340.0;-200.0;208.0;-200.0;-200.0;-200.0;-200.0;-200.0
1107892800;1.9;-200.0;-200.0;-200.0;-200.0;275.0;-200.0;187.0;-200.0;-200.0;-200.0;-200.0;-200.0
1107896400;1.9;-200.0;-200.0;-200.0;-200.0;293.0;-200.0;187.0;-200.0;-200.0;-200.0;-200.0;-200.0
1107900000;1.1;-200.0;-200.0;-200.0;-200.0;157.0;-200.0;127.0;-200.0;-200.0;-200.0;-200.0;-200.0
1107903600;0.9;-200.0;-200.0;-200.0;-200.0;133.0;-200.0;107.0;-200.0;-200.0;-200.0;-200.0;-200.0
1107907200;0.8;-200.0;-200.0;-200.0;-200.0;120.0;-200.0;99.0;-200.0;-200.0;-200.0;-200.0;-200.0
1107910800;0.9;-200.0;-200.0;-200.0;-200.0;122.0;-200.0;100.0;-200.0;-200.0;-200.0;-200.0;-200.0
1107914400;0.7;-200.0;-200.0;-200.0;-200.0;80.0;-200.0;73.0;-200.0;-200.0;-200.0;-200.0;-200.0
1107918000;0.8;-200.0;-200.0;-200.0;-200.0;-200.0;-200.0;-200.0;-200.0;-200.0;-200.0;-200.0;-200.0
1107921600;-200.0;-200.0;-200.0;-200.0;-200.0;88.0;-200.0;83.0;-200.0;-200.0;-200.0;-200.0;-200.0
1107925200;0.7;-200.0;-200.0;-200.0;-200.0;109.0;-200.0;92.0;-200.0;-200.0;-200.0;-200.0;-200.0
1107928800;0.6;-200.0;-200.0;-200.0;-200.0;120.0;-200.0;100.0;-200.0;-200.0;-200.0;-200.0;-200.0
1107932400;1.0;-200.0;-200.0;-200.0;-200.0;233.0;-200.0;149.0;-200.0;-200.0;-200.0;-200.0;-200.0
1107936000;1.7;-200.0;-200.0;-200.0;-200.0;394.0;-200.0;231.0;-200.0;-200.0;-200.0;-200.0;-200.0
1107939600;2.7;-200.0;-200.0;-200.0;-200.0;424.0;-200.0;245.0;-200.0;-200.0;-200.0;-200.0;-200.0
1107943200;3.3;-200.0;-200.0;-200.0;-200.0;446.0;-200.0;203.0;-200.0;-200.0;-200.0;-200.0;-200.0
1107946800;2.1;-200.0;-200.0;-200.0;-200.0;266.0;-200.0;165.0;-200.0;-200.0;-200.0;-200.0;-200.0
1107950400;2.0;-200.0;-200.0;-200.0;-200.0;261.0;-200.0;168.0;-200.0;-200.0;-200.0;-200.0;-200.0
1107954000;2.0;-200.0;-200.0;-200.0;-200.0;220.0;-200.0;151.0;-200.0;-200.0;-200.0;-200.0;-200.0
1107957600;2.3;-200.0;-200.0;-200.0;-200.0;241.0;-200.0;152.0;-200.0;-200.0;-200.0;-200.0;-200.0
1107961200;2.0;-200.0;-200.0;-200.0;-200.0;208.0;-200.0;144.0;-200.0;-200.0;-200.0;-200.0;-200.0
1107964800;2.1;-200.0;-200.0;-200.0;-200.0;215.0;-200.0;148.0;-200.0;-200.0;-200.0;-200.0;-200.0
1107968400;2.3;-200.0;-200.0;-200.0;-200.0;257.0;-200.0;176.0;-200.0;-200.0;-200.0;-200.0;-200.0
1107972000;3.1;-200.0;-200.0;-200.0;-200.0;355.0;-200.0;209.0;-200.0;-200.0;-200.0;-200.0;-200.0
1107975600;3.9;-200.0;-200.0;-200.0;-200.0;415.0;-200.0;240.0;-200.0;-200.0;-200.0;-200.0;-200.0
1107979200;3.8;-200.0;-200.0;-200.0;-200.0;349.0;-200.0;223.0;-200.0;-200.0;-200.0;-200.0;-200.0
1107982800;2.9;-200.0;-200.0;-200.0;-200.0;254.0;-200.0;187.0;-200.0;-200.0;-200.0;-200.0;-200.0
1107986400;2.2;-200.0;-200.0;-200.0;-200.0;228.0;-200.0;157.0;-200.0;-200.0;-200.0;-200.0;-200.0
1107990000;1.9;-200.0;-200.0;-200.0;-200.0;156.0;-200.0;123.0;-200.0;-200.0;-200.0;-200.0;-200.0
1107993600;2.0;-200.0;-200.0;-200.0;-200.0;161.0;-200.0;126.0;-200.0;-200.0;-200.0;-200.0;-200.0
1107997200;1.8;-200.0;-200.0;-200.0;-200.0;123.0;-200.0;106.0;-200.0;-200.0;-200.0;-200.0;-200.0
1108000800;1.6;-200.0;-200.0;-200.0;-200.0;108.0;-200.0;95.0;-200.0;-200.0;-200.0;-200.0;-200.0
1108004400;1.5;-200.0;-200.0;-200.0;-200.0;-200.0;-200.0;-200.0;-200.0;-200.0;-200.0;-200.0;-200.0
1108008000;1.4;-200.0;-200.0;-200.0;-200.0;95.0;-200.0;87.0;-200.0;-200.0;-200.0;-200.0;-200.0
1108011600;1.5;-200.0;-200.0;-200.0;-200.0;102.0;-200.0;88.0;-200.0;-200.0;-200.0;-200.0;-200.0
1108015200;1.7;-200.0;-200.0;-200.0;-200.0;178.0;-200.0;134.0;-200.0;-200.0;-200.0;-200.0;-200.0
1108018800;1.9;-200.0;-200.0;-200.0;-200.0;214.0;-200.0;156.0;-200.0;-200.0;-200.0;-200.0;-200.0
1108022400;3.3;-200.0;-200.0;-200.0;-200.0;492.0;-200.0;247.0;-200.0;-200.0;-200.0;-200.0;-200.0
1108026000;3.8;-200.0;-200.0;-200.0;-200.0;540.0;-200.0;289.0;-200.0;-200.0;-200.0;-200.0;-200.0
1108029600;4.3;-200.0;-200.0;-200.0;-200.0;604.0;-200.0;250.0;-200.0;-200.0;-200.0;-200.0;-200.0
1108033200;3.7;-200.0;-200.0;-200.0;-200.0;646.0;-200.0;232.0;-200.0;-200.0;-200.0;-200.0;-200.0
1108036800;2.7;-200.0;-200.0;-200.0;-200.0;418.0;-200.0;185.0;-200.0;-200.0;-200.0;-200.0;-200.0
1108040400;2.2;-200.0;-200.0;-200.0;-200.0;250.0;-200.0;147.0;-200.0;-200.0;-200.0;-200.0;-200.0
1108044000;2.4;-200.0;-200.0;-200.0;-200.0;226.0;-200.0;128.0;-200.0;-200.0;-200.0;-200.0;-200.0
1108047600;2.2;-200.0;-200.0;-200.0;-200.0;271.0;-200.0;131.0;-200.0;-200.0;-200.0;-200.0;-200.0
1108051200;2.3;-200.0;-200.0;-200.0;-200.0;288.0;-200.0;135.0;-200.0;-200.0;-200.0;-200.0;-200.0
1108054800;2.6;-200.0;-200.0;-200.0;-200.0;299.0;-200.0;149.0;-200.0;-200.0;-200.0;-200.0;-200.0
1108058400;4.2;-200.0;-200.0;-200.0;-200.0;534.0;-200.0;209.0;-200.0;-200.0;-200.0;-200.0;-200.0
1108062000;6.2;-200.0;-200.0;-200.0;-200.0;687.0;-200.0;243.0;-200.0;-200.0;-200.0;-200.0;-200.0
1108065600;8.4;-200.0;-200.0;-200.0;-200.0;1028.0;-200.0;276.0;-200.0;-200.0;-200.0;-200.0;-200.0
1108069200;4.5;-200.0;-200.0;-200.0;-200.0;605.0;-200.0;225.0;-200.0;-200.0;-200.0;-200.0;-200.0
1108072800;2.7;-200.0;-200.0;-200.0;-200.0;345.0;-200.0;194.0;-200.0;-200.0;-200.0;-200.0;-200.0
1108076400;2.4;-200.0;-200.0;-200.0;-200.0;255.0;-200.0;164.0;-200.0;-200.0;-200.0;-200.0;-200.0
1108080000;2.3;-200.0;-200.0;-200.0;-200.0;211.0;-200.0;148.0;-200.0;-200.0;-200.0;-200.0;-200.0
1108083600;2.2;-200.0;-200.0;-200.0;-200.0;190.0;-200.0;136.0;-200.0;-200.0;-200.0;-200.0;-200.0
1108087200;2.0;-200.0;-200.0;-200.0;-200.0;149.0;-200.0;116.0;-200.0;-200.0;-200.0;-200.0;-200.0
1108090800;1.6;-200.0;-200.0;-200.0;-200.0;-200.0;-200.0;-200.0;-200.0;-200.0;-200.0;-200.0;-200.0
1108094400;1.6;-200.0;-200.0;-200.0;-200.0;107.0;-200.0;91.0;-200.0;-200.0;-200.0;-200.0;-200.0
1108098000;1.5;-200.0;-200.0;-200.0;-200.0;98.0;-200.0;87.0;-200.0;-200.0;-200.0;-200.0;-200.0
1108101600;1.7;-200.0;-200.0;-200.0;-200.0;183.0;-200.0;123.0;-200.0;-200.0;-200.0;-200.0;-200.0
1108105200;1.8;-200.0;-200.0;-200.0;-200.0;224.0;-200.0;152.0;-200.0;-200.0;-200.0;-200.0;-200.0
1108108800;3.8;-200.0;-200.0;-200.0;-200.0;589.0;-200.0;267.0;-200.0;-200.0;-200.0;-200.0;-200.0
1108112400;5.9;-200.0;-200.0;-200.0;-200.0;700.0;-200.0;296.0;-200.0;-200.0;-200.0;-200.0;-200.0
1108116000;5.4;-200.0;-200.0;-200.0;-200.0;747.0;-200.0;291.0;-200.0;-200.0;-200.0;-200.0;-200.0
1108119600;4.7;-200.0;-200.0;-200.0;-200.0;746.0;-200.0;276.0;-200.0;-200.0;-200.0;-200.0;-200.0
1108123200;4.3;-200.0;-200.0;-200.0;-200.0;702.0;-200.0;250.0;-200.0;-200.0;-200.0;-200.0;-200.0
1108126800;5.4;-200.0;-200.0;-200.0;-200.0;723.0;-200.0;251.0;-200.0;-200.0;-200.0;-200.0;-200.0
1108130400;5.8;-200.0;-200.0;-200.0;-200.0;872.0;-200.0;275.0;-200.0;-200.0;-200.0;-200.0;-200.0
1108134000;6.1;-200.0;-200.0;-200.0;-200.0;1054.0;-200.0;312.0;-200.0;-200.0;-200.0;-200.0;-200.0
1108137600;7.1;-200.0;-200.0;-200.0;-200.0;1218.0;-200.0;340.0;-200.0;-200.0;-200.0;-200.0;-200.0
1108141200;6.6;-200.0;-200.0;-200.0;-200.0;1227.0;-200.0;326.0;-200.0;-200.0;-200.0;-200.0;-200.0
1108144800;6.5;-200.0;-200.0;-200.0;-200.0;1061.0;-200.0;284.0;-200.0;-200.0;-200.0;-200.0;-200.0
1108148400;7.1;-200.0;-200.0;-200.0;-200.0;1075.0;-200.0;289.0;-200.0;-200.0;-200.0;-200.0;-200.0
1108152000;4.9;-200.0;-200.0;-200.0;-200.0;641.0;-200.0;215.0;-200.0;-200.0;-200.0;-200.0;-200.0
1108155600;4.0;1521.0;-200.0;16.8;1203.0;490.0;476.0;207.0;1400.0;2141.0;8.5;50.9;0.5664
1108159200;4.0;1428.0;-200.0;13.0;1085.0;550.0;526.0;213.0;1268.0;2023.0;8.3;53.3;0.5843
1108162800;3.6;1463.0;-200.0;12.6;1069.0;422.0;530.0;192.0;1279.0;1967.0;7.1;58.1;0.5885
1108166400;4.2;1494.0;-200.0;14.2;1124.0;541.0;504.0;211.0;1313.0;1931.0;5.8;64.3;0.5964
1108170000;4.3;1462.0;-200.0;12.9;1080.0;599.0;522.0;229.0;1274.0;1889.0;5.3;66.8;0.5979
1108173600;3.6;1326.0;-200.0;9.7;967.0;490.0;578.0;216.0;1174.0;1699.0;5.0;66.6;0.5871
1108177200;2.5;1185.0;-200.0;5.9;807.0;-200.0;685.0;-200.0;1051.0;1467.0;5.0;66.3;0.5811
1108180800;-200.0;1154.0;-200.0;5.5;788.0;223.0;709.0;146.0;1065.0;1390.0;5.1;65.9;0.5827
1108184400;1.4;1175.0;-200.0;6.6;839.0;214.0;670.0;136.0;1087.0;1371.0;4.1;69.0;0.5735
1108188000;1.4;1203.0;-200.0;7.3;870.0;274.0;641.0;156.0;1103.0;1427.0;4.6;67.6;0.5778
1108191600;1.6;1250.0;-200.0;8.8;933.0;338.0;620.0;176.0;1144.0;1489.0;5.2;65.5;0.5836
1108195200;2.3;1321.0;-200.0;11.9;1046.0;496.0;562.0;224.0;1263.0;1610.0;6.0;62.8;0.5929
1108198800;2.4;1323.0;-200.0;12.0;1049.0;433.0;550.0;207.0;1290.0;1619.0;7.1;59.3;0.6005
1108202400;2.7;1381.0;-200.0;11.9;1045.0;496.0;541.0;221.0;1307.0;1706.0;7.8;58.0;0.6136
1108206000;3.4;1480.0;-200.0;16.2;1186.0;615.0;498.0;229.0;1382.0;1882.0;9.0;54.7;0.6271
1108209600;3.1;1485.0;-200.0;17.6;1229.0;551.0;477.0;208.0;1450.0;1911.0;10.0;53.1;0.6495
1108213200;3.6;1522.0;-200.0;17.6;1229.0;575.0;470.0;207.0;1488.0;1943.0;10.8;52.0;0.6738
1108216800;3.8;1570.0;-200.0;17.5;1224.0;575.0;468.0;216.0;1448.0;2020.0;11.0;51.4;0.6746
1108220400;3.3;1507.0;-200.0;15.7;1170.0;574.0;488.0;224.0;1392.0;1999.0;11.0;51.4;0.6725
1108224000;3.4;1540.0;-200.0;16.7;1202.0;582.0;475.0;225.0;1440.0;2008.0;10.9;52.0;0.6796
1108227600;3.7;1556.0;-200.0;17.1;1214.0;658.0;472.0;227.0;1435.0;2026.0;11.1;52.0;0.6869
1108231200;4.6;1707.0;-200.0;23.0;1378.0;851.0;416.0;248.0;1637.0;2225.0;11.0;53.6;0.7033
1108234800;5.0;1766.0;-200.0;24.6;1419.0;903.0;404.0;251.0;1659.0;2317.0;11.0;55.1;0.7221
1108238400;5.7;1846.0;-200.0;26.8;1474.0;952.0;389.0;265.0;1712.0;2426.0;11.4;55.4;0.7471
1108242000;5.2;1795.0;-200.0;23.2;1382.0;894.0;410.0;262.0;1609.0;2355.0;11.1;56.9;0.7506
1108245600;5.0;1755.0;-200.0;22.0;1352.0;839.0;417.0;241.0;1587.0;2375.0;10.2;60.0;0.7461
1108249200;4.5;1738.0;-200.0;20.4;1309.0;743.0;424.0;231.0;1543.0;2494.0;10.1;59.9;0.7379
1108252800;4.1;1712.0;-200.0;18.0;1239.0;671.0;443.0;229.0;1488.0;2411.0;9.9;63.2;0.7706
1108256400;4.1;1751.0;-200.0;18.5;1255.0;689.0;435.0;221.0;1541.0;2226.0;9.4;73.4;0.8662
1108260000;3.1;1574.0;-200.0;13.3;1093.0;478.0;497.0;180.0;1451.0;1808.0;9.4;77.7;0.9203
1108263600;2.7;1458.0;-200.0;11.3;1024.0;-200.0;530.0;-200.0;1413.0;1571.0;9.6;78.7;0.9429
1108267200;2.8;1515.0;-200.0;12.5;1066.0;345.0;508.0;140.0;1430.0;1548.0;8.9;81.3;0.9277
1108270800;2.9;1491.0;-200.0;11.5;1031.0;373.0;515.0;153.0;1387.0;1541.0;8.5;82.9;0.9243
1108274400;2.6;1453.0;-200.0;10.9;1012.0;324.0;534.0;150.0;1348.0;1441.0;8.3;84.0;0.9234
1108278000;2.6;1443.0;-200.0;10.7;1003.0;341.0;542.0;145.0;1356.0;1396.0;8.1;85.0;0.9221
1108281600;2.8;1473.0;-200.0;11.9;1047.0;424.0;522.0;149.0;1420.0;1411.0;8.7;83.7;0.9423
1108285200;3.3;1548.0;-200.0;13.4;1097.0;522.0;491.0;155.0;1477.0;1497.0;9.5;82.4;0.976
1108288800;3.2;1586.0;-200.0;13.0;1084.0;492.0;495.0;158.0;1473.0;1619.0;11.0;78.2;1.022
1108292400;3.3;1488.0;-200.0;11.2;1023.0;492.0;533.0;188.0;1456.0;1590.0;14.1;67.9;1.0859
1108296000;1.5;1220.0;-200.0;5.5;787.0;204.0;675.0;154.0;1310.0;1163.0;16.3;56.6;1.0422
1108299600;1.2;1198.0;-200.0;4.9;758.0;142.0;698.0;107.0;1277.0;1001.0;18.7;48.0;1.0259
1108303200;1.1;1168.0;-200.0;6.5;836.0;118.0;666.0;92.0;1278.0;822.0;19.5;39.3;0.882
1108306800;1.7;1149.0;-200.0;8.4;917.0;126.0;616.0;106.0;1293.0;773.0;19.9;34.1;0.782
1108310400;1.0;1052.0;-200.0;4.4;734.0;115.0;799.0;90.0;1109.0;588.0;19.4;32.4;0.7239
1108314000;1.0;1053.0;-200.0;4.3;727.0;137.0;789.0;100.0;1081.0;610.0;17.1;35.8;0.6944
1108317600;2.6;1238.0;-200.0;11.6;1037.0;212.0;583.0;132.0;1388.0;1000.0;15.5;40.7;0.7103
1108321200;2.5;1188.0;-200.0;9.0;939.0;354.0;658.0;211.0;1234.0;1048.0;14.8;42.8;0.7182
1108324800;2.1;1150.0;-200.0;7.8;891.0;331.0;684.0;179.0;1198.0;1002.0;13.9;43.8;0.6937
1108328400;1.0;984.0;-200.0;3.7;694.0;141.0;881.0;116.0;1032.0;711.0;13.7;42.9;0.6687
1108332000;1.3;1111.0;-200.0;5.3;777.0;228.0;760.0;143.0;1137.0;1024.0;12.5;47.8;0.6877
1108335600;1.5;1131.0;-200.0;5.6;793.0;228.0;728.0;142.0;1173.0;1054.0;11.8;53.4;0.7366
1108339200;1.4;1115.0;-200.0;5.3;778.0;203.0;749.0;135.0;1158.0;994.0;10.9;55.9;0.7312
1108342800;1.6;1133.0;-200.0;6.0;811.0;215.0;708.0;136.0;1182.0;1031.0;10.1;58.9;0.7301
1108346400;1.1;1024.0;-200.0;4.0;709.0;142.0;798.0;109.0;1120.0;884.0;9.8;61.2;0.7413
1108350000;0.7;968.0;-200.0;2.8;639.0;-200.0;891.0;-200.0;1080.0;794.0;8.4;67.1;0.7411
1108353600;0.5;923.0;-200.0;1.8;567.0;66.0;994.0;62.0;1024.0;688.0;8.3;67.2;0.7382
1108357200;0.4;902.0;-200.0;1.5;548.0;54.0;1063.0;49.0;1024.0;617.0;7.7;68.9;0.728
1108360800;0.7;995.0;-200.0;2.9;646.0;121.0;895.0;81.0;1053.0;818.0;6.9;70.0;0.6997
1108364400;0.7;858.0;-200.0;2.2;597.0;141.0;1054.0;104.0;857.0;690.0;9.0;37.3;0.4297
1108368000;2.3;1233.0;-200.0;11.4;1030.0;388.0;619.0;176.0;1257.0;1291.0;9.4;44.9;0.5296
1108371600;2.5;1140.0;-200.0;9.5;958.0;366.0;627.0;193.0;1175.0;1200.0;10.3;45.4;0.5666
1108375200;1.7;1096.0;-200.0;11.6;1036.0;254.0;635.0;168.0;1043.0;1127.0;11.5;39.6;0.5372
1108378800;2.5;1295.0;-200.0;33.9;1639.0;164.0;477.0;123.0;1013.0;1582.0;11.7;36.9;0.506
1108382400;2.1;926.0;-200.0;7.6;882.0;142.0;744.0;111.0;913.0;700.0;11.8;36.2;0.4999
1108386000;1.1;970.0;-200.0;7.0;857.0;162.0;748.0;120.0;990.0;693.0;12.0;38.7;0.5402
1108389600;1.3;960.0;-200.0;6.9;853.0;177.0;782.0;123.0;967.0;709.0;13.7;30.3;0.4724
1108393200;1.1;941.0;-200.0;5.8;800.0;157.0;823.0;115.0;917.0;671.0;12.6;30.6;0.4443
1108396800;1.1;921.0;-200.0;5.2;771.0;162.0;850.0;120.0;885.0;632.0;13.0;27.4;0.4085
1108400400;1.4;940.0;-200.0;6.4;829.0;209.0;823.0;140.0;901.0;716.0;13.6;22.7;0.3529
1108404000;2.3;1036.0;-200.0;11.9;1046.0;304.0;694.0;185.0;1044.0;1059.0;11.8;23.0;0.3171
1108407600;4.2;1102.0;-200.0;17.4;1221.0;484.0;609.0;212.0;1136.0;1329.0;10.7;19.9;0.2547
1108411200;3.5;1035.0;-200.0;14.7;1141.0;399.0;670.0;200.0;1018.0;1196.0;10.4;18.0;0.2269
1108414800;3.0;990.0;-200.0;10.0;978.0;390.0;751.0;191.0;928.0;1131.0;9.7;20.6;0.2488
1108418400;1.7;950.0;-200.0;6.6;839.0;287.0;834.0;169.0;878.0;977.0;9.4;24.8;0.2923
1108422000;1.6;988.0;-200.0;6.6;839.0;202.0;803.0;139.0;936.0;963.0;8.8;31.2;0.3533
1108425600;1.0;884.0;-200.0;3.1;658.0;126.0;982.0;102.0;813.0;581.0;8.7;31.2;0.3521
1108429200;0.8;840.0;-200.0;2.2;597.0;87.0;1081.0;76.0;766.0;432.0;8.5;30.4;0.3391
1108432800;0.6;814.0;-200.0;1.3;526.0;59.0;1228.0;56.0;740.0;352.0;8.0;32.9;0.353
1108436400;0.4;821.0;-200.0;1.1;509.0;-200.0;1235.0;-200.0;762.0;348.0;7.1;37.4;0.3799
1108440000;-200.0;802.0;-200.0;0.5;440.0;31.0;1413.0;30.0;738.0;312.0;6.9;39.1;0.3901
1108443600;0.3;805.0;-200.0;0.5;437.0;28.0;1491.0;28.0;738.0;296.0;6.9;39.8;0.3966
1108447200;0.4;850.0;-200.0;1.3;529.0;64.0;1183.0;56.0;780.0;385.0;6.1;40.8;0.3868
1108450800;0.5;913.0;-200.0;2.5;619.0;123.0;1018.0;94.0;834.0;586.0;6.0;41.5;0.3896
1108454400;1.5;1047.0;-200.0;6.7;844.0;363.0;784.0;196.0;979.0;987.0;6.1;39.9;0.3781
1108458000;2.1;1055.0;-200.0;8.0;899.0;416.0;731.0;220.0;1017.0;1035.0;6.5;39.5;0.3865
1108461600;1.6;974.0;-200.0;5.3;778.0;286.0;832.0;168.0;905.0;782.0;9.4;32.7;0.3855
1108465200;1.0;863.0;-200.0;3.3;669.0;198.0;993.0;133.0;776.0;511.0;11.3;24.9;0.3318
1108468800;1.2;889.0;-200.0;4.4;734.0;216.0;942.0;134.0;801.0;566.0;12.8;19.8;0.2933
1108472400;1.3;906.0;-200.0;5.5;790.0;211.0;893.0;138.0;837.0;642.0;12.3;19.3;0.274
1108476000;1.4;874.0;-200.0;4.8;751.0;199.0;918.0;135.0;792.0;591.0;12.0;19.3;0.2716
1108479600;1.0;849.0;-200.0;3.5;680.0;161.0;1015.0;111.0;741.0;461.0;11.9;19.2;0.2677
1108483200;1.4;923.0;-200.0;4.9;761.0;218.0;909.0;124.0;840.0;609.0;12.1;20.7;0.2906
1108486800;1.5;962.0;-200.0;6.6;841.0;252.0;827.0;158.0;901.0;821.0;11.5;22.1;0.2987
1108490400;2.4;1067.0;-200.0;12.3;1059.0;337.0;671.0;181.0;1085.0;1163.0;10.4;23.1;0.2905
1108494000;2.8;1125.0;-200.0;14.1;1121.0;357.0;630.0;185.0;1132.0;1405.0;9.5;25.2;0.2996
1108497600;3.1;1149.0;-200.0;14.2;1124.0;410.0;623.0;187.0;1141.0;1405.0;8.9;26.9;0.3069
1108501200;3.1;1155.0;-200.0;11.6;1034.0;445.0;648.0;196.0;1061.0;1429.0;8.2;30.1;0.327
1108504800;2.0;1065.0;-200.0;8.2;908.0;314.0;741.0;174.0;953.0;1284.0;7.4;31.8;0.3287
1108508400;2.1;1145.0;-200.0;9.2;946.0;366.0;699.0;182.0;1015.0;1409.0;6.6;37.5;0.3664
1108512000;1.9;1134.0;-200.0;8.3;912.0;336.0;707.0;182.0;999.0;1376.0;6.3;40.1;0.3842
1108515600;2.5;1195.0;-200.0;10.7;1004.0;387.0;652.0;193.0;1078.0;1421.0;5.2;44.2;0.3943
1108519200;2.0;1141.0;-200.0;8.0;898.0;320.0;689.0;174.0;1014.0;1356.0;4.4;47.5;0.4017
1108522800;1.4;1077.0;-200.0;5.9;806.0;-200.0;725.0;-200.0;949.0;1296.0;4.0;49.1;0.4019
1108526400;1.1;1052.0;-200.0;4.5;740.0;237.0;768.0;142.0;913.0;1202.0;3.3;52.2;0.4074
1108530000;0.8;1033.0;-200.0;3.8;701.0;224.0;782.0;137.0;883.0;1206.0;3.2;52.4;0.4071
1108533600;0.9;1080.0;-200.0;5.1;768.0;237.0;732.0;140.0;924.0;1305.0;3.6;51.7;0.4123
1108537200;1.6;1208.0;-200.0;8.8;931.0;454.0;622.0;201.0;1052.0;1485.0;3.5;54.2;0.4297
1108540800;3.6;1363.0;-200.0;16.1;1183.0;854.0;520.0;288.0;1273.0;1643.0;5.2;48.3;0.4304
1108544400;3.3;1239.0;-200.0;13.4;1096.0;758.0;577.0;260.0;1211.0;1459.0;7.8;37.6;0.3994
1108548000;2.1;1044.0;-200.0;9.0;940.0;428.0;706.0;206.0;1014.0;1152.0;8.9;33.8;0.385
1108551600;1.3;956.0;-200.0;5.0;761.0;205.0;849.0;98.0;887.0;885.0;9.1;33.0;0.3827
1108555200;1.1;955.0;-200.0;4.3;725.0;205.0;890.0;138.0;880.0;770.0;9.1;34.5;0.3994
1108558800;1.5;997.0;-200.0;6.3;825.0;226.0;790.0;139.0;948.0;852.0;9.6;31.3;0.3763
1108562400;1.5;987.0;-200.0;6.0;810.0;199.0;801.0;137.0;939.0;830.0;8.5;36.3;0.4026
1108566000;1.6;1007.0;-200.0;5.7;798.0;253.0;793.0;155.0;942.0;867.0;9.3;34.6;0.405
1108569600;1.5;1025.0;-200.0;5.6;795.0;259.0;783.0;155.0;967.0;881.0;8.9;37.9;0.4318
1108573200;1.6;1083.0;-200.0;7.0;856.0;252.0;720.0;148.0;1010.0;975.0;8.2;41.8;0.4563
1108576800;2.2;1143.0;-200.0;9.5;960.0;313.0;641.0;153.0;1110.0;1136.0;7.4;44.5;0.4582
1108580400;3.4;1288.0;-200.0;15.9;1178.0;433.0;539.0;171.0;1300.0;1434.0;7.0;43.4;0.4366
1108584000;5.6;1464.0;-200.0;24.7;1421.0;611.0;457.0;227.0;1542.0;1746.0;6.6;43.4;0.4241
1108587600;5.2;1341.0;-200.0;16.8;1204.0;626.0;534.0;251.0;1294.0;1592.0;5.9;44.3;0.4137
1108591200;2.8;1177.0;-200.0;10.7;1004.0;408.0;640.0;216.0;1111.0;1341.0;5.0;46.6;0.4099
1108594800;2.4;1089.0;-200.0;8.3;913.0;357.0;712.0;200.0;1016.0;1208.0;5.8;40.3;0.374
1108598400;2.7;1196.0;-200.0;11.0;1014.0;375.0;643.0;192.0;1101.0;1334.0;5.4;43.8;0.3945
1108602000;2.6;1107.0;-200.0;7.4;874.0;326.0;721.0;187.0;984.0;1208.0;5.7;42.1;0.3883
1108605600;2.3;1102.0;-200.0;7.9;897.0;326.0;715.0;173.0;1024.0;1196.0;5.7;42.1;0.3885
1108609200;1.0;993.0;-200.0;3.6;688.0;-200.0;847.0;-200.0;874.0;931.0;5.8;42.9;0.399
1108612800;0.6;912.0;-200.0;1.7;559.0;72.0;1016.0;64.0;837.0;656.0;5.7;46.6;0.4298
1108616400;0.5;883.0;-200.0;1.0;496.0;49.0;1140.0;46.0;804.0;478.0;6.9;45.0;0.4499
1108620000;0.5;893.0;-200.0;1.1;507.0;59.0;1111.0;51.0;794.0;489.0;6.9;42.2;0.4224
1108623600;1.0;1033.0;-200.0;4.0;711.0;220.0;893.0;115.0;935.0;893.0;6.4;43.8;0.423
1108627200;2.6;1222.0;-200.0;9.7;966.0;602.0;636.0;238.0;1134.0;1322.0;6.6;44.6;0.4383
1108630800;2.7;1190.0;-200.0;10.6;1000.0;485.0;624.0;202.0;1152.0;1280.0;7.7;42.1;0.444
1108634400;1.8;1035.0;-200.0;5.4;783.0;295.0;794.0;167.0;969.0;943.0;10.1;36.7;0.4536
1108638000;1.2;990.0;-200.0;3.9;705.0;217.0;873.0;139.0;913.0;772.0;9.0;41.4;0.4775
1108641600;1.3;1011.0;-200.0;4.4;732.0;236.0;830.0;147.0;944.0;826.0;8.7;42.5;0.4787
1108645200;1.4;1041.0;-200.0;5.0;763.0;196.0;790.0;130.0;1003.0;808.0;8.3;47.8;0.5238
1108648800;1.8;1086.0;-200.0;6.8;850.0;233.0;723.0;143.0;1072.0;901.0;8.9;45.5;0.5208
1108652400;1.3;1021.0;-200.0;4.8;755.0;207.0;807.0;143.0;980.0;763.0;8.9;46.1;0.5256
1108656000;1.4;1014.0;-200.0;5.0;761.0;198.0;806.0;136.0;972.0;722.0;9.0;44.9;0.5173
1108659600;1.4;1023.0;-200.0;5.2;771.0;212.0;807.0;143.0;982.0;735.0;9.3;42.3;0.4974
1108663200;2.4;1172.0;-200.0;10.0;977.0;280.0;657.0;177.0;1160.0;1047.0;8.4;45.2;0.4977
1108666800;2.8;1172.0;-200.0;11.1;1017.0;315.0;623.0;198.0;1185.0;1163.0;7.6;47.8;0.5013
1108670400;3.3;1219.0;-200.0;12.9;1081.0;378.0;590.0;200.0;1246.0;1244.0;7.4;47.2;0.4871
1108674000;2.5;1106.0;-200.0;7.8;891.0;320.0;708.0;191.0;1058.0;1025.0;7.4;46.9;0.4854
1108677600;2.1;1078.0;-200.0;6.3;824.0;265.0;759.0;169.0;1016.0;982.0;6.9;48.2;0.4832
1108681200;1.2;939.0;-200.0;2.8;637.0;129.0;960.0;106.0;883.0;607.0;7.1;47.9;0.4867
1108684800;1.2;975.0;-200.0;3.3;670.0;129.0;943.0;105.0;910.0;616.0;6.9;48.7;0.4874
1108688400;1.3;958.0;-200.0;3.1;660.0;172.0;935.0;130.0;905.0;654.0;6.8;48.2;0.4792
1108692000;1.0;921.0;-200.0;2.1;594.0;100.0;1025.0;82.0;867.0;479.0;6.3;49.6;0.4787
1108695600;0.8;931.0;-200.0;1.9;580.0;-200.0;983.0;-200.0;863.0;487.0;5.6;52.9;0.4855
1108699200;-200.0;874.0;-200.0;0.7;472.0;49.0;1179.0;45.0;803.0;382.0;6.4;49.8;0.4814
1108702800;0.4;872.0;-200.0;0.8;476.0;36.0;1249.0;35.0;794.0;350.0;6.9;48.1;0.4796
1108706400;0.5;904.0;-200.0;1.3;530.0;79.0;1079.0;60.0;846.0;438.0;6.4;50.2;0.485
1108710000;0.7;951.0;-200.0;1.8;568.0;128.0;1021.0;90.0;888.0;578.0;6.4;50.7;0.4886
1108713600;2.1;1183.0;-200.0;7.9;896.0;456.0;673.0;205.0;1115.0;1140.0;6.9;48.8;0.4903
1108717200;2.5;1187.0;-200.0;9.8;970.0;477.0;625.0;199.0;1174.0;1203.0;8.4;44.6;0.4922
1108720800;2.0;1072.0;-200.0;7.4;874.0;342.0;715.0;153.0;1033.0;1000.0;10.8;37.1;0.4794
1108724400;1.4;1011.0;-200.0;5.3;780.0;254.0;805.0;163.0;964.0;806.0;11.2;36.2;0.4818
1108728000;1.3;997.0;-200.0;4.8;752.0;231.0;837.0;152.0;952.0;724.0;11.8;34.4;0.4758
1108731600;1.4;989.0;-200.0;5.6;791.0;213.0;804.0;146.0;953.0;690.0;11.5;33.1;0.4479
1108735200;1.6;1006.0;-200.0;6.6;837.0;208.0;775.0;146.0;971.0;757.0;10.9;32.6;0.426
1108738800;1.7;1016.0;-200.0;6.7;845.0;270.0;771.0;134.0;987.0;818.0;11.3;31.7;0.4249
1108742400;1.8;1069.0;-200.0;8.4;918.0;276.0;724.0;164.0;1045.0;936.0;11.6;30.9;0.4223
1108746000;2.4;1109.0;-200.0;10.3;989.0;375.0;664.0;141.0;1096.0;1133.0;11.1;32.2;0.4243
1108749600;2.8;1182.0;-200.0;12.6;1071.0;395.0;617.0;204.0;1187.0;1298.0;9.7;36.0;0.4333
1108753200;3.3;1253.0;-200.0;16.0;1179.0;421.0;573.0;210.0;1268.0;1387.0;8.5;39.0;0.4336
1108756800;4.8;1288.0;-200.0;17.6;1228.0;632.0;549.0;250.0;1333.0;1502.0;8.3;40.3;0.4411
1108760400;2.8;1153.0;-200.0;10.1;981.0;424.0;666.0;202.0;1097.0;1273.0;8.0;41.3;0.4448
1108764000;2.4;1161.0;-200.0;9.8;969.0;369.0;677.0;190.0;1111.0;1271.0;7.0;44.2;0.4446
1108767600;2.9;1271.0;-200.0;11.5;1031.0;484.0;618.0;236.0;1138.0;1464.0;5.4;51.8;0.4698
1108771200;2.7;1156.0;-200.0;8.2;909.0;456.0;684.0;250.0;1023.0;1384.0;4.1;55.0;0.4558
1108774800;2.1;1106.0;-200.0;6.8;850.0;373.0;727.0;219.0;997.0;1281.0;3.1;57.8;0.4462
1108778400;1.5;1008.0;-200.0;4.3;726.0;228.0;834.0;156.0;913.0;1083.0;3.1;56.7;0.4388
1108782000;1.2;966.0;-200.0;3.9;703.0;-200.0;865.0;-200.0;903.0;989.0;2.2;59.6;0.4333
1108785600;0.9;931.0;-200.0;2.6;627.0;117.0;948.0;98.0;860.0;911.0;2.3;58.9;0.4317
1108789200;0.8;922.0;-200.0;2.4;611.0;108.0;962.0;89.0;867.0;893.0;1.9;60.0;0.4276
1108792800;0.8;911.0;-200.0;2.3;606.0;126.0;950.0;104.0;866.0;894.0;1.9;60.3;0.4293
1108796400;1.1;993.0;-200.0;4.5;736.0;235.0;819.0;148.0;941.0;1018.0;0.9;64.6;0.4294
1108800000;1.9;1100.0;-200.0;8.5;919.0;339.0;678.0;194.0;1072.0;1191.0;0.6;65.0;0.4231
1108803600;2.5;1141.0;-200.0;9.0;940.0;399.0;651.0;231.0;1099.0;1285.0;2.1;59.9;0.4338
1108807200;2.2;1085.0;-200.0;5.7;800.0;346.0;750.0;200.0;983.0;1219.0;3.1;57.2;0.4402
1108810800;2.1;1153.0;-200.0;6.9;853.0;407.0;696.0;217.0;1027.0;1370.0;4.2;54.0;0.4483
1108814400;2.3;1122.0;-200.0;6.4;831.0;393.0;722.0;210.0;982.0;1317.0;7.4;43.8;0.4538
1108818000;1.2;992.0;-200.0;3.5;685.0;166.0;890.0;126.0;902.0;818.0;11.2;34.5;0.4586
1108821600;1.2;1018.0;-200.0;3.7;693.0;157.0;868.0;118.0;937.0;683.0;13.8;32.4;0.5084
1108825200;1.1;981.0;-200.0;2.9;649.0;141.0;924.0;114.0;901.0;573.0;12.4;34.9;0.5002
1108828800;1.1;988.0;-200.0;3.4;679.0;144.0;905.0;117.0;911.0;595.0;12.8;31.9;0.4684
1108832400;1.4;1059.0;-200.0;5.3;777.0;191.0;797.0;140.0;969.0;774.0;13.5;29.1;0.4486
1108836000;1.7;1110.0;-200.0;7.3;870.0;255.0;708.0;168.0;1057.0;1059.0;11.6;33.3;0.454
1108839600;2.5;1204.0;-200.0;10.0;979.0;379.0;639.0;202.0;1147.0;1326.0;10.9;34.9;0.4568
1108843200;2.7;1275.0;-200.0;12.3;1061.0;427.0;593.0;211.0;1203.0;1494.0;10.4;37.3;0.4708
1108846800;3.1;1297.0;-200.0;11.8;1044.0;509.0;600.0;231.0;1185.0;1559.0;9.7;39.7;0.4792
1108850400;2.8;1277.0;-200.0;10.4;991.0;459.0;609.0;214.0;1141.0;1575.0;9.1;41.9;0.4857
1108854000;1.9;1207.0;-200.0;7.7;888.0;293.0;664.0;181.0;1062.0;1447.0;9.3;41.9;0.4927
1108857600;1.9;1222.0;-200.0;7.5;880.0;269.0;684.0;173.0;1083.0;1367.0;9.4;44.7;0.5279
1108861200;1.7;1141.0;-200.0;6.1;816.0;244.0;745.0;169.0;1026.0;1230.0;8.5;45.8;0.5108
1108864800;2.2;1228.0;-200.0;8.3;913.0;293.0;643.0;174.0;1124.0;1396.0;7.8;50.0;0.53
1108868400;1.6;1120.0;-200.0;5.1;770.0;-200.0;756.0;-200.0;1012.0;1191.0;7.7;49.7;0.5242
1108872000;1.5;1067.0;-200.0;4.9;758.0;177.0;775.0;130.0;993.0;1009.0;8.2;46.9;0.5099
1108875600;0.8;947.0;-200.0;1.9;580.0;81.0;978.0;72.0;894.0;572.0;8.4;48.6;0.5375
1108879200;0.5;918.0;-200.0;1.0;501.0;42.0;1148.0;40.0;881.0;420.0;8.0;54.7;0.5883
1108882800;0.5;920.0;-200.0;1.1;506.0;61.0;1142.0;56.0;905.0;453.0;7.8;55.7;0.5914
1108886400;0.7;941.0;-200.0;1.5;541.0;101.0;1065.0;81.0;919.0;520.0;8.0;53.8;0.5796
1108890000;0.7;949.0;-200.0;1.6;552.0;98.0;1035.0;81.0;919.0;531.0;8.8;50.7;0.5752
1108893600;0.9;990.0;-200.0;2.3;604.0;114.0;944.0;88.0;947.0;579.0;10.1;47.6;0.587
1108897200;1.0;996.0;-200.0;2.5;620.0;118.0;928.0;94.0;946.0;570.0;10.6;45.8;0.5838
1108900800;1.1;1023.0;-200.0;2.5;623.0;120.0;916.0;97.0;976.0;571.0;9.1;56.2;0.6515
1108904400;1.1;1037.0;-200.0;2.8;636.0;151.0;891.0;112.0;1024.0;582.0;7.9;66.5;0.7124
1108908000;1.0;1017.0;-200.0;2.4;613.0;131.0;919.0;104.0;1007.0;551.0;8.0;65.0;0.6991
1108911600;1.1;1042.0;-200.0;3.3;671.0;145.0;861.0;107.0;1038.0;634.0;8.4;61.0;0.6721
1108915200;1.3;1037.0;-200.0;3.2;665.0;156.0;854.0;114.0;1013.0;633.0;8.6;57.3;0.6429
1108918800;1.2;1009.0;-200.0;2.8;640.0;151.0;915.0;115.0;996.0;613.0;8.4;56.3;0.6227
1108922400;1.3;1033.0;-200.0;3.4;675.0;173.0;853.0;127.0;1006.0;702.0;8.0;57.7;0.6222
1108926000;1.1;1016.0;-200.0;2.9;647.0;154.0;906.0;119.0;997.0;649.0;7.1;62.6;0.6341
1108929600;1.5;1076.0;-200.0;4.6;745.0;221.0;801.0;149.0;1040.0;841.0;7.4;59.3;0.6123
1108933200;1.4;1029.0;-200.0;3.8;699.0;193.0;851.0;140.0;1001.0;795.0;7.7;56.9;0.5994
1108936800;1.1;984.0;-200.0;3.1;661.0;130.0;898.0;105.0;965.0;638.0;7.7;54.4;0.5753
1108940400;1.3;1003.0;-200.0;3.7;694.0;156.0;876.0;116.0;976.0;663.0;7.7;53.0;0.5572
1108944000;1.4;1009.0;-200.0;3.3;671.0;148.0;877.0;112.0;1010.0;610.0;6.7;62.8;0.6188
1108947600;1.1;946.0;-200.0;2.1;588.0;93.0;1005.0;80.0;948.0;480.0;6.6;61.9;0.6056
1108951200;0.8;910.0;-200.0;1.2;518.0;66.0;1130.0;59.0;936.0;404.0;5.7;70.3;0.6498
1108954800;0.6;886.0;-200.0;0.7;464.0;-200.0;1273.0;-200.0;919.0;357.0;4.5;79.2;0.6751
1108958400;-200.0;879.0;-200.0;0.5;447.0;38.0;1317.0;36.0;910.0;348.0;4.0;81.5;0.6712
1108962000;0.5;907.0;-200.0;1.0;502.0;50.0;1129.0;49.0;947.0;399.0;3.9;81.5;0.6653
1108965600;0.6;949.0;-200.0;2.1;589.0;77.0;987.0;63.0;1001.0;464.0;3.3;84.3;0.6617
1108969200;1.2;1054.0;-200.0;5.5;786.0;183.0;766.0;123.0;1129.0;699.0;4.2;80.9;0.6742
1108972800;2.2;1214.0;-200.0;10.9;1010.0;256.0;609.0;164.0;1282.0;1006.0;5.1;75.0;0.6646
1108976400;2.9;1253.0;-200.0;13.3;1095.0;355.0;566.0;218.0;1375.0;1206.0;4.6;77.6;0.6651
1108980000;2.9;1197.0;-200.0;9.6;964.0;491.0;614.0;254.0;1260.0;1122.0;3.8;84.3;0.6811
1108983600;2.0;1156.0;-200.0;7.0;859.0;387.0;684.0;210.0;1196.0;1069.0;6.2;77.4;0.7383
1108987200;1.7;1132.0;-200.0;6.6;837.0;384.0;694.0;208.0;1199.0;1062.0;7.7;67.6;0.7133
1108990800;2.2;1207.0;-200.0;9.3;950.0;368.0;623.0;204.0;1303.0;1162.0;8.1;64.8;0.7039
1108994400;1.8;1127.0;-200.0;7.9;896.0;258.0;664.0;172.0;1227.0;1010.0;8.1;64.0;0.6942
1108998000;1.6;1112.0;-200.0;6.9;851.0;231.0;694.0;157.0;1184.0;931.0;6.9;71.3;0.7118
1109001600;1.9;1186.0;-200.0;8.6;925.0;290.0;641.0;181.0;1272.0;1025.0;7.0;73.7;0.7425
1109005200;2.2;1192.0;-200.0;10.0;976.0;335.0;618.0;194.0;1290.0;1110.0;7.3;70.0;0.7195
1109008800;2.2;1177.0;-200.0;8.8;931.0;293.0;656.0;193.0;1281.0;979.0;5.8;77.8;0.7223
1109012400;4.9;1478.0;-200.0;20.2;1301.0;526.0;469.0;252.0;1682.0;1409.0;5.4;80.9;0.7293
1109016000;6.3;1486.0;-200.0;19.7;1289.0;607.0;466.0;283.0;1633.0;1438.0;5.5;79.8;0.7261
1109019600;2.7;1118.0;-200.0;7.1;863.0;326.0;680.0;208.0;1194.0;1083.0;5.6;74.0;0.6808
1109023200;1.4;1019.0;-200.0;4.4;730.0;188.0;811.0;143.0;1082.0;916.0;5.6;71.9;0.6604
1109026800;1.2;961.0;-200.0;2.9;643.0;163.0;914.0;124.0;1046.0;825.0;6.4;70.7;0.6848
1109030400;0.8;931.0;-200.0;2.1;591.0;102.0;1015.0;89.0;1015.0;704.0;6.3;70.1;0.6733
1109034000;0.8;938.0;-200.0;2.1;592.0;95.0;992.0;85.0;1032.0;668.0;4.4;80.5;0.6825
1109037600;0.7;888.0;-200.0;1.1;511.0;71.0;1112.0;66.0;963.0;512.0;3.9;83.1;0.6787
1109041200;0.4;844.0;-200.0;0.6;454.0;-200.0;1327.0;-200.0;908.0;385.0;2.5;86.6;0.6407
1109044800;0.4;851.0;-200.0;0.5;440.0;46.0;1349.0;46.0;918.0;377.0;3.4;85.4;0.6736
1109048400;0.5;905.0;-200.0;1.0;503.0;62.0;1152.0;60.0;956.0;467.0;3.3;84.5;0.6608
1109052000;0.9;987.0;-200.0;2.6;628.0;170.0;929.0;117.0;1035.0;691.0;3.4;84.5;0.664
1109055600;1.5;1124.0;-200.0;6.7;842.0;313.0;690.0;178.0;1180.0;981.0;3.4;84.5;0.6677
1109059200;3.8;1408.0;-200.0;16.7;1200.0;687.0;490.0;295.0;1523.0;1369.0;4.1;82.7;0.682
1109062800;5.4;1501.0;-200.0;24.0;1403.0;757.0;418.0;243.0;1789.0;1589.0;4.6;80.3;0.6889
1109066400;3.5;1266.0;-200.0;15.0;1149.0;559.0;528.0;255.0;1435.0;1370.0;6.1;74.0;0.7025
1109070000;1.7;1082.0;-200.0;6.9;855.0;286.0;725.0;201.0;1140.0;1005.0;9.1;58.4;0.6787
1109073600;2.0;1123.0;-200.0;9.1;942.0;324.0;653.0;208.0;1225.0;1105.0;11.4;48.9;0.658
1109077200;2.1;1174.0;-200.0;10.0;979.0;316.0;611.0;212.0;1282.0;1142.0;8.3;64.4;0.7072
1109080800;3.0;1209.0;-200.0;12.9;1082.0;407.0;573.0;238.0;1355.0;1105.0;6.5;71.0;0.6903
1109084400;2.1;1120.0;-200.0;9.0;940.0;305.0;657.0;201.0;1245.0;917.0;6.6;71.1;0.6973
1109088000;2.5;1174.0;-200.0;10.9;1010.0;360.0;613.0;218.0;1305.0;1050.0;7.4;69.3;0.7165
1109091600;2.2;1068.0;-200.0;7.9;896.0;339.0;702.0;222.0;1177.0;848.0;6.4;70.6;0.6834
1109095200;2.4;1146.0;-200.0;10.2;985.0;304.0;650.0;206.0;1236.0;952.0;5.8;72.5;0.6718
1109098800;3.6;1204.0;-200.0;13.2;1089.0;397.0;601.0;251.0;1335.0;1059.0;5.6;71.6;0.6556
1109102400;2.6;1062.0;-200.0;8.1;903.0;270.0;717.0;190.0;1141.0;720.0;4.2;77.8;0.6491
1109106000;2.7;1122.0;-200.0;8.5;919.0;339.0;680.0;218.0;1201.0;981.0;4.3;79.5;0.6648
1109109600;1.4;940.0;-200.0;3.6;686.0;190.0;903.0;150.0;1005.0;648.0;4.5;75.5;0.6429
1109113200;0.9;935.0;-200.0;2.6;628.0;126.0;995.0;111.0;986.0;611.0;4.4;77.1;0.6523
1109116800;1.5;1011.0;-200.0;4.3;725.0;189.0;852.0;142.0;1050.0;773.0;4.2;78.2;0.6506
1109120400;1.1;952.0;-200.0;3.2;665.0;146.0;907.0;119.0;1007.0;703.0;4.0;79.3;0.6517
1109124000;0.8;899.0;-200.0;1.8;572.0;98.0;1063.0;87.0;951.0;560.0;3.9;78.7;0.643
1109127600;0.6;880.0;-200.0;1.4;533.0;-200.0;1161.0;-200.0;948.0;499.0;3.5;80.6;0.6403
1109131200;0.6;882.0;-200.0;1.2;516.0;75.0;1132.0;70.0;959.0;575.0;3.2;82.8;0.6426
1109134800;0.6;844.0;-200.0;0.7;466.0;77.0;1261.0;68.0;894.0;478.0;4.1;76.0;0.6304
1109138400;0.6;860.0;-200.0;1.0;497.0;72.0;1251.0;66.0;912.0;442.0;4.2;75.9;0.6311
1109142000;0.7;917.0;-200.0;2.2;597.0;152.0;1084.0;117.0;994.0;602.0;4.5;76.3;0.648
1109145600;1.7;1126.0;-200.0;7.7;886.0;337.0;719.0;197.0;1208.0;936.0;4.4;79.1;0.6687
1109149200;1.9;1033.0;-200.0;6.2;820.0;360.0;740.0;198.0;1114.0;870.0;4.3;79.8;0.6706
1109152800;1.4;944.0;-200.0;3.8;697.0;243.0;881.0;167.0;1022.0;688.0;3.1;83.0;0.6419
1109156400;1.3;955.0;-200.0;3.6;687.0;277.0;895.0;180.0;1004.0;706.0;2.8;83.9;0.6326
1109160000;1.2;992.0;-200.0;3.7;694.0;266.0;900.0;169.0;1020.0;756.0;3.9;79.5;0.6482
1109163600;1.9;1090.0;-200.0;8.3;910.0;317.0;701.0;210.0;1192.0;974.0;5.1;74.5;0.6621
1109167200;2.5;1151.0;-200.0;10.1;983.0;375.0;629.0;232.0;1244.0;1121.0;5.7;72.5;0.6686
1109170800;2.3;1148.0;-200.0;9.9;975.0;349.0;638.0;223.0;1243.0;1064.0;5.6;74.6;0.6826
1109174400;2.3;1140.0;-200.0;9.2;946.0;377.0;653.0;224.0;1231.0;1076.0;5.4;75.9;0.6875
1109178000;2.5;1160.0;-200.0;10.3;990.0;403.0;632.0;238.0;1254.0;1090.0;4.9;78.2;0.6826
1109181600;2.8;1167.0;-200.0;11.4;1027.0;422.0;610.0;249.0;1289.0;1119.0;4.8;79.0;0.6845
1109185200;2.7;1194.0;-200.0;11.7;1038.0;388.0;605.0;223.0;1317.0;1181.0;4.8;78.6;0.6826
1109188800;3.1;1224.0;-200.0;12.6;1071.0;431.0;590.0;244.0;1331.0;1240.0;4.6;78.2;0.6686
1109192400;2.9;1209.0;-200.0;11.4;1028.0;425.0;619.0;243.0;1264.0;1254.0;4.2;79.7;0.6647
1109196000;2.6;1145.0;-200.0;9.6;962.0;391.0;657.0;226.0;1212.0;1192.0;4.3;78.9;0.6621
1109199600;1.5;1016.0;-200.0;4.6;744.0;231.0;825.0;167.0;1053.0;1020.0;4.2;77.9;0.6479
1109203200;1.6;1018.0;-200.0;4.7;750.0;248.0;831.0;172.0;1051.0;916.0;3.2;83.0;0.645
1109206800;1.1;937.0;-200.0;2.6;625.0;142.0;977.0;120.0;983.0;798.0;5.1;74.5;0.6626
1109210400;0.9;949.0;-200.0;2.9;647.0;117.0;956.0;100.0;1023.0;762.0;4.0;80.8;0.6666
1109214000;0.7;895.0;-200.0;1.5;545.0;-200.0;1080.0;-200.0;964.0;685.0;4.3;81.0;0.677
1109217600;-200.0;884.0;-200.0;1.3;528.0;96.0;1148.0;86.0;960.0;619.0;2.9;85.3;0.6503
1109221200;0.6;883.0;-200.0;1.2;518.0;87.0;1135.0;81.0;962.0;606.0;3.3;84.5;0.6612
1109224800;0.8;968.0;-200.0;3.0;652.0;197.0;937.0;131.0;1051.0;788.0;3.6;84.4;0.6724
1109228400;1.5;1071.0;-200.0;5.5;787.0;290.0;755.0;170.0;1146.0;947.0;3.8;83.8;0.6771
1109232000;3.1;1310.0;-200.0;12.9;1082.0;621.0;555.0;267.0;1400.0;1254.0;4.1;82.5;0.6819
1109235600;3.8;1332.0;-200.0;14.5;1132.0;645.0;522.0;269.0;1439.0;1352.0;3.9;83.9;0.6847
1109239200;2.7;1178.0;-200.0;9.0;939.0;573.0;640.0;244.0;1228.0;1165.0;4.1;83.9;0.6967
1109242800;1.8;1093.0;-200.0;6.5;836.0;414.0;728.0;232.0;1142.0;1025.0;4.6;82.0;0.6997
1109246400;1.4;1060.0;-200.0;5.4;784.0;314.0;770.0;196.0;1117.0;941.0;5.5;79.5;0.7238
1109250000;1.7;1121.0;-200.0;7.4;873.0;317.0;697.0;195.0;1206.0;1000.0;6.7;76.2;0.7519
1109253600;1.9;1118.0;-200.0;7.7;888.0;290.0;685.0;189.0;1223.0;962.0;7.9;69.0;0.7394
1109257200;2.2;1205.0;-200.0;10.7;1002.0;385.0;612.0;212.0;1299.0;1214.0;8.5;66.3;0.7387
1109260800;3.0;1274.0;-200.0;13.3;1094.0;507.0;537.0;267.0;1364.0;1428.0;7.6;70.8;0.7399
1109264400;3.0;1301.0;-200.0;13.2;1092.0;534.0;525.0;262.0;1388.0;1484.0;7.2;72.4;0.7372
1109268000;3.9;1405.0;-200.0;17.5;1224.0;601.0;468.0;270.0;1503.0;1658.0;6.7;74.2;0.7326
1109271600;4.0;1375.0;-200.0;17.7;1230.0;583.0;473.0;260.0;1522.0;1632.0;6.1;75.8;0.7184
1109275200;3.9;1367.0;-200.0;17.5;1225.0;551.0;485.0;265.0;1492.0;1628.0;6.3;74.9;0.7187
1109278800;3.5;1324.0;-200.0;14.1;1121.0;547.0;531.0;262.0;1399.0;1481.0;6.0;78.0;0.7345
1109282400;2.4;1170.0;-200.0;8.4;917.0;385.0;652.0;227.0;1218.0;1205.0;5.6;81.2;0.7443
1109286000;2.1;1169.0;-200.0;7.9;895.0;318.0;681.0;192.0;1201.0;1106.0;5.5;81.5;0.7393
1109289600;2.5;1181.0;-200.0;8.1;905.0;356.0;657.0;202.0;1215.0;1106.0;5.3;84.1;0.753
1109293200;2.1;1146.0;-200.0;7.1;860.0;326.0;692.0;189.0;1181.0;1092.0;5.2;83.9;0.7487
1109296800;1.5;1059.0;-200.0;5.2;773.0;233.0;767.0;157.0;1127.0;984.0;5.1;83.5;0.7416
1109300400;1.1;1010.0;-200.0;3.4;679.0;-200.0;854.0;-200.0;1046.0;889.0;5.0;82.9;0.73
1109304000;1.0;1007.0;-200.0;3.4;677.0;116.0;863.0;97.0;1053.0;848.0;5.0;82.5;0.7265
1109307600;0.8;932.0;-200.0;2.1;595.0;120.0;991.0;100.0;1025.0;771.0;5.0;82.8;0.7273
1109311200;1.0;998.0;-200.0;4.1;717.0;228.0;872.0;146.0;1095.0;895.0;5.2;80.7;0.7219
1109314800;1.4;1072.0;-200.0;6.1;819.0;303.0;751.0;175.0;1161.0;1003.0;5.3;80.2;0.7179
1109318400;3.6;1424.0;-200.0;18.7;1260.0;-200.0;494.0;-200.0;1568.0;1442.0;5.7;79.7;0.734
1109322000;5.8;1527.0;-200.0;27.9;1502.0;-200.0;411.0;-200.0;1868.0;1727.0;6.2;76.8;0.7355
1109325600;4.2;1364.0;-200.0;17.8;1234.0;529.0;504.0;190.0;1533.0;1606.0;8.3;67.4;0.7384
1109329200;3.3;1190.0;-200.0;11.8;1044.0;615.0;615.0;166.0;1324.0;1354.0;10.8;52.1;0.6746
1109332800;1.7;1021.0;-200.0;6.6;839.0;298.0;771.0;153.0;1084.0;914.0;13.0;40.3;0.6028
1109336400;2.1;1051.0;-200.0;8.4;914.0;317.0;707.0;167.0;1122.0;913.0;10.9;44.8;0.5849
1109340000;2.2;1021.0;-200.0;7.6;882.0;305.0;727.0;137.0;1097.0;847.0;11.5;42.1;0.5706
1109343600;1.8;1016.0;-200.0;6.7;842.0;253.0;762.0;140.0;1067.0;778.0;12.5;38.5;0.5568
1109347200;2.0;1040.0;-200.0;7.9;893.0;296.0;723.0;150.0;1104.0;835.0;12.6;38.5;0.5586
1109350800;2.3;1089.0;-200.0;8.4;916.0;293.0;710.0;152.0;1124.0;903.0;12.3;38.4;0.5488
1109354400;2.8;1148.0;-200.0;12.1;1054.0;353.0;631.0;177.0;1233.0;1157.0;10.2;43.1;0.5366
1109358000;3.4;1162.0;-200.0;12.6;1070.0;399.0;625.0;189.0;1229.0;1237.0;8.6;48.2;0.5385
1109361600;4.0;1197.0;-200.0;13.6;1102.0;454.0;609.0;195.0;1309.0;1253.0;7.8;50.8;0.5384
1109365200;2.3;1059.0;-200.0;8.1;905.0;356.0;735.0;179.0;1098.0;1130.0;7.3;52.8;0.5404
1109368800;2.7;1207.0;-200.0;11.2;1023.0;473.0;629.0;188.0;1233.0;1373.0;6.2;62.4;0.5958
1109372400;2.7;1188.0;-200.0;10.1;983.0;482.0;648.0;170.0;1193.0;1338.0;5.1;68.2;0.6033
1109376000;2.8;1153.0;-200.0;8.8;933.0;443.0;687.0;161.0;1133.0;1268.0;4.7;69.0;0.5936
1109379600;2.1;1061.0;-200.0;6.8;849.0;373.0;757.0;145.0;1063.0;1125.0;4.0;69.8;0.5756
1109383200;1.9;1028.0;-200.0;6.4;831.0;320.0;771.0;136.0;1063.0;1054.0;3.4;71.3;0.5626
1109386800;2.1;1082.0;-200.0;6.7;843.0;-200.0;729.0;-200.0;1061.0;1090.0;2.8;74.0;0.5591
1109390400;1.7;1037.0;-200.0;5.2;771.0;233.0;784.0;122.0;1004.0;1029.0;2.3;75.1;0.5514
1109394000;1.3;942.0;-200.0;3.6;688.0;161.0;897.0;115.0;947.0;882.0;3.8;66.2;0.5359
1109397600;0.9;904.0;-200.0;2.7;633.0;137.0;993.0;103.0;897.0;717.0;4.6;60.5;0.5173
1109401200;1.0;855.0;-200.0;1.9;578.0;144.0;1121.0;108.0;855.0;599.0;5.7;54.3;0.5022
1109404800;1.0;914.0;-200.0;3.9;705.0;182.0;966.0;124.0;926.0;687.0;6.2;51.3;0.488
1109408400;1.5;933.0;-200.0;4.1;714.0;227.0;899.0;133.0;927.0;706.0;6.7;49.5;0.4892
1109412000;1.5;942.0;-200.0;3.7;696.0;203.0;920.0;124.0;912.0;682.0;8.8;45.0;0.5114
1109415600;1.4;943.0;-200.0;3.6;688.0;179.0;924.0;116.0;909.0;629.0;9.6;43.5;0.5202
1109419200;2.4;959.0;-200.0;4.1;717.0;171.0;892.0;113.0;939.0;664.0;9.8;43.3;0.5238
1109422800;2.8;971.0;-200.0;4.5;739.0;181.0;868.0;117.0;972.0;664.0;9.9;43.5;0.53
1109426400;2.9;954.0;-200.0;4.5;735.0;175.0;863.0;118.0;953.0;630.0;9.8;44.1;0.5332
1109430000;2.6;929.0;-200.0;2.9;645.0;148.0;962.0;108.0;906.0;524.0;9.7;45.1;0.5417
1109433600;2.5;933.0;-200.0;3.1;660.0;132.0;955.0;98.0;911.0;488.0;9.0;47.3;0.542
1109437200;2.7;967.0;-200.0;3.9;704.0;162.0;888.0;117.0;961.0;609.0;7.4;56.0;0.5797
1109440800;2.8;987.0;-200.0;4.2;723.0;185.0;863.0;126.0;974.0;684.0;6.4;61.7;0.5956
1109444400;3.0;1003.0;-200.0;5.2;772.0;234.0;821.0;142.0;1008.0;788.0;6.8;58.0;0.5758
1109448000;3.7;1138.0;-200.0;10.2;986.0;275.0;663.0;157.0;1188.0;1030.0;7.3;56.7;0.5806
1109451600;3.5;1087.0;-200.0;8.1;903.0;272.0;713.0;161.0;1106.0;1026.0;7.2;56.7;0.579
1109455200;3.8;1129.0;-200.0;8.5;920.0;331.0;689.0;169.0;1139.0;1182.0;6.7;59.1;0.5848
1109458800;4.3;1191.0;-200.0;10.7;1005.0;347.0;637.0;166.0;1224.0;1284.0;5.9;62.1;0.5808
1109462400;4.8;1256.0;-200.0;11.5;1032.0;488.0;612.0;189.0;1230.0;1371.0;6.3;60.4;0.5811
1109466000;4.2;1171.0;-200.0;9.5;960.0;404.0;679.0;184.0;1121.0;1234.0;5.5;60.2;0.5458
1109469600;3.3;1016.0;-200.0;5.3;780.0;255.0;798.0;145.0;1004.0;1060.0;4.6;64.4;0.5525
1109473200;3.0;1035.0;-200.0;5.8;805.0;-200.0;790.0;-200.0;1022.0;1038.0;3.5;68.8;0.5458
1109476800;-200.0;980.0;-200.0;4.6;744.0;174.0;840.0;119.0;979.0;970.0;2.8;70.9;0.5383
1109480400;1.0;901.0;-200.0;2.7;631.0;108.0;988.0;87.0;915.0;751.0;3.7;65.9;0.5295
1109484000;0.9;914.0;-200.0;3.1;655.0;107.0;949.0;77.0;949.0;742.0;1.6;74.3;0.5168
1109487600;1.1;940.0;-200.0;3.2;665.0;188.0;900.0;112.0;955.0;879.0;1.4;76.3;0.5261
1109491200;1.1;935.0;-200.0;3.6;689.0;225.0;894.0;118.0;949.0;871.0;2.5;69.5;0.5172
1109494800;1.2;970.0;-200.0;3.7;691.0;208.0;891.0;124.0;956.0;890.0;3.7;64.8;0.5208
1109498400;1.7;1064.0;-200.0;6.4;830.0;270.0;739.0;144.0;1053.0;1059.0;7.8;49.9;0.5307
1109502000;1.6;1023.0;-200.0;5.2;776.0;202.0;817.0;128.0;972.0;808.0;11.2;37.1;0.4936
1109505600;1.4;955.0;-200.0;3.9;706.0;168.0;888.0;120.0;884.0;616.0;12.6;30.6;0.446
1109509200;1.8;943.0;-200.0;4.1;714.0;191.0;898.0;131.0;868.0;609.0;10.3;32.9;0.4131
1109512800;1.1;895.0;-200.0;2.5;622.0;149.0;1012.0;115.0;804.0;471.0;10.0;35.5;0.4346
1109516400;0.9;890.0;-200.0;2.2;601.0;101.0;1053.0;82.0;803.0;391.0;8.8;40.0;0.4538
1109520000;1.1;904.0;-200.0;2.3;608.0;134.0;1033.0;100.0;807.0;398.0;8.3;40.3;0.4431
1109523600;1.1;888.0;-200.0;2.4;611.0;150.0;1035.0;111.0;791.0;419.0;7.9;38.9;0.4141
1109527200;1.2;905.0;-200.0;2.9;648.0;188.0;1007.0;132.0;822.0;509.0;6.8;41.0;0.4072
1109530800;1.6;974.0;-200.0;4.9;757.0;254.0;886.0;155.0;884.0;723.0;6.0;42.0;0.3962
1109534400;2.6;1048.0;-200.0;6.8;847.0;324.0;801.0;181.0;955.0;888.0;5.5;43.5;0.3963
1109538000;1.5;895.0;-200.0;3.1;660.0;238.0;975.0;155.0;826.0;596.0;4.6;46.8;0.4001
1109541600;1.0;875.0;-200.0;2.1;594.0;128.0;1079.0;105.0;793.0;451.0;4.5;48.0;0.4085
1109545200;1.3;943.0;-200.0;3.9;703.0;169.0;950.0;119.0;870.0;581.0;4.3;48.6;0.4069
1109548800;1.6;947.0;-200.0;3.8;697.0;215.0;913.0;150.0;878.0;698.0;4.0;50.0;0.4115
1109552400;1.0;865.0;-200.0;1.8;566.0;111.0;1119.0;94.0;797.0;423.0;4.0;52.9;0.4338
1109556000;0.6;823.0;-200.0;1.0;503.0;60.0;1268.0;56.0;755.0;332.0;4.0;51.0;0.42
1109559600;0.4;798.0;-200.0;0.6;452.0;-200.0;1435.0;-200.0;699.0;280.0;3.9;48.1;0.393
1109563200;0.3;781.0;-200.0;0.4;425.0;29.0;1609.0;28.0;667.0;261.0;3.8;48.0;0.3879
1109566800;0.3;781.0;-200.0;0.3;409.0;25.0;1664.0;25.0;669.0;252.0;3.6;50.3;0.4022
1109570400;0.3;779.0;-200.0;0.2;402.0;34.0;1665.0;31.0;684.0;257.0;2.8;52.6;0.3972
1109574000;0.4;817.0;-200.0;0.7;462.0;89.0;1378.0;66.0;732.0;308.0;2.5;52.7;0.3908
1109577600;1.0;893.0;-200.0;2.6;629.0;212.0;1015.0;111.0;837.0;456.0;2.7;50.5;0.3804
1109581200;1.2;883.0;-200.0;3.1;659.0;216.0;943.0;122.0;842.0;527.0;2.7;49.4;0.3714
1109584800;1.0;839.0;-200.0;2.3;608.0;191.0;1040.0;115.0;780.0;475.0;3.3;45.2;0.354
1109588400;0.9;809.0;-200.0;2.0;587.0;200.0;1084.0;123.0;744.0;434.0;3.1;43.3;0.3354
1109592000;0.8;805.0;-200.0;2.0;584.0;164.0;1137.0;119.0;726.0;385.0;3.7;38.8;0.3123
1109595600;1.1;840.0;-200.0;3.1;661.0;185.0;1016.0;125.0;757.0;435.0;4.0;36.8;0.3016
1109599200;1.0;812.0;-200.0;2.9;646.0;156.0;1045.0;110.0;731.0;421.0;3.7;35.0;0.2823
1109602800;0.8;782.0;-200.0;2.1;594.0;155.0;1134.0;111.0;673.0;371.0;3.4;32.4;0.2563
1109606400;0.9;799.0;-200.0;2.5;617.0;158.0;1099.0;114.0;699.0;382.0;3.3;33.1;0.2592
1109610000;0.9;812.0;-200.0;2.8;640.0;166.0;1093.0;114.0;716.0;408.0;2.6;35.1;0.2618
1109613600;2.0;922.0;-200.0;6.7;842.0;268.0;849.0;140.0;858.0;676.0;2.1;36.6;0.2634
1109617200;2.4;938.0;-200.0;8.1;903.0;309.0;790.0;141.0;885.0;798.0;1.6;37.9;0.2645
1109620800;2.5;939.0;-200.0;7.4;872.0;297.0;814.0;142.0;870.0;793.0;1.4;38.0;0.2615
1109624400;1.6;827.0;-200.0;3.6;687.0;225.0;1015.0;123.0;727.0;573.0;1.0;36.6;0.2456
1109628000;0.9;776.0;-200.0;1.9;580.0;122.0;1183.0;90.0;655.0;402.0;1.1;35.4;0.2382
1109631600;0.7;755.0;-200.0;1.4;538.0;100.0;1285.0;79.0;621.0;343.0;1.0;34.3;0.2292
1109635200;0.6;766.0;-200.0;1.2;515.0;86.0;1327.0;69.0;642.0;322.0;1.0;37.4;0.2487
1109638800;0.6;762.0;-200.0;0.9;487.0;71.0;1364.0;60.0;640.0;307.0;0.7;41.2;0.2693
1109642400;0.4;736.0;-200.0;0.6;453.0;39.0;1498.0;37.0;602.0;268.0;0.2;40.6;0.2566
1109646000;0.2;715.0;-200.0;0.2;387.0;-200.0;1791.0;-200.0;559.0;227.0;0.1;40.0;0.2499
1109649600;0.2;716.0;-200.0;0.2;390.0;29.0;1804.0;27.0;551.0;221.0;-0.1;37.5;0.2326
1109653200;0.2;731.0;-200.0;0.3;408.0;32.0;1727.0;30.0;561.0;225.0;-0.3;38.4;0.2347
1109656800;0.2;735.0;-200.0;0.3;407.0;37.0;1677.0;33.0;579.0;232.0;-0.6;40.1;0.2404
1109660400;0.5;779.0;-200.0;1.0;500.0;134.0;1361.0;84.0;652.0;313.0;-0.6;41.4;0.2478
1109664000;1.5;915.0;-200.0;5.2;774.0;358.0;911.0;147.0;839.0;629.0;-0.2;40.2;0.2478
1109667600;1.9;905.0;-200.0;6.1;818.0;354.0;853.0;143.0;840.0;790.0;0.6;36.8;0.2388
1109671200;1.4;835.0;-200.0;3.6;688.0;284.0;988.0;122.0;720.0;630.0;2.8;30.3;0.2294
1109674800;0.9;798.0;-200.0;2.3;609.0;213.0;1122.0;109.0;660.0;472.0;3.1;29.1;0.224
1109678400;0.7;783.0;-200.0;1.9;580.0;174.0;1181.0;95.0;647.0;378.0;3.3;29.2;0.2288
1109682000;0.8;807.0;-200.0;2.6;623.0;157.0;1097.0;94.0;684.0;384.0;3.1;31.0;0.2386
1109685600;1.0;827.0;-200.0;3.1;660.0;178.0;1030.0;102.0;709.0;426.0;3.2;30.8;0.2399
1109689200;0.9;822.0;-200.0;2.7;632.0;187.0;1074.0;107.0;701.0;442.0;3.3;31.5;0.2464
1109692800;1.0;830.0;-200.0;3.0;655.0;198.0;1045.0;113.0;710.0;467.0;4.1;28.6;0.2363
1109696400;0.9;833.0;-200.0;3.0;653.0;186.0;1073.0;110.0;708.0;448.0;3.9;29.2;0.2378
1109700000;1.4;882.0;-200.0;5.0;766.0;203.0;922.0;116.0;815.0;582.0;1.9;35.0;0.2494
1109703600;2.1;967.0;-200.0;7.5;880.0;313.0;815.0;148.0;887.0;892.0;1.8;35.4;0.2497
1109707200;2.8;1009.0;-200.0;9.5;958.0;342.0;751.0;156.0;935.0;1006.0;1.4;36.5;0.2503
1109710800;2.2;911.0;-200.0;5.3;777.0;310.0;913.0;159.0;796.0;852.0;0.8;36.3;0.2388
1109714400;1.0;808.0;-200.0;2.4;613.0;165.0;1137.0;116.0;672.0;543.0;0.6;34.1;0.221
1109718000;1.1;812.0;-200.0;2.5;621.0;152.0;1143.0;110.0;669.0;529.0;0.3;31.9;0.2031
1109721600;0.9;790.0;-200.0;2.2;597.0;141.0;1184.0;102.0;637.0;465.0;0.2;30.2;0.191
1109725200;0.8;765.0;-200.0;1.5;544.0;122.0;1253.0;93.0;601.0;405.0;0.0;29.7;0.1847
1109728800;0.6;761.0;-200.0;1.3;525.0;79.0;1307.0;67.0;605.0;332.0;-0.1;31.9;0.1975
1109732400;0.5;788.0;-200.0;0.9;486.0;-200.0;1294.0;-200.0;650.0;420.0;-1.1;41.4;0.2379
1109736000;-200.0;790.0;-200.0;0.7;471.0;81.0;1302.0;75.0;669.0;532.0;-1.4;44.9;0.2536
1109739600;0.4;804.0;-200.0;0.9;489.0;77.0;1262.0;73.0;698.0;630.0;-1.3;46.3;0.2635
1109743200;0.5;831.0;-200.0;1.4;537.0;124.0;1158.0;96.0;722.0;768.0;-1.2;47.2;0.27
1109746800;0.7;881.0;-200.0;3.5;680.0;159.0;1023.0;110.0;813.0;866.0;-1.3;47.5;0.2702
1109750400;2.4;1099.0;-200.0;11.0;1013.0;396.0;690.0;150.0;1056.0;1254.0;-1.9;51.4;0.2801
1109754000;2.8;1100.0;-200.0;12.4;1065.0;479.0;669.0;169.0;1072.0;1347.0;-0.5;45.9;0.2763
1109757600;2.0;1042.0;-200.0;8.3;910.0;438.0;774.0;181.0;922.0;1216.0;4.6;32.5;0.2783
1109761200;2.2;1026.0;-200.0;8.9;935.0;466.0;747.0;187.0;942.0;1151.0;7.5;24.3;0.2528
1109764800;1.4;905.0;-200.0;5.7;796.0;288.0;900.0;146.0;767.0;699.0;9.6;18.8;0.2246
1109768400;1.2;891.0;-200.0;5.5;790.0;205.0;927.0;131.0;764.0;584.0;9.3;18.4;0.2157
1109772000;1.9;968.0;-200.0;9.0;938.0;311.0;790.0;161.0;897.0;836.0;9.7;18.6;0.2244
1109775600;1.3;909.0;-200.0;6.3;826.0;246.0;898.0;143.0;802.0;626.0;10.1;16.7;0.2062
1109779200;2.0;938.0;-200.0;9.1;945.0;356.0;804.0;176.0;855.0;878.0;11.8;13.5;0.1862
1109782800;2.0;971.0;-200.0;8.4;917.0;397.0;802.0;178.0;885.0;952.0;11.6;15.3;0.2086
1109786400;3.4;1148.0;-200.0;17.5;1226.0;579.0;624.0;207.0;1126.0;1460.0;9.1;19.2;0.2225
1109790000;5.1;1299.0;-200.0;23.3;1384.0;819.0;523.0;240.0;1325.0;1855.0;7.2;25.6;0.2611
1109793600;5.3;1315.0;-200.0;19.0;1269.0;754.0;551.0;236.0;1282.0;1860.0;6.1;34.0;0.3237
1109797200;2.8;1180.0;-200.0;11.1;1020.0;473.0;656.0;199.0;1054.0;1629.0;5.1;36.4;0.323
1109800800;1.6;1070.0;-200.0;6.2;821.0;300.0;754.0;170.0;936.0;1454.0;4.8;39.6;0.344
1109804400;1.4;1031.0;-200.0;5.0;763.0;235.0;818.0;153.0;905.0;1348.0;5.0;39.6;0.3479
1109808000;1.4;1047.0;-200.0;5.3;778.0;207.0;799.0;140.0;907.0;1326.0;4.1;41.7;0.3456
1109811600;1.4;1030.0;-200.0;4.2;724.0;204.0;832.0;138.0;893.0;1285.0;4.4;43.3;0.3656
1109815200;1.1;986.0;-200.0;3.5;682.0;155.0;875.0;117.0;884.0;1205.0;3.8;45.9;0.3728
1109818800;0.9;992.0;-200.0;3.0;655.0;-200.0;876.0;-200.0;887.0;1220.0;3.6;49.7;0.396
1109822400;1.0;1076.0;-200.0;4.1;715.0;179.0;783.0;119.0;947.0;1448.0;3.4;56.3;0.4455
1109826000;1.0;1104.0;-200.0;4.0;713.0;143.0;754.0;108.0;1001.0;1433.0;2.9;67.9;0.5183
1109829600;1.2;1160.0;-200.0;5.1;770.0;212.0;702.0;121.0;1063.0;1447.0;2.8;74.1;0.5618
1109833200;1.4;1217.0;-200.0;6.7;846.0;263.0;650.0;136.0;1120.0;1481.0;2.9;75.6;0.5742
1109836800;3.0;1457.0;-200.0;15.6;1167.0;648.0;496.0;175.0;1422.0;1785.0;3.8;72.4;0.5867
1109840400;4.2;1337.0;-200.0;17.1;1212.0;717.0;529.0;211.0;1406.0;1756.0;5.9;50.2;0.4706
1109844000;2.1;1111.0;-200.0;8.8;931.0;389.0;687.0;186.0;1069.0;1368.0;7.3;39.4;0.4035
1109847600;2.0;1165.0;-200.0;6.9;852.0;438.0;692.0;177.0;1155.0;1197.0;3.6;75.9;0.6055
1109851200;1.6;1129.0;-200.0;5.4;783.0;282.0;757.0;147.0;1127.0;1084.0;3.6;78.6;0.6283
1109854800;1.4;1092.0;-200.0;4.9;759.0;268.0;773.0;150.0;1088.0;1039.0;5.3;69.2;0.6213
1109858400;1.6;1096.0;-200.0;5.3;777.0;248.0;767.0;148.0;1107.0;961.0;6.1;66.0;0.6255
1109862000;1.5;1108.0;-200.0;5.4;783.0;272.0;758.0;151.0;1115.0;964.0;6.0;70.1;0.6577
1109865600;1.7;1124.0;-200.0;5.5;787.0;291.0;740.0;151.0;1147.0;941.0;6.3;72.1;0.6907
1109869200;1.9;1216.0;-200.0;7.5;879.0;363.0;670.0;165.0;1252.0;1111.0;6.3;75.7;0.7252
1109872800;3.8;1437.0;-200.0;16.7;1202.0;660.0;507.0;197.0;1510.0;1459.0;5.6;80.4;0.7382
1109876400;5.4;1473.0;-200.0;18.2;1245.0;907.0;476.0;228.0;1539.0;1519.0;4.9;82.4;0.7201
1109880000;4.2;1396.0;-200.0;15.5;1164.0;639.0;508.0;196.0;1488.0;1412.0;4.3;84.0;0.7051
1109883600;3.8;1285.0;-200.0;10.9;1013.0;574.0;568.0;192.0;1331.0;1336.0;4.3;83.6;0.7025
1109887200;2.3;1206.0;-200.0;8.7;928.0;373.0;621.0;161.0;1235.0;1285.0;4.6;82.5;0.7066
1109890800;2.1;1179.0;-200.0;7.3;868.0;330.0;664.0;156.0;1205.0;1240.0;4.4;82.0;0.6938
1109894400;2.3;1213.0;-200.0;7.5;877.0;336.0;654.0;158.0;1206.0;1282.0;4.3;80.9;0.6791
1109898000;2.3;1142.0;-200.0;6.8;849.0;347.0;680.0;154.0;1173.0;1189.0;4.1;81.2;0.6721
1109901600;1.7;1089.0;-200.0;4.7;750.0;241.0;765.0;138.0;1108.0;1117.0;3.9;80.9;0.6613
1109905200;1.2;982.0;-200.0;2.5;617.0;-200.0;891.0;-200.0;977.0;1024.0;4.5;70.6;0.6004
1109908800;0.6;888.0;-200.0;1.3;526.0;96.0;1134.0;92.0;912.0;744.0;4.5;65.1;0.5547
1109912400;0.9;979.0;-200.0;2.2;602.0;147.0;925.0;103.0;993.0;928.0;4.0;75.2;0.6161
1109916000;1.1;1023.0;-200.0;3.6;690.0;210.0;833.0;117.0;1049.0;1006.0;3.7;76.4;0.6164
1109919600;1.9;1153.0;-200.0;7.5;878.0;409.0;682.0;139.0;1180.0;1173.0;3.1;77.3;0.5985
1109923200;3.7;1393.0;-200.0;16.8;1204.0;719.0;506.0;167.0;1497.0;1568.0;3.7;74.4;0.5992
1109926800;6.1;1567.0;-200.0;28.0;1502.0;959.0;399.0;205.0;1848.0;1913.0;5.0;69.4;0.6118
1109930400;4.6;1334.0;-200.0;15.8;1174.0;744.0;524.0;216.0;1432.0;1643.0;6.5;60.9;0.5919
1109934000;3.3;1280.0;-200.0;15.5;1165.0;583.0;533.0;192.0;1435.0;1605.0;7.6;59.8;0.6245
1109937600;3.3;1330.0;-200.0;14.9;1145.0;597.0;537.0;188.0;1399.0;1668.0;8.6;57.6;0.6471
1109941200;3.4;1349.0;-200.0;16.4;1193.0;550.0;507.0;189.0;1493.0;1710.0;10.9;52.4;0.6826
1109944800;3.6;1349.0;-200.0;15.6;1167.0;499.0;515.0;192.0;1443.0;1632.0;12.3;48.3;0.6871
1109948400;3.9;1344.0;-200.0;16.1;1182.0;470.0;525.0;194.0;1411.0;1545.0;12.5;43.4;0.6298
1109952000;4.8;1337.0;-200.0;16.6;1198.0;568.0;521.0;217.0;1401.0;1557.0;11.9;42.3;0.5902
1109955600;3.9;1316.0;-200.0;15.9;1177.0;525.0;544.0;178.0;1392.0;1529.0;12.3;41.2;0.5867
1109959200;3.6;1253.0;-200.0;13.3;1094.0;481.0;575.0;183.0;1327.0;1430.0;10.8;48.1;0.6235
1109962800;3.6;1258.0;-200.0;14.9;1144.0;414.0;558.0;189.0;1336.0;1509.0;8.9;52.5;0.5996
1109966400;4.6;1326.0;-200.0;18.5;1253.0;565.0;514.0;225.0;1479.0;1615.0;8.4;54.7;0.6057
1109970000;2.3;1109.0;-200.0;7.9;896.0;303.0;710.0;175.0;1132.0;1242.0;7.5;58.7;0.6112
1109973600;1.6;1029.0;-200.0;5.0;762.0;221.0;820.0;153.0;1049.0;1065.0;6.9;60.0;0.5977
1109977200;1.8;1112.0;-200.0;6.5;833.0;260.0;759.0;156.0;1104.0;1180.0;6.6;61.3;0.5995
1109980800;2.2;1100.0;-200.0;6.0;810.0;327.0;768.0;172.0;1070.0;1158.0;6.3;59.8;0.5761
1109984400;2.1;1136.0;-200.0;6.8;849.0;344.0;715.0;164.0;1132.0;1216.0;5.4;65.8;0.5935
1109988000;1.7;1000.0;-200.0;4.0;712.0;270.0;848.0;157.0;989.0;971.0;5.8;59.6;0.5523
1109991600;1.5;1041.0;-200.0;4.4;732.0;-200.0;789.0;-200.0;1003.0;1076.0;4.9;62.6;0.5477
1109995200;-200.0;1009.0;-200.0;4.0;710.0;191.0;819.0;136.0;974.0;1011.0;4.4;63.9;0.5385
1109998800;1.1;975.0;-200.0;3.5;681.0;136.0;889.0;110.0;948.0;813.0;4.2;62.5;0.5191
1110002400;1.1;993.0;-200.0;4.3;727.0;194.0;810.0;128.0;989.0;1001.0;3.1;68.6;0.5302
1110006000;0.8;872.0;-200.0;2.0;587.0;168.0;1082.0;132.0;866.0;655.0;4.6;54.6;0.4682
1110009600;1.3;1017.0;-200.0;6.1;818.0;254.0;842.0;156.0;1034.0;933.0;5.0;54.5;0.4788
1110013200;2.3;1070.0;-200.0;8.7;928.0;410.0;701.0;185.0;1112.0;1088.0;7.0;48.1;0.4847
1110016800;1.1;915.0;-200.0;3.1;658.0;166.0;957.0;121.0;866.0;562.0;10.0;37.7;0.4643
1110020400;1.1;978.0;-200.0;5.2;772.0;162.0;870.0;117.0;955.0;586.0;13.0;30.3;0.452
1110024000;1.5;968.0;-200.0;5.3;777.0;188.0;830.0;133.0;929.0;617.0;14.0;28.1;0.4476
1110027600;1.6;1008.0;-200.0;6.7;843.0;199.0;787.0;136.0;998.0;705.0;13.3;28.9;0.4399
1110031200;2.2;1025.0;-200.0;8.3;913.0;272.0;724.0;162.0;1035.0;814.0;13.4;29.0;0.4436
1110034800;1.5;983.0;-200.0;5.9;806.0;180.0;820.0;132.0;966.0;615.0;13.5;28.3;0.4374
1110038400;1.8;1018.0;-200.0;7.3;868.0;255.0;751.0;162.0;1015.0;804.0;13.0;29.7;0.442
1110042000;2.0;1101.0;-200.0;8.4;916.0;251.0;721.0;159.0;1125.0;861.0;11.6;38.7;0.5271
1110045600;1.9;1116.0;-200.0;7.7;888.0;258.0;695.0;156.0;1176.0;980.0;8.6;56.3;0.6312
1110049200;2.5;1161.0;-200.0;9.1;945.0;344.0;654.0;177.0;1205.0;1077.0;8.5;57.9;0.6435
1110052800;2.6;1212.0;-200.0;10.9;1010.0;380.0;622.0;185.0;1284.0;1214.0;7.8;63.4;0.6735
1110056400;3.2;1225.0;-200.0;10.2;985.0;464.0;635.0;199.0;1255.0;1169.0;7.2;69.5;0.7084
1110060000;2.2;1154.0;-200.0;7.8;891.0;304.0;697.0;166.0;1197.0;1079.0;6.5;74.7;0.7248
1110063600;1.9;1140.0;-200.0;7.0;856.0;258.0;707.0;152.0;1171.0;1147.0;6.5;73.9;0.7224
1110067200;2.4;1201.0;-200.0;9.2;949.0;358.0;665.0;170.0;1220.0;1260.0;6.8;72.1;0.7143
1110070800;1.8;1011.0;-200.0;4.6;742.0;278.0;842.0;160.0;998.0;929.0;7.0;60.0;0.6055
1110074400;0.9;867.0;-200.0;2.1;590.0;116.0;1088.0;100.0;826.0;465.0;7.2;47.8;0.487
1110078000;0.8;856.0;-200.0;1.5;545.0;-200.0;1166.0;-200.0;803.0;398.0;7.2;47.3;0.483
1110081600;0.7;859.0;-200.0;1.3;527.0;60.0;1203.0;57.0;810.0;342.0;6.8;52.9;0.5245
1110085200;0.6;859.0;-200.0;0.8;479.0;51.0;1285.0;48.0;822.0;313.0;5.8;65.0;0.6029
1110088800;0.5;842.0;-200.0;0.6;454.0;33.0;1433.0;32.0;788.0;292.0;5.8;59.4;0.5502
1110092400;0.6;856.0;-200.0;1.1;505.0;80.0;1246.0;72.0;833.0;367.0;5.5;58.3;0.529
1110096000;0.6;867.0;-200.0;1.0;500.0;103.0;1219.0;86.0;818.0;387.0;5.9;54.8;0.5119
1110099600;0.7;877.0;-200.0;1.5;541.0;93.0;1148.0;79.0;829.0;399.0;7.3;48.7;0.5007
1110103200;0.7;869.0;-200.0;1.4;535.0;108.0;1162.0;87.0;783.0;376.0;9.4;39.9;0.4707
1110106800;0.9;900.0;-200.0;2.0;582.0;107.0;1081.0;85.0;792.0;377.0;11.2;33.8;0.449
1110110400;1.0;899.0;-200.0;2.3;603.0;122.0;1055.0;97.0;782.0;379.0;12.3;29.9;0.4255
1110114000;1.0;895.0;-200.0;2.6;624.0;122.0;1002.0;96.0;787.0;387.0;14.8;23.7;0.3945
1110117600;1.4;992.0;-200.0;6.7;844.0;156.0;830.0;113.0;990.0;552.0;13.1;26.6;0.399
1110121200;3.0;1104.0;-200.0;13.3;1095.0;246.0;609.0;163.0;1210.0;930.0;13.3;25.7;0.3914
1110124800;1.5;933.0;-200.0;4.0;711.0;205.0;912.0;146.0;850.0;554.0;12.0;27.7;0.3885
1110128400;1.7;973.0;-200.0;5.3;778.0;257.0;839.0;167.0;916.0;723.0;11.5;30.1;0.4067
1110132000;2.3;1069.0;-200.0;8.6;923.0;228.0;735.0;162.0;1036.0;875.0;10.1;33.2;0.4115
1110135600;2.5;1055.0;-200.0;6.2;821.0;321.0;797.0;194.0;942.0;949.0;8.6;38.1;0.4282
1110139200;2.1;1032.0;-200.0;5.3;778.0;270.0;834.0;185.0;926.0;869.0;8.0;41.2;0.4433
1110142800;1.5;982.0;-200.0;4.1;714.0;203.0;879.0;158.0;905.0;747.0;7.5;43.8;0.4551
1110146400;1.4;968.0;-200.0;3.5;680.0;201.0;918.0;156.0;891.0;740.0;6.8;46.9;0.465
1110150000;1.4;979.0;-200.0;4.1;718.0;207.0;883.0;157.0;903.0;807.0;6.1;46.3;0.4394
1110153600;1.4;935.0;-200.0;3.2;666.0;180.0;939.0;141.0;836.0;653.0;5.6;45.5;0.4187
1110157200;1.2;942.0;-200.0;3.2;666.0;140.0;960.0;116.0;848.0;553.0;5.4;48.8;0.4393
1110160800;0.9;883.0;-200.0;1.7;561.0;93.0;1080.0;84.0;785.0;412.0;5.1;51.2;0.4534
1110164400;0.6;841.0;-200.0;0.7;470.0;-200.0;1311.0;-200.0;708.0;289.0;5.3;51.0;0.4563
1110168000;0.4;843.0;-200.0;0.5;443.0;35.0;1490.0;34.0;730.0;262.0;5.2;57.2;0.5094
1110171600;0.4;872.0;-200.0;0.6;460.0;47.0;1359.0;45.0;755.0;288.0;4.5;63.1;0.5381
1110175200;0.5;862.0;-200.0;0.8;474.0;68.0;1312.0;59.0;753.0;310.0;5.2;54.5;0.486
1110178800;0.7;917.0;-200.0;1.7;562.0;131.0;1099.0;99.0;827.0;418.0;5.6;51.3;0.4712
1110182400;1.5;1022.0;-200.0;5.2;771.0;289.0;812.0;165.0;941.0;769.0;5.9;45.4;0.4244
1110186000;1.9;1022.0;-200.0;6.6;837.0;322.0;755.0;168.0;978.0;881.0;6.9;41.3;0.4145
1110189600;1.6;961.0;-200.0;5.5;789.0;330.0;839.0;169.0;910.0;816.0;8.6;34.2;0.3834
1110193200;1.4;912.0;-200.0;4.4;731.0;339.0;912.0;162.0;811.0;684.0;9.6;27.7;0.3308
1110196800;1.3;896.0;-200.0;4.4;731.0;316.0;911.0;155.0;799.0;627.0;10.6;25.3;0.3224
1110200400;1.3;890.0;-200.0;4.3;726.0;218.0;921.0;136.0;779.0;523.0;10.2;25.6;0.3181
1110204000;1.2;891.0;-200.0;4.5;740.0;177.0;919.0;124.0;788.0;502.0;10.0;25.2;0.3079
1110207600;1.3;894.0;-200.0;4.5;737.0;278.0;913.0;158.0;805.0;604.0;9.7;25.7;0.3088
1110211200;1.4;907.0;-200.0;4.8;753.0;313.0;886.0;167.0;819.0;682.0;9.7;26.8;0.3226
1110214800;1.7;973.0;-200.0;6.3;827.0;351.0;825.0;176.0;888.0;846.0;9.4;27.3;0.3216
1110218400;2.5;1035.0;-200.0;9.6;961.0;374.0;726.0;204.0;985.0;1027.0;7.9;28.0;0.2999
1110222000;3.8;1146.0;-200.0;15.0;1147.0;431.0;621.0;209.0;1148.0;1315.0;6.9;30.7;0.3066
1110225600;4.2;1176.0;-200.0;15.4;1162.0;468.0;600.0;224.0;1137.0;1363.0;6.1;33.3;0.3152
1110229200;2.8;1057.0;-200.0;8.9;935.0;368.0;720.0;211.0;982.0;1236.0;5.0;37.4;0.329
1110232800;1.5;974.0;-200.0;5.0;763.0;239.0;861.0;174.0;865.0;1076.0;4.2;40.9;0.3417
1110236400;1.8;1044.0;-200.0;6.5;834.0;292.0;781.0;181.0;924.0;1200.0;3.9;43.5;0.3538
1110240000;1.5;988.0;-200.0;4.4;734.0;205.0;860.0;157.0;868.0;1081.0;3.0;47.7;0.3658
1110243600;1.5;1016.0;-200.0;5.3;781.0;255.0;799.0;154.0;918.0;1174.0;2.5;52.1;0.3855
1110247200;1.2;929.0;-200.0;3.1;659.0;220.0;920.0;147.0;851.0;1033.0;2.0;53.5;0.3831
1110250800;0.8;876.0;-200.0;1.9;576.0;-200.0;1040.0;-200.0;815.0;900.0;1.0;56.7;0.3803
1110254400;-200.0;872.0;-200.0;1.7;558.0;114.0;1054.0;101.0;807.0;853.0;0.5;59.4;0.3841
1110258000;0.7;888.0;-200.0;1.9;574.0;153.0;1035.0;114.0;820.0;886.0;1.4;56.8;0.3903
1110261600;0.7;927.0;-200.0;2.8;638.0;224.0;949.0;134.0;846.0;949.0;0.9;58.4;0.388
1110265200;1.3;991.0;-200.0;5.5;786.0;295.0;817.0;144.0;931.0;1037.0;0.3;61.0;0.3881
1110268800;3.4;1317.0;-200.0;18.3;1247.0;667.0;558.0;182.0;1360.0;1571.0;0.9;59.1;0.3913
1110272400;5.5;1402.0;-200.0;26.3;1462.0;867.0;449.0;223.0;1599.0;1885.0;4.1;47.9;0.3959
1110276000;4.1;1222.0;-200.0;16.3;1188.0;666.0;554.0;219.0;1265.0;1683.0;7.7;34.6;0.3652
1110279600;3.0;1109.0;-200.0;12.3;1060.0;595.0;650.0;215.0;1091.0;1412.0;10.9;25.7;0.3341
1110283200;1.9;959.0;-200.0;7.4;875.0;421.0;797.0;191.0;864.0;1006.0;13.7;17.4;0.2715
1110286800;1.8;964.0;-200.0;8.1;902.0;292.0;780.0;162.0;882.0;855.0;14.0;16.8;0.2672
1110290400;2.1;1006.0;-200.0;10.8;1006.0;308.0;705.0;165.0;988.0;964.0;14.1;17.0;0.2729
1110294000;2.3;1002.0;-200.0;9.7;968.0;347.0;732.0;171.0;920.0;886.0;15.0;15.8;0.2678
1110297600;2.3;997.0;-200.0;9.9;975.0;377.0;739.0;164.0;926.0;947.0;16.5;14.9;0.2775
1110301200;2.0;1019.0;-200.0;9.6;964.0;325.0;729.0;168.0;957.0;984.0;15.8;16.7;0.2972
1110304800;3.1;1192.0;-200.0;16.5;1196.0;508.0;581.0;204.0;1222.0;1450.0;13.2;23.9;0.3597
1110308400;5.1;1399.0;-200.0;23.4;1387.0;768.0;487.0;242.0;1499.0;1837.0;11.0;33.8;0.4436
1110312000;5.9;1419.0;-200.0;24.2;1408.0;764.0;466.0;246.0;1531.0;1899.0;9.5;39.0;0.4644
1110315600;3.2;1250.0;-200.0;13.3;1094.0;500.0;600.0;215.0;1198.0;1629.0;8.5;42.4;0.4716
1110319200;2.4;1156.0;-200.0;8.4;916.0;463.0;687.0;206.0;1055.0;1490.0;7.5;44.0;0.4564
1110322800;1.4;1064.0;-200.0;5.4;783.0;258.0;785.0;167.0;954.0;1319.0;6.6;46.0;0.4505
1110326400;1.4;1066.0;-200.0;5.2;771.0;214.0;795.0;145.0;949.0;1247.0;5.5;49.6;0.4526
1110330000;1.3;1031.0;-200.0;4.6;741.0;191.0;821.0;133.0;927.0;1144.0;4.9;52.2;0.4567
1110333600;1.0;973.0;-200.0;3.2;663.0;154.0;889.0;117.0;887.0;1014.0;4.6;53.5;0.4584
1110337200;0.8;937.0;-200.0;2.2;600.0;-200.0;985.0;-200.0;873.0;885.0;4.7;53.1;0.4589
1110340800;0.8;930.0;-200.0;2.5;616.0;113.0;969.0;90.0;893.0;875.0;3.8;56.8;0.4614
1110344400;0.9;949.0;-200.0;2.8;640.0;167.0;902.0;112.0;909.0;971.0;2.3;63.5;0.463
1110348000;0.9;979.0;-200.0;3.9;707.0;235.0;851.0;120.0;959.0;1048.0;2.0;64.9;0.4657
1110351600;1.7;1094.0;-200.0;7.2;865.0;372.0;708.0;141.0;1061.0;1223.0;2.0;65.3;0.4688
1110355200;4.3;1450.0;-200.0;20.9;1322.0;877.0;490.0;190.0;1497.0;1756.0;3.3;61.6;0.4829
1110358800;6.0;1508.0;-200.0;27.0;1479.0;900.0;419.0;215.0;1685.0;2014.0;5.7;52.5;0.4851
1110362400;3.8;1374.0;-200.0;18.5;1255.0;733.0;504.0;215.0;1375.0;1855.0;8.3;43.5;0.4774
1110366000;3.3;1308.0;-200.0;14.0;1117.0;691.0;549.0;235.0;1261.0;1795.0;10.5;38.9;0.4926
1110369600;2.3;1249.0;-200.0;10.5;996.0;457.0;593.0;194.0;1198.0;1575.0;14.5;33.4;0.5488
1110373200;2.4;1282.0;-200.0;11.2;1023.0;369.0;573.0;159.0;1305.0;1461.0;15.7;34.6;0.6147
1110376800;2.2;1253.0;-200.0;10.3;988.0;285.0;589.0;123.0;1292.0;1314.0;16.1;36.3;0.6593
1110380400;1.9;1222.0;-200.0;8.6;924.0;279.0;612.0;121.0;1216.0;1147.0;17.3;34.5;0.6728
1110384000;1.7;1201.0;-200.0;7.6;882.0;198.0;638.0;102.0;1189.0;948.0;17.6;34.1;0.6781
1110387600;1.9;1238.0;-200.0;10.2;985.0;229.0;592.0;114.0;1271.0;1252.0;18.0;33.1;0.6779
1110391200;3.8;1434.0;-200.0;17.8;1234.0;477.0;476.0;168.0;1520.0;1676.0;14.6;41.0;0.6792
1110394800;5.3;1573.0;-200.0;25.3;1436.0;679.0;407.0;207.0;1747.0;2056.0;12.8;46.2;0.6794
1110398400;5.9;1552.0;-200.0;24.4;1413.0;682.0;407.0;199.0;1724.0;2088.0;11.5;53.9;0.7312
1110402000;5.5;1510.0;-200.0;20.0;1297.0;679.0;458.0;192.0;1606.0;1945.0;10.6;58.8;0.7512
1110405600;2.0;1165.0;-200.0;7.3;870.0;298.0;671.0;148.0;1181.0;1482.0;9.7;60.0;0.7238
1110409200;1.8;1177.0;-200.0;6.6;837.0;265.0;670.0;137.0;1161.0;1448.0;8.3;64.2;0.7071
1110412800;1.6;1135.0;-200.0;5.7;800.0;196.0;705.0;123.0;1130.0;1304.0;7.8;65.5;0.6961
1110416400;1.3;1070.0;-200.0;4.5;739.0;155.0;767.0;109.0;1070.0;1186.0;7.5;65.9;0.6868
1110420000;1.1;1034.0;-200.0;4.1;715.0;131.0;801.0;98.0;1067.0;1051.0;6.1;72.1;0.6847
1110423600;1.1;1014.0;-200.0;4.4;731.0;-200.0;784.0;-200.0;1062.0;1038.0;4.6;78.2;0.6684
1110427200;1.0;988.0;-200.0;3.3;673.0;165.0;838.0;94.0;1034.0;969.0;4.0;80.9;0.667
1110430800;0.8;975.0;-200.0;3.3;668.0;169.0;874.0;95.0;1020.0;951.0;4.2;79.1;0.6611
1110434400;0.9;984.0;-200.0;3.5;681.0;224.0;852.0;101.0;1020.0;970.0;5.3;73.2;0.6577
1110438000;1.3;1092.0;-200.0;6.4;831.0;249.0;720.0;100.0;1143.0;1090.0;4.3;76.1;0.6395
1110441600;4.1;1454.0;-200.0;20.1;1299.0;863.0;457.0;150.0;1606.0;1673.0;4.8;74.6;0.647
1110445200;3.9;1446.0;-200.0;21.2;1328.0;665.0;439.0;168.0;1620.0;1833.0;7.5;64.5;0.6702
1110448800;3.5;1316.0;-200.0;13.7;1105.0;670.0;511.0;199.0;1372.0;1828.0;11.7;49.3;0.6772
1110452400;2.7;1283.0;-200.0;11.7;1039.0;500.0;549.0;168.0;1308.0;1724.0;14.7;41.2;0.6857
1110456000;2.3;1223.0;-200.0;10.6;999.0;428.0;578.0;161.0;1258.0;1547.0;17.4;33.2;0.6535
1110459600;2.3;1176.0;-200.0;9.8;969.0;-200.0;612.0;-200.0;1196.0;1300.0;18.8;26.2;0.5637
1110463200;2.1;1041.0;-200.0;9.1;945.0;306.0;692.0;145.0;1082.0;1000.0;19.1;18.1;0.3955
1110466800;2.2;1008.0;-200.0;9.2;946.0;334.0;705.0;148.0;1016.0;942.0;19.5;15.3;0.3431
1110470400;1.8;962.0;-200.0;5.9;807.0;268.0;821.0;131.0;901.0;745.0;20.2;14.4;0.337
1110474000;1.9;1048.0;-200.0;8.6;925.0;284.0;721.0;137.0;1022.0;941.0;19.8;16.0;0.3632
1110477600;2.7;1145.0;-200.0;12.7;1074.0;393.0;593.0;163.0;1186.0;1232.0;16.5;21.6;0.4012
1110481200;4.7;1198.0;-200.0;19.8;1291.0;603.0;531.0;219.0;1295.0;1527.0;14.5;18.3;0.2996
1110484800;5.4;1319.0;-200.0;23.8;1399.0;757.0;497.0;245.0;1458.0;1746.0;12.8;22.8;0.3364
1110488400;4.2;1274.0;-200.0;14.6;1136.0;684.0;547.0;229.0;1233.0;1741.0;11.5;35.9;0.4862
1110492000;2.1;1085.0;-200.0;7.6;882.0;426.0;705.0;184.0;985.0;1433.0;9.5;34.6;0.411
1110495600;1.4;1017.0;-200.0;4.9;760.0;254.0;806.0;151.0;922.0;1235.0;8.3;38.2;0.4203
1110499200;1.4;1039.0;-200.0;5.2;774.0;227.0;786.0;133.0;949.0;1173.0;7.7;41.7;0.4387
1110502800;1.4;1027.0;-200.0;4.8;751.0;221.0;798.0;135.0;936.0;1171.0;6.8;44.9;0.4472
1110506400;1.0;952.0;-200.0;3.2;662.0;155.0;905.0;111.0;887.0;1024.0;5.7;49.4;0.4551
1110510000;0.8;930.0;-200.0;2.4;609.0;120.0;968.0;90.0;864.0;928.0;5.7;50.1;0.4629
1110513600;-200.0;942.0;-200.0;3.2;665.0;134.0;923.0;91.0;912.0;956.0;4.4;56.4;0.4761
1110517200;0.7;897.0;-200.0;2.1;594.0;128.0;999.0;89.0;870.0;871.0;4.9;55.2;0.4807
1110520800;0.6;928.0;-200.0;2.7;631.0;148.0;985.0;89.0;908.0;884.0;4.5;56.3;0.48
1110524400;0.2;987.0;-200.0;4.5;738.0;233.0;833.0;117.0;957.0;1010.0;3.8;59.7;0.4839
1110528000;1.5;1272.0;-200.0;13.8;1111.0;470.0;563.0;141.0;1279.0;1416.0;4.3;58.6;0.4915
1110531600;3.5;1452.0;-200.0;22.7;1370.0;679.0;445.0;189.0;1581.0;1817.0;7.1;50.0;0.5067
1110535200;3.0;1415.0;-200.0;19.3;1278.0;796.0;483.0;211.0;1399.0;1870.0;11.1;38.4;0.5066
1110538800;3.0;-200.0;-200.0;-200.0;-200.0;812.0;-200.0;235.0;-200.0;-200.0;-200.0;-200.0;-200.0
1110542400;1.0;1203.0;-200.0;9.3;951.0;339.0;618.0;162.0;1162.0;1305.0;17.2;30.6;0.5949
1110546000;1.5;1258.0;-200.0;12.1;1052.0;354.0;551.0;172.0;1297.0;1205.0;17.8;33.3;0.6741
1110549600;2.2;1328.0;-200.0;14.2;1123.0;466.0;508.0;182.0;1404.0;1339.0;18.8;31.8;0.6853
1110553200;1.7;1260.0;-200.0;12.3;1059.0;417.0;544.0;180.0;1319.0;1161.0;19.3;29.9;0.6604
1110556800;1.1;1201.0;-200.0;10.2;985.0;289.0;585.0;156.0;1252.0;996.0;18.8;31.5;0.6752
1110560400;1.3;1161.0;-200.0;10.4;992.0;324.0;601.0;168.0;1211.0;906.0;18.2;28.1;0.5817
1110564000;1.5;1254.0;-200.0;13.9;1112.0;376.0;533.0;181.0;1349.0;1161.0;16.0;35.3;0.6356
1110567600;3.4;1452.0;-200.0;23.1;1381.0;619.0;428.0;226.0;1661.0;1695.0;13.8;43.6;0.6825
1110571200;3.8;1438.0;-200.0;22.8;1374.0;689.0;435.0;231.0;1640.0;1705.0;12.9;48.8;0.725
1110574800;2.8;1273.0;-200.0;13.4;1096.0;582.0;553.0;222.0;1350.0;1379.0;12.8;49.3;0.7277
1110578400;0.8;1096.0;-200.0;6.8;850.0;287.0;690.0;165.0;1146.0;943.0;12.2;50.9;0.7202
1110582000;0.5;1151.0;-200.0;6.0;813.0;238.0;702.0;151.0;1156.0;1073.0;10.6;55.9;0.7138
1110585600;1.0;1189.0;-200.0;5.7;797.0;312.0;688.0;174.0;1157.0;1213.0;10.3;55.9;0.7014
1110589200;0.4;1078.0;-200.0;3.9;704.0;231.0;765.0;145.0;1077.0;898.0;10.2;55.8;0.6927
1110592800;0.4;1152.0;-200.0;4.9;759.0;234.0;706.0;147.0;1113.0;1094.0;10.0;57.3;0.7015
1110596400;0.3;1128.0;-200.0;4.5;740.0;195.0;705.0;134.0;1113.0;1064.0;10.2;57.9;0.7191
1110600000;-200.0;1015.0;-200.0;2.3;608.0;113.0;873.0;85.0;1027.0;655.0;10.3;59.4;0.7459
1110603600;-200.0;979.0;-200.0;1.5;547.0;73.0;952.0;55.0;1039.0;470.0;9.8;68.9;0.8329
1110607200;-200.0;972.0;-200.0;1.5;542.0;103.0;1029.0;65.0;1056.0;443.0;9.2;75.3;0.8764
1110610800;-200.0;992.0;-200.0;1.8;565.0;121.0;912.0;84.0;1074.0;547.0;9.4;73.1;0.8621
1110614400;0.1;1053.0;-200.0;3.3;671.0;132.0;807.0;88.0;1137.0;570.0;10.6;66.1;0.8444
1110618000;0.2;1140.0;-200.0;5.8;800.0;178.0;679.0;109.0;1209.0;782.0;12.6;58.5;0.8517
1110621600;0.6;1136.0;-200.0;6.2;822.0;218.0;653.0;130.0;1184.0;744.0;15.0;48.6;0.8253
1110625200;0.7;1180.0;-200.0;6.7;846.0;246.0;646.0;137.0;1206.0;791.0;14.2;51.5;0.8313
1110628800;0.6;1131.0;-200.0;5.6;792.0;252.0;678.0;145.0;1177.0;749.0;15.1;48.6;0.8266
1110632400;0.3;1083.0;-200.0;5.8;804.0;208.0;702.0;128.0;1105.0;615.0;18.0;35.4;0.7233
1110636000;0.5;1120.0;-200.0;7.0;859.0;219.0;640.0;129.0;1167.0;681.0;17.9;35.3;0.7184
1110639600;0.2;1038.0;-200.0;3.8;699.0;160.0;765.0;105.0;1042.0;515.0;17.7;35.0;0.7014
1110643200;0.4;1096.0;-200.0;5.5;788.0;191.0;699.0;114.0;1115.0;583.0;17.6;35.5;0.7065
1110646800;0.7;1126.0;-200.0;7.6;881.0;270.0;648.0;146.0;1140.0;728.0;17.5;34.1;0.6775
1110650400;0.9;1153.0;-200.0;8.3;910.0;285.0;622.0;156.0;1208.0;827.0;15.6;40.0;0.7018
1110654000;0.8;1177.0;-200.0;7.5;878.0;289.0;641.0;152.0;1224.0;844.0;14.0;47.8;0.7582
1110657600;2.4;1383.0;-200.0;14.1;1119.0;550.0;522.0;201.0;1415.0;1310.0;13.2;51.4;0.776
1110661200;3.3;1363.0;-200.0;12.4;1064.0;679.0;536.0;221.0;1350.0;1353.0;12.0;56.1;0.7832
1110664800;0.9;1087.0;-200.0;5.8;803.0;314.0;699.0;157.0;1130.0;907.0;11.6;54.7;0.7454
1110668400;0.1;1028.0;-200.0;3.9;703.0;166.0;783.0;114.0;1070.0;646.0;12.0;53.3;0.7472
1110672000;0.1;1017.0;-200.0;2.8;641.0;157.0;892.0;107.0;1044.0;482.0;12.5;55.4;0.7999
1110675600;0.1;1050.0;-200.0;3.1;660.0;173.0;860.0;113.0;1071.0;526.0;12.3;56.0;0.7958
1110679200;0.2;1023.0;-200.0;3.3;672.0;184.0;819.0;118.0;1069.0;595.0;12.4;53.4;0.7669
1110682800;-200.0;940.0;-200.0;2.0;583.0;93.0;942.0;69.0;991.0;416.0;12.7;51.8;0.7574
1110686400;-200.0;963.0;-200.0;2.5;617.0;85.0;902.0;63.0;1006.0;398.0;13.2;49.7;0.7503
1110690000;-200.0;971.0;-200.0;2.0;585.0;79.0;928.0;61.0;1004.0;394.0;12.3;55.9;0.7966
1110693600;-200.0;887.0;-200.0;0.9;488.0;55.0;1184.0;42.0;908.0;312.0;13.3;50.1;0.7624
1110697200;-200.0;944.0;-200.0;1.6;551.0;98.0;1063.0;68.0;985.0;381.0;12.3;51.8;0.7384
1110700800;-200.0;970.0;-200.0;2.1;592.0;190.0;909.0;120.0;1018.0;509.0;12.9;50.4;0.7448
1110704400;0.1;1034.0;-200.0;3.0;651.0;166.0;861.0;112.0;1060.0;601.0;12.9;49.9;0.7406
1110708000;0.3;1160.0;-200.0;5.0;765.0;260.0;711.0;148.0;1134.0;962.0;13.9;47.3;0.7479
1110711600;1.0;1283.0;-200.0;7.7;887.0;362.0;607.0;160.0;1238.0;1231.0;13.5;51.6;0.7931
1110715200;1.6;1387.0;-200.0;10.1;981.0;415.0;535.0;164.0;1368.0;1396.0;13.2;56.2;0.8499
1110718800;1.4;1325.0;-200.0;8.5;921.0;358.0;570.0;159.0;1345.0;1297.0;14.2;57.8;0.9292
1110722400;0.3;1057.0;-200.0;2.8;641.0;170.0;803.0;110.0;1103.0;616.0;17.2;46.2;0.8989
1110726000;0.1;1078.0;-200.0;3.3;668.0;130.0;855.0;82.0;1109.0;509.0;19.9;36.6;0.8406
1110729600;0.3;1159.0;-200.0;5.0;762.0;177.0;742.0;102.0;1158.0;590.0;19.7;37.1;0.8399
1110733200;0.5;1195.0;-200.0;5.6;795.0;233.0;710.0;119.0;1157.0;718.0;19.0;37.4;0.8122
1110736800;0.8;1217.0;-200.0;7.1;861.0;282.0;642.0;135.0;1234.0;898.0;16.4;43.5;0.8055
1110740400;3.2;1542.0;-200.0;16.7;1200.0;583.0;469.0;215.0;1520.0;1577.0;15.1;49.8;0.8458
1110744000;2.8;1407.0;-200.0;12.5;1066.0;566.0;525.0;211.0;1397.0;1560.0;14.8;51.0;0.8507
1110747600;1.0;1189.0;-200.0;6.6;837.0;323.0;665.0;172.0;1204.0;1208.0;14.6;51.6;0.8508
1110751200;0.9;1208.0;-200.0;8.3;911.0;318.0;613.0;166.0;1245.0;1244.0;13.7;52.1;0.8121
1110754800;0.9;1207.0;-200.0;7.1;861.0;336.0;649.0;168.0;1217.0;1181.0;13.2;55.6;0.8412
1110758400;0.4;1056.0;-200.0;3.8;699.0;196.0;787.0;134.0;1085.0;828.0;13.2;55.9;0.8465
1110762000;0.4;1128.0;-200.0;5.2;771.0;193.0;733.0;122.0;1178.0;923.0;11.7;62.1;0.8535
1110765600;0.3;1119.0;-200.0;5.3;778.0;192.0;705.0;123.0;1187.0;1096.0;9.9;68.9;0.8388
1110769200;0.1;1077.0;-200.0;3.8;701.0;147.0;761.0;104.0;1122.0;1106.0;9.8;68.0;0.8227
1110772800;-200.0;1036.0;-200.0;2.8;636.0;122.0;845.0;90.0;1084.0;976.0;8.9;71.9;0.8202
1110776400;0.8;1016.0;-200.0;2.9;647.0;117.0;824.0;85.0;1090.0;937.0;8.4;74.5;0.8241
1110780000;1.0;1103.0;-200.0;4.4;730.0;201.0;735.0;103.0;1139.0;1049.0;9.2;71.0;0.8299
1110783600;1.6;1176.0;-200.0;7.5;880.0;318.0;634.0;127.0;1257.0;1180.0;9.9;67.6;0.8239
1110787200;3.5;1430.0;-200.0;15.7;1169.0;658.0;481.0;163.0;1543.0;1514.0;10.8;64.4;0.8328
1110790800;4.0;1572.0;-200.0;22.9;1374.0;680.0;411.0;155.0;1763.0;1771.0;11.7;61.7;0.8483
1110794400;3.5;1243.0;-200.0;10.8;1006.0;497.0;572.0;170.0;1349.0;1395.0;13.7;51.9;0.8106
1110798000;1.6;1101.0;-200.0;6.1;817.0;290.0;707.0;141.0;1157.0;1024.0;16.3;43.5;0.7988
1110801600;1.5;1103.0;-200.0;7.0;857.0;230.0;681.0;123.0;1182.0;946.0;17.9;38.8;0.7883
1110805200;1.5;1116.0;-200.0;7.1;859.0;215.0;670.0;124.0;1197.0;864.0;19.3;35.5;0.7876
1110808800;1.7;1141.0;-200.0;8.1;904.0;226.0;646.0;126.0;1249.0;889.0;20.1;32.9;0.7672
1110812400;1.6;1151.0;-200.0;7.7;885.0;240.0;660.0;128.0;1222.0;903.0;20.0;33.0;0.7625
1110816000;2.4;1263.0;-200.0;10.8;1008.0;391.0;597.0;158.0;1308.0;1121.0;20.2;32.2;0.7526
1110819600;3.4;1324.0;-200.0;14.4;1128.0;492.0;540.0;177.0;1441.0;1319.0;18.9;34.4;0.7436
1110823200;5.4;1533.0;-200.0;25.4;1439.0;700.0;416.0;225.0;1799.0;1829.0;17.9;37.6;0.7624
1110826800;6.5;1626.0;-200.0;29.1;1531.0;782.0;371.0;234.0;1937.0;2000.0;16.7;43.4;0.8168
1110830400;6.5;1639.0;-200.0;28.3;1510.0;728.0;378.0;227.0;1904.0;2001.0;15.9;47.9;0.8573
1110834000;4.0;1346.0;-200.0;14.2;1124.0;510.0;502.0;192.0;1490.0;1598.0;15.3;52.6;0.906
1110837600;2.1;1218.0;-200.0;8.4;914.0;308.0;597.0;158.0;1291.0;1383.0;13.7;58.5;0.9146
1110841200;1.6;1166.0;-200.0;7.5;880.0;248.0;631.0;149.0;1280.0;1238.0;12.7;62.8;0.9198
1110844800;1.5;1095.0;-200.0;5.2;772.0;233.0;721.0;140.0;1175.0;1023.0;12.2;65.0;0.9193
1110848400;0.7;958.0;-200.0;2.2;601.0;96.0;947.0;79.0;1054.0;659.0;13.0;61.2;0.9105
1110852000;0.7;960.0;-200.0;2.0;582.0;90.0;933.0;69.0;1062.0;657.0;11.1;66.1;0.8738
1110855600;0.6;972.0;-200.0;1.8;571.0;95.0;931.0;72.0;1063.0;764.0;10.1;69.8;0.8619
1110859200;0.5;911.0;-200.0;1.1;508.0;68.0;1048.0;58.0;1005.0;667.0;11.6;61.0;0.8299
1110862800;0.4;923.0;-200.0;1.2;516.0;75.0;1049.0;59.0;1002.0;667.0;10.1;64.5;0.7968
1110866400;0.6;981.0;-200.0;2.4;610.0;145.0;867.0;88.0;1068.0;856.0;9.3;67.9;0.7969
1110870000;0.9;1038.0;-200.0;3.8;701.0;185.0;760.0;110.0;1102.0;940.0;10.1;64.3;0.7934
1110873600;2.6;1370.0;-200.0;14.0;1118.0;506.0;495.0;151.0;1459.0;1406.0;10.4;62.7;0.7909
1110877200;3.3;1471.0;-200.0;18.9;1265.0;485.0;434.0;158.0;1655.0;1617.0;13.0;53.9;0.8036
1110880800;4.0;1447.0;-200.0;15.6;1167.0;684.0;466.0;194.0;1514.0;1694.0;16.4;44.6;0.8242
1110884400;3.1;1329.0;-200.0;13.2;1090.0;562.0;508.0;181.0;1401.0;1473.0;19.1;36.7;0.8044
1110888000;2.2;1197.0;-200.0;10.3;989.0;357.0;577.0;161.0;1297.0;1087.0;21.0;30.6;0.7508
1110891600;2.1;1198.0;-200.0;9.7;968.0;306.0;590.0;143.0;1264.0;945.0;22.1;27.6;0.7254
1110895200;2.2;1171.0;-200.0;10.0;977.0;292.0;608.0;142.0;1234.0;905.0;22.2;25.5;0.6752
1110898800;1.9;1191.0;-200.0;10.9;1011.0;305.0;620.0;146.0;1262.0;903.0;23.6;23.2;0.6665
1110902400;2.5;1213.0;-200.0;12.3;1060.0;386.0;578.0;166.0;1292.0;1041.0;23.6;22.9;0.6571
1110906000;2.9;1258.0;-200.0;14.2;1124.0;408.0;552.0;172.0;1363.0;1194.0;22.8;24.6;0.6736
1110909600;3.9;1413.0;-200.0;21.6;1339.0;521.0;464.0;196.0;1611.0;1533.0;20.3;29.7;0.6973
1110913200;6.3;1610.0;-200.0;30.9;1573.0;766.0;381.0;243.0;1890.0;1932.0;18.0;36.0;0.7345
1110916800;7.4;1710.0;-200.0;33.5;1632.0;841.0;346.0;248.0;2028.0;2140.0;16.4;41.9;0.7759
1110920400;5.7;1515.0;-200.0;19.9;1295.0;754.0;435.0;233.0;1615.0;1871.0;14.9;47.6;0.8003
1110924000;2.3;1199.0;-200.0;8.4;916.0;350.0;613.0;174.0;1227.0;1435.0;13.8;49.6;0.7793
1110927600;1.5;1128.0;-200.0;6.1;818.0;244.0;674.0;149.0;1156.0;1303.0;13.2;51.6;0.7765
1110931200;1.4;1108.0;-200.0;5.7;798.0;221.0;694.0;134.0;1144.0;1199.0;11.8;56.9;0.7836
1110934800;1.1;1038.0;-200.0;4.0;709.0;183.0;768.0;123.0;1087.0;1069.0;11.4;58.0;0.7818
1110938400;0.9;1004.0;-200.0;2.9;646.0;166.0;823.0;111.0;1054.0;989.0;11.3;58.0;0.7742
1110942000;0.7;969.0;-200.0;2.0;584.0;133.0;904.0;93.0;1021.0;899.0;10.7;59.6;0.7673
1110945600;0.6;938.0;-200.0;1.7;559.0;147.0;942.0;97.0;1026.0;850.0;9.0;65.4;0.7532
1110949200;0.6;927.0;-200.0;1.6;549.0;119.0;967.0;86.0;1008.0;828.0;8.0;68.9;0.7402
1110952800;0.8;977.0;-200.0;3.3;673.0;179.0;830.0;99.0;1060.0;902.0;7.5;70.9;0.7358
1110956400;1.0;1011.0;-200.0;3.6;685.0;178.0;823.0;99.0;1054.0;902.0;7.6;69.2;0.7238
1110960000;2.1;1228.0;-200.0;10.2;984.0;390.0;588.0;129.0;1293.0;1222.0;8.7;64.3;0.7257
1110963600;4.2;1521.0;-200.0;25.2;1434.0;579.0;404.0;161.0;1809.0;1784.0;11.7;54.3;0.7459
1110967200;4.3;1425.0;-200.0;16.0;1178.0;735.0;468.0;202.0;1477.0;1761.0;15.9;42.2;0.7553
1110970800;3.2;1339.0;-200.0;13.3;1094.0;568.0;509.0;200.0;1376.0;1634.0;19.3;34.7;0.7681
1110974400;2.8;1310.0;-200.0;11.9;1046.0;487.0;552.0;194.0;1351.0;1527.0;23.1;27.3;0.7615
1110978000;2.4;1250.0;-200.0;10.9;1012.0;343.0;585.0;173.0;1249.0;1192.0;26.1;20.8;0.6959
1110981600;2.5;1181.0;-200.0;11.0;1015.0;351.0;617.0;169.0;1192.0;1023.0;26.8;17.9;0.6249
1110985200;2.9;1272.0;-200.0;17.3;1220.0;417.0;533.0;188.0;1353.0;1251.0;28.4;16.0;0.6095
1110988800;3.0;1231.0;-200.0;12.4;1064.0;509.0;618.0;211.0;1188.0;1082.0;28.8;15.1;0.5877
1110992400;3.6;1286.0;-200.0;17.4;1223.0;573.0;529.0;210.0;1350.0;1348.0;27.9;15.6;0.5782
1110996000;3.5;1315.0;-200.0;17.5;1225.0;518.0;509.0;193.0;1408.0;1365.0;24.1;20.6;0.6075
1110999600;4.8;1494.0;-200.0;26.2;1460.0;641.0;420.0;227.0;1682.0;1827.0;21.0;28.0;0.6904
1111003200;4.4;1494.0;-200.0;23.1;1381.0;544.0;422.0;223.0;1677.0;1879.0;18.4;38.8;0.8152
1111006800;4.9;1545.0;-200.0;23.5;1390.0;582.0;423.0;229.0;1676.0;1915.0;16.9;42.9;0.8222
1111010400;2.9;1354.0;-200.0;13.3;1094.0;407.0;517.0;194.0;1357.0;1705.0;15.5;45.0;0.7895
1111014000;2.1;1301.0;-200.0;10.5;998.0;327.0;553.0;171.0;1283.0;1610.0;14.3;49.6;0.8049
1111017600;1.6;1144.0;-200.0;6.3;826.0;221.0;661.0;147.0;1158.0;1300.0;14.7;48.0;0.7977
1111021200;1.2;1080.0;-200.0;4.4;732.0;142.0;748.0;111.0;1087.0;1093.0;13.3;51.4;0.7821
1111024800;0.9;1013.0;-200.0;3.3;671.0;123.0;817.0;104.0;1056.0;986.0;12.6;53.7;0.7793
1111028400;0.7;966.0;-200.0;2.0;587.0;106.0;921.0;90.0;1017.0;846.0;11.5;56.8;0.7706
1111032000;-200.0;959.0;-200.0;1.9;578.0;100.0;909.0;81.0;1016.0;822.0;10.1;61.9;0.7631
1111035600;0.5;919.0;-200.0;1.4;532.0;85.0;997.0;69.0;983.0;714.0;9.8;61.8;0.7523
1111039200;0.6;953.0;-200.0;2.3;604.0;114.0;903.0;84.0;1020.0;838.0;9.0;64.3;0.7417
1111042800;1.3;1117.0;-200.0;5.9;808.0;299.0;669.0;123.0;1178.0;1109.0;7.9;68.4;0.7324
1111046400;3.8;1485.0;-200.0;18.9;1265.0;723.0;441.0;166.0;1647.0;1676.0;9.5;62.6;0.7444
1111050000;5.6;1583.0;-200.0;26.1;1457.0;745.0;376.0;189.0;1808.0;1976.0;13.2;51.0;0.7704
1111053600;4.4;1448.0;-200.0;16.2;1187.0;668.0;471.0;217.0;1490.0;1814.0;16.9;40.3;0.7717
1111057200;3.0;1294.0;-200.0;10.8;1006.0;571.0;567.0;196.0;1296.0;1538.0;20.8;31.3;0.7617
1111060800;2.2;1269.0;-200.0;11.1;1016.0;388.0;579.0;189.0;1273.0;1383.0;24.3;24.7;0.7407
1111064400;2.0;1247.0;-200.0;10.2;985.0;323.0;581.0;174.0;1255.0;1184.0;26.7;22.6;0.7785
1111068000;2.2;1239.0;-200.0;11.9;1045.0;312.0;559.0;161.0;1312.0;1094.0;27.1;21.7;0.7636
1111071600;2.1;1199.0;-200.0;11.8;1041.0;320.0;574.0;158.0;1271.0;986.0;28.3;17.9;0.6769
1111075200;2.2;1216.0;-200.0;10.9;1013.0;322.0;576.0;161.0;1277.0;967.0;27.8;20.0;0.7378
1111078800;1.9;1131.0;-200.0;8.6;925.0;276.0;638.0;147.0;1158.0;831.0;26.2;19.4;0.6491
1111082400;2.7;1300.0;-200.0;15.0;1149.0;341.0;530.0;165.0;1353.0;1182.0;22.7;24.4;0.6661
1111086000;3.9;1358.0;-200.0;21.3;1331.0;531.0;459.0;214.0;1518.0;1523.0;20.2;29.3;0.686
1111089600;5.6;1492.0;-200.0;24.8;1425.0;653.0;417.0;228.0;1690.0;1780.0;17.3;35.2;0.6907
1111093200;4.9;1413.0;-200.0;18.4;1251.0;646.0;478.0;240.0;1504.0;1682.0;16.1;38.7;0.7023
1111096800;2.2;1210.0;-200.0;9.1;943.0;333.0;611.0;188.0;1224.0;1390.0;14.6;44.5;0.7337
1111100400;1.9;1196.0;-200.0;8.1;902.0;299.0;620.0;173.0;1185.0;1390.0;13.7;48.6;0.7555
1111104000;1.4;1101.0;-200.0;5.9;809.0;224.0;690.0;150.0;1123.0;1201.0;12.4;52.2;0.7513
1111107600;1.3;1076.0;-200.0;5.1;770.0;195.0;721.0;134.0;1093.0;1107.0;11.9;53.4;0.7414
1111111200;1.1;1040.0;-200.0;4.5;736.0;209.0;740.0;132.0;1099.0;1050.0;10.4;58.4;0.7367
1111114800;0.9;989.0;-200.0;3.2;667.0;168.0;824.0;117.0;1048.0;943.0;8.9;63.5;0.7268
1111118400;0.9;966.0;-200.0;2.8;639.0;153.0;843.0;103.0;1033.0;903.0;8.2;65.9;0.7168
1111122000;0.7;912.0;-200.0;2.0;587.0;140.0;922.0;99.0;1002.0;826.0;7.7;67.1;0.7074
1111125600;0.8;960.0;-200.0;3.3;668.0;184.0;841.0;106.0;1038.0;878.0;7.2;68.6;0.6978
1111129200;1.2;1028.0;-200.0;5.4;784.0;266.0;709.0;113.0;1110.0;996.0;7.5;66.7;0.6943
1111132800;2.9;1375.0;-200.0;14.5;1134.0;518.0;504.0;141.0;1467.0;1470.0;8.7;61.6;0.696
1111136400;5.4;1522.0;-200.0;26.5;1466.0;681.0;380.0;180.0;1822.0;1883.0;12.0;51.0;0.7131
1111140000;4.3;1400.0;-200.0;17.6;1227.0;558.0;465.0;192.0;1542.0;1661.0;15.4;42.5;0.7379
1111143600;3.1;1323.0;-200.0;14.9;1144.0;457.0;502.0;187.0;1405.0;1568.0;18.8;33.5;0.7186
1111147200;2.4;1250.0;-200.0;10.3;990.0;353.0;579.0;169.0;1262.0;1291.0;22.2;28.1;0.7426
1111150800;2.3;1283.0;-200.0;12.0;1048.0;313.0;550.0;161.0;1336.0;1226.0;24.7;25.5;0.7785
1111154400;2.3;1171.0;-200.0;10.4;993.0;290.0;597.0;160.0;1208.0;841.0;25.0;23.4;0.7301
1111158000;2.3;1264.0;-200.0;12.9;1081.0;318.0;555.0;177.0;1323.0;951.0;25.9;21.9;0.7209
1111161600;3.4;1301.0;-200.0;15.1;1152.0;479.0;525.0;219.0;1343.0;1151.0;25.6;21.7;0.7039
1111165200;3.7;1321.0;-200.0;15.8;1175.0;494.0;525.0;212.0;1366.0;1279.0;25.1;21.8;0.6854
1111168800;4.1;1343.0;-200.0;20.1;1298.0;551.0;477.0;225.0;1495.0;1416.0;22.1;25.6;0.6728
1111172400;5.6;1493.0;-200.0;25.6;1444.0;701.0;417.0;240.0;1702.0;1738.0;19.1;32.5;0.7112
1111176000;5.3;1545.0;-200.0;24.0;1403.0;571.0;407.0;223.0;1743.0;1821.0;16.7;42.5;0.8002
1111179600;4.9;1477.0;-200.0;18.3;1247.0;643.0;456.0;241.0;1562.0;1733.0;15.5;48.3;0.8439
1111183200;2.0;1202.0;-200.0;7.2;864.0;282.0;620.0;159.0;1255.0;1115.0;13.3;60.5;0.9168
1111186800;1.9;1236.0;-200.0;6.8;849.0;251.0;631.0;150.0;1274.0;1131.0;12.1;67.6;0.9539
1111190400;2.2;1206.0;-200.0;6.8;849.0;307.0;640.0;163.0;1245.0;1127.0;11.8;68.3;0.9432
1111194000;1.9;1192.0;-200.0;6.4;832.0;282.0;646.0;155.0;1253.0;1167.0;11.6;68.3;0.9314
1111197600;1.1;1044.0;-200.0;2.7;630.0;160.0;845.0;119.0;1099.0;809.0;11.8;67.9;0.9362
1111201200;1.0;1053.0;-200.0;2.9;648.0;125.0;808.0;94.0;1109.0;709.0;12.3;65.8;0.9374
1111204800;0.9;1023.0;-200.0;2.2;600.0;106.0;872.0;80.0;1089.0;575.0;12.2;66.9;0.9496
1111208400;0.9;1005.0;-200.0;2.5;620.0;111.0;846.0;83.0;1098.0;572.0;12.1;67.3;0.948
1111212000;0.7;959.0;-200.0;1.9;578.0;115.0;907.0;79.0;1079.0;546.0;11.8;67.1;0.9274
1111215600;1.0;1049.0;-200.0;3.6;686.0;156.0;793.0;96.0;1159.0;795.0;11.9;65.6;0.9129
1111219200;2.0;1255.0;-200.0;10.1;983.0;320.0;555.0;141.0;1439.0;1268.0;12.2;65.6;0.93
1111222800;2.7;1285.0;-200.0;10.9;1009.0;380.0;517.0;153.0;1452.0;1366.0;12.8;64.4;0.9448
1111226400;2.5;1254.0;-200.0;9.9;973.0;371.0;543.0;156.0;1403.0;1328.0;13.4;62.0;0.9498
1111230000;2.4;1253.0;-200.0;9.7;966.0;343.0;560.0;162.0;1378.0;1251.0;14.5;57.0;0.9333
1111233600;2.2;1242.0;-200.0;8.9;935.0;297.0;584.0;164.0;1327.0;1127.0;15.8;51.3;0.9144
1111237200;2.1;1212.0;-200.0;8.5;918.0;281.0;593.0;160.0;1308.0;1066.0;17.5;46.0;0.9104
1111240800;1.8;1165.0;-200.0;6.6;839.0;220.0;652.0;140.0;1214.0;867.0;19.5;40.2;0.901
1111244400;1.4;1136.0;-200.0;5.4;781.0;174.0;712.0;119.0;1169.0;691.0;21.2;35.9;0.8943
1111248000;2.1;1233.0;-200.0;8.7;926.0;260.0;617.0;153.0;1293.0;917.0;21.7;35.1;0.8993
1111251600;1.7;1177.0;-200.0;5.8;800.0;222.0;696.0;139.0;1191.0;748.0;20.5;38.4;0.9161
1111255200;1.9;1223.0;-200.0;7.6;883.0;266.0;614.0;156.0;1289.0;968.0;18.2;45.9;0.9488
1111258800;2.7;1360.0;-200.0;12.4;1063.0;387.0;507.0;183.0;1483.0;1420.0;16.2;53.0;0.9722
1111262400;3.2;1435.0;-200.0;14.7;1140.0;425.0;477.0;185.0;1550.0;1530.0;15.0;57.6;0.9777
1111266000;3.3;1305.0;-200.0;10.5;995.0;484.0;552.0;200.0;1402.0;1341.0;14.1;60.8;0.9716
1111269600;2.3;1199.0;-200.0;7.3;869.0;325.0;618.0;163.0;1306.0;1160.0;13.2;65.6;0.9882
1111273200;1.9;1217.0;-200.0;8.5;921.0;257.0;589.0;154.0;1336.0;1261.0;13.5;63.8;0.9797
1111276800;1.9;1200.0;-200.0;6.8;847.0;273.0;636.0;151.0;1297.0;1132.0;13.6;63.4;0.9794
1111280400;1.9;1150.0;-200.0;5.9;807.0;276.0;669.0;149.0;1243.0;1042.0;13.6;63.5;0.9857
1111284000;1.5;1086.0;-200.0;4.3;726.0;202.0;736.0;131.0;1192.0;848.0;13.4;64.8;0.988
1111287600;1.1;1027.0;-200.0;3.5;684.0;132.0;788.0;94.0;1149.0;666.0;13.2;64.8;0.9801
1111291200;-200.0;993.0;-200.0;2.8;640.0;85.0;848.0;66.0;1110.0;548.0;13.0;65.3;0.9704
1111294800;0.8;985.0;-200.0;2.4;610.0;87.0;851.0;69.0;1101.0;604.0;12.6;65.9;0.9583
1111298400;0.6;934.0;-200.0;1.6;552.0;70.0;966.0;57.0;1063.0;520.0;13.1;64.0;0.9591
1111302000;0.7;977.0;-200.0;2.7;631.0;113.0;859.0;78.0;1120.0;659.0;12.4;66.2;0.95
1111305600;0.7;970.0;-200.0;2.5;618.0;112.0;888.0;84.0;1095.0;611.0;13.3;62.4;0.946
1111309200;1.0;1041.0;-200.0;3.9;706.0;140.0;778.0;97.0;1178.0;756.0;14.0;59.7;0.9491
1111312800;1.5;1144.0;-200.0;6.2;821.0;214.0;651.0;123.0;1262.0;988.0;15.4;54.0;0.9385
1111316400;2.4;1209.0;-200.0;8.8;933.0;334.0;581.0;166.0;1329.0;1058.0;17.0;47.5;0.9146
1111320000;1.6;1083.0;-200.0;4.3;727.0;203.0;763.0;130.0;1135.0;636.0;18.6;42.6;0.904
1111323600;1.2;1063.0;-200.0;3.4;678.0;163.0;796.0;109.0;1107.0;522.0;21.5;35.0;0.8886
1111327200;0.9;988.0;-200.0;2.2;600.0;110.0;912.0;82.0;1033.0;415.0;21.3;35.6;0.8924
1111330800;0.9;1060.0;-200.0;3.6;686.0;107.0;830.0;73.0;1110.0;445.0;23.1;32.1;0.8973
1111334400;1.1;1087.0;-200.0;4.1;717.0;135.0;786.0;91.0;1112.0;515.0;22.1;34.5;0.9035
1111338000;1.4;1153.0;-200.0;5.7;798.0;187.0;715.0;109.0;1184.0;678.0;21.5;35.7;0.905
1111341600;1.7;1167.0;-200.0;6.6;838.0;240.0;660.0;128.0;1227.0;825.0;19.3;41.6;0.923
1111345200;2.9;1370.0;-200.0;12.7;1072.0;398.0;535.0;155.0;1428.0;1233.0;17.3;47.8;0.9363
1111348800;4.0;1403.0;-200.0;14.8;1142.0;585.0;492.0;176.0;1518.0;1419.0;16.0;54.9;0.9934
1111352400;4.0;1364.0;-200.0;12.3;1061.0;590.0;534.0;179.0;1436.0;1397.0;15.6;58.0;1.0197
1111356000;1.9;1111.0;-200.0;6.3;825.0;295.0;679.0;124.0;1238.0;975.0;14.8;61.3;1.025
1111359600;1.5;1091.0;-200.0;5.3;777.0;209.0;711.0;105.0;1217.0;891.0;13.8;63.4;0.9916
1111363200;1.5;1107.0;-200.0;5.3;777.0;183.0;697.0;99.0;1221.0;945.0;13.1;66.1;0.9913
1111366800;1.6;1095.0;-200.0;4.7;746.0;177.0;716.0;104.0;1217.0;916.0;13.3;66.4;1.0128
1111370400;1.1;1027.0;-200.0;3.3;673.0;126.0;794.0;95.0;1160.0;770.0;13.3;67.0;1.0207
1111374000;0.8;996.0;-200.0;2.7;631.0;100.0;845.0;81.0;1153.0;697.0;13.1;68.6;1.0288
1111377600;0.7;955.0;-200.0;2.0;582.0;83.0;902.0;68.0;1118.0;611.0;12.2;72.4;1.0224
1111381200;0.6;947.0;-200.0;1.6;553.0;84.0;944.0;69.0;1110.0;693.0;11.6;73.8;1.0054
1111384800;0.7;1003.0;-200.0;3.0;650.0;113.0;831.0;73.0;1158.0;750.0;12.9;67.5;0.999
1111388400;1.3;1120.0;-200.0;6.1;815.0;270.0;660.0;113.0;1291.0;1053.0;12.8;68.0;1.0023
1111392000;3.2;1476.0;-200.0;17.3;1219.0;487.0;459.0;141.0;1673.0;1561.0;13.5;63.9;0.9875
1111395600;6.1;1653.0;-200.0;31.0;1573.0;723.0;345.0;174.0;2147.0;1920.0;14.7;59.8;0.9928
1111399200;4.3;1403.0;-200.0;15.4;1161.0;614.0;487.0;178.0;1576.0;1583.0;15.9;56.6;1.0147
1111402800;2.6;1241.0;-200.0;10.9;1011.0;395.0;545.0;163.0;1428.0;1274.0;18.3;49.4;1.0264
1111406400;2.0;1176.0;-200.0;8.4;914.0;310.0;621.0;143.0;1347.0;1083.0;19.8;44.2;1.0091
1111410000;1.8;1160.0;-200.0;7.1;862.0;259.0;636.0;127.0;1320.0;924.0;21.6;39.6;1.009
1111413600;2.1;1224.0;-200.0;10.0;977.0;251.0;571.0;131.0;1424.0;1002.0;23.3;35.8;1.0086
1111417200;2.1;1175.0;-200.0;8.2;906.0;261.0;616.0;135.0;1332.0;905.0;23.8;33.4;0.9699
1111420800;2.0;1235.0;-200.0;9.2;947.0;241.0;594.0;131.0;1362.0;923.0;22.8;35.3;0.9693
1111424400;2.6;1288.0;-200.0;12.4;1064.0;317.0;539.0;153.0;1446.0;1123.0;22.8;34.9;0.9576
1111428000;4.5;1512.0;-200.0;23.3;1386.0;505.0;425.0;198.0;1831.0;1602.0;20.9;39.3;0.9615
1111431600;6.4;1609.0;-200.0;29.7;1544.0;669.0;367.0;232.0;1999.0;1878.0;18.6;46.4;0.9867
1111435200;6.0;1537.0;-200.0;25.7;1446.0;638.0;392.0;224.0;1855.0;1840.0;17.2;52.7;1.0285
1111438800;3.8;1315.0;-200.0;14.3;1126.0;433.0;498.0;183.0;1537.0;1474.0;15.3;61.0;1.054
1111442400;2.1;1155.0;-200.0;8.2;909.0;252.0;604.0;144.0;1331.0;1244.0;14.2;65.4;1.0497
1111446000;1.2;1033.0;-200.0;4.9;759.0;154.0;735.0;117.0;1185.0;937.0;13.8;65.2;1.0275
1111449600;1.3;1078.0;-200.0;5.9;808.0;152.0;696.0;106.0;1221.0;891.0;13.3;65.6;0.9969
1111453200;1.5;1069.0;-200.0;5.7;799.0;181.0;682.0;121.0;1211.0;1044.0;12.6;67.9;0.9886
1111456800;0.9;952.0;-200.0;2.9;648.0;109.0;847.0;87.0;1107.0;792.0;12.8;64.5;0.9493
1111460400;0.7;910.0;-200.0;1.8;570.0;73.0;964.0;62.0;1060.0;670.0;12.8;63.6;0.936
1111464000;0.5;878.0;-200.0;1.2;517.0;83.0;1069.0;70.0;1046.0;689.0;12.0;65.2;0.9103
1111467600;0.6;899.0;-200.0;1.6;556.0;90.0;1001.0;66.0;1064.0;717.0;10.6;70.8;0.9033
1111471200;0.7;939.0;-200.0;2.5;620.0;151.0;905.0;88.0;1095.0;813.0;10.9;69.2;0.9033
1111474800;0.9;1001.0;-200.0;3.8;701.0;191.0;816.0;93.0;1130.0;891.0;10.3;70.9;0.8907
1111478400;2.2;1303.0;-200.0;13.5;1102.0;403.0;536.0;116.0;1488.0;1323.0;11.8;66.3;0.9174
1111482000;4.7;1557.0;-200.0;27.8;1499.0;555.0;381.0;151.0;1945.0;1817.0;14.1;58.9;0.9447
1111485600;4.5;1402.0;-200.0;18.8;1263.0;551.0;446.0;169.0;1640.0;1723.0;16.5;51.6;0.9601
1111489200;3.1;1380.0;-200.0;15.7;1170.0;473.0;477.0;166.0;1566.0;1656.0;20.2;42.1;0.984
1111492800;2.8;1350.0;-200.0;15.6;1168.0;388.0;475.0;160.0;1564.0;1539.0;21.7;39.0;0.9979
1111496400;2.4;1283.0;-200.0;12.3;1061.0;296.0;525.0;145.0;1434.0;1294.0;23.5;35.0;0.9977
1111500000;2.5;1293.0;-200.0;12.4;1064.0;283.0;522.0;131.0;1446.0;1229.0;23.5;34.2;0.9748
1111503600;2.0;1197.0;-200.0;9.1;943.0;256.0;599.0;130.0;1294.0;951.0;25.5;28.3;0.9124
1111507200;1.7;1142.0;-200.0;8.6;924.0;234.0;629.0;122.0;1236.0;819.0;25.5;24.7;0.7928
1111510800;1.7;1147.0;-200.0;8.4;914.0;215.0;633.0;113.0;1233.0;801.0;22.9;29.2;0.8055
1111514400;3.3;1448.0;-200.0;20.9;1322.0;454.0;447.0;156.0;1655.0;1492.0;21.3;32.9;0.8209
1111518000;4.5;1487.0;-200.0;21.9;1350.0;605.0;418.0;198.0;1698.0;1692.0;20.1;42.4;0.988
1111521600;5.8;1476.0;-200.0;20.4;1308.0;529.0;428.0;175.0;1674.0;1654.0;18.6;46.6;0.9858
1111525200;4.3;1282.0;-200.0;11.0;1013.0;354.0;545.0;141.0;1384.0;1287.0;17.4;50.6;0.9989
1111528800;3.0;1147.0;-200.0;6.8;848.0;195.0;636.0;101.0;1289.0;938.0;16.4;57.2;1.0574
1111532400;2.8;1130.0;-200.0;6.3;828.0;161.0;645.0;102.0;1283.0;973.0;16.3;59.4;1.0895
1111536000;2.7;1154.0;-200.0;6.2;822.0;187.0;656.0;119.0;1285.0;1087.0;16.0;60.2;1.0844
1111539600;2.4;1049.0;-200.0;3.5;683.0;156.0;782.0;110.0;1190.0;796.0;15.6;61.6;1.0859
1111543200;2.2;1056.0;-200.0;3.3;672.0;116.0;769.0;87.0;1184.0;830.0;15.4;62.0;1.0793
1111546800;2.0;1011.0;-200.0;2.5;622.0;83.0;827.0;66.0;1158.0;703.0;15.2;63.5;1.0881
1111550400;-200.0;993.0;-200.0;2.3;604.0;85.0;848.0;65.0;1160.0;762.0;14.5;66.4;1.0919
1111554000;0.5;976.0;-200.0;1.8;568.0;78.0;891.0;63.0;1143.0;705.0;15.0;64.8;1.1007
1111557600;0.7;1050.0;-200.0;3.6;690.0;127.0;761.0;71.0;1223.0;867.0;14.2;68.3;1.0988
1111561200;1.2;1143.0;-200.0;6.1;818.0;279.0;646.0;103.0;1316.0;1122.0;14.0;68.6;1.0918
1111564800;3.9;1606.0;-200.0;22.3;1360.0;649.0;396.0;144.0;1895.0;1771.0;15.4;63.4;1.1045
1111568400;4.9;1592.0;-200.0;27.0;1478.0;593.0;360.0;158.0;1975.0;1874.0;17.8;53.3;1.0736
1111572000;4.6;1510.0;-200.0;19.5;1282.0;584.0;419.0;169.0;1726.0;1812.0;19.4;47.5;1.061
1111575600;3.4;1421.0;-200.0;15.8;1172.0;563.0;474.0;184.0;1513.0;1726.0;21.4;38.7;0.9724
1111579200;2.0;1169.0;-200.0;10.3;987.0;337.0;596.0;143.0;1285.0;1184.0;22.9;29.3;0.8077
1111582800;1.9;1187.0;-200.0;11.0;1014.0;272.0;578.0;133.0;1315.0;1131.0;24.2;26.5;0.7869
1111586400;2.4;1171.0;-200.0;11.9;1045.0;322.0;570.0;141.0;1291.0;1149.0;24.5;23.1;0.6968
1111590000;2.4;1175.0;-200.0;11.7;1040.0;362.0;582.0;153.0;1268.0;1185.0;23.1;22.8;0.6346
1111593600;2.2;1216.0;-200.0;12.0;1050.0;361.0;564.0;149.0;1311.0;1244.0;23.3;23.8;0.6738
1111597200;2.5;1239.0;-200.0;12.3;1062.0;431.0;558.0;159.0;1299.0;1380.0;23.2;23.3;0.6562
1111600800;3.9;1463.0;-200.0;23.2;1383.0;545.0;440.0;181.0;1636.0;1727.0;22.7;25.5;0.6944
1111604400;6.2;1616.0;-200.0;32.6;1610.0;796.0;374.0;227.0;1909.0;2021.0;21.0;29.2;0.7192
1111608000;7.2;1663.0;-200.0;32.0;1597.0;874.0;366.0;230.0;1906.0;2159.0;19.5;35.6;0.7978
1111611600;3.9;1445.0;-200.0;18.8;1263.0;551.0;464.0;194.0;1500.0;1844.0;18.8;37.3;0.8031
1111615200;2.4;1293.0;-200.0;12.1;1052.0;393.0;536.0;172.0;1332.0;1593.0;17.7;39.7;0.799
1111618800;2.3;1354.0;-200.0;13.0;1084.0;369.0;502.0;158.0;1380.0;1651.0;16.7;45.2;0.8506
1111622400;1.9;1251.0;-200.0;9.9;973.0;314.0;559.0;144.0;1277.0;1482.0;15.9;47.0;0.8434
1111626000;1.7;1222.0;-200.0;8.1;902.0;294.0;590.0;133.0;1256.0;1384.0;15.1;50.2;0.8543
1111629600;0.9;1044.0;-200.0;3.8;702.0;165.0;746.0;109.0;1099.0;1101.0;15.3;49.2;0.8493
1111633200;0.7;1006.0;-200.0;3.1;659.0;143.0;791.0;94.0;1082.0;999.0;13.1;56.1;0.8416
1111636800;0.5;953.0;-200.0;2.0;583.0;93.0;889.0;73.0;1043.0;895.0;13.3;54.4;0.8287
1111640400;0.4;959.0;-200.0;2.2;598.0;111.0;878.0;76.0;1045.0;904.0;12.4;58.3;0.8364
1111644000;0.4;949.0;-200.0;2.3;607.0;105.0;884.0;74.0;1043.0;851.0;12.9;56.0;0.8292
1111647600;0.7;1073.0;-200.0;4.9;760.0;173.0;727.0;73.0;1128.0;1052.0;11.9;59.6;0.8294
1111651200;3.1;1499.0;-200.0;19.8;1291.0;541.0;444.0;107.0;1653.0;1609.0;13.4;55.1;0.8444
1111654800;3.4;1404.0;-200.0;15.0;1149.0;581.0;469.0;115.0;1523.0;1614.0;16.1;46.4;0.8436
1111658400;3.5;1465.0;-200.0;18.1;1241.0;591.0;434.0;132.0;1572.0;1774.0;17.9;42.2;0.8557
1111662000;3.2;1474.0;-200.0;15.3;1158.0;653.0;469.0;155.0;1476.0;1802.0;18.2;43.2;0.8926
1111665600;3.2;1611.0;-200.0;17.8;1233.0;690.0;413.0;140.0;1687.0;1741.0;16.0;67.9;1.2217
1111669200;3.3;1590.0;-200.0;17.3;1219.0;602.0;410.0;147.0;1677.0;1830.0;17.6;59.7;1.188
1111672800;3.0;1422.0;-200.0;14.1;1120.0;489.0;476.0;161.0;1525.0;1696.0;20.9;43.4;1.0618
1111676400;2.0;1273.0;-200.0;10.3;988.0;288.0;563.0;123.0;1387.0;1257.0;24.1;33.3;0.9881
1111680000;2.3;1296.0;-200.0;11.0;1014.0;323.0;543.0;142.0;1401.0;1305.0;22.9;35.2;0.9694
1111683600;2.2;1247.0;-200.0;10.3;989.0;301.0;557.0;143.0;1383.0;1183.0;22.2;36.2;0.956
1111687200;2.7;1359.0;-200.0;14.6;1135.0;335.0;505.0;153.0;1500.0;1347.0;21.3;37.8;0.9462
1111690800;5.9;1726.0;-200.0;30.8;1570.0;659.0;359.0;200.0;2021.0;1947.0;20.1;43.2;1.0051
1111694400;7.5;1818.0;-200.0;35.5;1675.0;847.0;330.0;232.0;2143.0;2129.0;18.8;49.1;1.0538
1111698000;5.0;1667.0;-200.0;24.2;1410.0;691.0;383.0;201.0;1818.0;1948.0;18.2;52.2;1.0795
1111701600;4.0;1549.0;-200.0;17.8;1233.0;590.0;424.0;175.0;1648.0;1804.0;17.4;57.3;1.1288
1111705200;2.7;1385.0;-200.0;11.9;1045.0;449.0;496.0;159.0;1462.0;1572.0;17.0;56.6;1.0902
1111708800;2.0;1320.0;-200.0;9.3;950.0;316.0;542.0;135.0;1428.0;1426.0;16.2;66.3;1.208
1111712400;1.5;1205.0;-200.0;6.3;828.0;239.0;622.0;128.0;1344.0;1170.0;15.3;73.3;1.2655
1111716000;1.0;1099.0;-200.0;4.0;709.0;165.0;727.0;109.0;1263.0;1000.0;15.2;73.3;1.2556
1111719600;1.0;1106.0;-200.0;4.1;715.0;152.0;714.0;101.0;1279.0;949.0;13.9;80.4;1.2694
1111723200;0.9;1099.0;-200.0;4.1;718.0;144.0;714.0;96.0;1300.0;905.0;13.6;82.8;1.2817
1111726800;0.8;1042.0;-200.0;3.3;671.0;126.0;754.0;87.0;1255.0;845.0;13.7;82.0;1.277
1111730400;0.6;980.0;-200.0;2.5;621.0;132.0;858.0;81.0;1190.0;692.0;13.7;78.0;1.2174
1111734000;1.0;1138.0;-200.0;5.4;782.0;228.0;705.0;100.0;1321.0;926.0;14.1;75.5;1.2065
1111737600;3.2;1517.0;-200.0;17.4;1222.0;580.0;437.0;146.0;1750.0;1470.0;14.8;73.6;1.2331
1111741200;4.3;1537.0;-200.0;22.9;1374.0;564.0;384.0;158.0;1941.0;1660.0;16.0;67.8;1.2276
1111744800;2.7;1296.0;-200.0;11.1;1017.0;369.0;526.0;136.0;1494.0;1360.0;18.4;59.2;1.2398
1111748400;1.6;1255.0;-200.0;9.5;958.0;260.0;579.0;117.0;1420.0;1215.0;20.4;50.5;1.1954
1111752000;1.4;1367.0;-200.0;13.6;1105.0;371.0;503.0;140.0;1578.0;1391.0;21.3;46.6;1.1628
1111755600;2.3;1473.0;-200.0;17.0;1210.0;513.0;462.0;169.0;1686.0;1521.0;20.4;49.8;1.1765
1111759200;2.1;1422.0;-200.0;15.8;1175.0;471.0;474.0;163.0;1647.0;1483.0;21.1;47.8;1.1813
1111762800;1.4;1378.0;-200.0;14.3;1125.0;378.0;502.0;144.0;1601.0;1380.0;21.5;47.8;1.206
1111766400;3.4;1446.0;-200.0;17.5;1224.0;445.0;471.0;153.0;1706.0;1450.0;21.7;47.4;1.2184
1111770000;3.8;1473.0;-200.0;17.8;1235.0;483.0;468.0;164.0;1702.0;1519.0;21.0;49.8;1.2208
1111773600;4.9;1619.0;-200.0;24.3;1411.0;530.0;417.0;174.0;1908.0;1684.0;20.4;51.9;1.2261
1111777200;5.7;1673.0;-200.0;27.2;1484.0;649.0;397.0;196.0;2008.0;1812.0;19.4;56.3;1.25
1111780800;5.5;1605.0;-200.0;23.7;1397.0;604.0;420.0;189.0;1891.0;1710.0;18.8;58.3;1.2514
1111784400;3.9;1460.0;-200.0;16.7;1201.0;486.0;466.0;155.0;1685.0;1591.0;18.2;61.0;1.2634
1111788000;3.1;1407.0;-200.0;14.0;1117.0;402.0;486.0;137.0;1596.0;1521.0;17.7;63.3;1.2729
1111791600;2.0;1286.0;-200.0;10.1;982.0;268.0;550.0;117.0;1458.0;1353.0;17.7;63.5;1.27
1111795200;2.5;1372.0;-200.0;12.1;1054.0;350.0;504.0;128.0;1534.0;1463.0;17.1;66.9;1.2926
1111798800;2.2;1312.0;-200.0;10.5;995.0;312.0;527.0;124.0;1488.0;1447.0;16.8;69.0;1.3135
1111802400;1.5;1205.0;-200.0;7.2;867.0;243.0;601.0;108.0;1361.0;1294.0;16.6;70.0;1.3078
1111806000;1.2;1167.0;-200.0;6.4;829.0;202.0;622.0;89.0;1360.0;1172.0;16.1;71.3;1.2955
1111809600;-200.0;1122.0;-200.0;6.0;811.0;181.0;641.0;92.0;1336.0;1122.0;16.2;71.2;1.3013
1111813200;0.8;1126.0;-200.0;5.3;779.0;139.0;663.0;84.0;1309.0;1103.0;16.3;69.8;1.2853
1111816800;0.1;1121.0;-200.0;4.9;757.0;156.0;672.0;83.0;1293.0;1113.0;16.1;70.0;1.2739
1111820400;1.1;1135.0;-200.0;5.7;797.0;175.0;651.0;80.0;1325.0;1109.0;16.1;69.5;1.2623
1111824000;1.7;1248.0;-200.0;9.0;939.0;281.0;565.0;93.0;1458.0;1229.0;16.5;68.1;1.2653
1111827600;2.1;1325.0;-200.0;10.9;1010.0;322.0;513.0;106.0;1522.0;1404.0;17.4;65.0;1.2775
1111831200;2.3;1347.0;-200.0;10.6;1000.0;369.0;510.0;115.0;1490.0;1450.0;18.4;60.2;1.2623
1111834800;2.1;1317.0;-200.0;9.3;952.0;366.0;541.0;124.0;1443.0;1393.0;19.1;57.5;1.2569
1111838400;1.9;1243.0;-200.0;8.3;912.0;301.0;579.0;113.0;1406.0;1227.0;21.2;48.4;1.2028
1111842000;1.7;1169.0;-200.0;6.6;841.0;232.0;623.0;104.0;1361.0;1040.0;22.3;43.9;1.1695
1111845600;1.3;1085.0;-200.0;5.1;769.0;156.0;711.0;85.0;1264.0;820.0;23.7;39.4;1.1366
1111849200;1.3;1177.0;-200.0;7.9;896.0;169.0;616.0;94.0;1374.0;1011.0;23.1;41.2;1.1523
1111852800;1.6;1207.0;-200.0;7.7;888.0;203.0;611.0;99.0;1382.0;1042.0;25.7;35.7;1.1626
1111856400;2.2;1269.0;-200.0;10.7;1005.0;260.0;553.0;112.0;1463.0;1136.0;24.3;38.4;1.1503
1111860000;2.3;1205.0;-200.0;10.5;996.0;289.0;559.0;122.0;1456.0;1101.0;21.9;45.1;1.1687
1111863600;2.2;1218.0;-200.0;10.9;1009.0;273.0;553.0;119.0;1486.0;1108.0;19.7;51.8;1.1779
1111867200;2.0;1183.0;-200.0;8.4;914.0;263.0;604.0;119.0;1387.0;1078.0;18.7;54.5;1.1644
1111870800;2.3;1242.0;-200.0;10.0;978.0;295.0;564.0;127.0;1449.0;1210.0;17.8;58.1;1.1742
1111874400;2.2;1263.0;-200.0;10.3;990.0;303.0;553.0;126.0;1465.0;1270.0;17.3;60.8;1.1885
1111878000;1.6;1139.0;-200.0;7.2;865.0;209.0;625.0;111.0;1362.0;1119.0;16.5;63.8;1.1873
1111881600;1.6;1166.0;-200.0;6.4;829.0;200.0;632.0;102.0;1338.0;1133.0;16.3;65.2;1.1982
1111885200;1.3;1079.0;-200.0;4.3;727.0;174.0;724.0;93.0;1275.0;1010.0;16.5;63.8;1.1896
1111888800;1.0;1008.0;-200.0;3.3;669.0;115.0;791.0;78.0;1241.0;894.0;16.6;63.0;1.1784
1111892400;1.0;1034.0;-200.0;3.9;707.0;122.0;740.0;74.0;1267.0;930.0;16.2;64.3;1.1729
1111896000;1.0;1001.0;-200.0;3.4;675.0;105.0;778.0;68.0;1260.0;861.0;15.9;65.1;1.1654
1111899600;0.8;977.0;-200.0;2.3;605.0;102.0;852.0;68.0;1212.0;841.0;15.8;65.4;1.1629
1111903200;0.7;986.0;-200.0;2.3;602.0;96.0;878.0;61.0;1211.0;851.0;15.8;65.9;1.1792
1111906800;1.1;1082.0;-200.0;4.2;720.0;144.0;697.0;76.0;1297.0;960.0;15.6;67.7;1.1911
1111910400;1.1;1068.0;-200.0;3.6;688.0;152.0;725.0;78.0;1289.0;926.0;15.2;71.5;1.2228
1111914000;1.1;1136.0;-200.0;4.4;733.0;156.0;692.0;79.0;1344.0;901.0;14.5;80.8;1.3224
1111917600;1.4;1184.0;-200.0;4.6;743.0;208.0;672.0;90.0;1369.0;915.0;15.2;81.4;1.393
1111921200;1.3;1179.0;-200.0;4.5;738.0;174.0;680.0;89.0;1335.0;956.0;15.9;77.3;1.3838
1111924800;1.5;1182.0;-200.0;5.0;761.0;206.0;677.0;97.0;1338.0;1019.0;17.5;67.1;1.3342
1111928400;1.3;1082.0;-200.0;3.8;700.0;160.0;759.0;91.0;1286.0;842.0;18.1;62.8;1.2916
1111932000;0.8;996.0;-200.0;2.5;620.0;91.0;820.0;62.0;1238.0;612.0;18.6;62.1;1.3224
1111935600;0.9;1024.0;-200.0;2.7;630.0;106.0;862.0;66.0;1240.0;544.0;16.2;71.9;1.3171
1111939200;1.4;1093.0;-200.0;3.5;682.0;199.0;797.0;104.0;1256.0;638.0;15.4;75.2;1.3024
1111942800;1.8;1170.0;-200.0;4.9;756.0;299.0;713.0;126.0;1341.0;793.0;14.4;80.8;1.3182
1111946400;1.6;1153.0;-200.0;4.4;734.0;272.0;712.0;122.0;1324.0;811.0;13.8;83.5;1.3154
1111950000;1.8;1220.0;-200.0;5.7;796.0;285.0;652.0;121.0;1367.0;896.0;13.9;83.6;1.3208
1111953600;2.1;1218.0;-200.0;6.3;825.0;307.0;627.0;126.0;1393.0;978.0;14.2;82.3;1.3219
1111957200;1.9;1172.0;-200.0;6.0;810.0;237.0;637.0;115.0;1376.0;964.0;14.1;81.4;1.3046
1111960800;1.7;1182.0;-200.0;6.0;812.0;244.0;650.0;116.0;1368.0;993.0;14.4;79.0;1.2917
1111964400;1.9;1160.0;-200.0;5.6;794.0;284.0;658.0;120.0;1356.0;966.0;14.6;77.7;1.2834
1111968000;1.6;1106.0;-200.0;4.3;728.0;221.0;722.0;111.0;1309.0;885.0;14.4;78.6;1.2839
1111971600;1.2;1031.0;-200.0;3.0;652.0;173.0;803.0;101.0;1256.0;775.0;14.4;78.0;1.2741
1111975200;1.0;1015.0;-200.0;2.8;640.0;144.0;821.0;92.0;1247.0;738.0;14.1;79.1;1.2665
1111978800;1.0;1003.0;-200.0;2.7;635.0;117.0;829.0;78.0;1235.0;711.0;13.7;80.6;1.2528
1111982400;0.8;951.0;-200.0;2.0;583.0;89.0;905.0;63.0;1212.0;624.0;13.9;79.6;1.2616
1111986000;0.6;938.0;-200.0;1.9;575.0;97.0;955.0;63.0;1195.0;585.0;13.8;79.0;1.2425
1111989600;0.6;933.0;-200.0;1.9;574.0;95.0;937.0;63.0;1201.0;646.0;13.9;78.0;1.2346
1111993200;1.0;1010.0;-200.0;3.1;656.0;166.0;815.0;84.0;1260.0;809.0;14.1;77.8;1.2445
1111996800;1.0;1025.0;-200.0;3.4;675.0;160.0;798.0;89.0;1257.0;828.0;15.0;73.2;1.2413
1112000400;1.3;1086.0;-200.0;4.9;756.0;176.0;700.0;101.0;1308.0;894.0;16.4;67.3;1.2451
1112004000;1.5;1111.0;-200.0;5.2;773.0;216.0;690.0;115.0;1331.0;915.0;17.8;61.7;1.2436
1112007600;1.6;1129.0;-200.0;5.5;788.0;220.0;692.0;111.0;1305.0;920.0;20.8;50.4;1.2213
1112011200;1.4;1097.0;-200.0;4.2;721.0;183.0;746.0;96.0;1266.0;807.0;21.6;46.8;1.1959
1112014800;1.4;1029.0;-200.0;3.3;670.0;154.0;800.0;87.0;1223.0;678.0;23.1;41.3;1.1506
1112018400;1.2;1071.0;-200.0;4.8;752.0;132.0;736.0;81.0;1289.0;668.0;23.6;39.4;1.132
1112022000;1.3;1053.0;-200.0;4.2;721.0;140.0;764.0;85.0;1216.0;617.0;25.1;34.0;1.068
1112025600;1.4;1055.0;-200.0;3.7;693.0;186.0;789.0;98.0;1203.0;598.0;24.7;35.6;1.0882
1112029200;1.6;1176.0;-200.0;6.2;822.0;213.0;704.0;109.0;1294.0;778.0;24.2;38.1;1.1357
1112032800;2.8;1293.0;-200.0;9.7;965.0;376.0;589.0;150.0;1399.0;1062.0;22.7;42.4;1.154
1112036400;3.7;1307.0;-200.0;12.4;1063.0;508.0;554.0;175.0;1432.0;1224.0;19.6;47.8;1.0781
1112040000;2.9;1163.0;-200.0;9.4;954.0;388.0;600.0;157.0;1369.0;1118.0;17.6;54.4;1.0839
1112043600;1.8;1103.0;-200.0;7.1;861.0;250.0;660.0;130.0;1310.0;964.0;16.2;60.6;1.1089
1112047200;1.6;1120.0;-200.0;6.1;817.0;232.0;669.0;120.0;1310.0;1050.0;15.2;65.8;1.1288
1112050800;1.7;1107.0;-200.0;6.0;810.0;229.0;677.0;114.0;1311.0;1016.0;14.5;68.9;1.1298
1112054400;1.5;1078.0;-200.0;5.0;766.0;184.0;692.0;100.0;1269.0;998.0;14.3;68.5;1.1122
1112058000;1.0;963.0;-200.0;2.9;646.0;117.0;834.0;83.0;1181.0;846.0;14.7;66.4;1.1006
1112061600;0.8;923.0;-200.0;2.2;596.0;103.0;908.0;72.0;1148.0;762.0;13.4;70.4;1.0793
1112065200;0.5;853.0;-200.0;1.0;502.0;66.0;1117.0;51.0;1087.0;592.0;14.2;65.1;1.0495
1112068800;-200.0;883.0;-200.0;1.3;530.0;63.0;997.0;46.0;1102.0;617.0;13.7;68.2;1.0611
1112072400;0.5;921.0;-200.0;1.9;575.0;95.0;956.0;58.0;1143.0;672.0;13.7;67.8;1.0575
1112076000;1.0;1031.0;-200.0;4.7;748.0;188.0;738.0;86.0;1245.0;890.0;12.9;71.8;1.0657
1112079600;3.0;1371.0;-200.0;16.0;1180.0;527.0;472.0;122.0;1632.0;1354.0;13.2;69.9;1.0543
1112083200;5.1;1519.0;-200.0;26.3;1461.0;623.0;370.0;140.0;2005.0;1648.0;14.4;65.8;1.0727
1112086800;4.3;1409.0;-200.0;18.8;1262.0;606.0;434.0;146.0;1709.0;1566.0;15.3;63.3;1.092
1112090400;3.3;1303.0;-200.0;14.4;1128.0;460.0;489.0;152.0;1573.0;1541.0;17.7;55.6;1.112
1112094000;2.4;1184.0;-200.0;10.0;978.0;346.0;567.0;147.0;1425.0;1226.0;19.6;49.4;1.1176
1112097600;2.4;1202.0;-200.0;12.1;1052.0;296.0;519.0;134.0;1525.0;1126.0;18.1;58.3;1.2013
1112101200;2.5;1197.0;-200.0;11.7;1040.0;321.0;530.0;136.0;1519.0;1147.0;18.0;57.9;1.1826
1112104800;2.3;1234.0;-200.0;12.0;1049.0;312.0;523.0;142.0;1516.0;1190.0;18.6;55.0;1.1696
1112108400;2.7;1247.0;-200.0;12.3;1059.0;355.0;508.0;153.0;1550.0;1212.0;18.3;57.9;1.2047
1112112000;2.7;1234.0;-200.0;12.3;1060.0;349.0;509.0;153.0;1504.0;1251.0;18.3;54.8;1.1403
1112115600;3.3;1339.0;-200.0;16.7;1200.0;385.0;457.0;155.0;1671.0;1404.0;18.3;53.9;1.1252
1112119200;3.9;1331.0;-200.0;15.3;1160.0;456.0;474.0;181.0;1598.0;1419.0;18.5;54.6;1.1515
1112122800;2.6;1251.0;-200.0;13.4;1097.0;306.0;502.0;151.0;1541.0;1328.0;17.1;61.5;1.191
1112126400;3.2;1267.0;-200.0;13.5;1102.0;402.0;498.0;159.0;1545.0;1378.0;16.4;62.5;1.1531
1112130000;2.3;1145.0;-200.0;9.0;938.0;340.0;591.0;151.0;1376.0;1159.0;15.2;64.2;1.0983
1112133600;1.4;1010.0;-200.0;4.8;752.0;206.0;740.0;127.0;1218.0;932.0;14.6;67.3;1.1102
1112137200;1.1;1025.0;-200.0;5.0;761.0;158.0;745.0;107.0;1237.0;942.0;13.5;70.8;1.0928
1112140800;1.2;1024.0;-200.0;4.9;759.0;178.0;721.0;101.0;1224.0;944.0;13.0;71.9;1.0697
1112144400;0.9;938.0;-200.0;3.4;679.0;118.0;829.0;80.0;1144.0;798.0;13.0;70.2;1.0457
1112148000;0.7;905.0;-200.0;2.4;615.0;95.0;885.0;68.0;1104.0;776.0;11.6;74.9;1.0224
1112151600;0.5;826.0;-200.0;1.1;512.0;84.0;1108.0;61.0;1043.0;636.0;12.5;67.4;0.9722
1112155200;0.4;879.0;-200.0;1.4;539.0;82.0;1045.0;56.0;1073.0;678.0;11.5;71.5;0.9684
1112158800;0.5;901.0;-200.0;2.1;589.0;122.0;933.0;70.0;1109.0;754.0;10.2;77.9;0.9692
1112162400;0.8;948.0;-200.0;3.8;702.0;146.0;801.0;78.0;1164.0;818.0;11.0;73.1;0.9554
1112166000;2.3;1250.0;-200.0;12.6;1069.0;397.0;532.0;106.0;1457.0;1202.0;10.7;73.6;0.9439
1112169600;2.9;1263.0;-200.0;14.7;1138.0;371.0;503.0;117.0;1533.0;1296.0;12.1;67.3;0.9499
1112173200;3.1;1319.0;-200.0;15.5;1164.0;454.0;489.0;144.0;1543.0;1418.0;15.1;58.6;0.9982
1112176800;2.7;1202.0;-200.0;12.1;1055.0;433.0;534.0;158.0;1458.0;1293.0;18.6;49.5;1.052
1112180400;1.8;1109.0;-200.0;7.9;896.0;287.0;629.0;137.0;1308.0;1027.0;20.9;42.5;1.037
1112184000;1.9;1136.0;-200.0;9.6;962.0;265.0;594.0;130.0;1350.0;1052.0;23.6;34.8;0.9986
1112187600;1.8;1082.0;-200.0;8.3;910.0;225.0;629.0;125.0;1301.0;875.0;25.6;28.5;0.9199
1112191200;1.8;1070.0;-200.0;9.2;947.0;210.0;609.0;124.0;1292.0;815.0;26.1;26.3;0.875
1112194800;1.8;1070.0;-200.0;8.4;917.0;215.0;633.0;125.0;1252.0;760.0;26.6;24.9;0.8525
1112198400;1.7;1123.0;-200.0;9.2;945.0;227.0;623.0;135.0;1303.0;856.0;25.1;28.5;0.8932
1112202000;3.2;1271.0;-200.0;16.1;1183.0;403.0;493.0;179.0;1498.0;1258.0;24.1;32.1;0.9504
1112205600;3.4;1304.0;-200.0;17.1;1212.0;444.0;476.0;183.0;1585.0;1383.0;21.5;39.1;0.9914
1112209200;4.2;1360.0;-200.0;19.9;1295.0;475.0;451.0;193.0;1639.0;1518.0;19.3;46.2;1.023
1112212800;3.5;1278.0;-200.0;14.9;1147.0;438.0;505.0;185.0;1536.0;1890.0;18.2;52.6;1.0911
1112216400;2.0;1130.0;-200.0;8.8;933.0;254.0;608.0;147.0;1373.0;1389.0;16.8;58.2;1.1022
1112220000;1.4;1066.0;-200.0;5.8;802.0;172.0;689.0;117.0;1282.0;1090.0;16.0;61.9;1.115
1112223600;1.5;1090.0;-200.0;6.6;841.0;174.0;661.0;112.0;1317.0;1092.0;15.3;65.4;1.126
1112227200;1.2;1013.0;-200.0;4.8;754.0;146.0;729.0;101.0;1245.0;954.0;14.5;67.8;1.1171
1112230800;1.1;998.0;-200.0;4.1;718.0;134.0;757.0;93.0;1230.0;951.0;14.2;68.6;1.1068
1112234400;0.7;923.0;-200.0;2.5;616.0;83.0;874.0;64.0;1169.0;790.0;13.9;68.7;1.0892
1112238000;0.6;904.0;-200.0;1.7;565.0;81.0;942.0;61.0;1144.0;752.0;13.1;72.5;1.0911
1112241600;0.5;884.0;-200.0;1.6;556.0;73.0;965.0;54.0;1135.0;708.0;12.9;72.7;1.076
1112245200;0.6;936.0;-200.0;2.6;628.0;104.0;876.0;64.0;1173.0;782.0;12.3;74.2;1.0583
1112248800;0.9;1068.0;-200.0;6.1;816.0;191.0;681.0;80.0;1264.0;1011.0;12.6;71.5;1.038
1112252400;4.0;1531.0;-200.0;23.6;1394.0;673.0;407.0;133.0;1860.0;1683.0;12.7;69.6;1.0206
1112256000;4.1;1184.0;-200.0;10.9;1012.0;547.0;567.0;170.0;1397.0;1341.0;16.8;51.6;0.9818
1112259600;1.9;1064.0;-200.0;6.8;848.0;275.0;692.0;139.0;1212.0;1014.0;20.3;40.1;0.9439
1112263200;1.3;996.0;-200.0;4.9;759.0;200.0;773.0;124.0;1119.0;751.0;21.0;37.3;0.9139
1112266800;1.2;984.0;-200.0;4.2;724.0;185.0;810.0;118.0;1088.0;630.0;21.0;36.9;0.9089
1112270400;1.2;980.0;-200.0;4.3;728.0;164.0;808.0;108.0;1098.0;565.0;22.8;33.0;0.904
1112274000;1.2;970.0;-200.0;4.0;710.0;150.0;833.0;100.0;1094.0;535.0;24.0;30.3;0.8925
1112277600;0.9;940.0;-200.0;3.1;656.0;134.0;913.0;91.0;1052.0;471.0;22.6;33.2;0.9007
1112281200;1.0;963.0;-200.0;3.7;691.0;128.0;857.0;89.0;1075.0;512.0;22.5;32.9;0.8846
1112284800;1.1;961.0;-200.0;3.8;702.0;150.0;849.0;102.0;1070.0;527.0;21.5;33.8;0.8575
1112288400;1.5;1067.0;-200.0;6.5;836.0;171.0;713.0;114.0;1206.0;690.0;21.4;36.4;0.9172
1112292000;2.1;1084.0;-200.0;7.2;866.0;204.0;682.0;124.0;1219.0;778.0;20.0;38.9;0.8974
1112295600;2.1;1102.0;-200.0;8.3;912.0;215.0;647.0;136.0;1287.0;872.0;17.8;45.2;0.9123
1112299200;1.5;976.0;-200.0;4.4;731.0;156.0;787.0;118.0;1095.0;622.0;16.3;47.3;0.8686
1112302800;1.0;895.0;-200.0;2.3;607.0;114.0;944.0;93.0;1012.0;512.0;16.3;44.8;0.8244
1112306400;0.8;886.0;-200.0;1.8;568.0;81.0;1015.0;72.0;992.0;438.0;15.6;47.1;0.8273
1112310000;0.8;886.0;-200.0;2.1;589.0;83.0;975.0;69.0;1001.0;443.0;15.1;47.6;0.8139
1112313600;0.7;848.0;-200.0;1.5;541.0;69.0;1067.0;61.0;937.0;392.0;15.1;44.5;0.7569
1112317200;0.6;818.0;-200.0;1.0;497.0;53.0;1198.0;50.0;885.0;347.0;14.6;43.0;0.7108
1112320800;0.5;848.0;-200.0;1.1;509.0;36.0;1126.0;35.0;882.0;341.0;14.5;43.7;0.7163
1112324400;0.5;826.0;-200.0;0.9;488.0;30.0;1187.0;29.0;895.0;322.0;13.6;46.7;0.7245
1112328000;-200.0;818.0;-200.0;0.8;473.0;47.0;1257.0;41.0;898.0;323.0;13.7;48.8;0.7606
1112331600;0.5;868.0;-200.0;1.4;535.0;88.0;1136.0;66.0;944.0;395.0;13.5;50.6;0.7783
1112335200;0.6;901.0;-200.0;2.0;586.0;135.0;993.0;89.0;979.0;510.0;13.7;47.4;0.7412
1112338800;1.5;1044.0;-200.0;6.7;845.0;280.0;710.0;150.0;1158.0;909.0;13.7;45.9;0.7154
1112342400;1.9;1030.0;-200.0;6.3;828.0;313.0;705.0;150.0;1130.0;869.0;16.1;41.0;0.7435
1112346000;1.3;965.0;-200.0;4.3;730.0;205.0;799.0;127.0;1038.0;652.0;16.1;41.5;0.7559
1112349600;1.0;948.0;-200.0;3.5;684.0;180.0;851.0;120.0;1011.0;599.0;16.5;40.8;0.757
1112353200;1.0;939.0;-200.0;3.6;687.0;197.0;870.0;123.0;981.0;550.0;18.9;33.8;0.7312
1112356800;1.1;925.0;-200.0;4.0;713.0;172.0;853.0;115.0;957.0;518.0;19.2;29.5;0.648
1112360400;1.3;924.0;-200.0;4.5;739.0;184.0;834.0;122.0;966.0;541.0;19.9;26.3;0.6054
1112364000;1.0;891.0;-200.0;3.3;669.0;160.0;923.0;111.0;911.0;456.0;19.2;27.0;0.5934
1112367600;1.1;897.0;-200.0;3.6;687.0;176.0;908.0;119.0;916.0;467.0;19.4;25.3;0.5625
1112371200;1.4;939.0;-200.0;4.3;726.0;219.0;890.0;137.0;955.0;508.0;18.9;26.2;0.5667
1112374800;1.5;943.0;-200.0;5.1;770.0;222.0;856.0;147.0;959.0;583.0;19.3;24.7;0.5483
1112378400;1.6;928.0;-200.0;5.5;790.0;231.0;812.0;154.0;951.0;609.0;17.1;25.3;0.4881
1112382000;2.2;961.0;-200.0;7.4;874.0;248.0;747.0;160.0;1003.0;757.0;15.6;26.2;0.4604
1112385600;1.4;867.0;-200.0;3.7;694.0;183.0;906.0;134.0;858.0;539.0;13.8;30.6;0.479
1112389200;0.9;823.0;-200.0;1.9;579.0;144.0;1070.0;110.0;778.0;420.0;13.1;31.7;0.4756
1112392800;0.8;835.0;-200.0;2.1;593.0;132.0;1072.0;99.0;793.0;408.0;13.2;31.8;0.4798
1112396400;1.1;893.0;-200.0;3.4;675.0;180.0;955.0;127.0;853.0;560.0;13.6;30.8;0.4779
1112400000;1.5;965.0;-200.0;5.8;803.0;280.0;802.0;174.0;951.0;889.0;13.1;32.0;0.4817
1112403600;1.1;838.0;-200.0;1.9;580.0;167.0;1055.0;127.0;791.0;516.0;12.7;33.6;0.4902
1112407200;0.6;835.0;-200.0;1.5;546.0;102.0;1111.0;81.0;768.0;391.0;12.2;35.6;0.5038
1112410800;0.5;820.0;-200.0;1.4;536.0;92.0;1137.0;70.0;777.0;374.0;11.9;35.6;0.4945
1112414400;0.4;815.0;-200.0;0.9;488.0;63.0;1223.0;49.0;742.0;326.0;11.2;38.3;0.5099
1112418000;0.4;842.0;-200.0;1.4;535.0;59.0;1140.0;44.0;805.0;352.0;11.0;40.5;0.5316
1112421600;0.6;884.0;-200.0;2.0;587.0;163.0;999.0;107.0;863.0;566.0;10.7;42.8;0.5489
1112425200;0.9;922.0;-200.0;3.1;658.0;227.0;898.0;141.0;922.0;706.0;11.1;43.3;0.572
1112428800;0.9;903.0;-200.0;2.5;618.0;183.0;933.0;121.0;899.0;575.0;14.2;36.9;0.5939
1112432400;0.8;899.0;-200.0;2.7;631.0;145.0;955.0;103.0;884.0;505.0;15.6;33.3;0.5861
1112436000;1.0;890.0;-200.0;2.7;634.0;150.0;952.0;102.0;856.0;471.0;16.3;30.0;0.5514
1112439600;0.8;877.0;-200.0;2.7;632.0;138.0;993.0;95.0;834.0;421.0;17.0;26.1;0.5036
1112443200;0.8;867.0;-200.0;2.4;613.0;134.0;1019.0;93.0;817.0;389.0;19.3;22.3;0.495
1112446800;1.0;892.0;-200.0;2.4;614.0;137.0;986.0;95.0;843.0;408.0;20.5;21.9;0.5215
1112450400;0.8;889.0;-200.0;2.3;603.0;112.0;1022.0;80.0;853.0;382.0;22.0;20.2;0.5274
1112454000;0.8;900.0;-200.0;2.5;622.0;112.0;1008.0;81.0;861.0;387.0;21.7;20.9;0.5367
1112457600;0.9;910.0;-200.0;2.9;644.0;149.0;971.0;106.0;873.0;428.0;21.6;20.8;0.5292
1112461200;1.1;947.0;-200.0;3.5;682.0;159.0;906.0;113.0;928.0;488.0;21.0;22.3;0.5468
1112464800;1.1;947.0;-200.0;4.0;708.0;161.0;858.0;117.0;958.0;556.0;18.6;26.6;0.5631
1112468400;1.2;936.0;-200.0;3.5;685.0;171.0;866.0;124.0;942.0;568.0;15.5;33.9;0.5957
1112472000;1.1;925.0;-200.0;2.9;645.0;167.0;904.0;122.0;930.0;546.0;14.3;38.0;0.6162
1112475600;0.8;885.0;-200.0;1.8;567.0;116.0;1021.0;87.0;872.0;428.0;13.5;39.4;0.6089
1112479200;0.7;891.0;-200.0;1.8;567.0;105.0;1031.0;79.0;881.0;418.0;13.1;41.3;0.6184
1112482800;0.7;904.0;-200.0;2.1;593.0;125.0;1012.0;93.0;894.0;472.0;13.5;37.8;0.5815
1112486400;0.8;929.0;-200.0;2.5;617.0;140.0;953.0;102.0;898.0;544.0;13.5;37.4;0.5745
1112490000;0.8;951.0;-200.0;2.8;642.0;109.0;895.0;86.0;929.0;666.0;12.7;40.8;0.5977
1112493600;0.7;938.0;-200.0;2.7;631.0;99.0;882.0;77.0;931.0;679.0;12.0;44.2;0.6177
1112497200;0.8;921.0;-200.0;2.8;642.0;120.0;861.0;88.0;948.0;768.0;10.5;48.7;0.6164
1112500800;0.5;850.0;-200.0;2.0;583.0;83.0;955.0;64.0;914.0;589.0;10.1;49.7;0.6122
1112504400;0.3;811.0;-200.0;1.0;494.0;60.0;1118.0;46.0;872.0;470.0;9.6;51.0;0.6082
1112508000;0.4;848.0;-200.0;1.3;530.0;75.0;1072.0;55.0;901.0;523.0;9.1;52.4;0.6074
1112511600;0.6;882.0;-200.0;1.7;563.0;127.0;978.0;84.0;936.0;660.0;8.9;52.7;0.6034
1112515200;0.7;936.0;-200.0;2.4;611.0;134.0;911.0;89.0;949.0;741.0;13.5;40.0;0.6168
1112518800;1.2;1022.0;-200.0;4.1;715.0;192.0;806.0;118.0;1004.0;831.0;17.8;30.7;0.6205
1112522400;1.4;970.0;-200.0;3.4;677.0;166.0;888.0;113.0;931.0;613.0;21.1;23.7;0.5875
1112526000;1.3;1000.0;-200.0;5.3;779.0;171.0;805.0;115.0;1001.0;640.0;24.0;19.3;0.5673
1112529600;1.4;996.0;-200.0;5.3;781.0;177.0;806.0;124.0;985.0;631.0;26.5;16.4;0.5594
1112533200;1.0;928.0;-200.0;3.8;701.0;119.0;926.0;86.0;902.0;456.0;28.7;13.7;0.5302
1112536800;1.0;933.0;-200.0;4.2;722.0;121.0;899.0;87.0;890.0;450.0;28.5;13.1;0.5002
1112540400;1.1;956.0;-200.0;5.4;783.0;142.0;857.0;100.0;896.0;516.0;30.0;11.1;0.4624
1112544000;1.3;968.0;-200.0;6.3;826.0;197.0;867.0;132.0;898.0;548.0;29.4;10.4;0.4192
1112547600;1.4;953.0;-200.0;6.1;817.0;242.0;872.0;156.0;891.0;603.0;28.9;9.9;0.3866
1112551200;1.2;1015.0;-200.0;4.6;743.0;190.0;851.0;138.0;981.0;597.0;22.8;21.7;0.5945
1112554800;2.7;1248.0;-200.0;11.1;1018.0;367.0;599.0;181.0;1289.0;1167.0;19.9;33.0;0.7608
1112558400;2.5;1180.0;-200.0;7.9;894.0;355.0;636.0;187.0;1200.0;1372.0;17.5;40.7;0.8073
1112562000;1.5;1102.0;-200.0;6.0;812.0;235.0;693.0;158.0;1178.0;1042.0;16.4;46.6;0.8642
1112565600;1.6;1116.0;-200.0;5.8;803.0;233.0;696.0;153.0;1173.0;1055.0;15.5;49.0;0.8579
1112569200;1.2;1100.0;-200.0;5.1;769.0;170.0;722.0;128.0;1147.0;1049.0;14.3;52.5;0.8497
1112572800;0.9;1012.0;-200.0;3.5;683.0;117.0;801.0;93.0;1073.0;816.0;14.2;51.4;0.8275
1112576400;0.6;944.0;-200.0;1.9;579.0;70.0;925.0;58.0;1002.0;598.0;13.8;51.2;0.8058
1112580000;0.5;912.0;-200.0;1.5;544.0;69.0;959.0;55.0;1002.0;573.0;12.1;56.3;0.7927
1112583600;0.4;887.0;-200.0;1.1;508.0;62.0;1047.0;51.0;974.0;549.0;11.3;58.9;0.7888
1112587200;-200.0;864.0;-200.0;0.8;478.0;52.0;1116.0;43.0;958.0;489.0;11.8;56.0;0.7743
1112590800;0.5;888.0;-200.0;1.3;528.0;77.0;1077.0;53.0;987.0;578.0;10.4;59.9;0.755
1112594400;1.1;1031.0;-200.0;4.4;730.0;182.0;760.0;93.0;1129.0;905.0;9.5;63.1;0.7531
1112598000;4.0;1384.0;-200.0;17.4;1221.0;594.0;470.0;155.0;1600.0;1457.0;9.7;61.9;0.7446
1112601600;5.0;1446.0;-200.0;22.4;1362.0;586.0;415.0;174.0;1777.0;1705.0;13.5;48.9;0.7553
1112605200;3.9;1297.0;-200.0;13.6;1102.0;523.0;507.0;187.0;1375.0;1583.0;18.2;36.3;0.7487
1112608800;3.1;1314.0;-200.0;13.5;1101.0;472.0;539.0;190.0;1374.0;1729.0;21.9;29.3;0.7568
1112612400;2.4;1163.0;-200.0;11.4;1027.0;353.0;604.0;179.0;1264.0;1269.0;24.3;23.7;0.7119
1112616000;2.4;1142.0;-200.0;12.4;1063.0;293.0;603.0;175.0;1241.0;1092.0;26.9;18.3;0.6406
1112619600;2.1;1003.0;-200.0;9.5;961.0;235.0;702.0;156.0;1041.0;770.0;28.3;13.5;0.5139
1112623200;2.2;1071.0;-200.0;11.9;1047.0;265.0;654.0;168.0;1129.0;816.0;28.5;13.1;0.5028
-9223372037;;;;;;;;;;;;;
-9223372037;;;;;;;;;;;;;
-9223372037;;;;;;;;;;;;;
-9223372037;;;;;;;;;;;;;
-9223372037;;;;;;;;;;;;;
-9223372037;;;;;;;;;;;;;
-9223372037;;;;;;;;;;;;;
-9223372037;;;;;;;;;;;;;
-9223372037;;;;;;;;;;;;;
-9223372037;;;;;;;;;;;;;
-9223372037;;;;;;;;;;;;;
-9223372037;;;;;;;;;;;;;
-9223372037;;;;;;;;;;;;;
-9223372037;;;;;;;;;;;;;
-9223372037;;;;;;;;;;;;;
-9223372037;;;;;;;;;;;;;
-9223372037;;;;;;;;;;;;;
-9223372037;;;;;;;;;;;;;
-9223372037;;;;;;;;;;;;;
-9223372037;;;;;;;;;;;;;
-9223372037;;;;;;;;;;;;;
-9223372037;;;;;;;;;;;;;
-9223372037;;;;;;;;;;;;;
-9223372037;;;;;;;;;;;;;
-9223372037;;;;;;;;;;;;;
-9223372037;;;;;;;;;;;;;
-9223372037;;;;;;;;;;;;;
-9223372037;;;;;;;;;;;;;
-9223372037;;;;;;;;;;;;;
-9223372037;;;;;;;;;;;;;
-9223372037;;;;;;;;;;;;;
-9223372037;;;;;;;;;;;;;
-9223372037;;;;;;;;;;;;;
-9223372037;;;;;;;;;;;;;
-9223372037;;;;;;;;;;;;;
-9223372037;;;;;;;;;;;;;
-9223372037;;;;;;;;;;;;;
-9223372037;;;;;;;;;;;;;
-9223372037;;;;;;;;;;;;;
-9223372037;;;;;;;;;;;;;
-9223372037;;;;;;;;;;;;;
-9223372037;;;;;;;;;;;;;
-9223372037;;;;;;;;;;;;;
-9223372037;;;;;;;;;;;;;
-9223372037;;;;;;;;;;;;;
-9223372037;;;;;;;;;;;;;
-9223372037;;;;;;;;;;;;;
-9223372037;;;;;;;;;;;;;
-9223372037;;;;;;;;;;;;;
-9223372037;;;;;;;;;;;;;
-9223372037;;;;;;;;;;;;;
-9223372037;;;;;;;;;;;;;
-9223372037;;;;;;;;;;;;;
-9223372037;;;;;;;;;;;;;
-9223372037;;;;;;;;;;;;;
-9223372037;;;;;;;;;;;;;
-9223372037;;;;;;;;;;;;;
-9223372037;;;;;;;;;;;;;
-9223372037;;;;;;;;;;;;;
-9223372037;;;;;;;;;;;;;
-9223372037;;;;;;;;;;;;;
-9223372037;;;;;;;;;;;;;
-9223372037;;;;;;;;;;;;;
-9223372037;;;;;;;;;;;;;
-9223372037;;;;;;;;;;;;;
-9223372037;;;;;;;;;;;;;
-9223372037;;;;;;;;;;;;;
-9223372037;;;;;;;;;;;;;
-9223372037;;;;;;;;;;;;;
-9223372037;;;;;;;;;;;;;
-9223372037;;;;;;;;;;;;;
-9223372037;;;;;;;;;;;;;
-9223372037;;;;;;;;;;;;;
-9223372037;;;;;;;;;;;;;
-9223372037;;;;;;;;;;;;;
-9223372037;;;;;;;;;;;;;
-9223372037;;;;;;;;;;;;;
-9223372037;;;;;;;;;;;;;
-9223372037;;;;;;;;;;;;;
-9223372037;;;;;;;;;;;;;
-9223372037;;;;;;;;;;;;;
-9223372037;;;;;;;;;;;;;
-9223372037;;;;;;;;;;;;;
-9223372037;;;;;;;;;;;;;
-9223372037;;;;;;;;;;;;;
-9223372037;;;;;;;;;;;;;
-9223372037;;;;;;;;;;;;;
-9223372037;;;;;;;;;;;;;
-9223372037;;;;;;;;;;;;;
-9223372037;;;;;;;;;;;;;
-9223372037;;;;;;;;;;;;;
-9223372037;;;;;;;;;;;;;
-9223372037;;;;;;;;;;;;;
-9223372037;;;;;;;;;;;;;
-9223372037;;;;;;;;;;;;;
-9223372037;;;;;;;;;;;;;
-9223372037;;;;;;;;;;;;;
-9223372037;;;;;;;;;;;;;
-9223372037;;;;;;;;;;;;;
-9223372037;;;;;;;;;;;;;
-9223372037;;;;;;;;;;;;;
-9223372037;;;;;;;;;;;;;
-9223372037;;;;;;;;;;;;;
-9223372037;;;;;;;;;;;;;
-9223372037;;;;;;;;;;;;;
-9223372037;;;;;;;;;;;;;
-9223372037;;;;;;;;;;;;;
-9223372037;;;;;;;;;;;;;
-9223372037;;;;;;;;;;;;;
-9223372037;;;;;;;;;;;;;
-9223372037;;;;;;;;;;;;;
-9223372037;;;;;;;;;;;;;
-9223372037;;;;;;;;;;;;;
-9223372037;;;;;;;;;;;;;
