V_start,V_end,window_V,n_points,n_components,R2_LOO,RMSE_LOO,composite,V_selected
0.56,0.79,0.23,6,6,0.97031,0.24746,0.96019,"[np.float64(0.5596), np.float64(0.6096), np.float64(0.6495), np.float64(0.6995), np.float64(0.7395), np.float64(0.7894)]"
0.56,0.76,0.2,9,7,0.96918,0.25213,0.9591,"[np.float64(0.5596), np.float64(0.5796), np.float64(0.6096), np.float64(0.6396), np.float64(0.6595), np.float64(0.6795), np.float64(0.7095), np.float64(0.7395), np.float64(0.7595)]"
0.42,0.8,0.38,7,7,0.96571,0.26592,0.95579,"[np.float64(0.4196), np.float64(0.4796), np.float64(0.5496), np.float64(0.6096), np.float64(0.6695), np.float64(0.7395), np.float64(0.7994)]"
0.58,0.78,0.2,7,6,0.95513,0.3042,0.94604,"[np.float64(0.5796), np.float64(0.6096), np.float64(0.6495), np.float64(0.6795), np.float64(0.7095), np.float64(0.7495), np.float64(0.7795)]"
0.56,0.79,0.23,10,7,0.9439,0.34017,0.9361,"[np.float64(0.5596), np.float64(0.5896), np.float64(0.6096), np.float64(0.6396), np.float64(0.6595), np.float64(0.6895), np.float64(0.7095), np.float64(0.7395), np.float64(0.7595), np.float64(0.7894)]"
0.56,0.78,0.22,9,7,0.94076,0.34954,0.93339,"[np.float64(0.5596), np.float64(0.5896), np.float64(0.6196), np.float64(0.6396), np.float64(0.6695), np.float64(0.6995), np.float64(0.7195), np.float64(0.7495), np.float64(0.7795)]"
0.56,0.77,0.21,8,7,0.939,0.3547,0.93187,"[np.float64(0.5596), np.float64(0.5896), np.float64(0.6196), np.float64(0.6495), np.float64(0.6795), np.float64(0.7095), np.float64(0.7395), np.float64(0.7695)]"
0.56,0.78,0.22,15,7,0.93573,0.36409,0.92907,"[np.float64(0.5596), np.float64(0.5796), np.float64(0.5896), np.float64(0.6096), np.float64(0.6196), np.float64(0.6396), np.float64(0.6495), np.float64(0.6695), np.float64(0.6895), np.float64(0.6995), np.float64(0.7195), np.float64(0.7295), np.float64(0.7495), np.float64(0.7595), np.float64(0.7795)]"
0.56,0.78,0.22,20,6,0.93261,0.3728,0.92643,"[np.float64(0.5596), np.float64(0.5696), np.float64(0.5796), np.float64(0.5896), np.float64(0.6096), np.float64(0.6196), np.float64(0.6296), np.float64(0.6396), np.float64(0.6495), np.float64(0.6595), np.float64(0.6795), np.float64(0.6895), np.float64(0.6995), np.float64(0.7095), np.float64(0.7195), np.float64(0.7295), np.float64(0.7495), np.float64(0.7595), np.float64(0.7695), np.float64(0.7795)]"
0.4,0.76,0.36,5,3,0.93163,0.37551,0.9256,"[np.float64(0.3996), np.float64(0.4896), np.float64(0.5796), np.float64(0.6695), np.float64(0.7595)]"
0.4,0.74,0.34,2,2,0.93094,0.3774,0.92502,"[np.float64(0.3996), np.float64(0.7395)]"
0.4,0.77,0.37,9,3,0.9303,0.37915,0.92448,"[np.float64(0.3996), np.float64(0.4496), np.float64(0.4896), np.float64(0.5396), np.float64(0.5796), np.float64(0.6296), np.float64(0.6795), np.float64(0.7195), np.float64(0.7695)]"
0.4,0.76,0.36,6,3,0.93024,0.37932,0.92443,"[np.float64(0.3996), np.float64(0.4696), np.float64(0.5396), np.float64(0.6196), np.float64(0.6895), np.float64(0.7595)]"
0.4,0.77,0.37,8,3,0.92979,0.38053,0.92405,"[np.float64(0.3996), np.float64(0.4496), np.float64(0.5096), np.float64(0.5596), np.float64(0.6096), np.float64(0.6595), np.float64(0.7195), np.float64(0.7695)]"
0.56,0.78,0.22,19,6,0.92968,0.38084,0.92396,"[np.float64(0.5596), np.float64(0.5696), np.float64(0.5796), np.float64(0.5996), np.float64(0.6096), np.float64(0.6196), np.float64(0.6296), np.float64(0.6495), np.float64(0.6595), np.float64(0.6695), np.float64(0.6795), np.float64(0.6895), np.float64(0.7095), np.float64(0.7195), np.float64(0.7295), np.float64(0.7395), np.float64(0.7595), np.float64(0.7695), np.float64(0.7795)]"
0.56,0.78,0.22,8,7,0.9293,0.38187,0.92363,"[np.float64(0.5596), np.float64(0.5896), np.float64(0.6196), np.float64(0.6495), np.float64(0.6895), np.float64(0.7195), np.float64(0.7495), np.float64(0.7795)]"
0.4,0.76,0.36,7,3,0.92903,0.38258,0.92341,"[np.float64(0.3996), np.float64(0.4596), np.float64(0.5196), np.float64(0.5796), np.float64(0.6396), np.float64(0.6995), np.float64(0.7595)]"
0.4,0.73,0.33,2,2,0.92888,0.383,0.92328,"[np.float64(0.3996), np.float64(0.7295)]"
0.4,0.77,0.37,10,3,0.92879,0.38324,0.92321,"[np.float64(0.3996), np.float64(0.4396), np.float64(0.4796), np.float64(0.5196), np.float64(0.5596), np.float64(0.6096), np.float64(0.6495), np.float64(0.6895), np.float64(0.7295), np.float64(0.7695)]"
0.56,0.77,0.21,10,6,0.92836,0.38439,0.92285,"[np.float64(0.5596), np.float64(0.5796), np.float64(0.6096), np.float64(0.6296), np.float64(0.6495), np.float64(0.6795), np.float64(0.6995), np.float64(0.7195), np.float64(0.7495), np.float64(0.7695)]"
0.56,0.78,0.22,18,7,0.92831,0.38453,0.92281,"[np.float64(0.5596), np.float64(0.5696), np.float64(0.5896), np.float64(0.5996), np.float64(0.6096), np.float64(0.6196), np.float64(0.6396), np.float64(0.6495), np.float64(0.6595), np.float64(0.6795), np.float64(0.6895), np.float64(0.6995), np.float64(0.7195), np.float64(0.7295), np.float64(0.7395), np.float64(0.7495), np.float64(0.7695), np.float64(0.7795)]"
0.56,0.77,0.21,14,7,0.9281,0.38508,0.92263,"[np.float64(0.5596), np.float64(0.5796), np.float64(0.5896), np.float64(0.6096), np.float64(0.6196), np.float64(0.6396), np.float64(0.6595), np.float64(0.6695), np.float64(0.6895), np.float64(0.7095), np.float64(0.7195), np.float64(0.7395), np.float64(0.7495), np.float64(0.7695)]"
0.4,0.76,0.36,8,3,0.92756,0.38653,0.92218,"[np.float64(0.3996), np.float64(0.4496), np.float64(0.4996), np.float64(0.5496), np.float64(0.6096), np.float64(0.6595), np.float64(0.7095), np.float64(0.7595)]"
0.56,0.78,0.22,13,7,0.92755,0.38656,0.92217,"[np.float64(0.5596), np.float64(0.5796), np.float64(0.5996), np.float64(0.6196), np.float64(0.6296), np.float64(0.6495), np.float64(0.6695), np.float64(0.6895), np.float64(0.7095), np.float64(0.7195), np.float64(0.7395), np.float64(0.7595), np.float64(0.7795)]"
0.4,0.77,0.37,12,3,0.92752,0.38664,0.92214,"[np.float64(0.3996), np.float64(0.4296), np.float64(0.4696), np.float64(0.4996), np.float64(0.5296), np.float64(0.5696), np.float64(0.5996), np.float64(0.6396), np.float64(0.6695), np.float64(0.6995), np.float64(0.7395), np.float64(0.7695)]"
0.4,0.77,0.37,11,3,0.92715,0.38761,0.92184,"[np.float64(0.3996), np.float64(0.4396), np.float64(0.4696), np.float64(0.5096), np.float64(0.5496), np.float64(0.5796), np.float64(0.6196), np.float64(0.6595), np.float64(0.6995), np.float64(0.7295), np.float64(0.7695)]"
0.42,0.74,0.32,2,2,0.92696,0.38814,0.92167,"[np.float64(0.4196), np.float64(0.7395)]"
0.56,0.77,0.21,11,7,0.92665,0.38895,0.92142,"[np.float64(0.5596), np.float64(0.5796), np.float64(0.5996), np.float64(0.6196), np.float64(0.6396), np.float64(0.6595), np.float64(0.6895), np.float64(0.7095), np.float64(0.7295), np.float64(0.7495), np.float64(0.7695)]"
0.4,0.77,0.37,7,3,0.92626,0.38999,0.92109,"[np.float64(0.3996), np.float64(0.4596), np.float64(0.5196), np.float64(0.5796), np.float64(0.6495), np.float64(0.7095), np.float64(0.7695)]"
0.42,0.76,0.34,5,3,0.92622,0.39009,0.92106,"[np.float64(0.4196), np.float64(0.4996), np.float64(0.5896), np.float64(0.6795), np.float64(0.7595)]"
0.4,0.76,0.36,9,3,0.92613,0.39034,0.92098,"[np.float64(0.3996), np.float64(0.4396), np.float64(0.4896), np.float64(0.5396), np.float64(0.5796), np.float64(0.6196), np.float64(0.6695), np.float64(0.7195), np.float64(0.7595)]"
0.4,0.77,0.37,13,3,0.92608,0.39046,0.92094,"[np.float64(0.3996), np.float64(0.4296), np.float64(0.4596), np.float64(0.4896), np.float64(0.5196), np.float64(0.5496), np.float64(0.5796), np.float64(0.6196), np.float64(0.6495), np.float64(0.6795), np.float64(0.7095), np.float64(0.7395), np.float64(0.7695)]"
0.56,0.79,0.23,9,7,0.92588,0.39099,0.92077,"[np.float64(0.5596), np.float64(0.5896), np.float64(0.6196), np.float64(0.6495), np.float64(0.6795), np.float64(0.6995), np.float64(0.7295), np.float64(0.7595), np.float64(0.7894)]"
0.4,0.77,0.37,14,3,0.92558,0.39177,0.92053,"[np.float64(0.3996), np.float64(0.4296), np.float64(0.4596), np.float64(0.4896), np.float64(0.5096), np.float64(0.5396), np.float64(0.5696), np.float64(0.5996), np.float64(0.6296), np.float64(0.6595), np.float64(0.6795), np.float64(0.7095), np.float64(0.7395), np.float64(0.7695)]"
0.4,0.77,0.37,16,3,0.92558,0.39177,0.92053,"[np.float64(0.3996), np.float64(0.4196), np.float64(0.4496), np.float64(0.4696), np.float64(0.4996), np.float64(0.5196), np.float64(0.5496), np.float64(0.5696), np.float64(0.5996), np.float64(0.6196), np.float64(0.6495), np.float64(0.6695), np.float64(0.6995), np.float64(0.7195), np.float64(0.7495), np.float64(0.7695)]"
0.4,0.75,0.35,4,3,0.92544,0.39215,0.9204,"[np.float64(0.3996), np.float64(0.5196), np.float64(0.6296), np.float64(0.7495)]"
0.4,0.76,0.36,10,3,0.92526,0.39262,0.92026,"[np.float64(0.3996), np.float64(0.4396), np.float64(0.4796), np.float64(0.5196), np.float64(0.5596), np.float64(0.5996), np.float64(0.6396), np.float64(0.6795), np.float64(0.7195), np.float64(0.7595)]"
0.4,0.77,0.37,17,3,0.92512,0.39298,0.92014,"[np.float64(0.3996), np.float64(0.4196), np.float64(0.4496), np.float64(0.4696), np.float64(0.4896), np.float64(0.5196), np.float64(0.5396), np.float64(0.5596), np.float64(0.5796), np.float64(0.6096), np.float64(0.6296), np.float64(0.6495), np.float64(0.6795), np.float64(0.6995), np.float64(0.7195), np.float64(0.7495), np.float64(0.7695)]"
0.4,0.75,0.35,5,3,0.92477,0.3939,0.91985,"[np.float64(0.3996), np.float64(0.4896), np.float64(0.5796), np.float64(0.6595), np.float64(0.7495)]"
0.4,0.77,0.37,15,3,0.92477,0.3939,0.91985,"[np.float64(0.3996), np.float64(0.4296), np.float64(0.4496), np.float64(0.4796), np.float64(0.5096), np.float64(0.5296), np.float64(0.5596), np.float64(0.5796), np.float64(0.6096), np.float64(0.6396), np.float64(0.6595), np.float64(0.6895), np.float64(0.7195), np.float64(0.7395), np.float64(0.7695)]"
0.56,0.77,0.21,12,7,0.92471,0.39407,0.9198,"[np.float64(0.5596), np.float64(0.5796), np.float64(0.5996), np.float64(0.6196), np.float64(0.6396), np.float64(0.6595), np.float64(0.6695), np.float64(0.6895), np.float64(0.7095), np.float64(0.7295), np.float64(0.7495), np.float64(0.7695)]"
0.4,0.77,0.37,18,3,0.92457,0.39443,0.91968,"[np.float64(0.3996), np.float64(0.4196), np.float64(0.4396), np.float64(0.4696), np.float64(0.4896), np.float64(0.5096), np.float64(0.5296), np.float64(0.5496), np.float64(0.5696), np.float64(0.5996), np.float64(0.6196), np.float64(0.6396), np.float64(0.6595), np.float64(0.6795), np.float64(0.6995), np.float64(0.7295), np.float64(0.7495), np.float64(0.7695)]"
0.42,0.73,0.31,2,2,0.92402,0.39588,0.91922,"[np.float64(0.4196), np.float64(0.7295)]"
0.4,0.76,0.36,11,3,0.92386,0.39629,0.91909,"[np.float64(0.3996), np.float64(0.4396), np.float64(0.4696), np.float64(0.5096), np.float64(0.5396), np.float64(0.5796), np.float64(0.6196), np.float64(0.6495), np.float64(0.6895), np.float64(0.7195), np.float64(0.7595)]"
0.44,0.74,0.3,2,2,0.92382,0.3964,0.91905,"[np.float64(0.4396), np.float64(0.7395)]"
0.4,0.77,0.37,20,3,0.92354,0.39711,0.91883,"[np.float64(0.3996), np.float64(0.4196), np.float64(0.4396), np.float64(0.4596), np.float64(0.4796), np.float64(0.4996), np.float64(0.5196), np.float64(0.5396), np.float64(0.5596), np.float64(0.5796), np.float64(0.5896), np.float64(0.6096), np.float64(0.6296), np.float64(0.6495), np.float64(0.6695), np.float64(0.6895), np.float64(0.7095), np.float64(0.7295), np.float64(0.7495), np.float64(0.7695)]"
0.4,0.77,0.37,19,3,0.92333,0.39766,0.91865,"[np.float64(0.3996), np.float64(0.4196), np.float64(0.4396), np.float64(0.4596), np.float64(0.4796), np.float64(0.4996), np.float64(0.5196), np.float64(0.5396), np.float64(0.5596), np.float64(0.5796), np.float64(0.6096), np.float64(0.6296), np.float64(0.6495), np.float64(0.6695), np.float64(0.6895), np.float64(0.7095), np.float64(0.7295), np.float64(0.7495), np.float64(0.7695)]"
0.4,0.75,0.35,6,3,0.92329,0.39775,0.91862,"[np.float64(0.3996), np.float64(0.4696), np.float64(0.5396), np.float64(0.6096), np.float64(0.6795), np.float64(0.7495)]"
0.42,0.76,0.34,6,3,0.92306,0.39835,0.91843,"[np.float64(0.4196), np.float64(0.4896), np.float64(0.5596), np.float64(0.6196), np.float64(0.6895), np.float64(0.7595)]"
0.56,0.78,0.22,16,7,0.92274,0.39918,0.91816,"[np.float64(0.5596), np.float64(0.5696), np.float64(0.5896), np.float64(0.5996), np.float64(0.6196), np.float64(0.6296), np.float64(0.6495), np.float64(0.6595), np.float64(0.6795), np.float64(0.6895), np.float64(0.7095), np.float64(0.7195), np.float64(0.7395), np.float64(0.7495), np.float64(0.7695), np.float64(0.7795)]"
0.4,0.78,0.38,20,3,0.92256,0.39965,0.91801,"[np.float64(0.3996), np.float64(0.4196), np.float64(0.4396), np.float64(0.4596), np.float64(0.4796), np.float64(0.4996), np.float64(0.5196), np.float64(0.5396), np.float64(0.5596), np.float64(0.5796), np.float64(0.5996), np.float64(0.6196), np.float64(0.6396), np.float64(0.6595), np.float64(0.6795), np.float64(0.6995), np.float64(0.7195), np.float64(0.7395), np.float64(0.7595), np.float64(0.7795)]"
0.4,0.76,0.36,12,3,0.92254,0.3997,0.918,"[np.float64(0.3996), np.float64(0.4296), np.float64(0.4696), np.float64(0.4996), np.float64(0.5296), np.float64(0.5596), np.float64(0.5996), np.float64(0.6296), np.float64(0.6595), np.float64(0.6895), np.float64(0.7295), np.float64(0.7595)]"
0.46,0.74,0.28,2,2,0.92221,0.40055,0.91772,"[np.float64(0.4596), np.float64(0.7395)]"
0.4,0.75,0.35,7,3,0.92175,0.40174,0.91734,"[np.float64(0.3996), np.float64(0.4596), np.float64(0.5196), np.float64(0.5796), np.float64(0.6296), np.float64(0.6895), np.float64(0.7495)]"
0.54,0.74,0.2,3,2,0.92152,0.40233,0.91715,"[np.float64(0.5396), np.float64(0.6396), np.float64(0.7395)]"
0.54,0.75,0.21,5,2,0.92132,0.40282,0.91699,"[np.float64(0.5396), np.float64(0.5896), np.float64(0.6396), np.float64(0.6995), np.float64(0.7495)]"
0.56,0.76,0.2,17,2,0.92116,0.40324,0.91685,"[np.float64(0.5596), np.float64(0.5696), np.float64(0.5796), np.float64(0.5996), np.float64(0.6096), np.float64(0.6196), np.float64(0.6396), np.float64(0.6495), np.float64(0.6595), np.float64(0.6695), np.float64(0.6795), np.float64(0.6995), np.float64(0.7095), np.float64(0.7195), np.float64(0.7395), np.float64(0.7495), np.float64(0.7595)]"
0.56,0.76,0.2,11,2,0.9211,0.40339,0.91681,"[np.float64(0.5596), np.float64(0.5796), np.float64(0.5996), np.float64(0.6196), np.float64(0.6396), np.float64(0.6595), np.float64(0.6795), np.float64(0.6995), np.float64(0.7195), np.float64(0.7395), np.float64(0.7595)]"
0.54,0.76,0.22,12,2,0.92111,0.40337,0.91681,"[np.float64(0.5396), np.float64(0.5596), np.float64(0.5796), np.float64(0.5996), np.float64(0.6196), np.float64(0.6396), np.float64(0.6595), np.float64(0.6795), np.float64(0.6995), np.float64(0.7195), np.float64(0.7395), np.float64(0.7595)]"
0.54,0.76,0.22,19,2,0.92109,0.40342,0.9168,"[np.float64(0.5396), np.float64(0.5496), np.float64(0.5596), np.float64(0.5796), np.float64(0.5896), np.float64(0.5996), np.float64(0.6096), np.float64(0.6296), np.float64(0.6396), np.float64(0.6495), np.float64(0.6595), np.float64(0.6695), np.float64(0.6895), np.float64(0.6995), np.float64(0.7095), np.float64(0.7195), np.float64(0.7395), np.float64(0.7495), np.float64(0.7595)]"
0.44,0.73,0.29,2,2,0.92108,0.40346,0.91678,"[np.float64(0.4396), np.float64(0.7295)]"
0.56,0.76,0.2,18,2,0.92106,0.4035,0.91677,"[np.float64(0.5596), np.float64(0.5696), np.float64(0.5796), np.float64(0.5996), np.float64(0.6096), np.float64(0.6196), np.float64(0.6296), np.float64(0.6396), np.float64(0.6495), np.float64(0.6695), np.float64(0.6795), np.float64(0.6895), np.float64(0.6995), np.float64(0.7095), np.float64(0.7195), np.float64(0.7395), np.float64(0.7495), np.float64(0.7595)]"
0.54,0.76,0.22,11,2,0.92104,0.40354,0.91676,"[np.float64(0.5396), np.float64(0.5596), np.float64(0.5796), np.float64(0.6096), np.float64(0.6296), np.float64(0.6495), np.float64(0.6695), np.float64(0.6895), np.float64(0.7195), np.float64(0.7395), np.float64(0.7595)]"
0.56,0.76,0.2,15,2,0.92105,0.40353,0.91676,"[np.float64(0.5596), np.float64(0.5696), np.float64(0.5896), np.float64(0.5996), np.float64(0.6196), np.float64(0.6296), np.float64(0.6495), np.float64(0.6595), np.float64(0.6695), np.float64(0.6895), np.float64(0.6995), np.float64(0.7195), np.float64(0.7295), np.float64(0.7495), np.float64(0.7595)]"
0.54,0.75,0.21,6,2,0.92104,0.40356,0.91675,"[np.float64(0.5396), np.float64(0.5796), np.float64(0.6196), np.float64(0.6695), np.float64(0.7095), np.float64(0.7495)]"
0.54,0.76,0.22,16,2,0.92104,0.40356,0.91675,"[np.float64(0.5396), np.float64(0.5496), np.float64(0.5696), np.float64(0.5796), np.float64(0.5996), np.float64(0.6096), np.float64(0.6296), np.float64(0.6396), np.float64(0.6595), np.float64(0.6695), np.float64(0.6895), np.float64(0.6995), np.float64(0.7195), np.float64(0.7295), np.float64(0.7495), np.float64(0.7595)]"
0.54,0.76,0.22,13,2,0.92102,0.4036,0.91674,"[np.float64(0.5396), np.float64(0.5596), np.float64(0.5796), np.float64(0.5996), np.float64(0.6096), np.float64(0.6296), np.float64(0.6495), np.float64(0.6695), np.float64(0.6895), np.float64(0.6995), np.float64(0.7195), np.float64(0.7395), np.float64(0.7595)]"
0.56,0.76,0.2,19,2,0.92103,0.40359,0.91674,"[np.float64(0.5596), np.float64(0.5696), np.float64(0.5796), np.float64(0.5896), np.float64(0.5996), np.float64(0.6196), np.float64(0.6296), np.float64(0.6396), np.float64(0.6495), np.float64(0.6595), np.float64(0.6695), np.float64(0.6795), np.float64(0.6895), np.float64(0.6995), np.float64(0.7195), np.float64(0.7295), np.float64(0.7395), np.float64(0.7495), np.float64(0.7595)]"
0.48,0.74,0.26,2,2,0.92101,0.40363,0.91673,"[np.float64(0.4796), np.float64(0.7395)]"
0.56,0.76,0.2,10,2,0.92101,0.40363,0.91673,"[np.float64(0.5596), np.float64(0.5796), np.float64(0.5996), np.float64(0.6296), np.float64(0.6495), np.float64(0.6695), np.float64(0.6895), np.float64(0.7195), np.float64(0.7395), np.float64(0.7595)]"
0.56,0.76,0.2,12,2,0.92101,0.40364,0.91673,"[np.float64(0.5596), np.float64(0.5796), np.float64(0.5996), np.float64(0.6096), np.float64(0.6296), np.float64(0.6495), np.float64(0.6695), np.float64(0.6895), np.float64(0.7095), np.float64(0.7195), np.float64(0.7395), np.float64(0.7595)]"
0.42,0.75,0.33,4,3,0.921,0.40364,0.91672,"[np.float64(0.4196), np.float64(0.5296), np.float64(0.6396), np.float64(0.7495)]"
0.54,0.76,0.22,17,2,0.92101,0.40364,0.91672,"[np.float64(0.5396), np.float64(0.5496), np.float64(0.5696), np.float64(0.5796), np.float64(0.5996), np.float64(0.6096), np.float64(0.6196), np.float64(0.6396), np.float64(0.6495), np.float64(0.6595), np.float64(0.6795), np.float64(0.6895), np.float64(0.6995), np.float64(0.7195), np.float64(0.7295), np.float64(0.7495), np.float64(0.7595)]"
0.54,0.76,0.22,20,2,0.92099,0.40368,0.91671,"[np.float64(0.5396), np.float64(0.5496), np.float64(0.5596), np.float64(0.5696), np.float64(0.5896), np.float64(0.5996), np.float64(0.6096), np.float64(0.6196), np.float64(0.6296), np.float64(0.6396), np.float64(0.6595), np.float64(0.6695), np.float64(0.6795), np.float64(0.6895), np.float64(0.6995), np.float64(0.7095), np.float64(0.7295), np.float64(0.7395), np.float64(0.7495), np.float64(0.7595)]"
0.4,0.78,0.38,19,3,0.92096,0.40375,0.91669,"[np.float64(0.3996), np.float64(0.4196), np.float64(0.4396), np.float64(0.4596), np.float64(0.4796), np.float64(0.5096), np.float64(0.5296), np.float64(0.5496), np.float64(0.5696), np.float64(0.5896), np.float64(0.6096), np.float64(0.6296), np.float64(0.6495), np.float64(0.6695), np.float64(0.6995), np.float64(0.7195), np.float64(0.7395), np.float64(0.7595), np.float64(0.7795)]"
0.56,0.76,0.2,16,2,0.92095,0.40379,0.91668,"[np.float64(0.5596), np.float64(0.5696), np.float64(0.5896), np.float64(0.5996), np.float64(0.6096), np.float64(0.6296), np.float64(0.6396), np.float64(0.6495), np.float64(0.6695), np.float64(0.6795), np.float64(0.6895), np.float64(0.7095), np.float64(0.7195), np.float64(0.7295), np.float64(0.7495), np.float64(0.7595)]"
0.54,0.76,0.22,10,2,0.92093,0.40384,0.91666,"[np.float64(0.5396), np.float64(0.5596), np.float64(0.5896), np.float64(0.6096), np.float64(0.6396), np.float64(0.6595), np.float64(0.6895), np.float64(0.7095), np.float64(0.7395), np.float64(0.7595)]"
0.56,0.76,0.2,13,2,0.92092,0.40386,0.91665,"[np.float64(0.5596), np.float64(0.5796), np.float64(0.5896), np.float64(0.6096), np.float64(0.6296), np.float64(0.6396), np.float64(0.6595), np.float64(0.6795), np.float64(0.6895), np.float64(0.7095), np.float64(0.7295), np.float64(0.7395), np.float64(0.7595)]"
0.56,0.79,0.23,12,7,0.92091,0.40388,0.91665,"[np.float64(0.5596), np.float64(0.5796), np.float64(0.5996), np.float64(0.6196), np.float64(0.6396), np.float64(0.6595), np.float64(0.6895), np.float64(0.7095), np.float64(0.7295), np.float64(0.7495), np.float64(0.7695), np.float64(0.7894)]"
0.54,0.76,0.22,14,2,0.9209,0.40391,0.91664,"[np.float64(0.5396), np.float64(0.5596), np.float64(0.5696), np.float64(0.5896), np.float64(0.6096), np.float64(0.6196), np.float64(0.6396), np.float64(0.6595), np.float64(0.6795), np.float64(0.6895), np.float64(0.7095), np.float64(0.7295), np.float64(0.7395), np.float64(0.7595)]"
0.54,0.75,0.21,7,2,0.92088,0.40397,0.91662,"[np.float64(0.5396), np.float64(0.5796), np.float64(0.6096), np.float64(0.6396), np.float64(0.6795), np.float64(0.7195), np.float64(0.7495)]"
0.54,0.76,0.22,18,2,0.92084,0.40408,0.91658,"[np.float64(0.5396), np.float64(0.5496), np.float64(0.5696), np.float64(0.5796), np.float64(0.5896), np.float64(0.5996), np.float64(0.6196), np.float64(0.6296), np.float64(0.6396), np.float64(0.6595), np.float64(0.6695), np.float64(0.6795), np.float64(0.6995), np.float64(0.7095), np.float64(0.7195), np.float64(0.7295), np.float64(0.7495), np.float64(0.7595)]"
0.56,0.76,0.2,20,2,0.92082,0.40411,0.91657,"[np.float64(0.5596), np.float64(0.5696), np.float64(0.5796), np.float64(0.5896), np.float64(0.5996), np.float64(0.6096), np.float64(0.6196), np.float64(0.6296), np.float64(0.6396), np.float64(0.6495), np.float64(0.6695), np.float64(0.6795), np.float64(0.6895), np.float64(0.6995), np.float64(0.7095), np.float64(0.7195), np.float64(0.7295), np.float64(0.7395), np.float64(0.7495), np.float64(0.7595)]"
0.54,0.76,0.22,9,2,0.92082,0.40411,0.91657,"[np.float64(0.5396), np.float64(0.5696), np.float64(0.5996), np.float64(0.6196), np.float64(0.6495), np.float64(0.6795), np.float64(0.6995), np.float64(0.7295), np.float64(0.7595)]"
0.52,0.76,0.24,13,2,0.92079,0.40419,0.91655,"[np.float64(0.5196), np.float64(0.5396), np.float64(0.5596), np.float64(0.5796), np.float64(0.5996), np.float64(0.6196), np.float64(0.6396), np.float64(0.6595), np.float64(0.6795), np.float64(0.6995), np.float64(0.7195), np.float64(0.7395), np.float64(0.7595)]"
0.56,0.76,0.2,14,2,0.92079,0.4042,0.91654,"[np.float64(0.5596), np.float64(0.5796), np.float64(0.5896), np.float64(0.6096), np.float64(0.6196), np.float64(0.6396), np.float64(0.6495), np.float64(0.6695), np.float64(0.6795), np.float64(0.6995), np.float64(0.7095), np.float64(0.7295), np.float64(0.7395), np.float64(0.7595)]"
0.5,0.74,0.24,2,2,0.92077,0.40425,0.91653,"[np.float64(0.4996), np.float64(0.7395)]"
0.52,0.74,0.22,3,2,0.92076,0.40427,0.91652,"[np.float64(0.5196), np.float64(0.6296), np.float64(0.7395)]"
0.4,0.74,0.34,3,3,0.92076,0.40426,0.91652,"[np.float64(0.3996), np.float64(0.5696), np.float64(0.7395)]"
0.54,0.76,0.22,15,2,0.92074,0.40431,0.91651,"[np.float64(0.5396), np.float64(0.5596), np.float64(0.5696), np.float64(0.5896), np.float64(0.5996), np.float64(0.6196), np.float64(0.6296), np.float64(0.6495), np.float64(0.6695), np.float64(0.6795), np.float64(0.6995), np.float64(0.7095), np.float64(0.7295), np.float64(0.7395), np.float64(0.7595)]"
0.42,0.76,0.34,7,3,0.92071,0.40439,0.91648,"[np.float64(0.4196), np.float64(0.4796), np.float64(0.5296), np.float64(0.5896), np.float64(0.6495), np.float64(0.6995), np.float64(0.7595)]"
0.52,0.76,0.24,14,2,0.92069,0.40444,0.91646,"[np.float64(0.5196), np.float64(0.5396), np.float64(0.5596), np.float64(0.5796), np.float64(0.5896), np.float64(0.6096), np.float64(0.6296), np.float64(0.6495), np.float64(0.6695), np.float64(0.6895), np.float64(0.6995), np.float64(0.7195), np.float64(0.7395), np.float64(0.7595)]"
0.4,0.76,0.36,13,3,0.92069,0.40445,0.91646,"[np.float64(0.3996), np.float64(0.4296), np.float64(0.4596), np.float64(0.4896), np.float64(0.5196), np.float64(0.5496), np.float64(0.5796), np.float64(0.6096), np.float64(0.6396), np.float64(0.6695), np.float64(0.6995), np.float64(0.7295), np.float64(0.7595)]"
0.52,0.76,0.24,18,2,0.92068,0.40448,0.91645,"[np.float64(0.5196), np.float64(0.5296), np.float64(0.5496), np.float64(0.5596), np.float64(0.5796), np.float64(0.5896), np.float64(0.5996), np.float64(0.6196), np.float64(0.6296), np.float64(0.6495), np.float64(0.6595), np.float64(0.6795), np.float64(0.6895), np.float64(0.6995), np.float64(0.7195), np.float64(0.7295), np.float64(0.7495), np.float64(0.7595)]"
0.52,0.76,0.24,12,2,0.92068,0.40447,0.91645,"[np.float64(0.5196), np.float64(0.5396), np.float64(0.5596), np.float64(0.5896), np.float64(0.6096), np.float64(0.6296), np.float64(0.6495), np.float64(0.6695), np.float64(0.6895), np.float64(0.7195), np.float64(0.7395), np.float64(0.7595)]"
0.52,0.75,0.23,6,2,0.92068,0.40447,0.91645,"[np.float64(0.5196), np.float64(0.5696), np.float64(0.6096), np.float64(0.6595), np.float64(0.6995), np.float64(0.7495)]"
0.56,0.76,0.2,8,2,0.92066,0.40451,0.91644,"[np.float64(0.5596), np.float64(0.5896), np.float64(0.6196), np.float64(0.6495), np.float64(0.6695), np.float64(0.6995), np.float64(0.7295), np.float64(0.7595)]"
0.54,0.75,0.21,4,2,0.92065,0.40456,0.91643,"[np.float64(0.5396), np.float64(0.6096), np.float64(0.6795), np.float64(0.7495)]"
0.52,0.76,0.24,15,2,0.92064,0.40457,0.91642,"[np.float64(0.5196), np.float64(0.5396), np.float64(0.5496), np.float64(0.5696), np.float64(0.5896), np.float64(0.6096), np.float64(0.6196), np.float64(0.6396), np.float64(0.6595), np.float64(0.6695), np.float64(0.6895), np.float64(0.7095), np.float64(0.7295), np.float64(0.7395), np.float64(0.7595)]"
0.52,0.75,0.23,5,2,0.92063,0.4046,0.91641,"[np.float64(0.5196), np.float64(0.5796), np.float64(0.6396), np.float64(0.6895), np.float64(0.7495)]"
0.52,0.76,0.24,11,2,0.92062,0.40462,0.91641,"[np.float64(0.5196), np.float64(0.5396), np.float64(0.5696), np.float64(0.5896), np.float64(0.6196), np.float64(0.6396), np.float64(0.6595), np.float64(0.6895), np.float64(0.7095), np.float64(0.7395), np.float64(0.7595)]"
0.52,0.74,0.22,2,2,0.92062,0.40462,0.91641,"[np.float64(0.5196), np.float64(0.7395)]"
0.52,0.76,0.24,19,2,0.9206,0.40469,0.91639,"[np.float64(0.5196), np.float64(0.5296), np.float64(0.5496), np.float64(0.5596), np.float64(0.5696), np.float64(0.5896), np.float64(0.5996), np.float64(0.6096), np.float64(0.6296), np.float64(0.6396), np.float64(0.6495), np.float64(0.6695), np.float64(0.6795), np.float64(0.6895), np.float64(0.7095), np.float64(0.7195), np.float64(0.7295), np.float64(0.7495), np.float64(0.7595)]"
0.52,0.76,0.24,16,2,0.92057,0.40476,0.91636,"[np.float64(0.5196), np.float64(0.5396), np.float64(0.5496), np.float64(0.5696), np.float64(0.5796), np.float64(0.5996), np.float64(0.6196), np.float64(0.6296), np.float64(0.6495), np.float64(0.6595), np.float64(0.6795), np.float64(0.6995), np.float64(0.7095), np.float64(0.7295), np.float64(0.7395), np.float64(0.7595)]"
0.52,0.76,0.24,10,2,0.92054,0.40482,0.91634,"[np.float64(0.5196), np.float64(0.5496), np.float64(0.5696), np.float64(0.5996), np.float64(0.6296), np.float64(0.6495), np.float64(0.6795), np.float64(0.7095), np.float64(0.7295), np.float64(0.7595)]"
0.54,0.76,0.22,8,2,0.92052,0.40487,0.91633,"[np.float64(0.5396), np.float64(0.5696), np.float64(0.5996), np.float64(0.6296), np.float64(0.6695), np.float64(0.6995), np.float64(0.7295), np.float64(0.7595)]"
0.52,0.76,0.24,20,2,0.92051,0.40491,0.91631,"[np.float64(0.5196), np.float64(0.5296), np.float64(0.5496), np.float64(0.5596), np.float64(0.5696), np.float64(0.5796), np.float64(0.5996), np.float64(0.6096), np.float64(0.6196), np.float64(0.6296), np.float64(0.6495), np.float64(0.6595), np.float64(0.6695), np.float64(0.6795), np.float64(0.6995), np.float64(0.7095), np.float64(0.7195), np.float64(0.7295), np.float64(0.7495), np.float64(0.7595)]"
0.54,0.74,0.2,2,2,0.92048,0.40498,0.91629,"[np.float64(0.5396), np.float64(0.7395)]"
0.4,0.78,0.38,16,3,0.92048,0.40498,0.91629,"[np.float64(0.3996), np.float64(0.4296), np.float64(0.4496), np.float64(0.4796), np.float64(0.4996), np.float64(0.5296), np.float64(0.5496), np.float64(0.5796), np.float64(0.5996), np.float64(0.6296), np.float64(0.6495), np.float64(0.6795), np.float64(0.6995), np.float64(0.7295), np.float64(0.7495), np.float64(0.7795)]"
0.52,0.76,0.24,17,2,0.92044,0.40509,0.91625,"[np.float64(0.5196), np.float64(0.5396), np.float64(0.5496), np.float64(0.5596), np.float64(0.5796), np.float64(0.5996), np.float64(0.6096), np.float64(0.6196), np.float64(0.6396), np.float64(0.6595), np.float64(0.6695), np.float64(0.6795), np.float64(0.6995), np.float64(0.7195), np.float64(0.7295), np.float64(0.7395), np.float64(0.7595)]"
0.52,0.75,0.23,7,2,0.92043,0.4051,0.91625,"[np.float64(0.5196), np.float64(0.5596), np.float64(0.5996), np.float64(0.6396), np.float64(0.6695), np.float64(0.7095), np.float64(0.7495)]"
0.54,0.74,0.2,4,2,0.92035,0.40532,0.91618,"[np.float64(0.5396), np.float64(0.6096), np.float64(0.6695), np.float64(0.7395)]"
0.54,0.76,0.22,7,2,0.92029,0.40547,0.91613,"[np.float64(0.5396), np.float64(0.5796), np.float64(0.6096), np.float64(0.6495), np.float64(0.6895), np.float64(0.7195), np.float64(0.7595)]"
0.54,0.75,0.21,8,2,0.92029,0.40546,0.91613,"[np.float64(0.5396), np.float64(0.5696), np.float64(0.5996), np.float64(0.6296), np.float64(0.6595), np.float64(0.6895), np.float64(0.7195), np.float64(0.7495)]"
0.52,0.76,0.24,9,2,0.92028,0.4055,0.91612,"[np.float64(0.5196), np.float64(0.5496), np.float64(0.5796), np.float64(0.6096), np.float64(0.6396), np.float64(0.6695), np.float64(0.6995), np.float64(0.7295), np.float64(0.7595)]"
0.52,0.75,0.23,8,2,0.92028,0.4055,0.91612,"[np.float64(0.5196), np.float64(0.5496), np.float64(0.5896), np.float64(0.6196), np.float64(0.6495), np.float64(0.6795), np.float64(0.7195), np.float64(0.7495)]"
0.56,0.78,0.22,14,6,0.9202,0.4057,0.91606,"[np.float64(0.5596), np.float64(0.5796), np.float64(0.5896), np.float64(0.6096), np.float64(0.6296), np.float64(0.6396), np.float64(0.6595), np.float64(0.6795), np.float64(0.6995), np.float64(0.7095), np.float64(0.7295), np.float64(0.7495), np.float64(0.7595), np.float64(0.7795)]"
0.46,0.73,0.27,2,2,0.9202,0.4057,0.91606,"[np.float64(0.4596), np.float64(0.7295)]"
0.56,0.76,0.2,7,2,0.92017,0.40577,0.91603,"[np.float64(0.5596), np.float64(0.5896), np.float64(0.6296), np.float64(0.6595), np.float64(0.6895), np.float64(0.7295), np.float64(0.7595)]"
0.4,0.76,0.36,16,3,0.92017,0.40577,0.91603,"[np.float64(0.3996), np.float64(0.4196), np.float64(0.4496), np.float64(0.4696), np.float64(0.4996), np.float64(0.5196), np.float64(0.5396), np.float64(0.5696), np.float64(0.5896), np.float64(0.6196), np.float64(0.6396), np.float64(0.6595), np.float64(0.6895), np.float64(0.7095), np.float64(0.7395), np.float64(0.7595)]"
0.54,0.77,0.23,16,2,0.92007,0.40602,0.91595,"[np.float64(0.5396), np.float64(0.5596), np.float64(0.5696), np.float64(0.5896), np.float64(0.5996), np.float64(0.6196), np.float64(0.6296), np.float64(0.6495), np.float64(0.6595), np.float64(0.6795), np.float64(0.6895), np.float64(0.7095), np.float64(0.7195), np.float64(0.7395), np.float64(0.7495), np.float64(0.7695)]"
0.42,0.75,0.33,5,3,0.92005,0.40609,0.91593,"[np.float64(0.4196), np.float64(0.4996), np.float64(0.5796), np.float64(0.6695), np.float64(0.7495)]"
0.52,0.74,0.22,4,2,0.91991,0.40644,0.91582,"[np.float64(0.5196), np.float64(0.5896), np.float64(0.6695), np.float64(0.7395)]"
0.52,0.77,0.25,17,2,0.91989,0.40648,0.9158,"[np.float64(0.5196), np.float64(0.5396), np.float64(0.5496), np.float64(0.5696), np.float64(0.5796), np.float64(0.5996), np.float64(0.6096), np.float64(0.6296), np.float64(0.6396), np.float64(0.6595), np.float64(0.6795), np.float64(0.6895), np.float64(0.7095), np.float64(0.7195), np.float64(0.7395), np.float64(0.7495), np.float64(0.7695)]"
0.54,0.77,0.23,19,2,0.91984,0.40661,0.91576,"[np.float64(0.5396), np.float64(0.5496), np.float64(0.5696), np.float64(0.5796), np.float64(0.5896), np.float64(0.5996), np.float64(0.6196), np.float64(0.6296), np.float64(0.6396), np.float64(0.6595), np.float64(0.6695), np.float64(0.6795), np.float64(0.6895), np.float64(0.7095), np.float64(0.7195), np.float64(0.7295), np.float64(0.7395), np.float64(0.7595), np.float64(0.7695)]"
0.5,0.76,0.26,15,2,0.91984,0.40661,0.91576,"[np.float64(0.4996), np.float64(0.5196), np.float64(0.5396), np.float64(0.5596), np.float64(0.5696), np.float64(0.5896), np.float64(0.6096), np.float64(0.6296), np.float64(0.6495), np.float64(0.6695), np.float64(0.6895), np.float64(0.6995), np.float64(0.7195), np.float64(0.7395), np.float64(0.7595)]"
0.5,0.76,0.26,14,2,0.91982,0.40665,0.91575,"[np.float64(0.4996), np.float64(0.5196), np.float64(0.5396), np.float64(0.5596), np.float64(0.5796), np.float64(0.5996), np.float64(0.6196), np.float64(0.6396), np.float64(0.6595), np.float64(0.6795), np.float64(0.6995), np.float64(0.7195), np.float64(0.7395), np.float64(0.7595)]"
0.52,0.76,0.24,8,2,0.9198,0.40671,0.91573,"[np.float64(0.5196), np.float64(0.5496), np.float64(0.5896), np.float64(0.6196), np.float64(0.6595), np.float64(0.6895), np.float64(0.7295), np.float64(0.7595)]"
0.52,0.75,0.23,9,2,0.91979,0.40673,0.91572,"[np.float64(0.5196), np.float64(0.5496), np.float64(0.5796), np.float64(0.6096), np.float64(0.6396), np.float64(0.6595), np.float64(0.6895), np.float64(0.7195), np.float64(0.7495)]"
0.5,0.76,0.26,17,2,0.91977,0.40677,0.91571,"[np.float64(0.4996), np.float64(0.5196), np.float64(0.5296), np.float64(0.5496), np.float64(0.5596), np.float64(0.5796), np.float64(0.5996), np.float64(0.6096), np.float64(0.6296), np.float64(0.6495), np.float64(0.6595), np.float64(0.6795), np.float64(0.6995), np.float64(0.7095), np.float64(0.7295), np.float64(0.7395), np.float64(0.7595)]"
0.54,0.77,0.23,15,2,0.91977,0.40679,0.9157,"[np.float64(0.5396), np.float64(0.5596), np.float64(0.5696), np.float64(0.5896), np.float64(0.6096), np.float64(0.6196), np.float64(0.6396), np.float64(0.6595), np.float64(0.6695), np.float64(0.6895), np.float64(0.6995), np.float64(0.7195), np.float64(0.7395), np.float64(0.7495), np.float64(0.7695)]"
0.5,0.76,0.26,20,2,0.91976,0.4068,0.9157,"[np.float64(0.4996), np.float64(0.5096), np.float64(0.5296), np.float64(0.5396), np.float64(0.5496), np.float64(0.5696), np.float64(0.5796), np.float64(0.5996), np.float64(0.6096), np.float64(0.6196), np.float64(0.6396), np.float64(0.6495), np.float64(0.6595), np.float64(0.6795), np.float64(0.6895), np.float64(0.7095), np.float64(0.7195), np.float64(0.7295), np.float64(0.7495), np.float64(0.7595)]"
0.5,0.76,0.26,16,2,0.91975,0.40683,0.91569,"[np.float64(0.4996), np.float64(0.5196), np.float64(0.5296), np.float64(0.5496), np.float64(0.5696), np.float64(0.5896), np.float64(0.5996), np.float64(0.6196), np.float64(0.6396), np.float64(0.6595), np.float64(0.6695), np.float64(0.6895), np.float64(0.7095), np.float64(0.7295), np.float64(0.7395), np.float64(0.7595)]"
0.5,0.76,0.26,13,2,0.91976,0.40682,0.91569,"[np.float64(0.4996), np.float64(0.5196), np.float64(0.5396), np.float64(0.5596), np.float64(0.5896), np.float64(0.6096), np.float64(0.6296), np.float64(0.6495), np.float64(0.6695), np.float64(0.6995), np.float64(0.7195), np.float64(0.7395), np.float64(0.7595)]"
0.5,0.76,0.26,19,2,0.91974,0.40687,0.91568,"[np.float64(0.4996), np.float64(0.5096), np.float64(0.5296), np.float64(0.5396), np.float64(0.5596), np.float64(0.5696), np.float64(0.5896), np.float64(0.5996), np.float64(0.6196), np.float64(0.6296), np.float64(0.6396), np.float64(0.6595), np.float64(0.6695), np.float64(0.6895), np.float64(0.6995), np.float64(0.7195), np.float64(0.7295), np.float64(0.7495), np.float64(0.7595)]"
0.56,0.76,0.2,6,2,0.91974,0.40687,0.91568,"[np.float64(0.5596), np.float64(0.5996), np.float64(0.6396), np.float64(0.6795), np.float64(0.7195), np.float64(0.7595)]"
0.54,0.75,0.21,9,2,0.91968,0.40701,0.91563,"[np.float64(0.5396), np.float64(0.5696), np.float64(0.5896), np.float64(0.6196), np.float64(0.6396), np.float64(0.6695), np.float64(0.6995), np.float64(0.7195), np.float64(0.7495)]"
0.56,0.77,0.21,20,2,0.91966,0.40706,0.91561,"[np.float64(0.5596), np.float64(0.5696), np.float64(0.5796), np.float64(0.5896), np.float64(0.5996), np.float64(0.6196), np.float64(0.6296), np.float64(0.6396), np.float64(0.6495), np.float64(0.6595), np.float64(0.6695), np.float64(0.6795), np.float64(0.6895), np.float64(0.6995), np.float64(0.7095), np.float64(0.7295), np.float64(0.7395), np.float64(0.7495), np.float64(0.7595), np.float64(0.7695)]"
0.54,0.77,0.23,20,2,0.91963,0.40715,0.91559,"[np.float64(0.5396), np.float64(0.5496), np.float64(0.5596), np.float64(0.5796), np.float64(0.5896), np.float64(0.5996), np.float64(0.6096), np.float64(0.6196), np.float64(0.6396), np.float64(0.6495), np.float64(0.6595), np.float64(0.6695), np.float64(0.6895), np.float64(0.6995), np.float64(0.7095), np.float64(0.7195), np.float64(0.7295), np.float64(0.7495), np.float64(0.7595), np.float64(0.7695)]"
0.5,0.76,0.26,12,2,0.91962,0.40715,0.91558,"[np.float64(0.4996), np.float64(0.5196), np.float64(0.5496), np.float64(0.5696), np.float64(0.5896), np.float64(0.6196), np.float64(0.6396), np.float64(0.6695), np.float64(0.6895), np.float64(0.7095), np.float64(0.7395), np.float64(0.7595)]"
0.5,0.76,0.26,18,2,0.91961,0.4072,0.91557,"[np.float64(0.4996), np.float64(0.5196), np.float64(0.5296), np.float64(0.5496), np.float64(0.5596), np.float64(0.5796), np.float64(0.5896), np.float64(0.6096), np.float64(0.6196), np.float64(0.6396), np.float64(0.6495), np.float64(0.6695), np.float64(0.6795), np.float64(0.6995), np.float64(0.7095), np.float64(0.7295), np.float64(0.7395), np.float64(0.7595)]"
0.52,0.77,0.25,16,2,0.9196,0.40721,0.91556,"[np.float64(0.5196), np.float64(0.5396), np.float64(0.5496), np.float64(0.5696), np.float64(0.5896), np.float64(0.5996), np.float64(0.6196), np.float64(0.6396), np.float64(0.6495), np.float64(0.6695), np.float64(0.6895), np.float64(0.6995), np.float64(0.7195), np.float64(0.7395), np.float64(0.7495), np.float64(0.7695)]"
0.54,0.77,0.23,14,2,0.91959,0.40724,0.91555,"[np.float64(0.5396), np.float64(0.5596), np.float64(0.5796), np.float64(0.5896), np.float64(0.6096), np.float64(0.6296), np.float64(0.6495), np.float64(0.6595), np.float64(0.6795), np.float64(0.6995), np.float64(0.7195), np.float64(0.7295), np.float64(0.7495), np.float64(0.7695)]"
0.52,0.77,0.25,20,2,0.91957,0.4073,0.91554,"[np.float64(0.5196), np.float64(0.5296), np.float64(0.5496), np.float64(0.5596), np.float64(0.5696), np.float64(0.5896), np.float64(0.5996), np.float64(0.6096), np.float64(0.6296), np.float64(0.6396), np.float64(0.6495), np.float64(0.6595), np.float64(0.6795), np.float64(0.6895), np.float64(0.6995), np.float64(0.7195), np.float64(0.7295), np.float64(0.7395), np.float64(0.7595), np.float64(0.7695)]"
0.48,0.73,0.25,2,2,0.91958,0.40728,0.91554,"[np.float64(0.4796), np.float64(0.7295)]"
0.54,0.77,0.23,18,2,0.91954,0.40737,0.91551,"[np.float64(0.5396), np.float64(0.5496), np.float64(0.5696), np.float64(0.5796), np.float64(0.5896), np.float64(0.6096), np.float64(0.6196), np.float64(0.6296), np.float64(0.6495), np.float64(0.6595), np.float64(0.6795), np.float64(0.6895), np.float64(0.6995), np.float64(0.7195), np.float64(0.7295), np.float64(0.7395), np.float64(0.7595), np.float64(0.7695)]"
0.5,0.76,0.26,11,2,0.91954,0.40737,0.91551,"[np.float64(0.4996), np.float64(0.5296), np.float64(0.5496), np.float64(0.5796), np.float64(0.5996), np.float64(0.6296), np.float64(0.6595), np.float64(0.6795), np.float64(0.7095), np.float64(0.7295), np.float64(0.7595)]"
0.54,0.75,0.21,10,2,0.91951,0.40745,0.91549,"[np.float64(0.5396), np.float64(0.5596), np.float64(0.5896), np.float64(0.6096), np.float64(0.6296), np.float64(0.6595), np.float64(0.6795), np.float64(0.6995), np.float64(0.7295), np.float64(0.7495)]"
0.56,0.77,0.21,17,2,0.91951,0.40744,0.91549,"[np.float64(0.5596), np.float64(0.5696), np.float64(0.5896), np.float64(0.5996), np.float64(0.6096), np.float64(0.6296), np.float64(0.6396), np.float64(0.6495), np.float64(0.6595), np.float64(0.6795), np.float64(0.6895), np.float64(0.6995), np.float64(0.7195), np.float64(0.7295), np.float64(0.7395), np.float64(0.7595), np.float64(0.7695)]"
0.42,0.76,0.34,8,3,0.91948,0.40751,0.91547,"[np.float64(0.4196), np.float64(0.4696), np.float64(0.5196), np.float64(0.5696), np.float64(0.6096), np.float64(0.6595), np.float64(0.7095), np.float64(0.7595)]"
0.52,0.76,0.24,7,2,0.91948,0.40752,0.91546,"[np.float64(0.5196), np.float64(0.5596), np.float64(0.5996), np.float64(0.6396), np.float64(0.6795), np.float64(0.7195), np.float64(0.7595)]"
0.56,0.77,0.21,19,2,0.91947,0.40755,0.91545,"[np.float64(0.5596), np.float64(0.5696), np.float64(0.5796), np.float64(0.5996), np.float64(0.6096), np.float64(0.6196), np.float64(0.6296), np.float64(0.6396), np.float64(0.6495), np.float64(0.6595), np.float64(0.6795), np.float64(0.6895), np.float64(0.6995), np.float64(0.7095), np.float64(0.7195), np.float64(0.7395), np.float64(0.7495), np.float64(0.7595), np.float64(0.7695)]"
0.52,0.77,0.25,15,2,0.91943,0.40765,0.91542,"[np.float64(0.5196), np.float64(0.5396), np.float64(0.5596), np.float64(0.5696), np.float64(0.5896), np.float64(0.6096), np.float64(0.6296), np.float64(0.6396), np.float64(0.6595), np.float64(0.6795), np.float64(0.6995), np.float64(0.7195), np.float64(0.7295), np.float64(0.7495), np.float64(0.7695)]"
0.4,0.78,0.38,18,3,0.91934,0.40787,0.91535,"[np.float64(0.3996), np.float64(0.4196), np.float64(0.4396), np.float64(0.4696), np.float64(0.4896), np.float64(0.5096), np.float64(0.5296), np.float64(0.5596), np.float64(0.5796), np.float64(0.5996), np.float64(0.6196), np.float64(0.6495), np.float64(0.6695), np.float64(0.6895), np.float64(0.7095), np.float64(0.7395), np.float64(0.7595), np.float64(0.7795)]"
0.56,0.77,0.21,18,2,0.91935,0.40786,0.91535,"[np.float64(0.5596), np.float64(0.5696), np.float64(0.5796), np.float64(0.5996), np.float64(0.6096), np.float64(0.6196), np.float64(0.6296), np.float64(0.6495), np.float64(0.6595), np.float64(0.6695), np.float64(0.6795), np.float64(0.6995), np.float64(0.7095), np.float64(0.7195), np.float64(0.7295), np.float64(0.7495), np.float64(0.7595), np.float64(0.7695)]"
0.52,0.75,0.23,10,2,0.9193,0.40798,0.91532,"[np.float64(0.5196), np.float64(0.5496), np.float64(0.5696), np.float64(0.5996), np.float64(0.6196), np.float64(0.6495), np.float64(0.6695), np.float64(0.6995), np.float64(0.7195), np.float64(0.7495)]"
0.5,0.75,0.25,6,2,0.9193,0.40798,0.91531,"[np.float64(0.4996), np.float64(0.5496), np.float64(0.5996), np.float64(0.6495), np.float64(0.6995), np.float64(0.7495)]"
0.5,0.73,0.23,2,2,0.91927,0.40805,0.91529,"[np.float64(0.4996), np.float64(0.7295)]"
0.5,0.75,0.25,7,2,0.91926,0.40808,0.91528,"[np.float64(0.4996), np.float64(0.5396), np.float64(0.5796), np.float64(0.6196), np.float64(0.6695), np.float64(0.7095), np.float64(0.7495)]"
0.52,0.77,0.25,19,2,0.91924,0.40814,0.91526,"[np.float64(0.5196), np.float64(0.5296), np.float64(0.5496), np.float64(0.5596), np.float64(0.5796), np.float64(0.5896), np.float64(0.5996), np.float64(0.6196), np.float64(0.6296), np.float64(0.6396), np.float64(0.6595), np.float64(0.6695), np.float64(0.6895), np.float64(0.6995), np.float64(0.7095), np.float64(0.7295), np.float64(0.7395), np.float64(0.7595), np.float64(0.7695)]"
0.52,0.75,0.23,4,2,0.91923,0.40815,0.91526,"[np.float64(0.5196), np.float64(0.5996), np.float64(0.6695), np.float64(0.7495)]"
0.56,0.77,0.21,16,2,0.91923,0.40816,0.91525,"[np.float64(0.5596), np.float64(0.5696), np.float64(0.5896), np.float64(0.5996), np.float64(0.6196), np.float64(0.6296), np.float64(0.6396), np.float64(0.6595), np.float64(0.6695), np.float64(0.6895), np.float64(0.6995), np.float64(0.7095), np.float64(0.7295), np.float64(0.7395), np.float64(0.7595), np.float64(0.7695)]"
0.54,0.77,0.23,17,2,0.9192,0.40824,0.91523,"[np.float64(0.5396), np.float64(0.5496), np.float64(0.5696), np.float64(0.5796), np.float64(0.5996), np.float64(0.6096), np.float64(0.6296), np.float64(0.6396), np.float64(0.6595), np.float64(0.6695), np.float64(0.6795), np.float64(0.6995), np.float64(0.7095), np.float64(0.7295), np.float64(0.7395), np.float64(0.7595), np.float64(0.7695)]"
0.52,0.75,0.23,11,2,0.9192,0.40823,0.91523,"[np.float64(0.5196), np.float64(0.5396), np.float64(0.5696), np.float64(0.5896), np.float64(0.6096), np.float64(0.6396), np.float64(0.6595), np.float64(0.6795), np.float64(0.6995), np.float64(0.7295), np.float64(0.7495)]"
0.54,0.77,0.23,13,2,0.91917,0.40831,0.91521,"[np.float64(0.5396), np.float64(0.5596), np.float64(0.5796), np.float64(0.5996), np.float64(0.6196), np.float64(0.6396), np.float64(0.6595), np.float64(0.6695), np.float64(0.6895), np.float64(0.7095), np.float64(0.7295), np.float64(0.7495), np.float64(0.7695)]"
0.54,0.76,0.22,6,2,0.91916,0.40832,0.9152,"[np.float64(0.5396), np.float64(0.5796), np.float64(0.6296), np.float64(0.6695), np.float64(0.7195), np.float64(0.7595)]"
0.4,0.76,0.36,14,3,0.91916,0.40834,0.9152,"[np.float64(0.3996), np.float64(0.4296), np.float64(0.4596), np.float64(0.4796), np.float64(0.5096), np.float64(0.5396), np.float64(0.5696), np.float64(0.5896), np.float64(0.6196), np.float64(0.6495), np.float64(0.6795), np.float64(0.6995), np.float64(0.7295), np.float64(0.7595)]"
0.5,0.76,0.26,10,2,0.91914,0.40837,0.91519,"[np.float64(0.4996), np.float64(0.5296), np.float64(0.5596), np.float64(0.5896), np.float64(0.6196), np.float64(0.6396), np.float64(0.6695), np.float64(0.6995), np.float64(0.7295), np.float64(0.7595)]"
0.5,0.77,0.27,18,2,0.91914,0.40838,0.91518,"[np.float64(0.4996), np.float64(0.5196), np.float64(0.5296), np.float64(0.5496), np.float64(0.5596), np.float64(0.5796), np.float64(0.5996), np.float64(0.6096), np.float64(0.6296), np.float64(0.6396), np.float64(0.6595), np.float64(0.6695), np.float64(0.6895), np.float64(0.7095), np.float64(0.7195), np.float64(0.7395), np.float64(0.7495), np.float64(0.7695)]"
0.56,0.77,0.21,13,2,0.91913,0.40841,0.91517,"[np.float64(0.5596), np.float64(0.5796), np.float64(0.5996), np.float64(0.6096), np.float64(0.6296), np.float64(0.6495), np.float64(0.6595), np.float64(0.6795), np.float64(0.6995), np.float64(0.7195), np.float64(0.7395), np.float64(0.7495), np.float64(0.7695)]"
0.52,0.74,0.22,5,2,0.91912,0.40843,0.91517,"[np.float64(0.5196), np.float64(0.5796), np.float64(0.6296), np.float64(0.6795), np.float64(0.7395)]"
0.5,0.76,0.26,9,2,0.9191,0.40847,0.91515,"[np.float64(0.4996), np.float64(0.5296), np.float64(0.5596), np.float64(0.5996), np.float64(0.6296), np.float64(0.6595), np.float64(0.6995), np.float64(0.7295), np.float64(0.7595)]"
0.5,0.76,0.26,8,2,0.91901,0.4087,0.91508,"[np.float64(0.4996), np.float64(0.5396), np.float64(0.5696), np.float64(0.6096), np.float64(0.6495), np.float64(0.6895), np.float64(0.7195), np.float64(0.7595)]"
0.5,0.77,0.27,17,2,0.91902,0.40869,0.91508,"[np.float64(0.4996), np.float64(0.5196), np.float64(0.5296), np.float64(0.5496), np.float64(0.5696), np.float64(0.5796), np.float64(0.5996), np.float64(0.6196), np.float64(0.6396), np.float64(0.6495), np.float64(0.6695), np.float64(0.6895), np.float64(0.6995), np.float64(0.7195), np.float64(0.7395), np.float64(0.7495), np.float64(0.7695)]"
0.5,0.75,0.25,8,2,0.919,0.40872,0.91507,"[np.float64(0.4996), np.float64(0.5396), np.float64(0.5696), np.float64(0.6096), np.float64(0.6396), np.float64(0.6795), np.float64(0.7095), np.float64(0.7495)]"
0.5,0.75,0.25,9,2,0.91898,0.40879,0.91505,"[np.float64(0.4996), np.float64(0.5296), np.float64(0.5596), np.float64(0.5896), np.float64(0.6196), np.float64(0.6595), np.float64(0.6895), np.float64(0.7195), np.float64(0.7495)]"
0.52,0.77,0.25,14,2,0.91897,0.40882,0.91504,"[np.float64(0.5196), np.float64(0.5396), np.float64(0.5596), np.float64(0.5796), np.float64(0.5996), np.float64(0.6196), np.float64(0.6396), np.float64(0.6495), np.float64(0.6695), np.float64(0.6895), np.float64(0.7095), np.float64(0.7295), np.float64(0.7495), np.float64(0.7695)]"
0.52,0.77,0.25,18,2,0.91893,0.40892,0.91501,"[np.float64(0.5196), np.float64(0.5296), np.float64(0.5496), np.float64(0.5596), np.float64(0.5796), np.float64(0.5896), np.float64(0.6096), np.float64(0.6196), np.float64(0.6396), np.float64(0.6495), np.float64(0.6695), np.float64(0.6795), np.float64(0.6995), np.float64(0.7095), np.float64(0.7295), np.float64(0.7395), np.float64(0.7595), np.float64(0.7695)]"
0.5,0.75,0.25,5,2,0.91891,0.40896,0.91499,"[np.float64(0.4996), np.float64(0.5596), np.float64(0.6196), np.float64(0.6895), np.float64(0.7495)]"
0.56,0.77,0.21,15,2,0.9189,0.40899,0.91498,"[np.float64(0.5596), np.float64(0.5796), np.float64(0.5896), np.float64(0.5996), np.float64(0.6196), np.float64(0.6396), np.float64(0.6495), np.float64(0.6595), np.float64(0.6795), np.float64(0.6995), np.float64(0.7095), np.float64(0.7195), np.float64(0.7395), np.float64(0.7595), np.float64(0.7695)]"
0.54,0.75,0.21,11,2,0.91887,0.40907,0.91496,"[np.float64(0.5396), np.float64(0.5596), np.float64(0.5796), np.float64(0.5996), np.float64(0.6196), np.float64(0.6396), np.float64(0.6695), np.float64(0.6895), np.float64(0.7095), np.float64(0.7295), np.float64(0.7495)]"
0.5,0.77,0.27,16,2,0.91886,0.40908,0.91495,"[np.float64(0.4996), np.float64(0.5196), np.float64(0.5396), np.float64(0.5496), np.float64(0.5696), np.float64(0.5896), np.float64(0.6096), np.float64(0.6296), np.float64(0.6396), np.float64(0.6595), np.float64(0.6795), np.float64(0.6995), np.float64(0.7195), np.float64(0.7295), np.float64(0.7495), np.float64(0.7695)]"
0.54,0.75,0.21,15,2,0.91879,0.40927,0.91489,"[np.float64(0.5396), np.float64(0.5596), np.float64(0.5696), np.float64(0.5796), np.float64(0.5996), np.float64(0.6196), np.float64(0.6296), np.float64(0.6396), np.float64(0.6595), np.float64(0.6795), np.float64(0.6895), np.float64(0.6995), np.float64(0.7195), np.float64(0.7395), np.float64(0.7495)]"
0.54,0.74,0.2,5,2,0.91874,0.40939,0.91485,"[np.float64(0.5396), np.float64(0.5896), np.float64(0.6396), np.float64(0.6895), np.float64(0.7395)]"
0.52,0.75,0.23,12,2,0.91866,0.40958,0.91479,"[np.float64(0.5196), np.float64(0.5396), np.float64(0.5596), np.float64(0.5796), np.float64(0.5996), np.float64(0.6196), np.float64(0.6495), np.float64(0.6695), np.float64(0.6895), np.float64(0.7095), np.float64(0.7295), np.float64(0.7495)]"
0.54,0.77,0.23,12,2,0.91859,0.40977,0.91473,"[np.float64(0.5396), np.float64(0.5596), np.float64(0.5796), np.float64(0.5996), np.float64(0.6196), np.float64(0.6396), np.float64(0.6695), np.float64(0.6895), np.float64(0.7095), np.float64(0.7295), np.float64(0.7495), np.float64(0.7695)]"
0.4,0.76,0.36,17,3,0.91859,0.40977,0.91473,"[np.float64(0.3996), np.float64(0.4196), np.float64(0.4396), np.float64(0.4696), np.float64(0.4896), np.float64(0.5096), np.float64(0.5396), np.float64(0.5596), np.float64(0.5796), np.float64(0.5996), np.float64(0.6196), np.float64(0.6495), np.float64(0.6695), np.float64(0.6895), np.float64(0.7195), np.float64(0.7395), np.float64(0.7595)]"
0.52,0.77,0.25,11,2,0.91858,0.40979,0.91472,"[np.float64(0.5196), np.float64(0.5396), np.float64(0.5696), np.float64(0.5996), np.float64(0.6196), np.float64(0.6396), np.float64(0.6695), np.float64(0.6995), np.float64(0.7195), np.float64(0.7395), np.float64(0.7695)]"
0.52,0.73,0.21,2,2,0.91857,0.40983,0.91471,"[np.float64(0.5196), np.float64(0.7295)]"
0.52,0.77,0.25,13,2,0.91852,0.40995,0.91467,"[np.float64(0.5196), np.float64(0.5396), np.float64(0.5596), np.float64(0.5796), np.float64(0.5996), np.float64(0.6196), np.float64(0.6396), np.float64(0.6695), np.float64(0.6895), np.float64(0.7095), np.float64(0.7295), np.float64(0.7495), np.float64(0.7695)]"
0.5,0.75,0.25,10,2,0.91852,0.40994,0.91467,"[np.float64(0.4996), np.float64(0.5296), np.float64(0.5596), np.float64(0.5796), np.float64(0.6096), np.float64(0.6396), np.float64(0.6695), np.float64(0.6895), np.float64(0.7195), np.float64(0.7495)]"
0.52,0.75,0.23,17,2,0.91849,0.41002,0.91465,"[np.float64(0.5196), np.float64(0.5296), np.float64(0.5496), np.float64(0.5596), np.float64(0.5796), np.float64(0.5896), np.float64(0.6096), np.float64(0.6196), np.float64(0.6396), np.float64(0.6495), np.float64(0.6595), np.float64(0.6795), np.float64(0.6895), np.float64(0.7095), np.float64(0.7195), np.float64(0.7395), np.float64(0.7495)]"
0.54,0.75,0.21,12,2,0.91848,0.41005,0.91464,"[np.float64(0.5396), np.float64(0.5596), np.float64(0.5796), np.float64(0.5996), np.float64(0.6196), np.float64(0.6396), np.float64(0.6495), np.float64(0.6695), np.float64(0.6895), np.float64(0.7095), np.float64(0.7295), np.float64(0.7495)]"
0.5,0.77,0.27,19,2,0.91848,0.41003,0.91464,"[np.float64(0.4996), np.float64(0.5196), np.float64(0.5296), np.float64(0.5396), np.float64(0.5596), np.float64(0.5796), np.float64(0.5896), np.float64(0.5996), np.float64(0.6196), np.float64(0.6396), np.float64(0.6495), np.float64(0.6595), np.float64(0.6795), np.float64(0.6995), np.float64(0.7095), np.float64(0.7195), np.float64(0.7395), np.float64(0.7595), np.float64(0.7695)]"
0.5,0.74,0.24,3,2,0.91848,0.41004,0.91464,"[np.float64(0.4996), np.float64(0.6196), np.float64(0.7395)]"
0.5,0.77,0.27,20,2,0.91841,0.41021,0.91458,"[np.float64(0.4996), np.float64(0.5096), np.float64(0.5296), np.float64(0.5396), np.float64(0.5596), np.float64(0.5696), np.float64(0.5896), np.float64(0.5996), np.float64(0.6096), np.float64(0.6296), np.float64(0.6396), np.float64(0.6595), np.float64(0.6695), np.float64(0.6795), np.float64(0.6995), np.float64(0.7095), np.float64(0.7295), np.float64(0.7395), np.float64(0.7595), np.float64(0.7695)]"
0.42,0.75,0.33,6,3,0.9184,0.41025,0.91457,"[np.float64(0.4196), np.float64(0.4896), np.float64(0.5496), np.float64(0.6196), np.float64(0.6795), np.float64(0.7495)]"
0.56,0.76,0.2,5,2,0.91839,0.41026,0.91457,"[np.float64(0.5596), np.float64(0.6096), np.float64(0.6595), np.float64(0.7095), np.float64(0.7595)]"
0.52,0.75,0.23,13,2,0.91839,0.41027,0.91456,"[np.float64(0.5196), np.float64(0.5396), np.float64(0.5596), np.float64(0.5796), np.float64(0.5996), np.float64(0.6196), np.float64(0.6396), np.float64(0.6495), np.float64(0.6695), np.float64(0.6895), np.float64(0.7095), np.float64(0.7295), np.float64(0.7495)]"
0.54,0.77,0.23,10,2,0.91836,0.41034,0.91454,"[np.float64(0.5396), np.float64(0.5696), np.float64(0.5896), np.float64(0.6196), np.float64(0.6396), np.float64(0.6695), np.float64(0.6895), np.float64(0.7195), np.float64(0.7395), np.float64(0.7695)]"
0.54,0.75,0.21,16,2,0.91833,0.41042,0.91452,"[np.float64(0.5396), np.float64(0.5496), np.float64(0.5696), np.float64(0.5796), np.float64(0.5996), np.float64(0.6096), np.float64(0.6196), np.float64(0.6396), np.float64(0.6495), np.float64(0.6695), np.float64(0.6795), np.float64(0.6895), np.float64(0.7095), np.float64(0.7195), np.float64(0.7395), np.float64(0.7495)]"
0.5,0.77,0.27,15,2,0.91832,0.41044,0.91451,"[np.float64(0.4996), np.float64(0.5196), np.float64(0.5396), np.float64(0.5596), np.float64(0.5796), np.float64(0.5996), np.float64(0.6196), np.float64(0.6396), np.float64(0.6495), np.float64(0.6695), np.float64(0.6895), np.float64(0.7095), np.float64(0.7295), np.float64(0.7495), np.float64(0.7695)]"
0.4,0.72,0.32,2,2,0.91826,0.4106,0.91446,"[np.float64(0.3996), np.float64(0.7195)]"
0.52,0.76,0.24,6,2,0.91827,0.41058,0.91446,"[np.float64(0.5196), np.float64(0.5696), np.float64(0.6196), np.float64(0.6595), np.float64(0.7095), np.float64(0.7595)]"
0.5,0.75,0.25,12,2,0.91827,0.41058,0.91446,"[np.float64(0.4996), np.float64(0.5196), np.float64(0.5496), np.float64(0.5696), np.float64(0.5896), np.float64(0.6096), np.float64(0.6396), np.float64(0.6595), np.float64(0.6795), np.float64(0.6995), np.float64(0.7295), np.float64(0.7495)]"
0.52,0.74,0.22,6,2,0.91821,0.41071,0.91442,"[np.float64(0.5196), np.float64(0.5596), np.float64(0.6096), np.float64(0.6495), np.float64(0.6995), np.float64(0.7395)]"
0.5,0.74,0.24,4,2,0.91816,0.41084,0.91438,"[np.float64(0.4996), np.float64(0.5796), np.float64(0.6595), np.float64(0.7395)]"
0.5,0.77,0.27,14,2,0.91814,0.4109,0.91436,"[np.float64(0.4996), np.float64(0.5196), np.float64(0.5396), np.float64(0.5596), np.float64(0.5796), np.float64(0.5996), np.float64(0.6196), np.float64(0.6495), np.float64(0.6695), np.float64(0.6895), np.float64(0.7095), np.float64(0.7295), np.float64(0.7495), np.float64(0.7695)]"
0.54,0.77,0.23,11,2,0.91813,0.41093,0.91435,"[np.float64(0.5396), np.float64(0.5596), np.float64(0.5896), np.float64(0.6096), np.float64(0.6296), np.float64(0.6595), np.float64(0.6795), np.float64(0.6995), np.float64(0.7195), np.float64(0.7495), np.float64(0.7695)]"
0.54,0.75,0.21,13,2,0.91809,0.41103,0.91432,"[np.float64(0.5396), np.float64(0.5596), np.float64(0.5796), np.float64(0.5896), np.float64(0.6096), np.float64(0.6296), np.float64(0.6396), np.float64(0.6595), np.float64(0.6795), np.float64(0.6995), np.float64(0.7195), np.float64(0.7295), np.float64(0.7495)]"
0.4,0.78,0.38,17,3,0.91806,0.41109,0.9143,"[np.float64(0.3996), np.float64(0.4196), np.float64(0.4496), np.float64(0.4696), np.float64(0.4996), np.float64(0.5196), np.float64(0.5396), np.float64(0.5696), np.float64(0.5896), np.float64(0.6096), np.float64(0.6396), np.float64(0.6595), np.float64(0.6795), np.float64(0.7095), np.float64(0.7295), np.float64(0.7595), np.float64(0.7795)]"
0.5,0.75,0.25,13,2,0.91807,0.41108,0.9143,"[np.float64(0.4996), np.float64(0.5196), np.float64(0.5396), np.float64(0.5596), np.float64(0.5796), np.float64(0.5996), np.float64(0.6196), np.float64(0.6495), np.float64(0.6695), np.float64(0.6895), np.float64(0.7095), np.float64(0.7295), np.float64(0.7495)]"
0.52,0.75,0.23,18,2,0.91803,0.41117,0.91427,"[np.float64(0.5196), np.float64(0.5296), np.float64(0.5496), np.float64(0.5596), np.float64(0.5696), np.float64(0.5896), np.float64(0.5996), np.float64(0.6096), np.float64(0.6296), np.float64(0.6396), np.float64(0.6595), np.float64(0.6695), np.float64(0.6795), np.float64(0.6995), np.float64(0.7095), np.float64(0.7195), np.float64(0.7395), np.float64(0.7495)]"
0.4,0.75,0.35,3,3,0.91801,0.41122,0.91426,"[np.float64(0.3996), np.float64(0.5796), np.float64(0.7495)]"
0.5,0.75,0.25,11,2,0.918,0.41124,0.91425,"[np.float64(0.4996), np.float64(0.5196), np.float64(0.5496), np.float64(0.5796), np.float64(0.5996), np.float64(0.6196), np.float64(0.6495), np.float64(0.6795), np.float64(0.6995), np.float64(0.7195), np.float64(0.7495)]"
0.52,0.77,0.25,12,2,0.918,0.41125,0.91424,"[np.float64(0.5196), np.float64(0.5396), np.float64(0.5696), np.float64(0.5896), np.float64(0.6096), np.float64(0.6296), np.float64(0.6595), np.float64(0.6795), np.float64(0.6995), np.float64(0.7195), np.float64(0.7495), np.float64(0.7695)]"
0.5,0.75,0.25,18,2,0.91793,0.41142,0.91419,"[np.float64(0.4996), np.float64(0.5096), np.float64(0.5296), np.float64(0.5396), np.float64(0.5596), np.float64(0.5696), np.float64(0.5896), np.float64(0.5996), np.float64(0.6196), np.float64(0.6296), np.float64(0.6495), np.float64(0.6595), np.float64(0.6795), np.float64(0.6895), np.float64(0.7095), np.float64(0.7195), np.float64(0.7395), np.float64(0.7495)]"
0.54,0.75,0.21,17,2,0.91794,0.41141,0.91419,"[np.float64(0.5396), np.float64(0.5496), np.float64(0.5696), np.float64(0.5796), np.float64(0.5896), np.float64(0.6096), np.float64(0.6196), np.float64(0.6296), np.float64(0.6396), np.float64(0.6595), np.float64(0.6695), np.float64(0.6795), np.float64(0.6995), np.float64(0.7095), np.float64(0.7195), np.float64(0.7395), np.float64(0.7495)]"
0.56,0.77,0.21,9,2,0.91791,0.41147,0.91417,"[np.float64(0.5596), np.float64(0.5896), np.float64(0.6096), np.float64(0.6396), np.float64(0.6595), np.float64(0.6895), np.float64(0.7195), np.float64(0.7395), np.float64(0.7695)]"
0.42,0.76,0.34,9,3,0.91791,0.41146,0.91417,"[np.float64(0.4196), np.float64(0.4596), np.float64(0.4996), np.float64(0.5496), np.float64(0.5896), np.float64(0.6296), np.float64(0.6795), np.float64(0.7195), np.float64(0.7595)]"
0.54,0.75,0.21,18,2,0.91787,0.41158,0.91414,"[np.float64(0.5396), np.float64(0.5496), np.float64(0.5596), np.float64(0.5796), np.float64(0.5896), np.float64(0.5996), np.float64(0.6096), np.float64(0.6296), np.float64(0.6396), np.float64(0.6495), np.float64(0.6595), np.float64(0.6795), np.float64(0.6895), np.float64(0.6995), np.float64(0.7095), np.float64(0.7295), np.float64(0.7395), np.float64(0.7495)]"
0.54,0.75,0.21,19,2,0.91778,0.41181,0.91406,"[np.float64(0.5396), np.float64(0.5496), np.float64(0.5596), np.float64(0.5796), np.float64(0.5896), np.float64(0.5996), np.float64(0.6096), np.float64(0.6196), np.float64(0.6296), np.float64(0.6396), np.float64(0.6595), np.float64(0.6695), np.float64(0.6795), np.float64(0.6895), np.float64(0.6995), np.float64(0.7195), np.float64(0.7295), np.float64(0.7395), np.float64(0.7495)]"
0.54,0.76,0.22,5,2,0.91777,0.41183,0.91405,"[np.float64(0.5396), np.float64(0.5996), np.float64(0.6495), np.float64(0.6995), np.float64(0.7595)]"
0.52,0.73,0.21,3,2,0.91777,0.41184,0.91405,"[np.float64(0.5196), np.float64(0.6196), np.float64(0.7295)]"
0.52,0.75,0.23,14,2,0.91776,0.41184,0.91405,"[np.float64(0.5196), np.float64(0.5396), np.float64(0.5596), np.float64(0.5696), np.float64(0.5896), np.float64(0.6096), np.float64(0.6296), np.float64(0.6396), np.float64(0.6595), np.float64(0.6795), np.float64(0.6995), np.float64(0.7095), np.float64(0.7295), np.float64(0.7495)]"
0.52,0.77,0.25,10,2,0.91776,0.41186,0.91405,"[np.float64(0.5196), np.float64(0.5496), np.float64(0.5796), np.float64(0.5996), np.float64(0.6296), np.float64(0.6595), np.float64(0.6895), np.float64(0.7095), np.float64(0.7395), np.float64(0.7695)]"
0.52,0.75,0.23,20,2,0.91773,0.41191,0.91403,"[np.float64(0.5196), np.float64(0.5296), np.float64(0.5396), np.float64(0.5596), np.float64(0.5696), np.float64(0.5796), np.float64(0.5896), np.float64(0.5996), np.float64(0.6196), np.float64(0.6296), np.float64(0.6396), np.float64(0.6495), np.float64(0.6695), np.float64(0.6795), np.float64(0.6895), np.float64(0.6995), np.float64(0.7095), np.float64(0.7295), np.float64(0.7395), np.float64(0.7495)]"
0.5,0.75,0.25,14,2,0.91774,0.4119,0.91403,"[np.float64(0.4996), np.float64(0.5196), np.float64(0.5396), np.float64(0.5596), np.float64(0.5796), np.float64(0.5996), np.float64(0.6196), np.float64(0.6296), np.float64(0.6495), np.float64(0.6695), np.float64(0.6895), np.float64(0.7095), np.float64(0.7295), np.float64(0.7495)]"
0.56,0.79,0.23,13,7,0.91771,0.41197,0.91401,"[np.float64(0.5596), np.float64(0.5796), np.float64(0.5996), np.float64(0.6196), np.float64(0.6396), np.float64(0.6595), np.float64(0.6795), np.float64(0.6895), np.float64(0.7095), np.float64(0.7295), np.float64(0.7495), np.float64(0.7695), np.float64(0.7894)]"
0.5,0.74,0.24,5,2,0.91772,0.41195,0.91401,"[np.float64(0.4996), np.float64(0.5596), np.float64(0.6196), np.float64(0.6795), np.float64(0.7395)]"
0.5,0.76,0.26,7,2,0.91767,0.41208,0.91397,"[np.float64(0.4996), np.float64(0.5396), np.float64(0.5896), np.float64(0.6296), np.float64(0.6695), np.float64(0.7195), np.float64(0.7595)]"
0.5,0.75,0.25,19,2,0.91767,0.41207,0.91397,"[np.float64(0.4996), np.float64(0.5096), np.float64(0.5296), np.float64(0.5396), np.float64(0.5596), np.float64(0.5696), np.float64(0.5796), np.float64(0.5996), np.float64(0.6096), np.float64(0.6196), np.float64(0.6396), np.float64(0.6495), np.float64(0.6695), np.float64(0.6795), np.float64(0.6895), np.float64(0.7095), np.float64(0.7195), np.float64(0.7395), np.float64(0.7495)]"
0.54,0.75,0.21,3,2,0.91763,0.41217,0.91394,"[np.float64(0.5396), np.float64(0.6396), np.float64(0.7495)]"
0.52,0.75,0.23,19,2,0.91763,0.41218,0.91394,"[np.float64(0.5196), np.float64(0.5296), np.float64(0.5496), np.float64(0.5596), np.float64(0.5696), np.float64(0.5796), np.float64(0.5996), np.float64(0.6096), np.float64(0.6196), np.float64(0.6396), np.float64(0.6495), np.float64(0.6595), np.float64(0.6695), np.float64(0.6895), np.float64(0.6995), np.float64(0.7095), np.float64(0.7195), np.float64(0.7395), np.float64(0.7495)]"
0.5,0.77,0.27,13,2,0.91761,0.41222,0.91393,"[np.float64(0.4996), np.float64(0.5196), np.float64(0.5396), np.float64(0.5696), np.float64(0.5896), np.float64(0.6096), np.float64(0.6396), np.float64(0.6595), np.float64(0.6795), np.float64(0.6995), np.float64(0.7195), np.float64(0.7495), np.float64(0.7695)]"
0.52,0.75,0.23,15,2,0.91761,0.41222,0.91393,"[np.float64(0.5196), np.float64(0.5396), np.float64(0.5496), np.float64(0.5696), np.float64(0.5896), np.float64(0.5996), np.float64(0.6196), np.float64(0.6396), np.float64(0.6495), np.float64(0.6695), np.float64(0.6795), np.float64(0.6995), np.float64(0.7195), np.float64(0.7295), np.float64(0.7495)]"
0.5,0.75,0.25,4,2,0.91757,0.41233,0.91389,"[np.float64(0.4996), np.float64(0.5796), np.float64(0.6695), np.float64(0.7495)]"
0.54,0.77,0.23,9,2,0.91756,0.41234,0.91389,"[np.float64(0.5396), np.float64(0.5696), np.float64(0.5996), np.float64(0.6296), np.float64(0.6595), np.float64(0.6795), np.float64(0.7095), np.float64(0.7395), np.float64(0.7695)]"
0.4,0.76,0.36,18,3,0.91755,0.41236,0.91388,"[np.float64(0.3996), np.float64(0.4196), np.float64(0.4396), np.float64(0.4596), np.float64(0.4796), np.float64(0.5096), np.float64(0.5296), np.float64(0.5496), np.float64(0.5696), np.float64(0.5896), np.float64(0.6096), np.float64(0.6296), np.float64(0.6495), np.float64(0.6795), np.float64(0.6995), np.float64(0.7195), np.float64(0.7395), np.float64(0.7595)]"
0.48,0.76,0.28,16,2,0.91752,0.41244,0.91385,"[np.float64(0.4796), np.float64(0.4996), np.float64(0.5196), np.float64(0.5396), np.float64(0.5496), np.float64(0.5696), np.float64(0.5896), np.float64(0.6096), np.float64(0.6296), np.float64(0.6495), np.float64(0.6695), np.float64(0.6895), np.float64(0.6995), np.float64(0.7195), np.float64(0.7395), np.float64(0.7595)]"
0.54,0.75,0.21,20,2,0.91752,0.41245,0.91385,"[np.float64(0.5396), np.float64(0.5496), np.float64(0.5596), np.float64(0.5696), np.float64(0.5796), np.float64(0.5996), np.float64(0.6096), np.float64(0.6196), np.float64(0.6296), np.float64(0.6396), np.float64(0.6495), np.float64(0.6595), np.float64(0.6695), np.float64(0.6795), np.float64(0.6895), np.float64(0.7095), np.float64(0.7195), np.float64(0.7295), np.float64(0.7395), np.float64(0.7495)]"
0.4,0.76,0.36,15,3,0.91751,0.41248,0.91384,"[np.float64(0.3996), np.float64(0.4296), np.float64(0.4496), np.float64(0.4796), np.float64(0.4996), np.float64(0.5296), np.float64(0.5496), np.float64(0.5796), np.float64(0.6096), np.float64(0.6296), np.float64(0.6595), np.float64(0.6795), np.float64(0.7095), np.float64(0.7295), np.float64(0.7595)]"
0.48,0.77,0.29,20,2,0.9175,0.4125,0.91383,"[np.float64(0.4796), np.float64(0.4996), np.float64(0.5096), np.float64(0.5296), np.float64(0.5396), np.float64(0.5596), np.float64(0.5696), np.float64(0.5896), np.float64(0.5996), np.float64(0.6196), np.float64(0.6296), np.float64(0.6495), np.float64(0.6595), np.float64(0.6795), np.float64(0.6895), np.float64(0.7095), np.float64(0.7195), np.float64(0.7395), np.float64(0.7495), np.float64(0.7695)]"
0.42,0.76,0.34,10,3,0.91747,0.41258,0.91381,"[np.float64(0.4196), np.float64(0.4596), np.float64(0.4996), np.float64(0.5296), np.float64(0.5696), np.float64(0.6096), np.float64(0.6495), np.float64(0.6795), np.float64(0.7195), np.float64(0.7595)]"
0.5,0.77,0.27,11,2,0.91745,0.41262,0.91379,"[np.float64(0.4996), np.float64(0.5296), np.float64(0.5496), np.float64(0.5796), np.float64(0.6096), np.float64(0.6396), np.float64(0.6595), np.float64(0.6895), np.float64(0.7195), np.float64(0.7395), np.float64(0.7695)]"
0.48,0.76,0.28,17,2,0.91744,0.41265,0.91379,"[np.float64(0.4796), np.float64(0.4996), np.float64(0.5196), np.float64(0.5296), np.float64(0.5496), np.float64(0.5696), np.float64(0.5796), np.float64(0.5996), np.float64(0.6196), np.float64(0.6396), np.float64(0.6595), np.float64(0.6695), np.float64(0.6895), np.float64(0.7095), np.float64(0.7195), np.float64(0.7395), np.float64(0.7595)]"
0.48,0.76,0.28,19,2,0.91744,0.41265,0.91378,"[np.float64(0.4796), np.float64(0.4996), np.float64(0.5096), np.float64(0.5296), np.float64(0.5396), np.float64(0.5596), np.float64(0.5696), np.float64(0.5896), np.float64(0.5996), np.float64(0.6196), np.float64(0.6396), np.float64(0.6495), np.float64(0.6695), np.float64(0.6795), np.float64(0.6995), np.float64(0.7095), np.float64(0.7295), np.float64(0.7395), np.float64(0.7595)]"
0.5,0.75,0.25,20,2,0.91741,0.41273,0.91376,"[np.float64(0.4996), np.float64(0.5096), np.float64(0.5296), np.float64(0.5396), np.float64(0.5496), np.float64(0.5696), np.float64(0.5796), np.float64(0.5896), np.float64(0.6096), np.float64(0.6196), np.float64(0.6296), np.float64(0.6396), np.float64(0.6595), np.float64(0.6695), np.float64(0.6795), np.float64(0.6995), np.float64(0.7095), np.float64(0.7195), np.float64(0.7395), np.float64(0.7495)]"
0.5,0.75,0.25,15,2,0.91741,0.41272,0.91376,"[np.float64(0.4996), np.float64(0.5196), np.float64(0.5396), np.float64(0.5496), np.float64(0.5696), np.float64(0.5896), np.float64(0.6096), np.float64(0.6196), np.float64(0.6396), np.float64(0.6595), np.float64(0.6795), np.float64(0.6995), np.float64(0.7095), np.float64(0.7295), np.float64(0.7495)]"
0.54,0.74,0.2,6,2,0.9174,0.41275,0.91375,"[np.float64(0.5396), np.float64(0.5796), np.float64(0.6196), np.float64(0.6595), np.float64(0.6995), np.float64(0.7395)]"
0.52,0.75,0.23,3,2,0.91739,0.41278,0.91374,"[np.float64(0.5196), np.float64(0.6396), np.float64(0.7495)]"
0.4,0.78,0.38,15,3,0.91737,0.41282,0.91373,"[np.float64(0.3996), np.float64(0.4296), np.float64(0.4496), np.float64(0.4796), np.float64(0.5096), np.float64(0.5396), np.float64(0.5596), np.float64(0.5896), np.float64(0.6196), np.float64(0.6396), np.float64(0.6695), np.float64(0.6995), np.float64(0.7295), np.float64(0.7495), np.float64(0.7795)]"
0.4,0.75,0.35,2,2,0.91737,0.41283,0.91372,"[np.float64(0.3996), np.float64(0.7495)]"
0.48,0.76,0.28,20,2,0.9173,0.41299,0.91367,"[np.float64(0.4796), np.float64(0.4896), np.float64(0.5096), np.float64(0.5196), np.float64(0.5396), np.float64(0.5496), np.float64(0.5696), np.float64(0.5796), np.float64(0.5996), np.float64(0.6096), np.float64(0.6296), np.float64(0.6396), np.float64(0.6595), np.float64(0.6695), np.float64(0.6895), np.float64(0.6995), np.float64(0.7195), np.float64(0.7295), np.float64(0.7495), np.float64(0.7595)]"
0.5,0.75,0.25,16,2,0.9173,0.413,0.91367,"[np.float64(0.4996), np.float64(0.5196), np.float64(0.5296), np.float64(0.5496), np.float64(0.5696), np.float64(0.5796), np.float64(0.5996), np.float64(0.6196), np.float64(0.6296), np.float64(0.6495), np.float64(0.6695), np.float64(0.6795), np.float64(0.6995), np.float64(0.7195), np.float64(0.7295), np.float64(0.7495)]"
0.42,0.74,0.32,3,3,0.91725,0.41312,0.91363,"[np.float64(0.4196), np.float64(0.5796), np.float64(0.7395)]"
0.48,0.76,0.28,15,2,0.91725,0.41312,0.91363,"[np.float64(0.4796), np.float64(0.4996), np.float64(0.5196), np.float64(0.5396), np.float64(0.5596), np.float64(0.5796), np.float64(0.5996), np.float64(0.6196), np.float64(0.6396), np.float64(0.6595), np.float64(0.6795), np.float64(0.6995), np.float64(0.7195), np.float64(0.7395), np.float64(0.7595)]"
0.48,0.76,0.28,18,2,0.91725,0.41312,0.91363,"[np.float64(0.4796), np.float64(0.4996), np.float64(0.5096), np.float64(0.5296), np.float64(0.5496), np.float64(0.5596), np.float64(0.5796), np.float64(0.5996), np.float64(0.6096), np.float64(0.6296), np.float64(0.6396), np.float64(0.6595), np.float64(0.6795), np.float64(0.6895), np.float64(0.7095), np.float64(0.7295), np.float64(0.7395), np.float64(0.7595)]"
0.54,0.75,0.21,14,2,0.91721,0.41322,0.9136,"[np.float64(0.5396), np.float64(0.5596), np.float64(0.5696), np.float64(0.5896), np.float64(0.5996), np.float64(0.6196), np.float64(0.6396), np.float64(0.6495), np.float64(0.6695), np.float64(0.6895), np.float64(0.6995), np.float64(0.7195), np.float64(0.7295), np.float64(0.7495)]"
0.48,0.77,0.29,19,2,0.91722,0.41321,0.9136,"[np.float64(0.4796), np.float64(0.4996), np.float64(0.5096), np.float64(0.5296), np.float64(0.5396), np.float64(0.5596), np.float64(0.5796), np.float64(0.5896), np.float64(0.6096), np.float64(0.6196), np.float64(0.6396), np.float64(0.6595), np.float64(0.6695), np.float64(0.6895), np.float64(0.7095), np.float64(0.7195), np.float64(0.7395), np.float64(0.7495), np.float64(0.7695)]"
0.42,0.75,0.33,2,2,0.9172,0.41325,0.91359,"[np.float64(0.4196), np.float64(0.7495)]"
0.52,0.75,0.23,16,2,0.91714,0.4134,0.91354,"[np.float64(0.5196), np.float64(0.5396), np.float64(0.5496), np.float64(0.5696), np.float64(0.5796), np.float64(0.5996), np.float64(0.6096), np.float64(0.6296), np.float64(0.6396), np.float64(0.6595), np.float64(0.6695), np.float64(0.6895), np.float64(0.6995), np.float64(0.7195), np.float64(0.7295), np.float64(0.7495)]"
0.5,0.74,0.24,6,2,0.91708,0.41355,0.91349,"[np.float64(0.4996), np.float64(0.5496), np.float64(0.5996), np.float64(0.6396), np.float64(0.6895), np.float64(0.7395)]"
0.5,0.76,0.26,6,2,0.91704,0.41365,0.91346,"[np.float64(0.4996), np.float64(0.5496), np.float64(0.5996), np.float64(0.6595), np.float64(0.7095), np.float64(0.7595)]"
0.4,0.75,0.35,8,3,0.91703,0.41367,0.91345,"[np.float64(0.3996), np.float64(0.4496), np.float64(0.4996), np.float64(0.5496), np.float64(0.5996), np.float64(0.6495), np.float64(0.6995), np.float64(0.7495)]"
0.48,0.76,0.28,14,2,0.91703,0.41368,0.91344,"[np.float64(0.4796), np.float64(0.4996), np.float64(0.5196), np.float64(0.5396), np.float64(0.5696), np.float64(0.5896), np.float64(0.6096), np.float64(0.6296), np.float64(0.6495), np.float64(0.6695), np.float64(0.6995), np.float64(0.7195), np.float64(0.7395), np.float64(0.7595)]"
0.5,0.75,0.25,17,2,0.91694,0.41389,0.91338,"[np.float64(0.4996), np.float64(0.5196), np.float64(0.5296), np.float64(0.5496), np.float64(0.5596), np.float64(0.5796), np.float64(0.5896), np.float64(0.6096), np.float64(0.6196), np.float64(0.6396), np.float64(0.6595), np.float64(0.6695), np.float64(0.6895), np.float64(0.6995), np.float64(0.7195), np.float64(0.7295), np.float64(0.7495)]"
0.48,0.77,0.29,17,2,0.91693,0.41391,0.91337,"[np.float64(0.4796), np.float64(0.4996), np.float64(0.5196), np.float64(0.5296), np.float64(0.5496), np.float64(0.5696), np.float64(0.5896), np.float64(0.6096), np.float64(0.6196), np.float64(0.6396), np.float64(0.6595), np.float64(0.6795), np.float64(0.6995), np.float64(0.7195), np.float64(0.7295), np.float64(0.7495), np.float64(0.7695)]"
0.48,0.76,0.28,11,2,0.91688,0.41404,0.91333,"[np.float64(0.4796), np.float64(0.5096), np.float64(0.5396), np.float64(0.5596), np.float64(0.5896), np.float64(0.6196), np.float64(0.6495), np.float64(0.6795), np.float64(0.6995), np.float64(0.7295), np.float64(0.7595)]"
0.48,0.76,0.28,13,2,0.91687,0.41406,0.91332,"[np.float64(0.4796), np.float64(0.4996), np.float64(0.5296), np.float64(0.5496), np.float64(0.5696), np.float64(0.5996), np.float64(0.6196), np.float64(0.6396), np.float64(0.6695), np.float64(0.6895), np.float64(0.7095), np.float64(0.7395), np.float64(0.7595)]"
0.52,0.74,0.22,7,2,0.91682,0.41419,0.91328,"[np.float64(0.5196), np.float64(0.5596), np.float64(0.5896), np.float64(0.6296), np.float64(0.6695), np.float64(0.6995), np.float64(0.7395)]"
0.48,0.76,0.28,12,2,0.91679,0.41428,0.91325,"[np.float64(0.4796), np.float64(0.5096), np.float64(0.5296), np.float64(0.5596), np.float64(0.5796), np.float64(0.6096), np.float64(0.6296), np.float64(0.6595), np.float64(0.6795), np.float64(0.7095), np.float64(0.7295), np.float64(0.7595)]"
0.48,0.77,0.29,18,2,0.91678,0.4143,0.91324,"[np.float64(0.4796), np.float64(0.4996), np.float64(0.5096), np.float64(0.5296), np.float64(0.5496), np.float64(0.5696), np.float64(0.5796), np.float64(0.5996), np.float64(0.6196), np.float64(0.6296), np.float64(0.6495), np.float64(0.6695), np.float64(0.6795), np.float64(0.6995), np.float64(0.7195), np.float64(0.7395), np.float64(0.7495), np.float64(0.7695)]"
0.5,0.77,0.27,12,2,0.91676,0.41435,0.91323,"[np.float64(0.4996), np.float64(0.5196), np.float64(0.5496), np.float64(0.5696), np.float64(0.5996), np.float64(0.6196), np.float64(0.6495), np.float64(0.6695), np.float64(0.6995), np.float64(0.7195), np.float64(0.7495), np.float64(0.7695)]"
0.42,0.76,0.34,11,3,0.91677,0.41433,0.91323,"[np.float64(0.4196), np.float64(0.4496), np.float64(0.4896), np.float64(0.5196), np.float64(0.5596), np.float64(0.5896), np.float64(0.6196), np.float64(0.6595), np.float64(0.6895), np.float64(0.7295), np.float64(0.7595)]"
0.48,0.76,0.28,10,2,0.91677,0.41432,0.91323,"[np.float64(0.4796), np.float64(0.5096), np.float64(0.5396), np.float64(0.5696), np.float64(0.5996), np.float64(0.6396), np.float64(0.6695), np.float64(0.6995), np.float64(0.7295), np.float64(0.7595)]"
0.52,0.76,0.24,5,2,0.91675,0.41438,0.91322,"[np.float64(0.5196), np.float64(0.5796), np.float64(0.6396), np.float64(0.6995), np.float64(0.7595)]"
0.5,0.74,0.24,7,2,0.91654,0.4149,0.91304,"[np.float64(0.4996), np.float64(0.5396), np.float64(0.5796), np.float64(0.6196), np.float64(0.6595), np.float64(0.6995), np.float64(0.7395)]"
0.48,0.77,0.29,15,2,0.91653,0.41493,0.91303,"[np.float64(0.4796), np.float64(0.4996), np.float64(0.5196), np.float64(0.5396), np.float64(0.5596), np.float64(0.5796), np.float64(0.5996), np.float64(0.6296), np.float64(0.6495), np.float64(0.6695), np.float64(0.6895), np.float64(0.7095), np.float64(0.7295), np.float64(0.7495), np.float64(0.7695)]"
0.54,0.74,0.2,7,2,0.91647,0.41507,0.91299,"[np.float64(0.5396), np.float64(0.5696), np.float64(0.6096), np.float64(0.6396), np.float64(0.6695), np.float64(0.7095), np.float64(0.7395)]"
0.52,0.77,0.25,9,2,0.91644,0.41513,0.91297,"[np.float64(0.5196), np.float64(0.5496), np.float64(0.5796), np.float64(0.6096), np.float64(0.6396), np.float64(0.6795), np.float64(0.7095), np.float64(0.7395), np.float64(0.7695)]"
0.48,0.76,0.28,9,2,0.91637,0.41531,0.91291,"[np.float64(0.4796), np.float64(0.5196), np.float64(0.5496), np.float64(0.5796), np.float64(0.6196), np.float64(0.6595), np.float64(0.6895), np.float64(0.7195), np.float64(0.7595)]"
0.5,0.77,0.27,10,2,0.91634,0.41538,0.91288,"[np.float64(0.4996), np.float64(0.5296), np.float64(0.5596), np.float64(0.5896), np.float64(0.6196), np.float64(0.6495), np.float64(0.6795), np.float64(0.7095), np.float64(0.7395), np.float64(0.7695)]"
0.44,0.75,0.31,2,2,0.91622,0.4157,0.91278,"[np.float64(0.4396), np.float64(0.7495)]"
0.48,0.77,0.29,16,2,0.91617,0.41581,0.91274,"[np.float64(0.4796), np.float64(0.4996), np.float64(0.5196), np.float64(0.5396), np.float64(0.5596), np.float64(0.5796), np.float64(0.5996), np.float64(0.6196), np.float64(0.6296), np.float64(0.6495), np.float64(0.6695), np.float64(0.6895), np.float64(0.7095), np.float64(0.7295), np.float64(0.7495), np.float64(0.7695)]"
0.5,0.73,0.23,3,2,0.91614,0.41588,0.91272,"[np.float64(0.4996), np.float64(0.6196), np.float64(0.7295)]"
0.5,0.74,0.24,8,2,0.91607,0.41607,0.91266,"[np.float64(0.4996), np.float64(0.5296), np.float64(0.5696), np.float64(0.5996), np.float64(0.6396), np.float64(0.6695), np.float64(0.7095), np.float64(0.7395)]"
0.52,0.74,0.22,8,2,0.91605,0.4161,0.91264,"[np.float64(0.5196), np.float64(0.5496), np.float64(0.5796), np.float64(0.6096), np.float64(0.6495), np.float64(0.6795), np.float64(0.7095), np.float64(0.7395)]"
0.52,0.77,0.25,8,2,0.91601,0.41621,0.91261,"[np.float64(0.5196), np.float64(0.5596), np.float64(0.5896), np.float64(0.6296), np.float64(0.6595), np.float64(0.6995), np.float64(0.7295), np.float64(0.7695)]"
0.4,0.77,0.37,6,3,0.91599,0.41625,0.91259,"[np.float64(0.3996), np.float64(0.4696), np.float64(0.5496), np.float64(0.6196), np.float64(0.6995), np.float64(0.7695)]"
0.54,0.77,0.23,8,2,0.91596,0.41634,0.91257,"[np.float64(0.5396), np.float64(0.5696), np.float64(0.6096), np.float64(0.6396), np.float64(0.6695), np.float64(0.6995), np.float64(0.7395), np.float64(0.7695)]"
0.56,0.76,0.2,4,2,0.91594,0.41639,0.91255,"[np.float64(0.5596), np.float64(0.6296), np.float64(0.6895), np.float64(0.7595)]"
0.58,0.78,0.2,14,2,0.9159,0.41647,0.91252,"[np.float64(0.5796), np.float64(0.5996), np.float64(0.6096), np.float64(0.6296), np.float64(0.6396), np.float64(0.6595), np.float64(0.6695), np.float64(0.6895), np.float64(0.6995), np.float64(0.7195), np.float64(0.7295), np.float64(0.7495), np.float64(0.7595), np.float64(0.7795)]"
0.58,0.78,0.2,20,2,0.91589,0.41651,0.91251,"[np.float64(0.5796), np.float64(0.5896), np.float64(0.5996), np.float64(0.6096), np.float64(0.6196), np.float64(0.6296), np.float64(0.6396), np.float64(0.6495), np.float64(0.6595), np.float64(0.6695), np.float64(0.6895), np.float64(0.6995), np.float64(0.7095), np.float64(0.7195), np.float64(0.7295), np.float64(0.7395), np.float64(0.7495), np.float64(0.7595), np.float64(0.7695), np.float64(0.7795)]"
0.4,0.76,0.36,19,3,0.9158,0.41672,0.91244,"[np.float64(0.3996), np.float64(0.4196), np.float64(0.4396), np.float64(0.4596), np.float64(0.4796), np.float64(0.4996), np.float64(0.5196), np.float64(0.5396), np.float64(0.5596), np.float64(0.5796), np.float64(0.5996), np.float64(0.6196), np.float64(0.6396), np.float64(0.6595), np.float64(0.6795), np.float64(0.6995), np.float64(0.7195), np.float64(0.7395), np.float64(0.7595)]"
0.58,0.78,0.2,18,2,0.91576,0.41684,0.9124,"[np.float64(0.5796), np.float64(0.5896), np.float64(0.5996), np.float64(0.6196), np.float64(0.6296), np.float64(0.6396), np.float64(0.6495), np.float64(0.6595), np.float64(0.6695), np.float64(0.6895), np.float64(0.6995), np.float64(0.7095), np.float64(0.7195), np.float64(0.7295), np.float64(0.7395), np.float64(0.7595), np.float64(0.7695), np.float64(0.7795)]"
0.42,0.77,0.35,11,3,0.91564,0.41713,0.91231,"[np.float64(0.4196), np.float64(0.4596), np.float64(0.4896), np.float64(0.5196), np.float64(0.5596), np.float64(0.5996), np.float64(0.6296), np.float64(0.6595), np.float64(0.6995), np.float64(0.7395), np.float64(0.7695)]"
0.58,0.78,0.2,19,2,0.91558,0.41728,0.91225,"[np.float64(0.5796), np.float64(0.5896), np.float64(0.5996), np.float64(0.6096), np.float64(0.6196), np.float64(0.6396), np.float64(0.6495), np.float64(0.6595), np.float64(0.6695), np.float64(0.6795), np.float64(0.6895), np.float64(0.6995), np.float64(0.7095), np.float64(0.7195), np.float64(0.7395), np.float64(0.7495), np.float64(0.7595), np.float64(0.7695), np.float64(0.7795)]"
0.54,0.77,0.23,7,2,0.91554,0.41738,0.91222,"[np.float64(0.5396), np.float64(0.5796), np.float64(0.6196), np.float64(0.6595), np.float64(0.6895), np.float64(0.7295), np.float64(0.7695)]"
0.48,0.75,0.27,19,2,0.9155,0.41747,0.91219,"[np.float64(0.4796), np.float64(0.4996), np.float64(0.5096), np.float64(0.5196), np.float64(0.5396), np.float64(0.5596), np.float64(0.5696), np.float64(0.5796), np.float64(0.5996), np.float64(0.6196), np.float64(0.6296), np.float64(0.6396), np.float64(0.6595), np.float64(0.6795), np.float64(0.6895), np.float64(0.6995), np.float64(0.7195), np.float64(0.7395), np.float64(0.7495)]"
0.5,0.76,0.26,5,2,0.91543,0.41764,0.91214,"[np.float64(0.4996), np.float64(0.5596), np.float64(0.6296), np.float64(0.6995), np.float64(0.7595)]"
0.48,0.76,0.28,8,2,0.91544,0.41763,0.91214,"[np.float64(0.4796), np.float64(0.5196), np.float64(0.5596), np.float64(0.5996), np.float64(0.6396), np.float64(0.6795), np.float64(0.7195), np.float64(0.7595)]"
0.48,0.75,0.27,10,2,0.9154,0.41772,0.91211,"[np.float64(0.4796), np.float64(0.5096), np.float64(0.5396), np.float64(0.5696), np.float64(0.5996), np.float64(0.6296), np.float64(0.6595), np.float64(0.6895), np.float64(0.7195), np.float64(0.7495)]"
0.48,0.75,0.27,12,2,0.91539,0.41775,0.9121,"[np.float64(0.4796), np.float64(0.4996), np.float64(0.5296), np.float64(0.5496), np.float64(0.5796), np.float64(0.5996), np.float64(0.6296), np.float64(0.6495), np.float64(0.6795), np.float64(0.6995), np.float64(0.7295), np.float64(0.7495)]"
0.58,0.78,0.2,16,2,0.91539,0.41774,0.9121,"[np.float64(0.5796), np.float64(0.5896), np.float64(0.6096), np.float64(0.6196), np.float64(0.6296), np.float64(0.6495), np.float64(0.6595), np.float64(0.6695), np.float64(0.6895), np.float64(0.6995), np.float64(0.7095), np.float64(0.7295), np.float64(0.7395), np.float64(0.7495), np.float64(0.7695), np.float64(0.7795)]"
0.52,0.74,0.22,9,2,0.91538,0.41778,0.91209,"[np.float64(0.5196), np.float64(0.5496), np.float64(0.5796), np.float64(0.5996), np.float64(0.6296), np.float64(0.6595), np.float64(0.6795), np.float64(0.7095), np.float64(0.7395)]"
0.48,0.75,0.27,9,2,0.91536,0.4178,0.91208,"[np.float64(0.4796), np.float64(0.5096), np.float64(0.5496), np.float64(0.5796), np.float64(0.6196), np.float64(0.6495), np.float64(0.6795), np.float64(0.7195), np.float64(0.7495)]"
0.48,0.75,0.27,6,2,0.91534,0.41787,0.91206,"[np.float64(0.4796), np.float64(0.5296), np.float64(0.5896), np.float64(0.6396), np.float64(0.6995), np.float64(0.7495)]"
0.48,0.75,0.27,11,2,0.91533,0.41788,0.91205,"[np.float64(0.4796), np.float64(0.5096), np.float64(0.5296), np.float64(0.5596), np.float64(0.5896), np.float64(0.6196), np.float64(0.6396), np.float64(0.6695), np.float64(0.6995), np.float64(0.7195), np.float64(0.7495)]"
0.48,0.77,0.29,12,2,0.91533,0.4179,0.91205,"[np.float64(0.4796), np.float64(0.5096), np.float64(0.5296), np.float64(0.5596), np.float64(0.5896), np.float64(0.6096), np.float64(0.6396), np.float64(0.6595), np.float64(0.6895), np.float64(0.7195), np.float64(0.7395), np.float64(0.7695)]"
0.5,0.74,0.24,9,2,0.91531,0.41793,0.91204,"[np.float64(0.4996), np.float64(0.5296), np.float64(0.5596), np.float64(0.5896), np.float64(0.6196), np.float64(0.6495), np.float64(0.6795), np.float64(0.7095), np.float64(0.7395)]"
0.48,0.77,0.29,14,2,0.91531,0.41795,0.91203,"[np.float64(0.4796), np.float64(0.4996), np.float64(0.5196), np.float64(0.5496), np.float64(0.5696), np.float64(0.5896), np.float64(0.6096), np.float64(0.6396), np.float64(0.6595), np.float64(0.6795), np.float64(0.6995), np.float64(0.7295), np.float64(0.7495), np.float64(0.7695)]"
0.52,0.74,0.22,10,2,0.9153,0.41796,0.91203,"[np.float64(0.5196), np.float64(0.5396), np.float64(0.5696), np.float64(0.5896), np.float64(0.6196), np.float64(0.6396), np.float64(0.6695), np.float64(0.6895), np.float64(0.7195), np.float64(0.7395)]"
0.52,0.73,0.21,4,2,0.91529,0.41799,0.91202,"[np.float64(0.5196), np.float64(0.5896), np.float64(0.6595), np.float64(0.7295)]"
0.48,0.75,0.27,14,2,0.91528,0.418,0.91201,"[np.float64(0.4796), np.float64(0.4996), np.float64(0.5196), np.float64(0.5396), np.float64(0.5596), np.float64(0.5796), np.float64(0.5996), np.float64(0.6296), np.float64(0.6495), np.float64(0.6695), np.float64(0.6895), np.float64(0.7095), np.float64(0.7295), np.float64(0.7495)]"
0.42,0.77,0.35,10,3,0.91524,0.4181,0.91198,"[np.float64(0.4196), np.float64(0.4596), np.float64(0.4996), np.float64(0.5396), np.float64(0.5796), np.float64(0.6096), np.float64(0.6495), np.float64(0.6895), np.float64(0.7295), np.float64(0.7695)]"
0.5,0.77,0.27,9,2,0.91523,0.41814,0.91197,"[np.float64(0.4996), np.float64(0.5296), np.float64(0.5696), np.float64(0.5996), np.float64(0.6396), np.float64(0.6695), np.float64(0.6995), np.float64(0.7395), np.float64(0.7695)]"
0.54,0.74,0.2,8,2,0.91515,0.41833,0.91191,"[np.float64(0.5396), np.float64(0.5696), np.float64(0.5996), np.float64(0.6296), np.float64(0.6495), np.float64(0.6795), np.float64(0.7095), np.float64(0.7395)]"
0.56,0.77,0.21,7,2,0.91514,0.41836,0.9119,"[np.float64(0.5596), np.float64(0.5996), np.float64(0.6296), np.float64(0.6595), np.float64(0.6995), np.float64(0.7395), np.float64(0.7695)]"
0.58,0.78,0.2,13,2,0.91511,0.41843,0.91187,"[np.float64(0.5796), np.float64(0.5996), np.float64(0.6096), np.float64(0.6296), np.float64(0.6495), np.float64(0.6595), np.float64(0.6795), np.float64(0.6995), np.float64(0.7095), np.float64(0.7295), np.float64(0.7495), np.float64(0.7595), np.float64(0.7795)]"
0.42,0.76,0.34,12,3,0.9151,0.41845,0.91186,"[np.float64(0.4196), np.float64(0.4496), np.float64(0.4796), np.float64(0.5096), np.float64(0.5396), np.float64(0.5696), np.float64(0.6096), np.float64(0.6396), np.float64(0.6695), np.float64(0.6995), np.float64(0.7295), np.float64(0.7595)]"
0.58,0.78,0.2,17,2,0.91509,0.41849,0.91185,"[np.float64(0.5796), np.float64(0.5896), np.float64(0.5996), np.float64(0.6196), np.float64(0.6296), np.float64(0.6396), np.float64(0.6595), np.float64(0.6695), np.float64(0.6795), np.float64(0.6895), np.float64(0.6995), np.float64(0.7195), np.float64(0.7295), np.float64(0.7395), np.float64(0.7595), np.float64(0.7695), np.float64(0.7795)]"
0.54,0.74,0.2,9,2,0.91501,0.41867,0.91179,"[np.float64(0.5396), np.float64(0.5596), np.float64(0.5896), np.float64(0.6196), np.float64(0.6396), np.float64(0.6595), np.float64(0.6895), np.float64(0.7195), np.float64(0.7395)]"
0.48,0.75,0.27,7,2,0.91498,0.41875,0.91177,"[np.float64(0.4796), np.float64(0.5196), np.float64(0.5696), np.float64(0.6196), np.float64(0.6595), np.float64(0.6995), np.float64(0.7495)]"
0.46,0.75,0.29,2,2,0.91497,0.41877,0.91176,"[np.float64(0.4596), np.float64(0.7495)]"
0.42,0.76,0.34,15,3,0.91495,0.41883,0.91174,"[np.float64(0.4196), np.float64(0.4396), np.float64(0.4696), np.float64(0.4896), np.float64(0.5196), np.float64(0.5396), np.float64(0.5696), np.float64(0.5896), np.float64(0.6096), np.float64(0.6396), np.float64(0.6595), np.float64(0.6895), np.float64(0.7095), np.float64(0.7395), np.float64(0.7595)]"
0.48,0.75,0.27,8,2,0.91494,0.41885,0.91173,"[np.float64(0.4796), np.float64(0.5196), np.float64(0.5596), np.float64(0.5996), np.float64(0.6296), np.float64(0.6695), np.float64(0.7095), np.float64(0.7495)]"
0.54,0.78,0.24,20,2,0.91492,0.4189,0.91172,"[np.float64(0.5396), np.float64(0.5496), np.float64(0.5696), np.float64(0.5796), np.float64(0.5896), np.float64(0.5996), np.float64(0.6196), np.float64(0.6296), np.float64(0.6396), np.float64(0.6495), np.float64(0.6695), np.float64(0.6795), np.float64(0.6895), np.float64(0.6995), np.float64(0.7195), np.float64(0.7295), np.float64(0.7395), np.float64(0.7495), np.float64(0.7695), np.float64(0.7795)]"
0.52,0.78,0.26,18,2,0.91491,0.41893,0.91171,"[np.float64(0.5196), np.float64(0.5396), np.float64(0.5496), np.float64(0.5696), np.float64(0.5796), np.float64(0.5996), np.float64(0.6096), np.float64(0.6296), np.float64(0.6396), np.float64(0.6595), np.float64(0.6695), np.float64(0.6895), np.float64(0.6995), np.float64(0.7195), np.float64(0.7295), np.float64(0.7495), np.float64(0.7595), np.float64(0.7795)]"
0.58,0.78,0.2,12,2,0.9149,0.41895,0.9117,"[np.float64(0.5796), np.float64(0.5996), np.float64(0.6196), np.float64(0.6296), np.float64(0.6495), np.float64(0.6695), np.float64(0.6895), np.float64(0.7095), np.float64(0.7295), np.float64(0.7395), np.float64(0.7595), np.float64(0.7795)]"
0.5,0.74,0.24,11,2,0.91487,0.41903,0.91167,"[np.float64(0.4996), np.float64(0.5196), np.float64(0.5496), np.float64(0.5696), np.float64(0.5996), np.float64(0.6196), np.float64(0.6396), np.float64(0.6695), np.float64(0.6895), np.float64(0.7195), np.float64(0.7395)]"
0.54,0.76,0.22,4,2,0.91481,0.41917,0.91163,"[np.float64(0.5396), np.float64(0.6096), np.float64(0.6895), np.float64(0.7595)]"
0.54,0.78,0.24,17,2,0.91481,0.41916,0.91163,"[np.float64(0.5396), np.float64(0.5596), np.float64(0.5696), np.float64(0.5796), np.float64(0.5996), np.float64(0.6196), np.float64(0.6296), np.float64(0.6396), np.float64(0.6595), np.float64(0.6795), np.float64(0.6895), np.float64(0.6995), np.float64(0.7195), np.float64(0.7395), np.float64(0.7495), np.float64(0.7595), np.float64(0.7795)]"
0.52,0.74,0.22,11,2,0.91482,0.41916,0.91163,"[np.float64(0.5196), np.float64(0.5396), np.float64(0.5596), np.float64(0.5896), np.float64(0.6096), np.float64(0.6296), np.float64(0.6495), np.float64(0.6695), np.float64(0.6995), np.float64(0.7195), np.float64(0.7395)]"
0.48,0.72,0.24,2,2,0.91479,0.41923,0.91161,"[np.float64(0.4796), np.float64(0.7195)]"
0.48,0.75,0.27,13,2,0.91478,0.41925,0.9116,"[np.float64(0.4796), np.float64(0.4996), np.float64(0.5196), np.float64(0.5496), np.float64(0.5696), np.float64(0.5896), np.float64(0.6196), np.float64(0.6396), np.float64(0.6595), np.float64(0.6795), np.float64(0.6995), np.float64(0.7295), np.float64(0.7495)]"
0.48,0.75,0.27,20,2,0.91477,0.41926,0.9116,"[np.float64(0.4796), np.float64(0.4896), np.float64(0.5096), np.float64(0.5196), np.float64(0.5396), np.float64(0.5496), np.float64(0.5696), np.float64(0.5796), np.float64(0.5896), np.float64(0.6096), np.float64(0.6196), np.float64(0.6396), np.float64(0.6495), np.float64(0.6595), np.float64(0.6795), np.float64(0.6895), np.float64(0.7095), np.float64(0.7195), np.float64(0.7395), np.float64(0.7495)]"
0.58,0.78,0.2,15,2,0.91476,0.41928,0.91159,"[np.float64(0.5796), np.float64(0.5896), np.float64(0.6096), np.float64(0.6196), np.float64(0.6396), np.float64(0.6495), np.float64(0.6695), np.float64(0.6795), np.float64(0.6895), np.float64(0.7095), np.float64(0.7195), np.float64(0.7395), np.float64(0.7495), np.float64(0.7695), np.float64(0.7795)]"
0.48,0.75,0.27,16,2,0.91472,0.4194,0.91155,"[np.float64(0.4796), np.float64(0.4996), np.float64(0.5196), np.float64(0.5296), np.float64(0.5496), np.float64(0.5696), np.float64(0.5896), np.float64(0.6096), np.float64(0.6196), np.float64(0.6396), np.float64(0.6595), np.float64(0.6795), np.float64(0.6995), np.float64(0.7095), np.float64(0.7295), np.float64(0.7495)]"
0.48,0.75,0.27,17,2,0.91469,0.41946,0.91153,"[np.float64(0.4796), np.float64(0.4996), np.float64(0.5096), np.float64(0.5296), np.float64(0.5496), np.float64(0.5596), np.float64(0.5796), np.float64(0.5996), np.float64(0.6196), np.float64(0.6296), np.float64(0.6495), np.float64(0.6695), np.float64(0.6795), np.float64(0.6995), np.float64(0.7195), np.float64(0.7295), np.float64(0.7495)]"
0.48,0.76,0.28,7,2,0.91469,0.41946,0.91153,"[np.float64(0.4796), np.float64(0.5296), np.float64(0.5696), np.float64(0.6196), np.float64(0.6695), np.float64(0.7095), np.float64(0.7595)]"
0.4,0.78,0.38,14,3,0.91469,0.41947,0.91153,"[np.float64(0.3996), np.float64(0.4296), np.float64(0.4596), np.float64(0.4896), np.float64(0.5196), np.float64(0.5496), np.float64(0.5796), np.float64(0.5996), np.float64(0.6296), np.float64(0.6595), np.float64(0.6895), np.float64(0.7195), np.float64(0.7495), np.float64(0.7795)]"
0.48,0.77,0.29,13,2,0.91467,0.41952,0.91151,"[np.float64(0.4796), np.float64(0.4996), np.float64(0.5296), np.float64(0.5496), np.float64(0.5796), np.float64(0.5996), np.float64(0.6196), np.float64(0.6495), np.float64(0.6695), np.float64(0.6995), np.float64(0.7195), np.float64(0.7495), np.float64(0.7695)]"
0.5,0.74,0.24,10,2,0.91464,0.41959,0.91149,"[np.float64(0.4996), np.float64(0.5296), np.float64(0.5496), np.float64(0.5796), np.float64(0.6096), np.float64(0.6296), np.float64(0.6595), np.float64(0.6895), np.float64(0.7095), np.float64(0.7395)]"
0.56,0.79,0.23,20,7,0.91464,0.41958,0.91149,"[np.float64(0.5596), np.float64(0.5696), np.float64(0.5796), np.float64(0.5996), np.float64(0.6096), np.float64(0.6196), np.float64(0.6296), np.float64(0.6396), np.float64(0.6595), np.float64(0.6695), np.float64(0.6795), np.float64(0.6895), np.float64(0.7095), np.float64(0.7195), np.float64(0.7295), np.float64(0.7395), np.float64(0.7495), np.float64(0.7695), np.float64(0.7795), np.float64(0.7894)]"
0.48,0.75,0.27,15,2,0.9146,0.4197,0.91145,"[np.float64(0.4796), np.float64(0.4996), np.float64(0.5196), np.float64(0.5396), np.float64(0.5596), np.float64(0.5796), np.float64(0.5996), np.float64(0.6196), np.float64(0.6296), np.float64(0.6495), np.float64(0.6695), np.float64(0.6895), np.float64(0.7095), np.float64(0.7295), np.float64(0.7495)]"
0.5,0.78,0.28,19,2,0.91454,0.41983,0.91141,"[np.float64(0.4996), np.float64(0.5196), np.float64(0.5296), np.float64(0.5496), np.float64(0.5596), np.float64(0.5796), np.float64(0.5896), np.float64(0.6096), np.float64(0.6196), np.float64(0.6396), np.float64(0.6595), np.float64(0.6695), np.float64(0.6895), np.float64(0.6995), np.float64(0.7195), np.float64(0.7295), np.float64(0.7495), np.float64(0.7595), np.float64(0.7795)]"
0.5,0.74,0.24,12,2,0.91453,0.41986,0.9114,"[np.float64(0.4996), np.float64(0.5196), np.float64(0.5396), np.float64(0.5696), np.float64(0.5896), np.float64(0.6096), np.float64(0.6296), np.float64(0.6495), np.float64(0.6695), np.float64(0.6995), np.float64(0.7195), np.float64(0.7395)]"
0.48,0.75,0.27,18,2,0.91447,0.42002,0.91135,"[np.float64(0.4796), np.float64(0.4996), np.float64(0.5096), np.float64(0.5296), np.float64(0.5396), np.float64(0.5596), np.float64(0.5796), np.float64(0.5896), np.float64(0.6096), np.float64(0.6196), np.float64(0.6396), np.float64(0.6495), np.float64(0.6695), np.float64(0.6895), np.float64(0.6995), np.float64(0.7195), np.float64(0.7295), np.float64(0.7495)]"
0.42,0.72,0.3,2,2,0.91437,0.42024,0.91127,"[np.float64(0.4196), np.float64(0.7195)]"
0.5,0.77,0.27,8,2,0.91433,0.42034,0.91124,"[np.float64(0.4996), np.float64(0.5396), np.float64(0.5796), np.float64(0.6196), np.float64(0.6495), np.float64(0.6895), np.float64(0.7295), np.float64(0.7695)]"
0.5,0.72,0.22,2,2,0.91433,0.42036,0.91123,"[np.float64(0.4996), np.float64(0.7195)]"
0.54,0.78,0.24,16,2,0.91432,0.42038,0.91122,"[np.float64(0.5396), np.float64(0.5596), np.float64(0.5696), np.float64(0.5896), np.float64(0.5996), np.float64(0.6196), np.float64(0.6396), np.float64(0.6495), np.float64(0.6695), np.float64(0.6795), np.float64(0.6995), np.float64(0.7195), np.float64(0.7295), np.float64(0.7495), np.float64(0.7595), np.float64(0.7795)]"
0.56,0.77,0.21,6,2,0.91432,0.42038,0.91122,"[np.float64(0.5596), np.float64(0.5996), np.float64(0.6396), np.float64(0.6895), np.float64(0.7295), np.float64(0.7695)]"
0.56,0.78,0.22,17,2,0.91429,0.42045,0.9112,"[np.float64(0.5596), np.float64(0.5696), np.float64(0.5896), np.float64(0.5996), np.float64(0.6196), np.float64(0.6296), np.float64(0.6396), np.float64(0.6595), np.float64(0.6695), np.float64(0.6795), np.float64(0.6995), np.float64(0.7095), np.float64(0.7195), np.float64(0.7395), np.float64(0.7495), np.float64(0.7695), np.float64(0.7795)]"
0.42,0.75,0.33,7,3,0.91429,0.42044,0.9112,"[np.float64(0.4196), np.float64(0.4796), np.float64(0.5296), np.float64(0.5796), np.float64(0.6396), np.float64(0.6995), np.float64(0.7495)]"
0.46,0.72,0.26,2,2,0.91424,0.42058,0.91116,"[np.float64(0.4596), np.float64(0.7195)]"
0.5,0.73,0.23,4,2,0.91422,0.42061,0.91115,"[np.float64(0.4996), np.float64(0.5796), np.float64(0.6495), np.float64(0.7295)]"
0.54,0.78,0.24,19,2,0.9142,0.42066,0.91113,"[np.float64(0.5396), np.float64(0.5496), np.float64(0.5696), np.float64(0.5796), np.float64(0.5896), np.float64(0.6096), np.float64(0.6196), np.float64(0.6296), np.float64(0.6495), np.float64(0.6595), np.float64(0.6695), np.float64(0.6895), np.float64(0.6995), np.float64(0.7095), np.float64(0.7295), np.float64(0.7395), np.float64(0.7495), np.float64(0.7695), np.float64(0.7795)]"
0.48,0.77,0.29,11,2,0.91417,0.42074,0.9111,"[np.float64(0.4796), np.float64(0.5096), np.float64(0.5396), np.float64(0.5696), np.float64(0.5996), np.float64(0.6196), np.float64(0.6495), np.float64(0.6795), np.float64(0.7095), np.float64(0.7395), np.float64(0.7695)]"
0.52,0.78,0.26,17,2,0.91415,0.4208,0.91108,"[np.float64(0.5196), np.float64(0.5396), np.float64(0.5496), np.float64(0.5696), np.float64(0.5796), np.float64(0.5996), np.float64(0.6196), np.float64(0.6296), np.float64(0.6495), np.float64(0.6695), np.float64(0.6795), np.float64(0.6995), np.float64(0.7195), np.float64(0.7295), np.float64(0.7495), np.float64(0.7595), np.float64(0.7795)]"
0.42,0.74,0.32,4,3,0.91404,0.42106,0.911,"[np.float64(0.4196), np.float64(0.5296), np.float64(0.6296), np.float64(0.7395)]"
0.5,0.78,0.28,17,2,0.91403,0.42108,0.91099,"[np.float64(0.4996), np.float64(0.5196), np.float64(0.5396), np.float64(0.5496), np.float64(0.5696), np.float64(0.5896), np.float64(0.5996), np.float64(0.6196), np.float64(0.6396), np.float64(0.6595), np.float64(0.6795), np.float64(0.6895), np.float64(0.7095), np.float64(0.7295), np.float64(0.7395), np.float64(0.7595), np.float64(0.7795)]"
0.58,0.78,0.2,11,2,0.91404,0.42107,0.91099,"[np.float64(0.5796), np.float64(0.5996), np.float64(0.6196), np.float64(0.6396), np.float64(0.6595), np.float64(0.6795), np.float64(0.6995), np.float64(0.7195), np.float64(0.7395), np.float64(0.7595), np.float64(0.7795)]"
0.48,0.75,0.27,5,2,0.91404,0.42107,0.91099,"[np.float64(0.4796), np.float64(0.5496), np.float64(0.6196), np.float64(0.6795), np.float64(0.7495)]"
0.52,0.77,0.25,7,2,0.91397,0.42124,0.91094,"[np.float64(0.5196), np.float64(0.5596), np.float64(0.5996), np.float64(0.6396), np.float64(0.6895), np.float64(0.7295), np.float64(0.7695)]"
0.42,0.77,0.35,12,3,0.91394,0.4213,0.91092,"[np.float64(0.4196), np.float64(0.4496), np.float64(0.4796), np.float64(0.5196), np.float64(0.5496), np.float64(0.5796), np.float64(0.6096), np.float64(0.6396), np.float64(0.6695), np.float64(0.7095), np.float64(0.7395), np.float64(0.7695)]"
0.5,0.74,0.24,13,2,0.91386,0.42149,0.91085,"[np.float64(0.4996), np.float64(0.5196), np.float64(0.5396), np.float64(0.5596), np.float64(0.5796), np.float64(0.5996), np.float64(0.6196), np.float64(0.6396), np.float64(0.6595), np.float64(0.6795), np.float64(0.6995), np.float64(0.7195), np.float64(0.7395)]"
0.42,0.76,0.34,13,3,0.91383,0.42158,0.91082,"[np.float64(0.4196), np.float64(0.4496), np.float64(0.4796), np.float64(0.4996), np.float64(0.5296), np.float64(0.5596), np.float64(0.5896), np.float64(0.6196), np.float64(0.6495), np.float64(0.6795), np.float64(0.6995), np.float64(0.7295), np.float64(0.7595)]"
0.52,0.74,0.22,12,2,0.91381,0.42164,0.9108,"[np.float64(0.5196), np.float64(0.5396), np.float64(0.5596), np.float64(0.5796), np.float64(0.5996), np.float64(0.6196), np.float64(0.6396), np.float64(0.6595), np.float64(0.6795), np.float64(0.6995), np.float64(0.7195), np.float64(0.7395)]"
0.54,0.74,0.2,10,2,0.91373,0.42181,0.91075,"[np.float64(0.5396), np.float64(0.5596), np.float64(0.5796), np.float64(0.6096), np.float64(0.6296), np.float64(0.6495), np.float64(0.6695), np.float64(0.6995), np.float64(0.7195), np.float64(0.7395)]"
0.42,0.76,0.34,16,3,0.91373,0.42183,0.91074,"[np.float64(0.4196), np.float64(0.4396), np.float64(0.4696), np.float64(0.4896), np.float64(0.5096), np.float64(0.5296), np.float64(0.5596), np.float64(0.5796), np.float64(0.5996), np.float64(0.6196), np.float64(0.6495), np.float64(0.6695), np.float64(0.6895), np.float64(0.7095), np.float64(0.7395), np.float64(0.7595)]"
0.52,0.78,0.26,20,2,0.9137,0.42189,0.91072,"[np.float64(0.5196), np.float64(0.5296), np.float64(0.5496), np.float64(0.5596), np.float64(0.5696), np.float64(0.5896), np.float64(0.5996), np.float64(0.6196), np.float64(0.6296), np.float64(0.6396), np.float64(0.6595), np.float64(0.6695), np.float64(0.6795), np.float64(0.6995), np.float64(0.7095), np.float64(0.7295), np.float64(0.7395), np.float64(0.7495), np.float64(0.7695), np.float64(0.7795)]"
0.54,0.78,0.24,14,2,0.91366,0.42199,0.91069,"[np.float64(0.5396), np.float64(0.5596), np.float64(0.5796), np.float64(0.5996), np.float64(0.6096), np.float64(0.6296), np.float64(0.6495), np.float64(0.6695), np.float64(0.6895), np.float64(0.7095), np.float64(0.7195), np.float64(0.7395), np.float64(0.7595), np.float64(0.7795)]"
0.5,0.78,0.28,18,2,0.91364,0.42203,0.91067,"[np.float64(0.4996), np.float64(0.5196), np.float64(0.5296), np.float64(0.5496), np.float64(0.5696), np.float64(0.5796), np.float64(0.5996), np.float64(0.6196), np.float64(0.6296), np.float64(0.6495), np.float64(0.6595), np.float64(0.6795), np.float64(0.6995), np.float64(0.7095), np.float64(0.7295), np.float64(0.7495), np.float64(0.7595), np.float64(0.7795)]"
0.54,0.78,0.24,18,2,0.91357,0.4222,0.91062,"[np.float64(0.5396), np.float64(0.5496), np.float64(0.5696), np.float64(0.5796), np.float64(0.5996), np.float64(0.6096), np.float64(0.6196), np.float64(0.6396), np.float64(0.6495), np.float64(0.6695), np.float64(0.6795), np.float64(0.6995), np.float64(0.7095), np.float64(0.7195), np.float64(0.7395), np.float64(0.7495), np.float64(0.7695), np.float64(0.7795)]"
0.5,0.77,0.27,7,2,0.91357,0.42221,0.91061,"[np.float64(0.4996), np.float64(0.5396), np.float64(0.5896), np.float64(0.6396), np.float64(0.6795), np.float64(0.7195), np.float64(0.7695)]"
0.4,0.76,0.36,20,3,0.91353,0.4223,0.91058,"[np.float64(0.3996), np.float64(0.4196), np.float64(0.4396), np.float64(0.4596), np.float64(0.4796), np.float64(0.4896), np.float64(0.5096), np.float64(0.5296), np.float64(0.5496), np.float64(0.5696), np.float64(0.5896), np.float64(0.6096), np.float64(0.6296), np.float64(0.6495), np.float64(0.6695), np.float64(0.6795), np.float64(0.6995), np.float64(0.7195), np.float64(0.7395), np.float64(0.7595)]"
0.52,0.78,0.26,15,2,0.91354,0.42229,0.91058,"[np.float64(0.5196), np.float64(0.5396), np.float64(0.5596), np.float64(0.5796), np.float64(0.5896), np.float64(0.6096), np.float64(0.6296), np.float64(0.6495), np.float64(0.6695), np.float64(0.6895), np.float64(0.7095), np.float64(0.7195), np.float64(0.7395), np.float64(0.7595), np.float64(0.7795)]"
0.54,0.77,0.23,6,2,0.91345,0.4225,0.91052,"[np.float64(0.5396), np.float64(0.5896), np.float64(0.6296), np.float64(0.6795), np.float64(0.7195), np.float64(0.7695)]"
0.48,0.77,0.29,10,2,0.91344,0.42252,0.91051,"[np.float64(0.4796), np.float64(0.5096), np.float64(0.5396), np.float64(0.5796), np.float64(0.6096), np.float64(0.6396), np.float64(0.6695), np.float64(0.7095), np.float64(0.7395), np.float64(0.7695)]"
0.5,0.78,0.28,16,2,0.91338,0.42268,0.91046,"[np.float64(0.4996), np.float64(0.5196), np.float64(0.5396), np.float64(0.5596), np.float64(0.5696), np.float64(0.5896), np.float64(0.6096), np.float64(0.6296), np.float64(0.6495), np.float64(0.6695), np.float64(0.6895), np.float64(0.7095), np.float64(0.7195), np.float64(0.7395), np.float64(0.7595), np.float64(0.7795)]"
0.48,0.74,0.26,5,2,0.91338,0.42268,0.91045,"[np.float64(0.4796), np.float64(0.5396), np.float64(0.6096), np.float64(0.6795), np.float64(0.7395)]"
0.54,0.78,0.24,15,2,0.91336,0.42272,0.91044,"[np.float64(0.5396), np.float64(0.5596), np.float64(0.5696), np.float64(0.5896), np.float64(0.6096), np.float64(0.6296), np.float64(0.6396), np.float64(0.6595), np.float64(0.6795), np.float64(0.6895), np.float64(0.7095), np.float64(0.7295), np.float64(0.7495), np.float64(0.7595), np.float64(0.7795)]"
0.42,0.76,0.34,14,3,0.91334,0.42278,0.91042,"[np.float64(0.4196), np.float64(0.4496), np.float64(0.4696), np.float64(0.4996), np.float64(0.5196), np.float64(0.5496), np.float64(0.5796), np.float64(0.5996), np.float64(0.6296), np.float64(0.6595), np.float64(0.6795), np.float64(0.7095), np.float64(0.7295), np.float64(0.7595)]"
0.48,0.78,0.3,20,2,0.91334,0.42278,0.91042,"[np.float64(0.4796), np.float64(0.4996), np.float64(0.5096), np.float64(0.5296), np.float64(0.5396), np.float64(0.5596), np.float64(0.5696), np.float64(0.5896), np.float64(0.6096), np.float64(0.6196), np.float64(0.6396), np.float64(0.6495), np.float64(0.6695), np.float64(0.6895), np.float64(0.6995), np.float64(0.7195), np.float64(0.7295), np.float64(0.7495), np.float64(0.7595), np.float64(0.7795)]"
0.4,0.75,0.35,9,3,0.91329,0.42289,0.91038,"[np.float64(0.3996), np.float64(0.4396), np.float64(0.4896), np.float64(0.5296), np.float64(0.5796), np.float64(0.6196), np.float64(0.6595), np.float64(0.7095), np.float64(0.7495)]"
0.48,0.74,0.26,3,2,0.91327,0.42295,0.91037,"[np.float64(0.4796), np.float64(0.6096), np.float64(0.7395)]"
0.5,0.75,0.25,3,2,0.91325,0.42299,0.91035,"[np.float64(0.4996), np.float64(0.6196), np.float64(0.7495)]"
0.48,0.77,0.29,9,2,0.91325,0.42298,0.91035,"[np.float64(0.4796), np.float64(0.5196), np.float64(0.5496), np.float64(0.5896), np.float64(0.6196), np.float64(0.6595), np.float64(0.6995), np.float64(0.7295), np.float64(0.7695)]"
0.52,0.73,0.21,5,2,0.91323,0.42303,0.91034,"[np.float64(0.5196), np.float64(0.5696), np.float64(0.6196), np.float64(0.6795), np.float64(0.7295)]"
0.44,0.72,0.28,2,2,0.91322,0.42306,0.91033,"[np.float64(0.4396), np.float64(0.7195)]"
0.5,0.74,0.24,15,2,0.91321,0.42309,0.91032,"[np.float64(0.4996), np.float64(0.5196), np.float64(0.5296), np.float64(0.5496), np.float64(0.5696), np.float64(0.5896), np.float64(0.5996), np.float64(0.6196), np.float64(0.6396), np.float64(0.6495), np.float64(0.6695), np.float64(0.6895), np.float64(0.7095), np.float64(0.7195), np.float64(0.7395)]"
0.42,0.76,0.34,17,3,0.91318,0.42317,0.91029,"[np.float64(0.4196), np.float64(0.4396), np.float64(0.4596), np.float64(0.4796), np.float64(0.4996), np.float64(0.5296), np.float64(0.5496), np.float64(0.5696), np.float64(0.5896), np.float64(0.6096), np.float64(0.6296), np.float64(0.6495), np.float64(0.6795), np.float64(0.6995), np.float64(0.7195), np.float64(0.7395), np.float64(0.7595)]"
0.5,0.74,0.24,14,2,0.91318,0.42316,0.91029,"[np.float64(0.4996), np.float64(0.5196), np.float64(0.5396), np.float64(0.5596), np.float64(0.5696), np.float64(0.5896), np.float64(0.6096), np.float64(0.6296), np.float64(0.6495), np.float64(0.6695), np.float64(0.6795), np.float64(0.6995), np.float64(0.7195), np.float64(0.7395)]"
0.52,0.74,0.22,16,2,0.91316,0.42322,0.91028,"[np.float64(0.5196), np.float64(0.5296), np.float64(0.5496), np.float64(0.5596), np.float64(0.5796), np.float64(0.5896), np.float64(0.6096), np.float64(0.6196), np.float64(0.6396), np.float64(0.6495), np.float64(0.6695), np.float64(0.6795), np.float64(0.6995), np.float64(0.7095), np.float64(0.7295), np.float64(0.7395)]"
0.52,0.78,0.26,16,2,0.91313,0.42329,0.91025,"[np.float64(0.5196), np.float64(0.5396), np.float64(0.5496), np.float64(0.5696), np.float64(0.5896), np.float64(0.6096), np.float64(0.6196), np.float64(0.6396), np.float64(0.6595), np.float64(0.6795), np.float64(0.6895), np.float64(0.7095), np.float64(0.7295), np.float64(0.7495), np.float64(0.7595), np.float64(0.7795)]"
0.5,0.74,0.24,18,2,0.91311,0.42334,0.91023,"[np.float64(0.4996), np.float64(0.5096), np.float64(0.5296), np.float64(0.5396), np.float64(0.5596), np.float64(0.5696), np.float64(0.5796), np.float64(0.5996), np.float64(0.6096), np.float64(0.6296), np.float64(0.6396), np.float64(0.6595), np.float64(0.6695), np.float64(0.6795), np.float64(0.6995), np.float64(0.7095), np.float64(0.7295), np.float64(0.7395)]"
0.48,0.76,0.28,6,2,0.91302,0.42355,0.91016,"[np.float64(0.4796), np.float64(0.5396), np.float64(0.5896), np.float64(0.6495), np.float64(0.6995), np.float64(0.7595)]"
0.42,0.77,0.35,9,3,0.91301,0.42358,0.91015,"[np.float64(0.4196), np.float64(0.4596), np.float64(0.5096), np.float64(0.5496), np.float64(0.5996), np.float64(0.6396), np.float64(0.6795), np.float64(0.7295), np.float64(0.7695)]"
0.52,0.78,0.26,19,2,0.91298,0.42364,0.91013,"[np.float64(0.5196), np.float64(0.5296), np.float64(0.5496), np.float64(0.5596), np.float64(0.5796), np.float64(0.5896), np.float64(0.6096), np.float64(0.6196), np.float64(0.6396), np.float64(0.6495), np.float64(0.6595), np.float64(0.6795), np.float64(0.6895), np.float64(0.7095), np.float64(0.7195), np.float64(0.7395), np.float64(0.7495), np.float64(0.7695), np.float64(0.7795)]"
0.46,0.77,0.31,20,2,0.91293,0.42377,0.91009,"[np.float64(0.4596), np.float64(0.4796), np.float64(0.4896), np.float64(0.5096), np.float64(0.5296), np.float64(0.5396), np.float64(0.5596), np.float64(0.5696), np.float64(0.5896), np.float64(0.6096), np.float64(0.6196), np.float64(0.6396), np.float64(0.6595), np.float64(0.6695), np.float64(0.6895), np.float64(0.6995), np.float64(0.7195), np.float64(0.7395), np.float64(0.7495), np.float64(0.7695)]"
0.52,0.74,0.22,13,2,0.9129,0.42384,0.91007,"[np.float64(0.5196), np.float64(0.5396), np.float64(0.5596), np.float64(0.5796), np.float64(0.5896), np.float64(0.6096), np.float64(0.6296), np.float64(0.6495), np.float64(0.6695), np.float64(0.6795), np.float64(0.6995), np.float64(0.7195), np.float64(0.7395)]"
0.56,0.78,0.22,12,2,0.91288,0.42389,0.91005,"[np.float64(0.5596), np.float64(0.5796), np.float64(0.5996), np.float64(0.6196), np.float64(0.6396), np.float64(0.6595), np.float64(0.6795), np.float64(0.6995), np.float64(0.7195), np.float64(0.7395), np.float64(0.7595), np.float64(0.7795)]"
0.48,0.74,0.26,6,2,0.91288,0.4239,0.91005,"[np.float64(0.4796), np.float64(0.5296), np.float64(0.5796), np.float64(0.6396), np.float64(0.6895), np.float64(0.7395)]"
0.52,0.76,0.24,4,2,0.91286,0.42394,0.91003,"[np.float64(0.5196), np.float64(0.5996), np.float64(0.6795), np.float64(0.7595)]"
0.46,0.77,0.31,18,2,0.91278,0.42413,0.90997,"[np.float64(0.4596), np.float64(0.4796), np.float64(0.4996), np.float64(0.5096), np.float64(0.5296), np.float64(0.5496), np.float64(0.5696), np.float64(0.5896), np.float64(0.6096), np.float64(0.6196), np.float64(0.6396), np.float64(0.6595), np.float64(0.6795), np.float64(0.6995), np.float64(0.7195), np.float64(0.7295), np.float64(0.7495), np.float64(0.7695)]"
0.52,0.74,0.22,17,2,0.91278,0.42415,0.90996,"[np.float64(0.5196), np.float64(0.5296), np.float64(0.5496), np.float64(0.5596), np.float64(0.5796), np.float64(0.5896), np.float64(0.5996), np.float64(0.6196), np.float64(0.6296), np.float64(0.6396), np.float64(0.6595), np.float64(0.6695), np.float64(0.6795), np.float64(0.6995), np.float64(0.7095), np.float64(0.7295), np.float64(0.7395)]"
0.5,0.74,0.24,19,2,0.91276,0.42419,0.90995,"[np.float64(0.4996), np.float64(0.5096), np.float64(0.5296), np.float64(0.5396), np.float64(0.5496), np.float64(0.5696), np.float64(0.5796), np.float64(0.5896), np.float64(0.6096), np.float64(0.6196), np.float64(0.6296), np.float64(0.6495), np.float64(0.6595), np.float64(0.6695), np.float64(0.6895), np.float64(0.6995), np.float64(0.7095), np.float64(0.7295), np.float64(0.7395)]"
0.42,0.77,0.35,15,3,0.91275,0.42421,0.90994,"[np.float64(0.4196), np.float64(0.4396), np.float64(0.4696), np.float64(0.4996), np.float64(0.5196), np.float64(0.5396), np.float64(0.5696), np.float64(0.5996), np.float64(0.6196), np.float64(0.6396), np.float64(0.6695), np.float64(0.6995), np.float64(0.7195), np.float64(0.7395), np.float64(0.7695)]"
0.52,0.72,0.2,2,2,0.9127,0.42433,0.9099,"[np.float64(0.5196), np.float64(0.7195)]"
0.58,0.78,0.2,10,2,0.91269,0.42436,0.90989,"[np.float64(0.5796), np.float64(0.5996), np.float64(0.6196), np.float64(0.6495), np.float64(0.6695), np.float64(0.6895), np.float64(0.7095), np.float64(0.7395), np.float64(0.7595), np.float64(0.7795)]"
0.52,0.72,0.2,3,2,0.91268,0.42439,0.90988,"[np.float64(0.5196), np.float64(0.6196), np.float64(0.7195)]"
0.48,0.75,0.27,2,2,0.91268,0.42438,0.90988,"[np.float64(0.4796), np.float64(0.7495)]"
0.6,0.8,0.2,20,1,0.91262,0.42451,0.90984,"[np.float64(0.5996), np.float64(0.6096), np.float64(0.6196), np.float64(0.6296), np.float64(0.6396), np.float64(0.6495), np.float64(0.6595), np.float64(0.6695), np.float64(0.6795), np.float64(0.6895), np.float64(0.7095), np.float64(0.7195), np.float64(0.7295), np.float64(0.7395), np.float64(0.7495), np.float64(0.7595), np.float64(0.7695), np.float64(0.7795), np.float64(0.7894), np.float64(0.7994)]"
0.5,0.74,0.24,16,2,0.91261,0.42456,0.90983,"[np.float64(0.4996), np.float64(0.5196), np.float64(0.5296), np.float64(0.5496), np.float64(0.5596), np.float64(0.5796), np.float64(0.5996), np.float64(0.6096), np.float64(0.6296), np.float64(0.6396), np.float64(0.6595), np.float64(0.6795), np.float64(0.6895), np.float64(0.7095), np.float64(0.7195), np.float64(0.7395)]"
0.5,0.73,0.23,5,2,0.91257,0.42464,0.9098,"[np.float64(0.4996), np.float64(0.5596), np.float64(0.6196), np.float64(0.6695), np.float64(0.7295)]"
0.5,0.78,0.28,20,2,0.91257,0.42464,0.9098,"[np.float64(0.4996), np.float64(0.5096), np.float64(0.5296), np.float64(0.5396), np.float64(0.5596), np.float64(0.5696), np.float64(0.5896), np.float64(0.5996), np.float64(0.6196), np.float64(0.6296), np.float64(0.6495), np.float64(0.6595), np.float64(0.6795), np.float64(0.6895), np.float64(0.7095), np.float64(0.7195), np.float64(0.7395), np.float64(0.7495), np.float64(0.7695), np.float64(0.7795)]"
0.48,0.78,0.3,18,2,0.91258,0.42463,0.9098,"[np.float64(0.4796), np.float64(0.4996), np.float64(0.5196), np.float64(0.5296), np.float64(0.5496), np.float64(0.5696), np.float64(0.5896), np.float64(0.5996), np.float64(0.6196), np.float64(0.6396), np.float64(0.6595), np.float64(0.6695), np.float64(0.6895), np.float64(0.7095), np.float64(0.7295), np.float64(0.7395), np.float64(0.7595), np.float64(0.7795)]"
0.46,0.77,0.31,19,2,0.91258,0.42463,0.9098,"[np.float64(0.4596), np.float64(0.4796), np.float64(0.4896), np.float64(0.5096), np.float64(0.5296), np.float64(0.5496), np.float64(0.5596), np.float64(0.5796), np.float64(0.5996), np.float64(0.6196), np.float64(0.6296), np.float64(0.6495), np.float64(0.6695), np.float64(0.6795), np.float64(0.6995), np.float64(0.7195), np.float64(0.7395), np.float64(0.7495), np.float64(0.7695)]"
0.52,0.74,0.22,14,2,0.91254,0.42472,0.90977,"[np.float64(0.5196), np.float64(0.5396), np.float64(0.5496), np.float64(0.5696), np.float64(0.5896), np.float64(0.5996), np.float64(0.6196), np.float64(0.6396), np.float64(0.6595), np.float64(0.6695), np.float64(0.6895), np.float64(0.7095), np.float64(0.7195), np.float64(0.7395)]"
0.42,0.77,0.35,13,3,0.9125,0.42481,0.90974,"[np.float64(0.4196), np.float64(0.4496), np.float64(0.4796), np.float64(0.5096), np.float64(0.5396), np.float64(0.5696), np.float64(0.5996), np.float64(0.6196), np.float64(0.6495), np.float64(0.6795), np.float64(0.7095), np.float64(0.7395), np.float64(0.7695)]"
0.54,0.74,0.2,11,2,0.91248,0.42488,0.90972,"[np.float64(0.5396), np.float64(0.5596), np.float64(0.5796), np.float64(0.5996), np.float64(0.6196), np.float64(0.6396), np.float64(0.6595), np.float64(0.6795), np.float64(0.6995), np.float64(0.7195), np.float64(0.7395)]"
0.46,0.77,0.31,16,2,0.91247,0.42489,0.90971,"[np.float64(0.4596), np.float64(0.4796), np.float64(0.4996), np.float64(0.5196), np.float64(0.5396), np.float64(0.5596), np.float64(0.5796), np.float64(0.5996), np.float64(0.6296), np.float64(0.6495), np.float64(0.6695), np.float64(0.6895), np.float64(0.7095), np.float64(0.7295), np.float64(0.7495), np.float64(0.7695)]"
0.48,0.78,0.3,19,2,0.91245,0.42495,0.90969,"[np.float64(0.4796), np.float64(0.4996), np.float64(0.5096), np.float64(0.5296), np.float64(0.5496), np.float64(0.5596), np.float64(0.5796), np.float64(0.5996), np.float64(0.6096), np.float64(0.6296), np.float64(0.6495), np.float64(0.6595), np.float64(0.6795), np.float64(0.6995), np.float64(0.7095), np.float64(0.7295), np.float64(0.7495), np.float64(0.7595), np.float64(0.7795)]"
0.48,0.75,0.27,4,2,0.91242,0.425,0.90968,"[np.float64(0.4796), np.float64(0.5696), np.float64(0.6595), np.float64(0.7495)]"
0.48,0.77,0.29,8,2,0.91241,0.42503,0.90967,"[np.float64(0.4796), np.float64(0.5196), np.float64(0.5596), np.float64(0.5996), np.float64(0.6495), np.float64(0.6895), np.float64(0.7295), np.float64(0.7695)]"
0.54,0.78,0.24,13,2,0.91239,0.42509,0.90965,"[np.float64(0.5396), np.float64(0.5596), np.float64(0.5796), np.float64(0.5996), np.float64(0.6196), np.float64(0.6396), np.float64(0.6595), np.float64(0.6795), np.float64(0.6995), np.float64(0.7195), np.float64(0.7395), np.float64(0.7595), np.float64(0.7795)]"
0.5,0.74,0.24,20,2,0.91238,0.42512,0.90964,"[np.float64(0.4996), np.float64(0.5096), np.float64(0.5296), np.float64(0.5396), np.float64(0.5496), np.float64(0.5596), np.float64(0.5796), np.float64(0.5896), np.float64(0.5996), np.float64(0.6096), np.float64(0.6296), np.float64(0.6396), np.float64(0.6495), np.float64(0.6595), np.float64(0.6795), np.float64(0.6895), np.float64(0.6995), np.float64(0.7095), np.float64(0.7295), np.float64(0.7395)]"
0.5,0.74,0.24,17,2,0.91237,0.42513,0.90963,"[np.float64(0.4996), np.float64(0.5196), np.float64(0.5296), np.float64(0.5396), np.float64(0.5596), np.float64(0.5796), np.float64(0.5896), np.float64(0.5996), np.float64(0.6196), np.float64(0.6396), np.float64(0.6495), np.float64(0.6595), np.float64(0.6795), np.float64(0.6995), np.float64(0.7095), np.float64(0.7195), np.float64(0.7395)]"
0.52,0.74,0.22,19,2,0.91234,0.42521,0.90961,"[np.float64(0.5196), np.float64(0.5296), np.float64(0.5396), np.float64(0.5596), np.float64(0.5696), np.float64(0.5796), np.float64(0.5896), np.float64(0.6096), np.float64(0.6196), np.float64(0.6296), np.float64(0.6396), np.float64(0.6495), np.float64(0.6695), np.float64(0.6795), np.float64(0.6895), np.float64(0.6995), np.float64(0.7195), np.float64(0.7295), np.float64(0.7395)]"
0.44,0.74,0.3,4,3,0.91226,0.4254,0.90954,"[np.float64(0.4396), np.float64(0.5396), np.float64(0.6396), np.float64(0.7395)]"
0.52,0.78,0.26,14,2,0.91225,0.42541,0.90954,"[np.float64(0.5196), np.float64(0.5396), np.float64(0.5596), np.float64(0.5796), np.float64(0.5996), np.float64(0.6196), np.float64(0.6396), np.float64(0.6595), np.float64(0.6795), np.float64(0.6995), np.float64(0.7195), np.float64(0.7395), np.float64(0.7595), np.float64(0.7795)]"
0.48,0.74,0.26,4,2,0.91225,0.42542,0.90953,"[np.float64(0.4796), np.float64(0.5696), np.float64(0.6495), np.float64(0.7395)]"
0.42,0.76,0.34,18,3,0.91224,0.42546,0.90952,"[np.float64(0.4196), np.float64(0.4396), np.float64(0.4596), np.float64(0.4796), np.float64(0.4996), np.float64(0.5196), np.float64(0.5396), np.float64(0.5596), np.float64(0.5796), np.float64(0.5996), np.float64(0.6196), np.float64(0.6396), np.float64(0.6595), np.float64(0.6795), np.float64(0.6995), np.float64(0.7195), np.float64(0.7395), np.float64(0.7595)]"
0.42,0.75,0.33,8,3,0.91219,0.42556,0.90949,"[np.float64(0.4196), np.float64(0.4696), np.float64(0.5096), np.float64(0.5596), np.float64(0.6096), np.float64(0.6595), np.float64(0.6995), np.float64(0.7495)]"
0.52,0.74,0.22,20,2,0.91219,0.42556,0.90949,"[np.float64(0.5196), np.float64(0.5296), np.float64(0.5396), np.float64(0.5496), np.float64(0.5696), np.float64(0.5796), np.float64(0.5896), np.float64(0.5996), np.float64(0.6096), np.float64(0.6196), np.float64(0.6396), np.float64(0.6495), np.float64(0.6595), np.float64(0.6695), np.float64(0.6795), np.float64(0.6895), np.float64(0.7095), np.float64(0.7195), np.float64(0.7295), np.float64(0.7395)]"
0.58,0.78,0.2,8,2,0.91217,0.42563,0.90947,"[np.float64(0.5796), np.float64(0.6096), np.float64(0.6396), np.float64(0.6695), np.float64(0.6895), np.float64(0.7195), np.float64(0.7495), np.float64(0.7795)]"
0.48,0.74,0.26,7,2,0.91213,0.42571,0.90944,"[np.float64(0.4796), np.float64(0.5196), np.float64(0.5696), np.float64(0.6096), np.float64(0.6495), np.float64(0.6995), np.float64(0.7395)]"
0.48,0.78,0.3,17,2,0.9121,0.42579,0.90941,"[np.float64(0.4796), np.float64(0.4996), np.float64(0.5196), np.float64(0.5396), np.float64(0.5596), np.float64(0.5696), np.float64(0.5896), np.float64(0.6096), np.float64(0.6296), np.float64(0.6495), np.float64(0.6695), np.float64(0.6895), np.float64(0.6995), np.float64(0.7195), np.float64(0.7395), np.float64(0.7595), np.float64(0.7795)]"
0.4,0.74,0.34,4,3,0.91207,0.42586,0.90939,"[np.float64(0.3996), np.float64(0.5096), np.float64(0.6296), np.float64(0.7395)]"
0.5,0.78,0.28,15,2,0.91204,0.42592,0.90937,"[np.float64(0.4996), np.float64(0.5196), np.float64(0.5396), np.float64(0.5596), np.float64(0.5796), np.float64(0.5996), np.float64(0.6196), np.float64(0.6396), np.float64(0.6595), np.float64(0.6795), np.float64(0.6995), np.float64(0.7195), np.float64(0.7395), np.float64(0.7595), np.float64(0.7795)]"
0.46,0.76,0.3,20,2,0.912,0.42602,0.90933,"[np.float64(0.4596), np.float64(0.4796), np.float64(0.4896), np.float64(0.5096), np.float64(0.5196), np.float64(0.5396), np.float64(0.5496), np.float64(0.5696), np.float64(0.5896), np.float64(0.5996), np.float64(0.6196), np.float64(0.6296), np.float64(0.6495), np.float64(0.6695), np.float64(0.6795), np.float64(0.6995), np.float64(0.7095), np.float64(0.7295), np.float64(0.7395), np.float64(0.7595)]"
0.6,0.8,0.2,14,1,0.91192,0.42622,0.90926,"[np.float64(0.5996), np.float64(0.6196), np.float64(0.6296), np.float64(0.6495), np.float64(0.6595), np.float64(0.6795), np.float64(0.6895), np.float64(0.7095), np.float64(0.7195), np.float64(0.7395), np.float64(0.7495), np.float64(0.7695), np.float64(0.7795), np.float64(0.7994)]"
0.52,0.74,0.22,18,2,0.91187,0.42634,0.90923,"[np.float64(0.5196), np.float64(0.5296), np.float64(0.5496), np.float64(0.5596), np.float64(0.5696), np.float64(0.5796), np.float64(0.5996), np.float64(0.6096), np.float64(0.6196), np.float64(0.6396), np.float64(0.6495), np.float64(0.6595), np.float64(0.6795), np.float64(0.6895), np.float64(0.6995), np.float64(0.7095), np.float64(0.7295), np.float64(0.7395)]"
0.52,0.77,0.25,6,2,0.91185,0.4264,0.9092,"[np.float64(0.5196), np.float64(0.5696), np.float64(0.6196), np.float64(0.6695), np.float64(0.7195), np.float64(0.7695)]"
0.48,0.74,0.26,8,2,0.91181,0.42648,0.90918,"[np.float64(0.4796), np.float64(0.5196), np.float64(0.5496), np.float64(0.5896), np.float64(0.6296), np.float64(0.6695), np.float64(0.6995), np.float64(0.7395)]"
0.52,0.74,0.22,15,2,0.91177,0.4266,0.90914,"[np.float64(0.5196), np.float64(0.5396), np.float64(0.5496), np.float64(0.5696), np.float64(0.5796), np.float64(0.5996), np.float64(0.6096), np.float64(0.6296), np.float64(0.6495), np.float64(0.6595), np.float64(0.6795), np.float64(0.6895), np.float64(0.7095), np.float64(0.7195), np.float64(0.7395)]"
0.46,0.77,0.31,13,2,0.91174,0.42667,0.90912,"[np.float64(0.4596), np.float64(0.4896), np.float64(0.5096), np.float64(0.5396), np.float64(0.5596), np.float64(0.5896), np.float64(0.6196), np.float64(0.6396), np.float64(0.6695), np.float64(0.6895), np.float64(0.7195), np.float64(0.7395), np.float64(0.7695)]"
0.46,0.77,0.31,17,2,0.91166,0.42685,0.90905,"[np.float64(0.4596), np.float64(0.4796), np.float64(0.4996), np.float64(0.5196), np.float64(0.5396), np.float64(0.5596), np.float64(0.5796), np.float64(0.5996), np.float64(0.6196), np.float64(0.6296), np.float64(0.6495), np.float64(0.6695), np.float64(0.6895), np.float64(0.7095), np.float64(0.7295), np.float64(0.7495), np.float64(0.7695)]"
0.58,0.78,0.2,9,2,0.91166,0.42686,0.90905,"[np.float64(0.5796), np.float64(0.5996), np.float64(0.6296), np.float64(0.6595), np.float64(0.6795), np.float64(0.6995), np.float64(0.7295), np.float64(0.7595), np.float64(0.7795)]"
0.46,0.76,0.3,19,2,0.91164,0.42691,0.90903,"[np.float64(0.4596), np.float64(0.4796), np.float64(0.4896), np.float64(0.5096), np.float64(0.5296), np.float64(0.5396), np.float64(0.5596), np.float64(0.5796), np.float64(0.5896), np.float64(0.6096), np.float64(0.6296), np.float64(0.6396), np.float64(0.6595), np.float64(0.6795), np.float64(0.6895), np.float64(0.7095), np.float64(0.7295), np.float64(0.7395), np.float64(0.7595)]"
0.46,0.76,0.3,18,2,0.9116,0.427,0.909,"[np.float64(0.4596), np.float64(0.4796), np.float64(0.4996), np.float64(0.5096), np.float64(0.5296), np.float64(0.5496), np.float64(0.5696), np.float64(0.5796), np.float64(0.5996), np.float64(0.6196), np.float64(0.6396), np.float64(0.6495), np.float64(0.6695), np.float64(0.6895), np.float64(0.7095), np.float64(0.7195), np.float64(0.7395), np.float64(0.7595)]"
0.42,0.77,0.35,16,3,0.9116,0.427,0.909,"[np.float64(0.4196), np.float64(0.4396), np.float64(0.4696), np.float64(0.4896), np.float64(0.5096), np.float64(0.5396), np.float64(0.5596), np.float64(0.5796), np.float64(0.6096), np.float64(0.6296), np.float64(0.6495), np.float64(0.6795), np.float64(0.6995), np.float64(0.7195), np.float64(0.7495), np.float64(0.7695)]"
0.48,0.74,0.26,9,2,0.91159,0.42703,0.90899,"[np.float64(0.4796), np.float64(0.5096), np.float64(0.5396), np.float64(0.5796), np.float64(0.6096), np.float64(0.6396), np.float64(0.6795), np.float64(0.7095), np.float64(0.7395)]"
0.5,0.73,0.23,6,2,0.91156,0.42709,0.90897,"[np.float64(0.4996), np.float64(0.5496), np.float64(0.5896), np.float64(0.6396), np.float64(0.6795), np.float64(0.7295)]"
0.54,0.74,0.2,15,2,0.91155,0.42712,0.90896,"[np.float64(0.5396), np.float64(0.5496), np.float64(0.5696), np.float64(0.5796), np.float64(0.5996), np.float64(0.6096), np.float64(0.6296), np.float64(0.6396), np.float64(0.6495), np.float64(0.6695), np.float64(0.6795), np.float64(0.6995), np.float64(0.7095), np.float64(0.7295), np.float64(0.7395)]"
0.46,0.76,0.3,17,2,0.91147,0.4273,0.9089,"[np.float64(0.4596), np.float64(0.4796), np.float64(0.4996), np.float64(0.5196), np.float64(0.5396), np.float64(0.5496), np.float64(0.5696), np.float64(0.5896), np.float64(0.6096), np.float64(0.6296), np.float64(0.6495), np.float64(0.6695), np.float64(0.6795), np.float64(0.6995), np.float64(0.7195), np.float64(0.7395), np.float64(0.7595)]"
0.52,0.73,0.21,6,2,0.91148,0.4273,0.9089,"[np.float64(0.5196), np.float64(0.5596), np.float64(0.5996), np.float64(0.6495), np.float64(0.6895), np.float64(0.7295)]"
0.56,0.78,0.22,11,2,0.91146,0.42732,0.90889,"[np.float64(0.5596), np.float64(0.5796), np.float64(0.5996), np.float64(0.6296), np.float64(0.6495), np.float64(0.6695), np.float64(0.6895), np.float64(0.7095), np.float64(0.7395), np.float64(0.7595), np.float64(0.7795)]"
0.42,0.77,0.35,14,3,0.91144,0.42738,0.90888,"[np.float64(0.4196), np.float64(0.4496), np.float64(0.4696), np.float64(0.4996), np.float64(0.5296), np.float64(0.5496), np.float64(0.5796), np.float64(0.6096), np.float64(0.6396), np.float64(0.6595), np.float64(0.6895), np.float64(0.7195), np.float64(0.7395), np.float64(0.7695)]"
0.46,0.77,0.31,12,2,0.91139,0.4275,0.90883,"[np.float64(0.4596), np.float64(0.4896), np.float64(0.5196), np.float64(0.5396), np.float64(0.5696), np.float64(0.5996), np.float64(0.6296), np.float64(0.6595), np.float64(0.6895), np.float64(0.7095), np.float64(0.7395), np.float64(0.7695)]"
0.46,0.76,0.3,16,2,0.91134,0.42761,0.9088,"[np.float64(0.4596), np.float64(0.4796), np.float64(0.4996), np.float64(0.5196), np.float64(0.5396), np.float64(0.5596), np.float64(0.5796), np.float64(0.5996), np.float64(0.6196), np.float64(0.6396), np.float64(0.6595), np.float64(0.6795), np.float64(0.6995), np.float64(0.7195), np.float64(0.7395), np.float64(0.7595)]"
0.5,0.72,0.22,3,2,0.91127,0.42779,0.90874,"[np.float64(0.4996), np.float64(0.6096), np.float64(0.7195)]"
0.5,0.78,0.28,12,2,0.91124,0.42786,0.90871,"[np.float64(0.4996), np.float64(0.5296), np.float64(0.5496), np.float64(0.5796), np.float64(0.5996), np.float64(0.6296), np.float64(0.6495), np.float64(0.6795), np.float64(0.6995), np.float64(0.7295), np.float64(0.7495), np.float64(0.7795)]"
0.42,0.75,0.33,3,3,0.91122,0.42791,0.9087,"[np.float64(0.4196), np.float64(0.5796), np.float64(0.7495)]"
0.6,0.8,0.2,19,1,0.91123,0.42789,0.9087,"[np.float64(0.5996), np.float64(0.6096), np.float64(0.6196), np.float64(0.6296), np.float64(0.6396), np.float64(0.6595), np.float64(0.6695), np.float64(0.6795), np.float64(0.6895), np.float64(0.6995), np.float64(0.7095), np.float64(0.7195), np.float64(0.7295), np.float64(0.7395), np.float64(0.7595), np.float64(0.7695), np.float64(0.7795), np.float64(0.7894), np.float64(0.7994)]"
0.44,0.74,0.3,3,3,0.91121,0.42794,0.90868,"[np.float64(0.4396), np.float64(0.5896), np.float64(0.7395)]"
0.46,0.76,0.3,12,2,0.91119,0.42799,0.90867,"[np.float64(0.4596), np.float64(0.4896), np.float64(0.5096), np.float64(0.5396), np.float64(0.5696), np.float64(0.5996), np.float64(0.6196), np.float64(0.6495), np.float64(0.6795), np.float64(0.7095), np.float64(0.7295), np.float64(0.7595)]"
0.52,0.78,0.26,11,2,0.91117,0.42803,0.90866,"[np.float64(0.5196), np.float64(0.5496), np.float64(0.5696), np.float64(0.5996), np.float64(0.6196), np.float64(0.6495), np.float64(0.6795), np.float64(0.6995), np.float64(0.7295), np.float64(0.7495), np.float64(0.7795)]"
0.48,0.76,0.28,5,2,0.9111,0.42821,0.9086,"[np.float64(0.4796), np.float64(0.5496), np.float64(0.6196), np.float64(0.6895), np.float64(0.7595)]"
0.5,0.75,0.25,2,2,0.91106,0.4283,0.90857,"[np.float64(0.4996), np.float64(0.7495)]"
0.42,0.77,0.35,17,3,0.91105,0.42832,0.90856,"[np.float64(0.4196), np.float64(0.4396), np.float64(0.4596), np.float64(0.4896), np.float64(0.5096), np.float64(0.5296), np.float64(0.5496), np.float64(0.5696), np.float64(0.5996), np.float64(0.6196), np.float64(0.6396), np.float64(0.6595), np.float64(0.6795), np.float64(0.6995), np.float64(0.7295), np.float64(0.7495), np.float64(0.7695)]"
0.46,0.77,0.31,15,2,0.91104,0.42834,0.90855,"[np.float64(0.4596), np.float64(0.4796), np.float64(0.4996), np.float64(0.5296), np.float64(0.5496), np.float64(0.5696), np.float64(0.5896), np.float64(0.6196), np.float64(0.6396), np.float64(0.6595), np.float64(0.6795), np.float64(0.6995), np.float64(0.7295), np.float64(0.7495), np.float64(0.7695)]"
0.6,0.8,0.2,18,2,0.911,0.42845,0.90851,"[np.float64(0.5996), np.float64(0.6096), np.float64(0.6196), np.float64(0.6396), np.float64(0.6495), np.float64(0.6595), np.float64(0.6695), np.float64(0.6795), np.float64(0.6895), np.float64(0.7095), np.float64(0.7195), np.float64(0.7295), np.float64(0.7395), np.float64(0.7495), np.float64(0.7595), np.float64(0.7795), np.float64(0.7894), np.float64(0.7994)]"
0.54,0.74,0.2,17,2,0.91099,0.42847,0.90851,"[np.float64(0.5396), np.float64(0.5496), np.float64(0.5596), np.float64(0.5796), np.float64(0.5896), np.float64(0.5996), np.float64(0.6196), np.float64(0.6296), np.float64(0.6396), np.float64(0.6495), np.float64(0.6595), np.float64(0.6795), np.float64(0.6895), np.float64(0.6995), np.float64(0.7195), np.float64(0.7295), np.float64(0.7395)]"
0.6,0.8,0.2,13,1,0.91097,0.42851,0.90849,"[np.float64(0.5996), np.float64(0.6196), np.float64(0.6296), np.float64(0.6495), np.float64(0.6695), np.float64(0.6795), np.float64(0.6995), np.float64(0.7195), np.float64(0.7295), np.float64(0.7495), np.float64(0.7695), np.float64(0.7795), np.float64(0.7994)]"
0.48,0.78,0.3,16,2,0.91095,0.42855,0.90848,"[np.float64(0.4796), np.float64(0.4996), np.float64(0.5196), np.float64(0.5396), np.float64(0.5596), np.float64(0.5796), np.float64(0.5996), np.float64(0.6196), np.float64(0.6396), np.float64(0.6595), np.float64(0.6795), np.float64(0.6995), np.float64(0.7195), np.float64(0.7395), np.float64(0.7595), np.float64(0.7795)]"
0.54,0.78,0.24,12,2,0.9109,0.42868,0.90843,"[np.float64(0.5396), np.float64(0.5596), np.float64(0.5796), np.float64(0.6096), np.float64(0.6296), np.float64(0.6495), np.float64(0.6695), np.float64(0.6895), np.float64(0.7095), np.float64(0.7395), np.float64(0.7595), np.float64(0.7795)]"
0.52,0.73,0.21,7,2,0.91088,0.42873,0.90842,"[np.float64(0.5196), np.float64(0.5596), np.float64(0.5896), np.float64(0.6196), np.float64(0.6595), np.float64(0.6995), np.float64(0.7295)]"
0.54,0.74,0.2,12,2,0.91087,0.42875,0.90841,"[np.float64(0.5396), np.float64(0.5596), np.float64(0.5796), np.float64(0.5896), np.float64(0.6096), np.float64(0.6296), np.float64(0.6495), np.float64(0.6695), np.float64(0.6895), np.float64(0.6995), np.float64(0.7195), np.float64(0.7395)]"
0.6,0.8,0.2,16,2,0.91081,0.42891,0.90836,"[np.float64(0.5996), np.float64(0.6096), np.float64(0.6296), np.float64(0.6396), np.float64(0.6495), np.float64(0.6695), np.float64(0.6795), np.float64(0.6895), np.float64(0.7095), np.float64(0.7195), np.float64(0.7295), np.float64(0.7495), np.float64(0.7595), np.float64(0.7695), np.float64(0.7894), np.float64(0.7994)]"
0.46,0.76,0.3,15,2,0.91081,0.4289,0.90836,"[np.float64(0.4596), np.float64(0.4796), np.float64(0.4996), np.float64(0.5196), np.float64(0.5496), np.float64(0.5696), np.float64(0.5896), np.float64(0.6096), np.float64(0.6296), np.float64(0.6495), np.float64(0.6695), np.float64(0.6995), np.float64(0.7195), np.float64(0.7395), np.float64(0.7595)]"
0.54,0.74,0.2,13,2,0.91079,0.42895,0.90835,"[np.float64(0.5396), np.float64(0.5596), np.float64(0.5696), np.float64(0.5896), np.float64(0.6096), np.float64(0.6196), np.float64(0.6396), np.float64(0.6595), np.float64(0.6695), np.float64(0.6895), np.float64(0.7095), np.float64(0.7195), np.float64(0.7395)]"
0.58,0.79,0.21,20,2,0.9108,0.42892,0.90835,"[np.float64(0.5796), np.float64(0.5896), np.float64(0.5996), np.float64(0.6096), np.float64(0.6196), np.float64(0.6396), np.float64(0.6495), np.float64(0.6595), np.float64(0.6695), np.float64(0.6795), np.float64(0.6895), np.float64(0.6995), np.float64(0.7095), np.float64(0.7195), np.float64(0.7295), np.float64(0.7495), np.float64(0.7595), np.float64(0.7695), np.float64(0.7795), np.float64(0.7894)]"
0.48,0.74,0.26,12,2,0.91078,0.42896,0.90834,"[np.float64(0.4796), np.float64(0.4996), np.float64(0.5296), np.float64(0.5496), np.float64(0.5696), np.float64(0.5996), np.float64(0.6196), np.float64(0.6495), np.float64(0.6695), np.float64(0.6895), np.float64(0.7195), np.float64(0.7395)]"
0.46,0.77,0.31,11,2,0.91079,0.42895,0.90834,"[np.float64(0.4596), np.float64(0.4896), np.float64(0.5196), np.float64(0.5496), np.float64(0.5796), np.float64(0.6196), np.float64(0.6495), np.float64(0.6795), np.float64(0.7095), np.float64(0.7395), np.float64(0.7695)]"
0.56,0.77,0.21,5,2,0.91077,0.42901,0.90833,"[np.float64(0.5596), np.float64(0.6096), np.float64(0.6595), np.float64(0.7195), np.float64(0.7695)]"
0.42,0.76,0.34,19,3,0.91076,0.42901,0.90832,"[np.float64(0.4196), np.float64(0.4396), np.float64(0.4596), np.float64(0.4796), np.float64(0.4996), np.float64(0.5096), np.float64(0.5296), np.float64(0.5496), np.float64(0.5696), np.float64(0.5896), np.float64(0.6096), np.float64(0.6296), np.float64(0.6495), np.float64(0.6695), np.float64(0.6795), np.float64(0.6995), np.float64(0.7195), np.float64(0.7395), np.float64(0.7595)]"
0.58,0.79,0.21,14,2,0.91076,0.42903,0.90832,"[np.float64(0.5796), np.float64(0.5996), np.float64(0.6096), np.float64(0.6296), np.float64(0.6396), np.float64(0.6595), np.float64(0.6795), np.float64(0.6895), np.float64(0.7095), np.float64(0.7295), np.float64(0.7395), np.float64(0.7595), np.float64(0.7695), np.float64(0.7894)]"
0.4,0.75,0.35,10,3,0.91075,0.42904,0.90831,"[np.float64(0.3996), np.float64(0.4396), np.float64(0.4796), np.float64(0.5196), np.float64(0.5596), np.float64(0.5896), np.float64(0.6296), np.float64(0.6695), np.float64(0.7095), np.float64(0.7495)]"
0.5,0.73,0.23,7,2,0.91072,0.42912,0.90829,"[np.float64(0.4996), np.float64(0.5396), np.float64(0.5796), np.float64(0.6196), np.float64(0.6495), np.float64(0.6895), np.float64(0.7295)]"
0.52,0.78,0.26,13,2,0.91073,0.4291,0.90829,"[np.float64(0.5196), np.float64(0.5396), np.float64(0.5596), np.float64(0.5796), np.float64(0.6096), np.float64(0.6296), np.float64(0.6495), np.float64(0.6695), np.float64(0.6895), np.float64(0.7195), np.float64(0.7395), np.float64(0.7595), np.float64(0.7795)]"
0.54,0.78,0.24,10,2,0.9107,0.42917,0.90827,"[np.float64(0.5396), np.float64(0.5696), np.float64(0.5896), np.float64(0.6196), np.float64(0.6495), np.float64(0.6695), np.float64(0.6995), np.float64(0.7295), np.float64(0.7495), np.float64(0.7795)]"
0.48,0.74,0.26,10,2,0.91069,0.42919,0.90826,"[np.float64(0.4796), np.float64(0.5096), np.float64(0.5396), np.float64(0.5696), np.float64(0.5996), np.float64(0.6196), np.float64(0.6495), np.float64(0.6795), np.float64(0.7095), np.float64(0.7395)]"
0.48,0.74,0.26,13,2,0.91067,0.42923,0.90825,"[np.float64(0.4796), np.float64(0.4996), np.float64(0.5196), np.float64(0.5396), np.float64(0.5696), np.float64(0.5896), np.float64(0.6096), np.float64(0.6296), np.float64(0.6495), np.float64(0.6795), np.float64(0.6995), np.float64(0.7195), np.float64(0.7395)]"
0.44,0.75,0.31,5,3,0.91067,0.42924,0.90825,"[np.float64(0.4396), np.float64(0.5196), np.float64(0.5996), np.float64(0.6695), np.float64(0.7495)]"
0.48,0.73,0.25,3,2,0.91065,0.42929,0.90823,"[np.float64(0.4796), np.float64(0.5996), np.float64(0.7295)]"
0.48,0.74,0.26,11,2,0.91063,0.42933,0.90822,"[np.float64(0.4796), np.float64(0.5096), np.float64(0.5296), np.float64(0.5596), np.float64(0.5796), np.float64(0.6096), np.float64(0.6396), np.float64(0.6595), np.float64(0.6895), np.float64(0.7095), np.float64(0.7395)]"
0.54,0.77,0.23,5,2,0.91061,0.42939,0.90819,"[np.float64(0.5396), np.float64(0.5996), np.float64(0.6595), np.float64(0.7095), np.float64(0.7695)]"
0.48,0.75,0.27,3,2,0.91058,0.42945,0.90818,"[np.float64(0.4796), np.float64(0.6196), np.float64(0.7495)]"
0.54,0.74,0.2,16,2,0.91053,0.42956,0.90814,"[np.float64(0.5396), np.float64(0.5496), np.float64(0.5696), np.float64(0.5796), np.float64(0.5896), np.float64(0.6096), np.float64(0.6196), np.float64(0.6296), np.float64(0.6495), np.float64(0.6595), np.float64(0.6695), np.float64(0.6895), np.float64(0.6995), np.float64(0.7095), np.float64(0.7295), np.float64(0.7395)]"
0.46,0.76,0.3,11,2,0.91053,0.42957,0.90814,"[np.float64(0.4596), np.float64(0.4896), np.float64(0.5196), np.float64(0.5496), np.float64(0.5796), np.float64(0.6096), np.float64(0.6396), np.float64(0.6695), np.float64(0.6995), np.float64(0.7295), np.float64(0.7595)]"
0.5,0.78,0.28,14,2,0.91051,0.42963,0.90812,"[np.float64(0.4996), np.float64(0.5196), np.float64(0.5396), np.float64(0.5596), np.float64(0.5896), np.float64(0.6096), np.float64(0.6296), np.float64(0.6495), np.float64(0.6695), np.float64(0.6895), np.float64(0.7195), np.float64(0.7395), np.float64(0.7595), np.float64(0.7795)]"
0.58,0.79,0.21,17,2,0.9105,0.42965,0.90811,"[np.float64(0.5796), np.float64(0.5896), np.float64(0.6096), np.float64(0.6196), np.float64(0.6296), np.float64(0.6495), np.float64(0.6595), np.float64(0.6695), np.float64(0.6795), np.float64(0.6995), np.float64(0.7095), np.float64(0.7195), np.float64(0.7395), np.float64(0.7495), np.float64(0.7595), np.float64(0.7795), np.float64(0.7894)]"
0.42,0.77,0.35,19,3,0.9105,0.42963,0.90811,"[np.float64(0.4196), np.float64(0.4396), np.float64(0.4596), np.float64(0.4796), np.float64(0.4996), np.float64(0.5196), np.float64(0.5396), np.float64(0.5596), np.float64(0.5796), np.float64(0.5996), np.float64(0.6096), np.float64(0.6296), np.float64(0.6495), np.float64(0.6695), np.float64(0.6895), np.float64(0.7095), np.float64(0.7295), np.float64(0.7495), np.float64(0.7695)]"
0.52,0.72,0.2,4,2,0.91049,0.42967,0.9081,"[np.float64(0.5196), np.float64(0.5896), np.float64(0.6495), np.float64(0.7195)]"
0.46,0.76,0.3,14,2,0.91049,0.42966,0.9081,"[np.float64(0.4596), np.float64(0.4796), np.float64(0.5096), np.float64(0.5296), np.float64(0.5496), np.float64(0.5796), np.float64(0.5996), np.float64(0.6196), np.float64(0.6396), np.float64(0.6695), np.float64(0.6895), np.float64(0.7095), np.float64(0.7395), np.float64(0.7595)]"
0.5,0.73,0.23,8,2,0.91045,0.42976,0.90807,"[np.float64(0.4996), np.float64(0.5296), np.float64(0.5696), np.float64(0.5996), np.float64(0.6296), np.float64(0.6595), np.float64(0.6995), np.float64(0.7295)]"
0.58,0.79,0.21,19,2,0.91037,0.42995,0.90801,"[np.float64(0.5796), np.float64(0.5896), np.float64(0.5996), np.float64(0.6196), np.float64(0.6296), np.float64(0.6396), np.float64(0.6495), np.float64(0.6595), np.float64(0.6695), np.float64(0.6795), np.float64(0.6995), np.float64(0.7095), np.float64(0.7195), np.float64(0.7295), np.float64(0.7395), np.float64(0.7595), np.float64(0.7695), np.float64(0.7795), np.float64(0.7894)]"
0.42,0.77,0.35,18,3,0.91033,0.43006,0.90797,"[np.float64(0.4196), np.float64(0.4396), np.float64(0.4596), np.float64(0.4796), np.float64(0.4996), np.float64(0.5196), np.float64(0.5396), np.float64(0.5596), np.float64(0.5796), np.float64(0.6096), np.float64(0.6296), np.float64(0.6495), np.float64(0.6695), np.float64(0.6895), np.float64(0.7095), np.float64(0.7295), np.float64(0.7495), np.float64(0.7695)]"
0.52,0.75,0.23,2,2,0.91033,0.43006,0.90797,"[np.float64(0.5196), np.float64(0.7495)]"
0.42,0.76,0.34,20,3,0.91032,0.43008,0.90796,"[np.float64(0.4196), np.float64(0.4396), np.float64(0.4596), np.float64(0.4696), np.float64(0.4896), np.float64(0.5096), np.float64(0.5296), np.float64(0.5496), np.float64(0.5596), np.float64(0.5796), np.float64(0.5996), np.float64(0.6196), np.float64(0.6296), np.float64(0.6495), np.float64(0.6695), np.float64(0.6895), np.float64(0.7095), np.float64(0.7195), np.float64(0.7395), np.float64(0.7595)]"
0.6,0.8,0.2,12,2,0.9103,0.43012,0.90795,"[np.float64(0.5996), np.float64(0.6196), np.float64(0.6396), np.float64(0.6495), np.float64(0.6695), np.float64(0.6895), np.float64(0.7095), np.float64(0.7295), np.float64(0.7495), np.float64(0.7595), np.float64(0.7795), np.float64(0.7994)]"
0.56,0.78,0.22,10,2,0.91029,0.43014,0.90794,"[np.float64(0.5596), np.float64(0.5796), np.float64(0.6096), np.float64(0.6296), np.float64(0.6595), np.float64(0.6795), np.float64(0.7095), np.float64(0.7295), np.float64(0.7595), np.float64(0.7795)]"
0.46,0.77,0.31,14,2,0.91025,0.43024,0.90791,"[np.float64(0.4596), np.float64(0.4796), np.float64(0.5096), np.float64(0.5296), np.float64(0.5596), np.float64(0.5796), np.float64(0.5996), np.float64(0.6296), np.float64(0.6495), np.float64(0.6695), np.float64(0.6995), np.float64(0.7195), np.float64(0.7495), np.float64(0.7695)]"
0.58,0.79,0.21,18,2,0.91025,0.43025,0.9079,"[np.float64(0.5796), np.float64(0.5896), np.float64(0.5996), np.float64(0.6196), np.float64(0.6296), np.float64(0.6396), np.float64(0.6495), np.float64(0.6695), np.float64(0.6795), np.float64(0.6895), np.float64(0.6995), np.float64(0.7195), np.float64(0.7295), np.float64(0.7395), np.float64(0.7495), np.float64(0.7695), np.float64(0.7795), np.float64(0.7894)]"
0.48,0.74,0.26,14,2,0.91022,0.43032,0.90788,"[np.float64(0.4796), np.float64(0.4996), np.float64(0.5196), np.float64(0.5396), np.float64(0.5596), np.float64(0.5796), np.float64(0.5996), np.float64(0.6196), np.float64(0.6396), np.float64(0.6595), np.float64(0.6795), np.float64(0.6995), np.float64(0.7195), np.float64(0.7395)]"
0.6,0.8,0.2,17,2,0.91022,0.43032,0.90788,"[np.float64(0.5996), np.float64(0.6096), np.float64(0.6196), np.float64(0.6396), np.float64(0.6495), np.float64(0.6595), np.float64(0.6795), np.float64(0.6895), np.float64(0.6995), np.float64(0.7095), np.float64(0.7195), np.float64(0.7395), np.float64(0.7495), np.float64(0.7595), np.float64(0.7795), np.float64(0.7894), np.float64(0.7994)]"
0.54,0.74,0.2,19,2,0.91017,0.43043,0.90784,"[np.float64(0.5396), np.float64(0.5496), np.float64(0.5596), np.float64(0.5696), np.float64(0.5796), np.float64(0.5996), np.float64(0.6096), np.float64(0.6196), np.float64(0.6296), np.float64(0.6396), np.float64(0.6495), np.float64(0.6595), np.float64(0.6695), np.float64(0.6795), np.float64(0.6995), np.float64(0.7095), np.float64(0.7195), np.float64(0.7295), np.float64(0.7395)]"
0.46,0.76,0.3,13,2,0.91015,0.43049,0.90782,"[np.float64(0.4596), np.float64(0.4796), np.float64(0.5096), np.float64(0.5396), np.float64(0.5596), np.float64(0.5796), np.float64(0.6096), np.float64(0.6396), np.float64(0.6595), np.float64(0.6795), np.float64(0.7095), np.float64(0.7395), np.float64(0.7595)]"
0.58,0.79,0.21,12,2,0.91011,0.43057,0.9078,"[np.float64(0.5796), np.float64(0.5996), np.float64(0.6196), np.float64(0.6396), np.float64(0.6595), np.float64(0.6795), np.float64(0.6895), np.float64(0.7095), np.float64(0.7295), np.float64(0.7495), np.float64(0.7695), np.float64(0.7894)]"
0.54,0.74,0.2,18,2,0.9101,0.43061,0.90778,"[np.float64(0.5396), np.float64(0.5496), np.float64(0.5596), np.float64(0.5796), np.float64(0.5896), np.float64(0.5996), np.float64(0.6096), np.float64(0.6196), np.float64(0.6296), np.float64(0.6495), np.float64(0.6595), np.float64(0.6695), np.float64(0.6795), np.float64(0.6895), np.float64(0.6995), np.float64(0.7195), np.float64(0.7295), np.float64(0.7395)]"
0.52,0.78,0.26,12,2,0.91009,0.43062,0.90778,"[np.float64(0.5196), np.float64(0.5396), np.float64(0.5696), np.float64(0.5896), np.float64(0.6096), np.float64(0.6396), np.float64(0.6595), np.float64(0.6895), np.float64(0.7095), np.float64(0.7295), np.float64(0.7595), np.float64(0.7795)]"
0.5,0.78,0.28,13,2,0.91008,0.43066,0.90777,"[np.float64(0.4996), np.float64(0.5196), np.float64(0.5496), np.float64(0.5696), np.float64(0.5896), np.float64(0.6196), np.float64(0.6396), np.float64(0.6595), np.float64(0.6895), np.float64(0.7095), np.float64(0.7295), np.float64(0.7595), np.float64(0.7795)]"
0.5,0.77,0.27,6,2,0.91005,0.43073,0.90774,"[np.float64(0.4996), np.float64(0.5496), np.float64(0.6096), np.float64(0.6595), np.float64(0.7195), np.float64(0.7695)]"
0.6,0.8,0.2,15,2,0.91003,0.43076,0.90773,"[np.float64(0.5996), np.float64(0.6096), np.float64(0.6296), np.float64(0.6396), np.float64(0.6595), np.float64(0.6695), np.float64(0.6895), np.float64(0.6995), np.float64(0.7095), np.float64(0.7295), np.float64(0.7395), np.float64(0.7595), np.float64(0.7695), np.float64(0.7894), np.float64(0.7994)]"
0.5,0.78,0.28,11,2,0.90998,0.43089,0.90769,"[np.float64(0.4996), np.float64(0.5296), np.float64(0.5596), np.float64(0.5796), np.float64(0.6096), np.float64(0.6396), np.float64(0.6695), np.float64(0.6995), np.float64(0.7195), np.float64(0.7495), np.float64(0.7795)]"
0.54,0.75,0.21,2,2,0.90997,0.43092,0.90768,"[np.float64(0.5396), np.float64(0.7495)]"
0.42,0.77,0.35,20,3,0.90994,0.43098,0.90766,"[np.float64(0.4196), np.float64(0.4396), np.float64(0.4596), np.float64(0.4796), np.float64(0.4896), np.float64(0.5096), np.float64(0.5296), np.float64(0.5496), np.float64(0.5696), np.float64(0.5896), np.float64(0.5996), np.float64(0.6196), np.float64(0.6396), np.float64(0.6595), np.float64(0.6795), np.float64(0.6995), np.float64(0.7095), np.float64(0.7295), np.float64(0.7495), np.float64(0.7695)]"
0.58,0.79,0.21,16,2,0.90988,0.43113,0.9076,"[np.float64(0.5796), np.float64(0.5896), np.float64(0.6096), np.float64(0.6196), np.float64(0.6396), np.float64(0.6495), np.float64(0.6595), np.float64(0.6795), np.float64(0.6895), np.float64(0.7095), np.float64(0.7195), np.float64(0.7295), np.float64(0.7495), np.float64(0.7595), np.float64(0.7795), np.float64(0.7894)]"
0.48,0.74,0.26,15,2,0.90985,0.4312,0.90758,"[np.float64(0.4796), np.float64(0.4996), np.float64(0.5196), np.float64(0.5396), np.float64(0.5496), np.float64(0.5696), np.float64(0.5896), np.float64(0.6096), np.float64(0.6296), np.float64(0.6495), np.float64(0.6695), np.float64(0.6795), np.float64(0.6995), np.float64(0.7195), np.float64(0.7395)]"
0.54,0.78,0.24,11,2,0.90984,0.43122,0.90757,"[np.float64(0.5396), np.float64(0.5596), np.float64(0.5896), np.float64(0.6096), np.float64(0.6396), np.float64(0.6595), np.float64(0.6795), np.float64(0.7095), np.float64(0.7295), np.float64(0.7595), np.float64(0.7795)]"
0.48,0.74,0.26,16,2,0.90984,0.43122,0.90757,"[np.float64(0.4796), np.float64(0.4996), np.float64(0.5096), np.float64(0.5296), np.float64(0.5496), np.float64(0.5696), np.float64(0.5796), np.float64(0.5996), np.float64(0.6196), np.float64(0.6396), np.float64(0.6495), np.float64(0.6695), np.float64(0.6895), np.float64(0.7095), np.float64(0.7195), np.float64(0.7395)]"
0.46,0.76,0.3,10,2,0.9098,0.43132,0.90754,"[np.float64(0.4596), np.float64(0.4896), np.float64(0.5296), np.float64(0.5596), np.float64(0.5896), np.float64(0.6296), np.float64(0.6595), np.float64(0.6895), np.float64(0.7295), np.float64(0.7595)]"
0.54,0.74,0.2,14,2,0.9098,0.43133,0.90754,"[np.float64(0.5396), np.float64(0.5596), np.float64(0.5696), np.float64(0.5896), np.float64(0.5996), np.float64(0.6196), np.float64(0.6296), np.float64(0.6495), np.float64(0.6595), np.float64(0.6795), np.float64(0.6895), np.float64(0.7095), np.float64(0.7195), np.float64(0.7395)]"
0.46,0.78,0.32,19,2,0.90978,0.43137,0.90752,"[np.float64(0.4596), np.float64(0.4796), np.float64(0.4996), np.float64(0.5096), np.float64(0.5296), np.float64(0.5496), np.float64(0.5696), np.float64(0.5796), np.float64(0.5996), np.float64(0.6196), np.float64(0.6396), np.float64(0.6595), np.float64(0.6695), np.float64(0.6895), np.float64(0.7095), np.float64(0.7295), np.float64(0.7395), np.float64(0.7595), np.float64(0.7795)]"
0.48,0.74,0.26,19,2,0.90975,0.43143,0.9075,"[np.float64(0.4796), np.float64(0.4896), np.float64(0.5096), np.float64(0.5196), np.float64(0.5396), np.float64(0.5496), np.float64(0.5696), np.float64(0.5796), np.float64(0.5996), np.float64(0.6096), np.float64(0.6196), np.float64(0.6396), np.float64(0.6495), np.float64(0.6695), np.float64(0.6795), np.float64(0.6995), np.float64(0.7095), np.float64(0.7295), np.float64(0.7395)]"
0.58,0.79,0.21,13,2,0.90973,0.43149,0.90748,"[np.float64(0.5796), np.float64(0.5996), np.float64(0.6196), np.float64(0.6296), np.float64(0.6495), np.float64(0.6695), np.float64(0.6795), np.float64(0.6995), np.float64(0.7195), np.float64(0.7395), np.float64(0.7595), np.float64(0.7695), np.float64(0.7894)]"
0.46,0.78,0.32,20,2,0.90965,0.43169,0.90741,"[np.float64(0.4596), np.float64(0.4796), np.float64(0.4896), np.float64(0.5096), np.float64(0.5296), np.float64(0.5396), np.float64(0.5596), np.float64(0.5796), np.float64(0.5896), np.float64(0.6096), np.float64(0.6296), np.float64(0.6495), np.float64(0.6595), np.float64(0.6795), np.float64(0.6995), np.float64(0.7095), np.float64(0.7295), np.float64(0.7495), np.float64(0.7595), np.float64(0.7795)]"
0.52,0.73,0.21,8,2,0.90961,0.43178,0.90739,"[np.float64(0.5196), np.float64(0.5496), np.float64(0.5796), np.float64(0.6096), np.float64(0.6396), np.float64(0.6695), np.float64(0.6995), np.float64(0.7295)]"
0.48,0.74,0.26,20,2,0.90957,0.43187,0.90735,"[np.float64(0.4796), np.float64(0.4896), np.float64(0.5096), np.float64(0.5196), np.float64(0.5296), np.float64(0.5496), np.float64(0.5596), np.float64(0.5796), np.float64(0.5896), np.float64(0.5996), np.float64(0.6196), np.float64(0.6296), np.float64(0.6396), np.float64(0.6595), np.float64(0.6695), np.float64(0.6895), np.float64(0.6995), np.float64(0.7095), np.float64(0.7295), np.float64(0.7395)]"
0.48,0.74,0.26,17,2,0.90955,0.43193,0.90733,"[np.float64(0.4796), np.float64(0.4996), np.float64(0.5096), np.float64(0.5296), np.float64(0.5396), np.float64(0.5596), np.float64(0.5796), np.float64(0.5896), np.float64(0.6096), np.float64(0.6296), np.float64(0.6396), np.float64(0.6595), np.float64(0.6795), np.float64(0.6895), np.float64(0.7095), np.float64(0.7195), np.float64(0.7395)]"
0.44,0.75,0.31,4,3,0.9095,0.43203,0.9073,"[np.float64(0.4396), np.float64(0.5396), np.float64(0.6495), np.float64(0.7495)]"
0.5,0.76,0.26,4,2,0.9095,0.43203,0.9073,"[np.float64(0.4996), np.float64(0.5896), np.float64(0.6695), np.float64(0.7595)]"
0.5,0.73,0.23,9,2,0.90942,0.43222,0.90723,"[np.float64(0.4996), np.float64(0.5296), np.float64(0.5596), np.float64(0.5896), np.float64(0.6196), np.float64(0.6396), np.float64(0.6695), np.float64(0.6995), np.float64(0.7295)]"
0.42,0.75,0.33,9,3,0.90939,0.4323,0.90721,"[np.float64(0.4196), np.float64(0.4596), np.float64(0.4996), np.float64(0.5396), np.float64(0.5796), np.float64(0.6296), np.float64(0.6695), np.float64(0.7095), np.float64(0.7495)]"
0.56,0.79,0.23,16,2,0.90939,0.43231,0.9072,"[np.float64(0.5596), np.float64(0.5796), np.float64(0.5896), np.float64(0.6096), np.float64(0.6196), np.float64(0.6396), np.float64(0.6495), np.float64(0.6695), np.float64(0.6795), np.float64(0.6995), np.float64(0.7095), np.float64(0.7295), np.float64(0.7395), np.float64(0.7595), np.float64(0.7695), np.float64(0.7894)]"
0.58,0.79,0.21,15,2,0.90937,0.43236,0.90719,"[np.float64(0.5796), np.float64(0.5996), np.float64(0.6096), np.float64(0.6196), np.float64(0.6396), np.float64(0.6595), np.float64(0.6695), np.float64(0.6795), np.float64(0.6995), np.float64(0.7195), np.float64(0.7295), np.float64(0.7395), np.float64(0.7595), np.float64(0.7795), np.float64(0.7894)]"
0.48,0.78,0.3,15,2,0.90936,0.43237,0.90718,"[np.float64(0.4796), np.float64(0.4996), np.float64(0.5196), np.float64(0.5396), np.float64(0.5696), np.float64(0.5896), np.float64(0.6096), np.float64(0.6296), np.float64(0.6495), np.float64(0.6695), np.float64(0.6895), np.float64(0.7195), np.float64(0.7395), np.float64(0.7595), np.float64(0.7795)]"
0.46,0.78,0.32,18,2,0.90934,0.43242,0.90717,"[np.float64(0.4596), np.float64(0.4796), np.float64(0.4996), np.float64(0.5196), np.float64(0.5396), np.float64(0.5496), np.float64(0.5696), np.float64(0.5896), np.float64(0.6096), np.float64(0.6296), np.float64(0.6495), np.float64(0.6695), np.float64(0.6895), np.float64(0.6995), np.float64(0.7195), np.float64(0.7395), np.float64(0.7595), np.float64(0.7795)]"
0.46,0.76,0.3,9,2,0.90927,0.43259,0.90711,"[np.float64(0.4596), np.float64(0.4996), np.float64(0.5396), np.float64(0.5696), np.float64(0.6096), np.float64(0.6495), np.float64(0.6795), np.float64(0.7195), np.float64(0.7595)]"
0.6,0.8,0.2,11,2,0.90926,0.43261,0.9071,"[np.float64(0.5996), np.float64(0.6196), np.float64(0.6396), np.float64(0.6595), np.float64(0.6795), np.float64(0.6995), np.float64(0.7195), np.float64(0.7395), np.float64(0.7595), np.float64(0.7795), np.float64(0.7994)]"
0.4,0.78,0.38,13,3,0.90921,0.43272,0.90706,"[np.float64(0.3996), np.float64(0.4296), np.float64(0.4596), np.float64(0.4996), np.float64(0.5296), np.float64(0.5596), np.float64(0.5896), np.float64(0.6196), np.float64(0.6495), np.float64(0.6795), np.float64(0.7195), np.float64(0.7495), np.float64(0.7795)]"
0.52,0.78,0.26,10,2,0.90912,0.43294,0.90699,"[np.float64(0.5196), np.float64(0.5496), np.float64(0.5796), np.float64(0.6096), np.float64(0.6396), np.float64(0.6595), np.float64(0.6895), np.float64(0.7195), np.float64(0.7495), np.float64(0.7795)]"
0.48,0.74,0.26,18,2,0.90912,0.43294,0.90699,"[np.float64(0.4796), np.float64(0.4996), np.float64(0.5096), np.float64(0.5296), np.float64(0.5396), np.float64(0.5596), np.float64(0.5696), np.float64(0.5896), np.float64(0.5996), np.float64(0.6196), np.float64(0.6296), np.float64(0.6495), np.float64(0.6595), np.float64(0.6795), np.float64(0.6895), np.float64(0.7095), np.float64(0.7195), np.float64(0.7395)]"
0.48,0.78,0.3,14,2,0.90907,0.43307,0.90695,"[np.float64(0.4796), np.float64(0.4996), np.float64(0.5296), np.float64(0.5496), np.float64(0.5696), np.float64(0.5996), np.float64(0.6196), np.float64(0.6396), np.float64(0.6595), np.float64(0.6895), np.float64(0.7095), np.float64(0.7295), np.float64(0.7595), np.float64(0.7795)]"
0.48,0.77,0.29,7,2,0.90908,0.43305,0.90695,"[np.float64(0.4796), np.float64(0.5296), np.float64(0.5796), np.float64(0.6196), np.float64(0.6695), np.float64(0.7195), np.float64(0.7695)]"
0.5,0.72,0.22,4,2,0.90901,0.4332,0.9069,"[np.float64(0.4996), np.float64(0.5696), np.float64(0.6495), np.float64(0.7195)]"
0.56,0.76,0.2,3,2,0.90896,0.43333,0.90686,"[np.float64(0.5596), np.float64(0.6595), np.float64(0.7595)]"
0.48,0.78,0.3,12,2,0.90895,0.43335,0.90685,"[np.float64(0.4796), np.float64(0.5096), np.float64(0.5296), np.float64(0.5596), np.float64(0.5896), np.float64(0.6196), np.float64(0.6396), np.float64(0.6695), np.float64(0.6995), np.float64(0.7295), np.float64(0.7495), np.float64(0.7795)]"
0.54,0.78,0.24,9,2,0.90891,0.43343,0.90682,"[np.float64(0.5396), np.float64(0.5696), np.float64(0.5996), np.float64(0.6296), np.float64(0.6595), np.float64(0.6895), np.float64(0.7195), np.float64(0.7495), np.float64(0.7795)]"
0.5,0.73,0.23,11,2,0.90887,0.43355,0.90678,"[np.float64(0.4996), np.float64(0.5196), np.float64(0.5496), np.float64(0.5696), np.float64(0.5896), np.float64(0.6196), np.float64(0.6396), np.float64(0.6595), np.float64(0.6795), np.float64(0.7095), np.float64(0.7295)]"
0.46,0.77,0.31,10,2,0.90884,0.43362,0.90676,"[np.float64(0.4596), np.float64(0.4896), np.float64(0.5296), np.float64(0.5596), np.float64(0.5996), np.float64(0.6296), np.float64(0.6695), np.float64(0.6995), np.float64(0.7395), np.float64(0.7695)]"
0.56,0.79,0.23,19,2,0.9088,0.4337,0.90673,"[np.float64(0.5596), np.float64(0.5696), np.float64(0.5896), np.float64(0.5996), np.float64(0.6096), np.float64(0.6196), np.float64(0.6396), np.float64(0.6495), np.float64(0.6595), np.float64(0.6795), np.float64(0.6895), np.float64(0.6995), np.float64(0.7095), np.float64(0.7295), np.float64(0.7395), np.float64(0.7495), np.float64(0.7595), np.float64(0.7795), np.float64(0.7894)]"
0.48,0.73,0.25,4,2,0.9088,0.4337,0.90673,"[np.float64(0.4796), np.float64(0.5596), np.float64(0.6495), np.float64(0.7295)]"
0.52,0.73,0.21,10,2,0.90876,0.43381,0.90669,"[np.float64(0.5196), np.float64(0.5396), np.float64(0.5696), np.float64(0.5896), np.float64(0.6096), np.float64(0.6396), np.float64(0.6595), np.float64(0.6795), np.float64(0.7095), np.float64(0.7295)]"
0.5,0.73,0.23,10,2,0.90867,0.43401,0.90662,"[np.float64(0.4996), np.float64(0.5296), np.float64(0.5496), np.float64(0.5796), np.float64(0.5996), np.float64(0.6296), np.float64(0.6495), np.float64(0.6795), np.float64(0.6995), np.float64(0.7295)]"
0.54,0.74,0.2,20,2,0.90857,0.43426,0.90654,"[np.float64(0.5396), np.float64(0.5496), np.float64(0.5596), np.float64(0.5696), np.float64(0.5796), np.float64(0.5896), np.float64(0.5996), np.float64(0.6096), np.float64(0.6196), np.float64(0.6296), np.float64(0.6495), np.float64(0.6595), np.float64(0.6695), np.float64(0.6795), np.float64(0.6895), np.float64(0.6995), np.float64(0.7095), np.float64(0.7195), np.float64(0.7295), np.float64(0.7395)]"
0.42,0.77,0.35,8,3,0.90855,0.43429,0.90653,"[np.float64(0.4196), np.float64(0.4696), np.float64(0.5196), np.float64(0.5696), np.float64(0.6196), np.float64(0.6695), np.float64(0.7195), np.float64(0.7695)]"
0.58,0.78,0.2,6,2,0.90854,0.43433,0.90652,"[np.float64(0.5796), np.float64(0.6196), np.float64(0.6595), np.float64(0.6995), np.float64(0.7395), np.float64(0.7795)]"
0.4,0.76,0.36,4,3,0.90852,0.43436,0.9065,"[np.float64(0.3996), np.float64(0.5196), np.float64(0.6396), np.float64(0.7595)]"
0.56,0.79,0.23,15,2,0.90849,0.43444,0.90648,"[np.float64(0.5596), np.float64(0.5796), np.float64(0.5896), np.float64(0.6096), np.float64(0.6296), np.float64(0.6396), np.float64(0.6595), np.float64(0.6795), np.float64(0.6895), np.float64(0.7095), np.float64(0.7195), np.float64(0.7395), np.float64(0.7595), np.float64(0.7695), np.float64(0.7894)]"
0.52,0.73,0.21,9,2,0.90845,0.43454,0.90644,"[np.float64(0.5196), np.float64(0.5496), np.float64(0.5696), np.float64(0.5996), np.float64(0.6196), np.float64(0.6495), np.float64(0.6795), np.float64(0.6995), np.float64(0.7295)]"
0.4,0.75,0.35,11,3,0.90843,0.43458,0.90643,"[np.float64(0.3996), np.float64(0.4396), np.float64(0.4696), np.float64(0.4996), np.float64(0.5396), np.float64(0.5796), np.float64(0.6096), np.float64(0.6396), np.float64(0.6795), np.float64(0.7195), np.float64(0.7495)]"
0.44,0.75,0.31,6,3,0.9083,0.43489,0.90632,"[np.float64(0.4396), np.float64(0.4996), np.float64(0.5596), np.float64(0.6296), np.float64(0.6895), np.float64(0.7495)]"
0.56,0.79,0.23,14,2,0.90825,0.43502,0.90628,"[np.float64(0.5596), np.float64(0.5796), np.float64(0.5996), np.float64(0.6096), np.float64(0.6296), np.float64(0.6495), np.float64(0.6695), np.float64(0.6795), np.float64(0.6995), np.float64(0.7195), np.float64(0.7395), np.float64(0.7495), np.float64(0.7695), np.float64(0.7894)]"
0.5,0.73,0.23,12,2,0.90812,0.43532,0.90618,"[np.float64(0.4996), np.float64(0.5196), np.float64(0.5396), np.float64(0.5596), np.float64(0.5796), np.float64(0.5996), np.float64(0.6296), np.float64(0.6495), np.float64(0.6695), np.float64(0.6895), np.float64(0.7095), np.float64(0.7295)]"
0.46,0.76,0.3,8,2,0.9081,0.43538,0.90616,"[np.float64(0.4596), np.float64(0.4996), np.float64(0.5496), np.float64(0.5896), np.float64(0.6296), np.float64(0.6695), np.float64(0.7195), np.float64(0.7595)]"
0.56,0.78,0.22,7,2,0.90808,0.43541,0.90615,"[np.float64(0.5596), np.float64(0.5996), np.float64(0.6296), np.float64(0.6695), np.float64(0.7095), np.float64(0.7395), np.float64(0.7795)]"
0.46,0.78,0.32,17,2,0.90807,0.43543,0.90614,"[np.float64(0.4596), np.float64(0.4796), np.float64(0.4996), np.float64(0.5196), np.float64(0.5396), np.float64(0.5596), np.float64(0.5796), np.float64(0.5996), np.float64(0.6196), np.float64(0.6396), np.float64(0.6595), np.float64(0.6795), np.float64(0.6995), np.float64(0.7195), np.float64(0.7395), np.float64(0.7595), np.float64(0.7795)]"
0.52,0.72,0.2,5,2,0.90801,0.43558,0.90609,"[np.float64(0.5196), np.float64(0.5696), np.float64(0.6196), np.float64(0.6695), np.float64(0.7195)]"
0.46,0.75,0.29,8,2,0.90801,0.43558,0.90609,"[np.float64(0.4596), np.float64(0.4996), np.float64(0.5396), np.float64(0.5796), np.float64(0.6296), np.float64(0.6695), np.float64(0.7095), np.float64(0.7495)]"
0.46,0.77,0.31,9,2,0.90801,0.43559,0.90608,"[np.float64(0.4596), np.float64(0.4996), np.float64(0.5396), np.float64(0.5796), np.float64(0.6196), np.float64(0.6495), np.float64(0.6895), np.float64(0.7295), np.float64(0.7695)]"
0.5,0.78,0.28,10,2,0.90797,0.43568,0.90605,"[np.float64(0.4996), np.float64(0.5296), np.float64(0.5596), np.float64(0.5896), np.float64(0.6196), np.float64(0.6595), np.float64(0.6895), np.float64(0.7195), np.float64(0.7495), np.float64(0.7795)]"
0.5,0.78,0.28,9,2,0.90795,0.43573,0.90604,"[np.float64(0.4996), np.float64(0.5396), np.float64(0.5696), np.float64(0.5996), np.float64(0.6396), np.float64(0.6795), np.float64(0.7095), np.float64(0.7395), np.float64(0.7795)]"
0.4,0.77,0.37,5,3,0.90795,0.43572,0.90604,"[np.float64(0.3996), np.float64(0.4896), np.float64(0.5796), np.float64(0.6795), np.float64(0.7695)]"
0.46,0.75,0.29,15,2,0.90793,0.43576,0.90603,"[np.float64(0.4596), np.float64(0.4796), np.float64(0.4996), np.float64(0.5196), np.float64(0.5396), np.float64(0.5596), np.float64(0.5796), np.float64(0.6096), np.float64(0.6296), np.float64(0.6495), np.float64(0.6695), np.float64(0.6895), np.float64(0.7095), np.float64(0.7295), np.float64(0.7495)]"
0.5,0.73,0.23,13,2,0.90786,0.43594,0.90596,"[np.float64(0.4996), np.float64(0.5196), np.float64(0.5396), np.float64(0.5596), np.float64(0.5796), np.float64(0.5996), np.float64(0.6196), np.float64(0.6296), np.float64(0.6495), np.float64(0.6695), np.float64(0.6895), np.float64(0.7095), np.float64(0.7295)]"
0.6,0.8,0.2,8,2,0.90782,0.43603,0.90593,"[np.float64(0.5996), np.float64(0.6296), np.float64(0.6595), np.float64(0.6895), np.float64(0.7095), np.float64(0.7395), np.float64(0.7695), np.float64(0.7994)]"
0.58,0.79,0.21,10,3,0.90777,0.43615,0.90589,"[np.float64(0.5796), np.float64(0.5996), np.float64(0.6296), np.float64(0.6495), np.float64(0.6695), np.float64(0.6995), np.float64(0.7195), np.float64(0.7395), np.float64(0.7695), np.float64(0.7894)]"
0.58,0.79,0.21,11,3,0.90775,0.4362,0.90588,"[np.float64(0.5796), np.float64(0.5996), np.float64(0.6196), np.float64(0.6396), np.float64(0.6595), np.float64(0.6795), np.float64(0.7095), np.float64(0.7295), np.float64(0.7495), np.float64(0.7695), np.float64(0.7894)]"
0.46,0.76,0.3,7,2,0.90774,0.43622,0.90587,"[np.float64(0.4596), np.float64(0.5096), np.float64(0.5596), np.float64(0.6096), np.float64(0.6595), np.float64(0.7095), np.float64(0.7595)]"
0.5,0.73,0.23,17,2,0.90774,0.43621,0.90587,"[np.float64(0.4996), np.float64(0.5096), np.float64(0.5296), np.float64(0.5396), np.float64(0.5596), np.float64(0.5696), np.float64(0.5896), np.float64(0.5996), np.float64(0.6196), np.float64(0.6296), np.float64(0.6396), np.float64(0.6595), np.float64(0.6695), np.float64(0.6895), np.float64(0.6995), np.float64(0.7195), np.float64(0.7295)]"
0.52,0.77,0.25,5,2,0.90758,0.43661,0.90574,"[np.float64(0.5196), np.float64(0.5796), np.float64(0.6396), np.float64(0.7095), np.float64(0.7695)]"
0.48,0.78,0.3,13,2,0.90755,0.43666,0.90572,"[np.float64(0.4796), np.float64(0.4996), np.float64(0.5296), np.float64(0.5596), np.float64(0.5796), np.float64(0.5996), np.float64(0.6296), np.float64(0.6595), np.float64(0.6795), np.float64(0.6995), np.float64(0.7295), np.float64(0.7595), np.float64(0.7795)]"
0.56,0.79,0.23,18,2,0.90755,0.43666,0.90572,"[np.float64(0.5596), np.float64(0.5696), np.float64(0.5896), np.float64(0.5996), np.float64(0.6096), np.float64(0.6296), np.float64(0.6396), np.float64(0.6495), np.float64(0.6695), np.float64(0.6795), np.float64(0.6995), np.float64(0.7095), np.float64(0.7195), np.float64(0.7395), np.float64(0.7495), np.float64(0.7595), np.float64(0.7795), np.float64(0.7894)]"
0.6,0.8,0.2,10,2,0.90753,0.43671,0.9057,"[np.float64(0.5996), np.float64(0.6196), np.float64(0.6396), np.float64(0.6695), np.float64(0.6895), np.float64(0.7095), np.float64(0.7295), np.float64(0.7595), np.float64(0.7795), np.float64(0.7994)]"
0.44,0.74,0.3,5,3,0.90753,0.43671,0.9057,"[np.float64(0.4396), np.float64(0.5196), np.float64(0.5896), np.float64(0.6595), np.float64(0.7395)]"
0.46,0.75,0.29,10,2,0.90752,0.43674,0.90569,"[np.float64(0.4596), np.float64(0.4896), np.float64(0.5196), np.float64(0.5596), np.float64(0.5896), np.float64(0.6196), np.float64(0.6495), np.float64(0.6895), np.float64(0.7195), np.float64(0.7495)]"
0.48,0.78,0.3,11,2,0.90741,0.43701,0.9056,"[np.float64(0.4796), np.float64(0.5096), np.float64(0.5396), np.float64(0.5696), np.float64(0.5996), np.float64(0.6296), np.float64(0.6595), np.float64(0.6895), np.float64(0.7195), np.float64(0.7495), np.float64(0.7795)]"
0.46,0.75,0.29,9,2,0.90741,0.43701,0.9056,"[np.float64(0.4596), np.float64(0.4996), np.float64(0.5296), np.float64(0.5696), np.float64(0.5996), np.float64(0.6396), np.float64(0.6795), np.float64(0.7095), np.float64(0.7495)]"
0.46,0.75,0.29,17,2,0.9074,0.43702,0.90559,"[np.float64(0.4596), np.float64(0.4796), np.float64(0.4996), np.float64(0.5096), np.float64(0.5296), np.float64(0.5496), np.float64(0.5696), np.float64(0.5896), np.float64(0.5996), np.float64(0.6196), np.float64(0.6396), np.float64(0.6595), np.float64(0.6795), np.float64(0.6995), np.float64(0.7095), np.float64(0.7295), np.float64(0.7495)]"
0.46,0.75,0.29,19,2,0.90737,0.43708,0.90557,"[np.float64(0.4596), np.float64(0.4796), np.float64(0.4896), np.float64(0.5096), np.float64(0.5196), np.float64(0.5396), np.float64(0.5596), np.float64(0.5696), np.float64(0.5896), np.float64(0.5996), np.float64(0.6196), np.float64(0.6396), np.float64(0.6495), np.float64(0.6695), np.float64(0.6895), np.float64(0.6995), np.float64(0.7195), np.float64(0.7295), np.float64(0.7495)]"
0.54,0.79,0.25,17,2,0.90733,0.43719,0.90554,"[np.float64(0.5396), np.float64(0.5596), np.float64(0.5696), np.float64(0.5896), np.float64(0.5996), np.float64(0.6196), np.float64(0.6296), np.float64(0.6495), np.float64(0.6595), np.float64(0.6795), np.float64(0.6995), np.float64(0.7095), np.float64(0.7295), np.float64(0.7395), np.float64(0.7595), np.float64(0.7695), np.float64(0.7894)]"
0.52,0.73,0.21,11,2,0.90732,0.4372,0.90553,"[np.float64(0.5196), np.float64(0.5396), np.float64(0.5596), np.float64(0.5796), np.float64(0.5996), np.float64(0.6196), np.float64(0.6495), np.float64(0.6695), np.float64(0.6895), np.float64(0.7095), np.float64(0.7295)]"
0.48,0.73,0.25,5,2,0.90729,0.43728,0.90551,"[np.float64(0.4796), np.float64(0.5396), np.float64(0.5996), np.float64(0.6695), np.float64(0.7295)]"
0.46,0.75,0.29,12,2,0.90728,0.43729,0.9055,"[np.float64(0.4596), np.float64(0.4896), np.float64(0.5096), np.float64(0.5396), np.float64(0.5696), np.float64(0.5896), np.float64(0.6196), np.float64(0.6396), np.float64(0.6695), np.float64(0.6995), np.float64(0.7195), np.float64(0.7495)]"
0.5,0.73,0.23,18,2,0.90724,0.43739,0.90547,"[np.float64(0.4996), np.float64(0.5096), np.float64(0.5296), np.float64(0.5396), np.float64(0.5496), np.float64(0.5696), np.float64(0.5796), np.float64(0.5896), np.float64(0.6096), np.float64(0.6196), np.float64(0.6396), np.float64(0.6495), np.float64(0.6595), np.float64(0.6795), np.float64(0.6895), np.float64(0.6995), np.float64(0.7195), np.float64(0.7295)]"
0.48,0.76,0.28,4,2,0.90723,0.43741,0.90546,"[np.float64(0.4796), np.float64(0.5696), np.float64(0.6695), np.float64(0.7595)]"
0.52,0.73,0.21,12,2,0.90724,0.4374,0.90546,"[np.float64(0.5196), np.float64(0.5396), np.float64(0.5596), np.float64(0.5796), np.float64(0.5996), np.float64(0.6196), np.float64(0.6296), np.float64(0.6495), np.float64(0.6695), np.float64(0.6895), np.float64(0.7095), np.float64(0.7295)]"
0.58,0.79,0.21,9,2,0.90722,0.43744,0.90545,"[np.float64(0.5796), np.float64(0.6096), np.float64(0.6296), np.float64(0.6595), np.float64(0.6795), np.float64(0.7095), np.float64(0.7395), np.float64(0.7595), np.float64(0.7894)]"
0.5,0.79,0.29,20,2,0.90721,0.43748,0.90544,"[np.float64(0.4996), np.float64(0.5196), np.float64(0.5296), np.float64(0.5496), np.float64(0.5596), np.float64(0.5796), np.float64(0.5896), np.float64(0.6096), np.float64(0.6196), np.float64(0.6396), np.float64(0.6495), np.float64(0.6695), np.float64(0.6795), np.float64(0.6995), np.float64(0.7095), np.float64(0.7295), np.float64(0.7395), np.float64(0.7595), np.float64(0.7695), np.float64(0.7894)]"
0.46,0.75,0.29,14,2,0.90719,0.43751,0.90543,"[np.float64(0.4596), np.float64(0.4796), np.float64(0.4996), np.float64(0.5296), np.float64(0.5496), np.float64(0.5696), np.float64(0.5896), np.float64(0.6196), np.float64(0.6396), np.float64(0.6595), np.float64(0.6795), np.float64(0.7095), np.float64(0.7295), np.float64(0.7495)]"
0.56,0.77,0.21,4,2,0.90717,0.43756,0.90541,"[np.float64(0.5596), np.float64(0.6296), np.float64(0.6995), np.float64(0.7695)]"
0.5,0.73,0.23,14,2,0.90717,0.43757,0.9054,"[np.float64(0.4996), np.float64(0.5196), np.float64(0.5396), np.float64(0.5496), np.float64(0.5696), np.float64(0.5896), np.float64(0.6096), np.float64(0.6196), np.float64(0.6396), np.float64(0.6595), np.float64(0.6795), np.float64(0.6895), np.float64(0.7095), np.float64(0.7295)]"
0.46,0.75,0.29,13,2,0.90715,0.4376,0.9054,"[np.float64(0.4596), np.float64(0.4796), np.float64(0.5096), np.float64(0.5296), np.float64(0.5596), np.float64(0.5796), np.float64(0.5996), np.float64(0.6296), np.float64(0.6495), np.float64(0.6795), np.float64(0.6995), np.float64(0.7295), np.float64(0.7495)]"
0.5,0.72,0.22,5,2,0.90712,0.43768,0.90537,"[np.float64(0.4996), np.float64(0.5596), np.float64(0.6096), np.float64(0.6595), np.float64(0.7195)]"
0.5,0.73,0.23,15,2,0.90712,0.43768,0.90537,"[np.float64(0.4996), np.float64(0.5196), np.float64(0.5296), np.float64(0.5496), np.float64(0.5696), np.float64(0.5796), np.float64(0.5996), np.float64(0.6196), np.float64(0.6296), np.float64(0.6495), np.float64(0.6595), np.float64(0.6795), np.float64(0.6995), np.float64(0.7095), np.float64(0.7295)]"
0.5,0.73,0.23,20,2,0.9071,0.43774,0.90535,"[np.float64(0.4996), np.float64(0.5096), np.float64(0.5196), np.float64(0.5396), np.float64(0.5496), np.float64(0.5596), np.float64(0.5696), np.float64(0.5796), np.float64(0.5996), np.float64(0.6096), np.float64(0.6196), np.float64(0.6296), np.float64(0.6495), np.float64(0.6595), np.float64(0.6695), np.float64(0.6795), np.float64(0.6895), np.float64(0.7095), np.float64(0.7195), np.float64(0.7295)]"
0.5,0.77,0.27,5,2,0.90703,0.4379,0.90529,"[np.float64(0.4996), np.float64(0.5696), np.float64(0.6396), np.float64(0.6995), np.float64(0.7695)]"
0.56,0.79,0.23,17,2,0.90701,0.43795,0.90528,"[np.float64(0.5596), np.float64(0.5696), np.float64(0.5896), np.float64(0.5996), np.float64(0.6196), np.float64(0.6296), np.float64(0.6495), np.float64(0.6595), np.float64(0.6795), np.float64(0.6895), np.float64(0.6995), np.float64(0.7195), np.float64(0.7295), np.float64(0.7495), np.float64(0.7595), np.float64(0.7795), np.float64(0.7894)]"
0.46,0.75,0.29,18,2,0.907,0.43795,0.90527,"[np.float64(0.4596), np.float64(0.4796), np.float64(0.4896), np.float64(0.5096), np.float64(0.5296), np.float64(0.5496), np.float64(0.5596), np.float64(0.5796), np.float64(0.5996), np.float64(0.6096), np.float64(0.6296), np.float64(0.6495), np.float64(0.6595), np.float64(0.6795), np.float64(0.6995), np.float64(0.7195), np.float64(0.7295), np.float64(0.7495)]"
0.4,0.78,0.38,11,3,0.907,0.43796,0.90527,"[np.float64(0.3996), np.float64(0.4396), np.float64(0.4796), np.float64(0.5096), np.float64(0.5496), np.float64(0.5896), np.float64(0.6296), np.float64(0.6695), np.float64(0.6995), np.float64(0.7395), np.float64(0.7795)]"
0.48,0.71,0.23,2,2,0.907,0.43797,0.90527,"[np.float64(0.4796), np.float64(0.7095)]"
0.5,0.71,0.21,2,2,0.90694,0.43811,0.90522,"[np.float64(0.4996), np.float64(0.7095)]"
0.52,0.73,0.21,15,2,0.90692,0.43815,0.90521,"[np.float64(0.5196), np.float64(0.5396), np.float64(0.5496), np.float64(0.5596), np.float64(0.5796), np.float64(0.5996), np.float64(0.6096), np.float64(0.6196), np.float64(0.6396), np.float64(0.6595), np.float64(0.6695), np.float64(0.6795), np.float64(0.6995), np.float64(0.7195), np.float64(0.7295)]"
0.44,0.75,0.31,7,3,0.9069,0.43821,0.90519,"[np.float64(0.4396), np.float64(0.4896), np.float64(0.5396), np.float64(0.5996), np.float64(0.6495), np.float64(0.6995), np.float64(0.7495)]"
0.46,0.75,0.29,20,2,0.9069,0.43819,0.90519,"[np.float64(0.4596), np.float64(0.4796), np.float64(0.4896), np.float64(0.5096), np.float64(0.5196), np.float64(0.5396), np.float64(0.5496), np.float64(0.5696), np.float64(0.5796), np.float64(0.5996), np.float64(0.6096), np.float64(0.6296), np.float64(0.6396), np.float64(0.6595), np.float64(0.6695), np.float64(0.6895), np.float64(0.6995), np.float64(0.7195), np.float64(0.7295), np.float64(0.7495)]"
0.52,0.78,0.26,9,2,0.90685,0.43832,0.90515,"[np.float64(0.5196), np.float64(0.5496), np.float64(0.5796), np.float64(0.6196), np.float64(0.6495), np.float64(0.6795), np.float64(0.7195), np.float64(0.7495), np.float64(0.7795)]"
0.54,0.76,0.22,3,2,0.90684,0.43835,0.90514,"[np.float64(0.5396), np.float64(0.6495), np.float64(0.7595)]"
0.46,0.77,0.31,8,2,0.90684,0.43835,0.90514,"[np.float64(0.4596), np.float64(0.4996), np.float64(0.5496), np.float64(0.5896), np.float64(0.6396), np.float64(0.6795), np.float64(0.7295), np.float64(0.7695)]"
0.48,0.77,0.29,6,2,0.9068,0.43843,0.90511,"[np.float64(0.4796), np.float64(0.5396), np.float64(0.5996), np.float64(0.6495), np.float64(0.7095), np.float64(0.7695)]"
0.5,0.73,0.23,19,2,0.90678,0.43849,0.90509,"[np.float64(0.4996), np.float64(0.5096), np.float64(0.5296), np.float64(0.5396), np.float64(0.5496), np.float64(0.5596), np.float64(0.5796), np.float64(0.5896), np.float64(0.5996), np.float64(0.6196), np.float64(0.6296), np.float64(0.6396), np.float64(0.6495), np.float64(0.6695), np.float64(0.6795), np.float64(0.6895), np.float64(0.6995), np.float64(0.7195), np.float64(0.7295)]"
0.46,0.78,0.32,15,2,0.90677,0.43852,0.90508,"[np.float64(0.4596), np.float64(0.4796), np.float64(0.5096), np.float64(0.5296), np.float64(0.5496), np.float64(0.5696), np.float64(0.5996), np.float64(0.6196), np.float64(0.6396), np.float64(0.6695), np.float64(0.6895), np.float64(0.7095), np.float64(0.7295), np.float64(0.7595), np.float64(0.7795)]"
0.46,0.75,0.29,11,2,0.90674,0.43857,0.90506,"[np.float64(0.4596), np.float64(0.4896), np.float64(0.5196), np.float64(0.5496), np.float64(0.5796), np.float64(0.5996), np.float64(0.6296), np.float64(0.6595), np.float64(0.6895), np.float64(0.7195), np.float64(0.7495)]"
0.52,0.73,0.21,16,2,0.90668,0.43871,0.90501,"[np.float64(0.5196), np.float64(0.5296), np.float64(0.5496), np.float64(0.5596), np.float64(0.5796), np.float64(0.5896), np.float64(0.5996), np.float64(0.6196), np.float64(0.6296), np.float64(0.6495), np.float64(0.6595), np.float64(0.6695), np.float64(0.6895), np.float64(0.6995), np.float64(0.7195), np.float64(0.7295)]"
0.42,0.75,0.33,10,3,0.90663,0.43884,0.90497,"[np.float64(0.4196), np.float64(0.4596), np.float64(0.4896), np.float64(0.5296), np.float64(0.5696), np.float64(0.5996), np.float64(0.6396), np.float64(0.6795), np.float64(0.7095), np.float64(0.7495)]"
0.5,0.73,0.23,16,2,0.90662,0.43886,0.90496,"[np.float64(0.4996), np.float64(0.5196), np.float64(0.5296), np.float64(0.5496), np.float64(0.5596), np.float64(0.5796), np.float64(0.5896), np.float64(0.6096), np.float64(0.6196), np.float64(0.6396), np.float64(0.6495), np.float64(0.6695), np.float64(0.6795), np.float64(0.6995), np.float64(0.7095), np.float64(0.7295)]"
0.46,0.76,0.3,6,2,0.90662,0.43886,0.90496,"[np.float64(0.4596), np.float64(0.5196), np.float64(0.5796), np.float64(0.6396), np.float64(0.6995), np.float64(0.7595)]"
0.54,0.79,0.25,20,2,0.90657,0.43898,0.90492,"[np.float64(0.5396), np.float64(0.5496), np.float64(0.5696), np.float64(0.5796), np.float64(0.5896), np.float64(0.6096), np.float64(0.6196), np.float64(0.6296), np.float64(0.6495), np.float64(0.6595), np.float64(0.6695), np.float64(0.6795), np.float64(0.6995), np.float64(0.7095), np.float64(0.7195), np.float64(0.7395), np.float64(0.7495), np.float64(0.7595), np.float64(0.7795), np.float64(0.7894)]"
0.44,0.75,0.31,8,3,0.90657,0.43898,0.90492,"[np.float64(0.4396), np.float64(0.4796), np.float64(0.5296), np.float64(0.5696), np.float64(0.6196), np.float64(0.6595), np.float64(0.7095), np.float64(0.7495)]"
0.46,0.78,0.32,13,2,0.90656,0.439,0.90491,"[np.float64(0.4596), np.float64(0.4896), np.float64(0.5096), np.float64(0.5396), np.float64(0.5696), np.float64(0.5896), np.float64(0.6196), np.float64(0.6495), np.float64(0.6695), np.float64(0.6995), np.float64(0.7295), np.float64(0.7495), np.float64(0.7795)]"
0.52,0.78,0.26,8,2,0.90653,0.43907,0.90489,"[np.float64(0.5196), np.float64(0.5596), np.float64(0.5896), np.float64(0.6296), np.float64(0.6695), np.float64(0.7095), np.float64(0.7395), np.float64(0.7795)]"
0.46,0.75,0.29,16,2,0.9065,0.43913,0.90487,"[np.float64(0.4596), np.float64(0.4796), np.float64(0.4996), np.float64(0.5196), np.float64(0.5396), np.float64(0.5596), np.float64(0.5796), np.float64(0.5996), np.float64(0.6096), np.float64(0.6296), np.float64(0.6495), np.float64(0.6695), np.float64(0.6895), np.float64(0.7095), np.float64(0.7295), np.float64(0.7495)]"
0.52,0.79,0.27,18,2,0.90649,0.43916,0.90486,"[np.float64(0.5196), np.float64(0.5396), np.float64(0.5496), np.float64(0.5696), np.float64(0.5796), np.float64(0.5996), np.float64(0.6196), np.float64(0.6296), np.float64(0.6495), np.float64(0.6595), np.float64(0.6795), np.float64(0.6895), np.float64(0.7095), np.float64(0.7295), np.float64(0.7395), np.float64(0.7595), np.float64(0.7695), np.float64(0.7894)]"
0.58,0.8,0.22,15,2,0.90646,0.43924,0.90483,"[np.float64(0.5796), np.float64(0.5996), np.float64(0.6096), np.float64(0.6296), np.float64(0.6396), np.float64(0.6595), np.float64(0.6695), np.float64(0.6895), np.float64(0.7095), np.float64(0.7195), np.float64(0.7395), np.float64(0.7495), np.float64(0.7695), np.float64(0.7795), np.float64(0.7994)]"
0.52,0.72,0.2,6,2,0.90643,0.43931,0.90481,"[np.float64(0.5196), np.float64(0.5596), np.float64(0.5996), np.float64(0.6396), np.float64(0.6795), np.float64(0.7195)]"
0.58,0.79,0.21,7,6,0.90637,0.43945,0.90476,"[np.float64(0.5796), np.float64(0.6196), np.float64(0.6495), np.float64(0.6795), np.float64(0.7195), np.float64(0.7595), np.float64(0.7894)]"
0.6,0.8,0.2,9,2,0.90636,0.43947,0.90475,"[np.float64(0.5996), np.float64(0.6196), np.float64(0.6495), np.float64(0.6795), np.float64(0.6995), np.float64(0.7195), np.float64(0.7495), np.float64(0.7795), np.float64(0.7994)]"
0.46,0.78,0.32,16,2,0.90631,0.43959,0.90471,"[np.float64(0.4596), np.float64(0.4796), np.float64(0.4996), np.float64(0.5196), np.float64(0.5496), np.float64(0.5696), np.float64(0.5896), np.float64(0.6096), np.float64(0.6296), np.float64(0.6495), np.float64(0.6695), np.float64(0.6895), np.float64(0.7195), np.float64(0.7395), np.float64(0.7595), np.float64(0.7795)]"
0.4,0.78,0.38,12,3,0.9063,0.43962,0.9047,"[np.float64(0.3996), np.float64(0.4296), np.float64(0.4696), np.float64(0.4996), np.float64(0.5396), np.float64(0.5696), np.float64(0.6096), np.float64(0.6396), np.float64(0.6795), np.float64(0.7095), np.float64(0.7495), np.float64(0.7795)]"
0.52,0.73,0.21,13,2,0.90625,0.43973,0.90466,"[np.float64(0.5196), np.float64(0.5396), np.float64(0.5596), np.float64(0.5696), np.float64(0.5896), np.float64(0.6096), np.float64(0.6196), np.float64(0.6396), np.float64(0.6595), np.float64(0.6795), np.float64(0.6995), np.float64(0.7095), np.float64(0.7295)]"
0.54,0.79,0.25,16,2,0.90622,0.43979,0.90464,"[np.float64(0.5396), np.float64(0.5596), np.float64(0.5696), np.float64(0.5896), np.float64(0.6096), np.float64(0.6196), np.float64(0.6396), np.float64(0.6595), np.float64(0.6695), np.float64(0.6895), np.float64(0.7095), np.float64(0.7195), np.float64(0.7395), np.float64(0.7595), np.float64(0.7695), np.float64(0.7894)]"
0.56,0.79,0.23,11,3,0.90621,0.43981,0.90463,"[np.float64(0.5596), np.float64(0.5796), np.float64(0.6096), np.float64(0.6296), np.float64(0.6495), np.float64(0.6795), np.float64(0.6995), np.float64(0.7195), np.float64(0.7395), np.float64(0.7695), np.float64(0.7894)]"
0.52,0.73,0.21,17,2,0.9062,0.43984,0.90463,"[np.float64(0.5196), np.float64(0.5296), np.float64(0.5496), np.float64(0.5596), np.float64(0.5696), np.float64(0.5896), np.float64(0.5996), np.float64(0.6096), np.float64(0.6196), np.float64(0.6396), np.float64(0.6495), np.float64(0.6595), np.float64(0.6795), np.float64(0.6895), np.float64(0.6995), np.float64(0.7195), np.float64(0.7295)]"
0.54,0.78,0.24,8,2,0.9062,0.43984,0.90463,"[np.float64(0.5396), np.float64(0.5696), np.float64(0.6096), np.float64(0.6396), np.float64(0.6795), np.float64(0.7095), np.float64(0.7495), np.float64(0.7795)]"
0.52,0.73,0.21,18,2,0.9062,0.43985,0.90462,"[np.float64(0.5196), np.float64(0.5296), np.float64(0.5396), np.float64(0.5596), np.float64(0.5696), np.float64(0.5796), np.float64(0.5896), np.float64(0.6096), np.float64(0.6196), np.float64(0.6296), np.float64(0.6396), np.float64(0.6595), np.float64(0.6695), np.float64(0.6795), np.float64(0.6895), np.float64(0.7095), np.float64(0.7195), np.float64(0.7295)]"
0.58,0.8,0.22,18,2,0.90619,0.43988,0.90461,"[np.float64(0.5796), np.float64(0.5896), np.float64(0.6096), np.float64(0.6196), np.float64(0.6296), np.float64(0.6396), np.float64(0.6595), np.float64(0.6695), np.float64(0.6795), np.float64(0.6995), np.float64(0.7095), np.float64(0.7195), np.float64(0.7395), np.float64(0.7495), np.float64(0.7595), np.float64(0.7695), np.float64(0.7894), np.float64(0.7994)]"
0.46,0.75,0.29,5,2,0.90618,0.43989,0.90461,"[np.float64(0.4596), np.float64(0.5296), np.float64(0.5996), np.float64(0.6795), np.float64(0.7495)]"
0.58,0.79,0.21,8,3,0.90619,0.43988,0.90461,"[np.float64(0.5796), np.float64(0.6096), np.float64(0.6396), np.float64(0.6695), np.float64(0.6995), np.float64(0.7295), np.float64(0.7595), np.float64(0.7894)]"
0.46,0.77,0.31,7,2,0.90614,0.43997,0.90458,"[np.float64(0.4596), np.float64(0.5096), np.float64(0.5596), np.float64(0.6196), np.float64(0.6695), np.float64(0.7195), np.float64(0.7695)]"
0.46,0.75,0.29,7,2,0.90615,0.43996,0.90458,"[np.float64(0.4596), np.float64(0.5096), np.float64(0.5596), np.float64(0.5996), np.float64(0.6495), np.float64(0.6995), np.float64(0.7495)]"
0.54,0.79,0.25,15,2,0.90613,0.44001,0.90457,"[np.float64(0.5396), np.float64(0.5596), np.float64(0.5796), np.float64(0.5896), np.float64(0.6096), np.float64(0.6296), np.float64(0.6495), np.float64(0.6595), np.float64(0.6795), np.float64(0.6995), np.float64(0.7195), np.float64(0.7395), np.float64(0.7495), np.float64(0.7695), np.float64(0.7894)]"
0.42,0.75,0.33,11,3,0.90614,0.43999,0.90457,"[np.float64(0.4196), np.float64(0.4496), np.float64(0.4896), np.float64(0.5196), np.float64(0.5496), np.float64(0.5796), np.float64(0.6196), np.float64(0.6495), np.float64(0.6795), np.float64(0.7195), np.float64(0.7495)]"
0.52,0.73,0.21,19,2,0.90607,0.44014,0.90452,"[np.float64(0.5196), np.float64(0.5296), np.float64(0.5396), np.float64(0.5596), np.float64(0.5696), np.float64(0.5796), np.float64(0.5896), np.float64(0.5996), np.float64(0.6096), np.float64(0.6196), np.float64(0.6396), np.float64(0.6495), np.float64(0.6595), np.float64(0.6695), np.float64(0.6795), np.float64(0.6995), np.float64(0.7095), np.float64(0.7195), np.float64(0.7295)]"
0.52,0.73,0.21,20,2,0.90596,0.44041,0.90443,"[np.float64(0.5196), np.float64(0.5296), np.float64(0.5396), np.float64(0.5496), np.float64(0.5596), np.float64(0.5796), np.float64(0.5896), np.float64(0.5996), np.float64(0.6096), np.float64(0.6196), np.float64(0.6296), np.float64(0.6396), np.float64(0.6495), np.float64(0.6595), np.float64(0.6695), np.float64(0.6895), np.float64(0.6995), np.float64(0.7095), np.float64(0.7195), np.float64(0.7295)]"
0.48,0.73,0.25,7,2,0.90595,0.44044,0.90442,"[np.float64(0.4796), np.float64(0.5196), np.float64(0.5596), np.float64(0.5996), np.float64(0.6495), np.float64(0.6895), np.float64(0.7295)]"
0.56,0.8,0.24,17,3,0.90593,0.44049,0.9044,"[np.float64(0.5596), np.float64(0.5796), np.float64(0.5896), np.float64(0.5996), np.float64(0.6196), np.float64(0.6396), np.float64(0.6495), np.float64(0.6595), np.float64(0.6795), np.float64(0.6995), np.float64(0.7095), np.float64(0.7195), np.float64(0.7395), np.float64(0.7595), np.float64(0.7695), np.float64(0.7795), np.float64(0.7994)]"
0.48,0.73,0.25,6,2,0.90588,0.44059,0.90437,"[np.float64(0.4796), np.float64(0.5296), np.float64(0.5796), np.float64(0.6296), np.float64(0.6795), np.float64(0.7295)]"
0.5,0.72,0.22,6,2,0.90587,0.44061,0.90436,"[np.float64(0.4996), np.float64(0.5396), np.float64(0.5896), np.float64(0.6296), np.float64(0.6795), np.float64(0.7195)]"
0.58,0.8,0.22,17,2,0.90588,0.4406,0.90436,"[np.float64(0.5796), np.float64(0.5896), np.float64(0.6096), np.float64(0.6196), np.float64(0.6396), np.float64(0.6495), np.float64(0.6595), np.float64(0.6795), np.float64(0.6895), np.float64(0.6995), np.float64(0.7195), np.float64(0.7295), np.float64(0.7395), np.float64(0.7595), np.float64(0.7695), np.float64(0.7894), np.float64(0.7994)]"
0.42,0.76,0.34,4,3,0.9058,0.44077,0.9043,"[np.float64(0.4196), np.float64(0.5296), np.float64(0.6495), np.float64(0.7595)]"
0.5,0.79,0.29,19,2,0.90579,0.4408,0.90429,"[np.float64(0.4996), np.float64(0.5196), np.float64(0.5296), np.float64(0.5496), np.float64(0.5596), np.float64(0.5796), np.float64(0.5996), np.float64(0.6096), np.float64(0.6296), np.float64(0.6396), np.float64(0.6595), np.float64(0.6795), np.float64(0.6895), np.float64(0.7095), np.float64(0.7295), np.float64(0.7395), np.float64(0.7595), np.float64(0.7695), np.float64(0.7894)]"
0.58,0.8,0.22,13,2,0.90578,0.44083,0.90428,"[np.float64(0.5796), np.float64(0.5996), np.float64(0.6196), np.float64(0.6396), np.float64(0.6495), np.float64(0.6695), np.float64(0.6895), np.float64(0.7095), np.float64(0.7295), np.float64(0.7395), np.float64(0.7595), np.float64(0.7795), np.float64(0.7994)]"
0.44,0.77,0.33,19,2,0.90565,0.44113,0.90418,"[np.float64(0.4396), np.float64(0.4596), np.float64(0.4796), np.float64(0.4996), np.float64(0.5096), np.float64(0.5296), np.float64(0.5496), np.float64(0.5696), np.float64(0.5896), np.float64(0.5996), np.float64(0.6196), np.float64(0.6396), np.float64(0.6595), np.float64(0.6795), np.float64(0.6995), np.float64(0.7195), np.float64(0.7295), np.float64(0.7495), np.float64(0.7695)]"
0.56,0.8,0.24,20,3,0.9056,0.44126,0.90413,"[np.float64(0.5596), np.float64(0.5696), np.float64(0.5896), np.float64(0.5996), np.float64(0.6096), np.float64(0.6196), np.float64(0.6396), np.float64(0.6495), np.float64(0.6595), np.float64(0.6695), np.float64(0.6895), np.float64(0.6995), np.float64(0.7095), np.float64(0.7195), np.float64(0.7395), np.float64(0.7495), np.float64(0.7595), np.float64(0.7695), np.float64(0.7894), np.float64(0.7994)]"
0.54,0.79,0.25,19,2,0.90558,0.4413,0.90412,"[np.float64(0.5396), np.float64(0.5496), np.float64(0.5696), np.float64(0.5796), np.float64(0.5996), np.float64(0.6096), np.float64(0.6196), np.float64(0.6396), np.float64(0.6495), np.float64(0.6595), np.float64(0.6795), np.float64(0.6895), np.float64(0.7095), np.float64(0.7195), np.float64(0.7295), np.float64(0.7495), np.float64(0.7595), np.float64(0.7795), np.float64(0.7894)]"
0.56,0.8,0.24,16,3,0.90558,0.44129,0.90412,"[np.float64(0.5596), np.float64(0.5796), np.float64(0.5896), np.float64(0.6096), np.float64(0.6196), np.float64(0.6396), np.float64(0.6595), np.float64(0.6695), np.float64(0.6895), np.float64(0.6995), np.float64(0.7195), np.float64(0.7395), np.float64(0.7495), np.float64(0.7695), np.float64(0.7795), np.float64(0.7994)]"
0.58,0.8,0.22,20,2,0.90556,0.44134,0.90411,"[np.float64(0.5796), np.float64(0.5896), np.float64(0.5996), np.float64(0.6096), np.float64(0.6296), np.float64(0.6396), np.float64(0.6495), np.float64(0.6595), np.float64(0.6695), np.float64(0.6795), np.float64(0.6995), np.float64(0.7095), np.float64(0.7195), np.float64(0.7295), np.float64(0.7395), np.float64(0.7495), np.float64(0.7695), np.float64(0.7795), np.float64(0.7894), np.float64(0.7994)]"
0.58,0.78,0.2,5,2,0.90556,0.44133,0.90411,"[np.float64(0.5796), np.float64(0.6296), np.float64(0.6795), np.float64(0.7295), np.float64(0.7795)]"
0.58,0.8,0.22,19,2,0.90557,0.44132,0.90411,"[np.float64(0.5796), np.float64(0.5896), np.float64(0.5996), np.float64(0.6196), np.float64(0.6296), np.float64(0.6396), np.float64(0.6495), np.float64(0.6695), np.float64(0.6795), np.float64(0.6895), np.float64(0.6995), np.float64(0.7095), np.float64(0.7295), np.float64(0.7395), np.float64(0.7495), np.float64(0.7595), np.float64(0.7795), np.float64(0.7894), np.float64(0.7994)]"
0.56,0.8,0.24,15,3,0.9055,0.44147,0.90406,"[np.float64(0.5596), np.float64(0.5796), np.float64(0.5896), np.float64(0.6096), np.float64(0.6296), np.float64(0.6495), np.float64(0.6595), np.float64(0.6795), np.float64(0.6995), np.float64(0.7095), np.float64(0.7295), np.float64(0.7495), np.float64(0.7695), np.float64(0.7795), np.float64(0.7994)]"
0.52,0.72,0.2,7,2,0.9055,0.44148,0.90406,"[np.float64(0.5196), np.float64(0.5496), np.float64(0.5896), np.float64(0.6196), np.float64(0.6495), np.float64(0.6895), np.float64(0.7195)]"
0.52,0.79,0.27,16,2,0.9055,0.44148,0.90406,"[np.float64(0.5196), np.float64(0.5396), np.float64(0.5596), np.float64(0.5696), np.float64(0.5896), np.float64(0.6096), np.float64(0.6296), np.float64(0.6495), np.float64(0.6595), np.float64(0.6795), np.float64(0.6995), np.float64(0.7195), np.float64(0.7395), np.float64(0.7495), np.float64(0.7695), np.float64(0.7894)]"
0.52,0.79,0.27,17,2,0.90549,0.44151,0.90405,"[np.float64(0.5196), np.float64(0.5396), np.float64(0.5496), np.float64(0.5696), np.float64(0.5896), np.float64(0.5996), np.float64(0.6196), np.float64(0.6396), np.float64(0.6595), np.float64(0.6695), np.float64(0.6895), np.float64(0.7095), np.float64(0.7195), np.float64(0.7395), np.float64(0.7595), np.float64(0.7695), np.float64(0.7894)]"
0.46,0.75,0.29,6,2,0.90548,0.44153,0.90404,"[np.float64(0.4596), np.float64(0.5196), np.float64(0.5796), np.float64(0.6296), np.float64(0.6895), np.float64(0.7495)]"
0.56,0.8,0.24,19,3,0.90548,0.44153,0.90404,"[np.float64(0.5596), np.float64(0.5696), np.float64(0.5896), np.float64(0.5996), np.float64(0.6096), np.float64(0.6296), np.float64(0.6396), np.float64(0.6495), np.float64(0.6695), np.float64(0.6795), np.float64(0.6895), np.float64(0.7095), np.float64(0.7195), np.float64(0.7295), np.float64(0.7495), np.float64(0.7595), np.float64(0.7695), np.float64(0.7894), np.float64(0.7994)]"
0.48,0.79,0.31,20,2,0.90545,0.4416,0.90402,"[np.float64(0.4796), np.float64(0.4996), np.float64(0.5096), np.float64(0.5296), np.float64(0.5496), np.float64(0.5596), np.float64(0.5796), np.float64(0.5896), np.float64(0.6096), np.float64(0.6296), np.float64(0.6396), np.float64(0.6595), np.float64(0.6795), np.float64(0.6895), np.float64(0.7095), np.float64(0.7195), np.float64(0.7395), np.float64(0.7595), np.float64(0.7695), np.float64(0.7894)]"
0.54,0.79,0.25,14,2,0.90536,0.4418,0.90395,"[np.float64(0.5396), np.float64(0.5596), np.float64(0.5796), np.float64(0.5996), np.float64(0.6196), np.float64(0.6396), np.float64(0.6595), np.float64(0.6695), np.float64(0.6895), np.float64(0.7095), np.float64(0.7295), np.float64(0.7495), np.float64(0.7695), np.float64(0.7894)]"
0.52,0.73,0.21,14,2,0.90536,0.44182,0.90394,"[np.float64(0.5196), np.float64(0.5396), np.float64(0.5496), np.float64(0.5696), np.float64(0.5796), np.float64(0.5996), np.float64(0.6196), np.float64(0.6296), np.float64(0.6495), np.float64(0.6695), np.float64(0.6795), np.float64(0.6995), np.float64(0.7095), np.float64(0.7295)]"
0.44,0.77,0.33,17,2,0.90533,0.44187,0.90392,"[np.float64(0.4396), np.float64(0.4596), np.float64(0.4796), np.float64(0.4996), np.float64(0.5196), np.float64(0.5396), np.float64(0.5596), np.float64(0.5796), np.float64(0.5996), np.float64(0.6296), np.float64(0.6495), np.float64(0.6695), np.float64(0.6895), np.float64(0.7095), np.float64(0.7295), np.float64(0.7495), np.float64(0.7695)]"
0.56,0.8,0.24,13,3,0.9053,0.44195,0.9039,"[np.float64(0.5596), np.float64(0.5796), np.float64(0.5996), np.float64(0.6196), np.float64(0.6396), np.float64(0.6595), np.float64(0.6795), np.float64(0.6995), np.float64(0.7195), np.float64(0.7395), np.float64(0.7595), np.float64(0.7795), np.float64(0.7994)]"
0.56,0.8,0.24,18,3,0.9053,0.44196,0.90389,"[np.float64(0.5596), np.float64(0.5696), np.float64(0.5896), np.float64(0.5996), np.float64(0.6196), np.float64(0.6296), np.float64(0.6396), np.float64(0.6595), np.float64(0.6695), np.float64(0.6895), np.float64(0.6995), np.float64(0.7195), np.float64(0.7295), np.float64(0.7395), np.float64(0.7595), np.float64(0.7695), np.float64(0.7894), np.float64(0.7994)]"
0.44,0.75,0.31,9,3,0.9053,0.44195,0.90389,"[np.float64(0.4396), np.float64(0.4796), np.float64(0.5196), np.float64(0.5596), np.float64(0.5996), np.float64(0.6296), np.float64(0.6695), np.float64(0.7095), np.float64(0.7495)]"
0.46,0.78,0.32,14,2,0.90528,0.442,0.90388,"[np.float64(0.4596), np.float64(0.4796), np.float64(0.5096), np.float64(0.5296), np.float64(0.5596), np.float64(0.5796), np.float64(0.6096), np.float64(0.6296), np.float64(0.6595), np.float64(0.6795), np.float64(0.7095), np.float64(0.7295), np.float64(0.7595), np.float64(0.7795)]"
0.54,0.8,0.26,18,3,0.90526,0.44205,0.90386,"[np.float64(0.5396), np.float64(0.5596), np.float64(0.5696), np.float64(0.5896), np.float64(0.5996), np.float64(0.6196), np.float64(0.6296), np.float64(0.6495), np.float64(0.6595), np.float64(0.6795), np.float64(0.6895), np.float64(0.7095), np.float64(0.7195), np.float64(0.7395), np.float64(0.7495), np.float64(0.7695), np.float64(0.7795), np.float64(0.7994)]"
0.56,0.8,0.24,10,3,0.90522,0.44213,0.90383,"[np.float64(0.5596), np.float64(0.5896), np.float64(0.6096), np.float64(0.6396), np.float64(0.6695), np.float64(0.6895), np.float64(0.7195), np.float64(0.7495), np.float64(0.7695), np.float64(0.7994)]"
0.54,0.8,0.26,17,3,0.90521,0.44217,0.90382,"[np.float64(0.5396), np.float64(0.5596), np.float64(0.5696), np.float64(0.5896), np.float64(0.5996), np.float64(0.6196), np.float64(0.6396), np.float64(0.6495), np.float64(0.6695), np.float64(0.6895), np.float64(0.6995), np.float64(0.7195), np.float64(0.7395), np.float64(0.7495), np.float64(0.7695), np.float64(0.7795), np.float64(0.7994)]"
0.54,0.78,0.24,7,2,0.90519,0.44221,0.90381,"[np.float64(0.5396), np.float64(0.5796), np.float64(0.6196), np.float64(0.6595), np.float64(0.6995), np.float64(0.7395), np.float64(0.7795)]"
0.56,0.8,0.24,14,3,0.90517,0.44225,0.90379,"[np.float64(0.5596), np.float64(0.5796), np.float64(0.5996), np.float64(0.6196), np.float64(0.6296), np.float64(0.6495), np.float64(0.6695), np.float64(0.6895), np.float64(0.7095), np.float64(0.7295), np.float64(0.7395), np.float64(0.7595), np.float64(0.7795), np.float64(0.7994)]"
0.58,0.8,0.22,14,2,0.90516,0.44228,0.90378,"[np.float64(0.5796), np.float64(0.5996), np.float64(0.6096), np.float64(0.6296), np.float64(0.6495), np.float64(0.6595), np.float64(0.6795), np.float64(0.6995), np.float64(0.7195), np.float64(0.7295), np.float64(0.7495), np.float64(0.7695), np.float64(0.7795), np.float64(0.7994)]"
0.56,0.8,0.24,12,3,0.90513,0.44234,0.90376,"[np.float64(0.5596), np.float64(0.5796), np.float64(0.5996), np.float64(0.6296), np.float64(0.6495), np.float64(0.6695), np.float64(0.6895), np.float64(0.7095), np.float64(0.7295), np.float64(0.7595), np.float64(0.7795), np.float64(0.7994)]"
0.48,0.78,0.3,10,2,0.90512,0.44236,0.90375,"[np.float64(0.4796), np.float64(0.5096), np.float64(0.5496), np.float64(0.5796), np.float64(0.6096), np.float64(0.6495), np.float64(0.6795), np.float64(0.7095), np.float64(0.7495), np.float64(0.7795)]"
0.56,0.8,0.24,9,3,0.90508,0.44247,0.90372,"[np.float64(0.5596), np.float64(0.5896), np.float64(0.6196), np.float64(0.6495), np.float64(0.6795), np.float64(0.7095), np.float64(0.7395), np.float64(0.7695), np.float64(0.7994)]"
0.54,0.8,0.26,16,3,0.90493,0.44282,0.9036,"[np.float64(0.5396), np.float64(0.5596), np.float64(0.5696), np.float64(0.5896), np.float64(0.6096), np.float64(0.6296), np.float64(0.6396), np.float64(0.6595), np.float64(0.6795), np.float64(0.6995), np.float64(0.7095), np.float64(0.7295), np.float64(0.7495), np.float64(0.7695), np.float64(0.7795), np.float64(0.7994)]"
0.5,0.79,0.29,17,2,0.90493,0.4428,0.9036,"[np.float64(0.4996), np.float64(0.5196), np.float64(0.5396), np.float64(0.5496), np.float64(0.5696), np.float64(0.5896), np.float64(0.6096), np.float64(0.6296), np.float64(0.6396), np.float64(0.6595), np.float64(0.6795), np.float64(0.6995), np.float64(0.7195), np.float64(0.7395), np.float64(0.7495), np.float64(0.7695), np.float64(0.7894)]"
0.54,0.8,0.26,11,3,0.90493,0.4428,0.9036,"[np.float64(0.5396), np.float64(0.5696), np.float64(0.5896), np.float64(0.6196), np.float64(0.6396), np.float64(0.6695), np.float64(0.6995), np.float64(0.7195), np.float64(0.7495), np.float64(0.7695), np.float64(0.7994)]"
0.48,0.73,0.25,9,2,0.90493,0.44282,0.9036,"[np.float64(0.4796), np.float64(0.5096), np.float64(0.5396), np.float64(0.5696), np.float64(0.5996), np.float64(0.6396), np.float64(0.6695), np.float64(0.6995), np.float64(0.7295)]"
0.44,0.77,0.33,20,2,0.90488,0.44292,0.90356,"[np.float64(0.4396), np.float64(0.4596), np.float64(0.4696), np.float64(0.4896), np.float64(0.5096), np.float64(0.5296), np.float64(0.5396), np.float64(0.5596), np.float64(0.5796), np.float64(0.5996), np.float64(0.6096), np.float64(0.6296), np.float64(0.6495), np.float64(0.6695), np.float64(0.6795), np.float64(0.6995), np.float64(0.7195), np.float64(0.7395), np.float64(0.7495), np.float64(0.7695)]"
0.54,0.8,0.26,20,3,0.90489,0.44291,0.90356,"[np.float64(0.5396), np.float64(0.5496), np.float64(0.5696), np.float64(0.5796), np.float64(0.5896), np.float64(0.6096), np.float64(0.6196), np.float64(0.6396), np.float64(0.6495), np.float64(0.6595), np.float64(0.6795), np.float64(0.6895), np.float64(0.6995), np.float64(0.7195), np.float64(0.7295), np.float64(0.7495), np.float64(0.7595), np.float64(0.7695), np.float64(0.7894), np.float64(0.7994)]"
0.5,0.72,0.22,7,2,0.90488,0.44294,0.90355,"[np.float64(0.4996), np.float64(0.5396), np.float64(0.5696), np.float64(0.6096), np.float64(0.6495), np.float64(0.6795), np.float64(0.7195)]"
0.58,0.79,0.21,6,3,0.90485,0.443,0.90353,"[np.float64(0.5796), np.float64(0.6196), np.float64(0.6595), np.float64(0.7095), np.float64(0.7495), np.float64(0.7894)]"
0.56,0.8,0.24,8,3,0.90484,0.44302,0.90353,"[np.float64(0.5596), np.float64(0.5896), np.float64(0.6296), np.float64(0.6595), np.float64(0.6995), np.float64(0.7295), np.float64(0.7695), np.float64(0.7994)]"
0.48,0.78,0.3,9,2,0.90482,0.44308,0.9035,"[np.float64(0.4796), np.float64(0.5196), np.float64(0.5596), np.float64(0.5896), np.float64(0.6296), np.float64(0.6695), np.float64(0.6995), np.float64(0.7395), np.float64(0.7795)]"
0.6,0.8,0.2,7,2,0.90477,0.44317,0.90347,"[np.float64(0.5996), np.float64(0.6296), np.float64(0.6695), np.float64(0.6995), np.float64(0.7295), np.float64(0.7695), np.float64(0.7994)]"
0.56,0.8,0.24,11,3,0.90475,0.44322,0.90345,"[np.float64(0.5596), np.float64(0.5796), np.float64(0.6096), np.float64(0.6296), np.float64(0.6595), np.float64(0.6795), np.float64(0.6995), np.float64(0.7295), np.float64(0.7495), np.float64(0.7795), np.float64(0.7994)]"
0.54,0.8,0.26,9,3,0.90473,0.44327,0.90344,"[np.float64(0.5396), np.float64(0.5696), np.float64(0.5996), np.float64(0.6396), np.float64(0.6695), np.float64(0.6995), np.float64(0.7395), np.float64(0.7695), np.float64(0.7994)]"
0.56,0.8,0.24,7,3,0.90471,0.44332,0.90342,"[np.float64(0.5596), np.float64(0.5996), np.float64(0.6396), np.float64(0.6795), np.float64(0.7195), np.float64(0.7595), np.float64(0.7994)]"
0.54,0.8,0.26,13,3,0.9047,0.44335,0.90341,"[np.float64(0.5396), np.float64(0.5596), np.float64(0.5796), np.float64(0.5996), np.float64(0.6296), np.float64(0.6495), np.float64(0.6695), np.float64(0.6895), np.float64(0.7095), np.float64(0.7395), np.float64(0.7595), np.float64(0.7795), np.float64(0.7994)]"
0.54,0.8,0.26,14,3,0.90468,0.4434,0.90339,"[np.float64(0.5396), np.float64(0.5596), np.float64(0.5796), np.float64(0.5996), np.float64(0.6196), np.float64(0.6396), np.float64(0.6595), np.float64(0.6795), np.float64(0.6995), np.float64(0.7195), np.float64(0.7395), np.float64(0.7595), np.float64(0.7795), np.float64(0.7994)]"
0.56,0.79,0.23,8,3,0.90466,0.44344,0.90338,"[np.float64(0.5596), np.float64(0.5896), np.float64(0.6296), np.float64(0.6595), np.float64(0.6895), np.float64(0.7195), np.float64(0.7595), np.float64(0.7894)]"
0.54,0.8,0.26,15,3,0.90466,0.44344,0.90338,"[np.float64(0.5396), np.float64(0.5596), np.float64(0.5796), np.float64(0.5996), np.float64(0.6096), np.float64(0.6296), np.float64(0.6495), np.float64(0.6695), np.float64(0.6895), np.float64(0.7095), np.float64(0.7295), np.float64(0.7395), np.float64(0.7595), np.float64(0.7795), np.float64(0.7994)]"
0.5,0.79,0.29,18,2,0.90465,0.44346,0.90337,"[np.float64(0.4996), np.float64(0.5196), np.float64(0.5296), np.float64(0.5496), np.float64(0.5696), np.float64(0.5896), np.float64(0.5996), np.float64(0.6196), np.float64(0.6396), np.float64(0.6495), np.float64(0.6695), np.float64(0.6895), np.float64(0.6995), np.float64(0.7195), np.float64(0.7395), np.float64(0.7595), np.float64(0.7695), np.float64(0.7894)]"
0.52,0.72,0.2,8,2,0.90464,0.44349,0.90336,"[np.float64(0.5196), np.float64(0.5496), np.float64(0.5796), np.float64(0.6096), np.float64(0.6296), np.float64(0.6595), np.float64(0.6895), np.float64(0.7195)]"
0.52,0.79,0.27,15,2,0.90464,0.44348,0.90336,"[np.float64(0.5196), np.float64(0.5396), np.float64(0.5596), np.float64(0.5796), np.float64(0.5996), np.float64(0.6196), np.float64(0.6396), np.float64(0.6595), np.float64(0.6695), np.float64(0.6895), np.float64(0.7095), np.float64(0.7295), np.float64(0.7495), np.float64(0.7695), np.float64(0.7894)]"
0.48,0.79,0.31,18,2,0.90463,0.4435,0.90336,"[np.float64(0.4796), np.float64(0.4996), np.float64(0.5196), np.float64(0.5296), np.float64(0.5496), np.float64(0.5696), np.float64(0.5896), np.float64(0.6096), np.float64(0.6296), np.float64(0.6396), np.float64(0.6595), np.float64(0.6795), np.float64(0.6995), np.float64(0.7195), np.float64(0.7395), np.float64(0.7495), np.float64(0.7695), np.float64(0.7894)]"
0.5,0.71,0.21,3,2,0.90461,0.44357,0.90334,"[np.float64(0.4996), np.float64(0.5996), np.float64(0.7095)]"
0.54,0.8,0.26,19,3,0.90461,0.44356,0.90334,"[np.float64(0.5396), np.float64(0.5496), np.float64(0.5696), np.float64(0.5796), np.float64(0.5996), np.float64(0.6096), np.float64(0.6296), np.float64(0.6396), np.float64(0.6595), np.float64(0.6695), np.float64(0.6795), np.float64(0.6995), np.float64(0.7095), np.float64(0.7295), np.float64(0.7395), np.float64(0.7595), np.float64(0.7695), np.float64(0.7894), np.float64(0.7994)]"
0.5,0.78,0.28,8,2,0.90452,0.44378,0.90326,"[np.float64(0.4996), np.float64(0.5396), np.float64(0.5796), np.float64(0.6196), np.float64(0.6595), np.float64(0.6995), np.float64(0.7395), np.float64(0.7795)]"
0.52,0.72,0.2,9,2,0.90452,0.44377,0.90326,"[np.float64(0.5196), np.float64(0.5396), np.float64(0.5696), np.float64(0.5996), np.float64(0.6196), np.float64(0.6396), np.float64(0.6695), np.float64(0.6995), np.float64(0.7195)]"
0.54,0.8,0.26,10,3,0.90448,0.44386,0.90323,"[np.float64(0.5396), np.float64(0.5696), np.float64(0.5996), np.float64(0.6296), np.float64(0.6595), np.float64(0.6795), np.float64(0.7095), np.float64(0.7395), np.float64(0.7695), np.float64(0.7994)]"
0.46,0.78,0.32,12,2,0.90443,0.44397,0.9032,"[np.float64(0.4596), np.float64(0.4896), np.float64(0.5196), np.float64(0.5496), np.float64(0.5796), np.float64(0.6096), np.float64(0.6296), np.float64(0.6595), np.float64(0.6895), np.float64(0.7195), np.float64(0.7495), np.float64(0.7795)]"
0.48,0.73,0.25,8,2,0.90444,0.44395,0.9032,"[np.float64(0.4796), np.float64(0.5196), np.float64(0.5496), np.float64(0.5896), np.float64(0.6196), np.float64(0.6595), np.float64(0.6895), np.float64(0.7295)]"
0.52,0.79,0.27,20,2,0.90441,0.44403,0.90318,"[np.float64(0.5196), np.float64(0.5296), np.float64(0.5496), np.float64(0.5596), np.float64(0.5796), np.float64(0.5896), np.float64(0.6096), np.float64(0.6196), np.float64(0.6296), np.float64(0.6495), np.float64(0.6595), np.float64(0.6795), np.float64(0.6895), np.float64(0.6995), np.float64(0.7195), np.float64(0.7295), np.float64(0.7495), np.float64(0.7595), np.float64(0.7795), np.float64(0.7894)]"
0.54,0.79,0.25,18,2,0.90438,0.4441,0.90315,"[np.float64(0.5396), np.float64(0.5496), np.float64(0.5696), np.float64(0.5796), np.float64(0.5996), np.float64(0.6096), np.float64(0.6296), np.float64(0.6396), np.float64(0.6595), np.float64(0.6695), np.float64(0.6895), np.float64(0.6995), np.float64(0.7195), np.float64(0.7295), np.float64(0.7495), np.float64(0.7595), np.float64(0.7795), np.float64(0.7894)]"
0.58,0.79,0.21,5,3,0.90436,0.44413,0.90314,"[np.float64(0.5796), np.float64(0.6296), np.float64(0.6795), np.float64(0.7395), np.float64(0.7894)]"
0.46,0.74,0.28,3,2,0.90435,0.44415,0.90313,"[np.float64(0.4596), np.float64(0.5996), np.float64(0.7395)]"
0.44,0.78,0.34,19,2,0.90436,0.44415,0.90313,"[np.float64(0.4396), np.float64(0.4596), np.float64(0.4796), np.float64(0.4996), np.float64(0.5196), np.float64(0.5296), np.float64(0.5496), np.float64(0.5696), np.float64(0.5896), np.float64(0.6096), np.float64(0.6296), np.float64(0.6495), np.float64(0.6695), np.float64(0.6895), np.float64(0.6995), np.float64(0.7195), np.float64(0.7395), np.float64(0.7595), np.float64(0.7795)]"
0.44,0.77,0.33,13,2,0.90434,0.44419,0.90312,"[np.float64(0.4396), np.float64(0.4696), np.float64(0.4996), np.float64(0.5196), np.float64(0.5496), np.float64(0.5796), np.float64(0.5996), np.float64(0.6296), np.float64(0.6595), np.float64(0.6895), np.float64(0.7195), np.float64(0.7395), np.float64(0.7695)]"
0.52,0.76,0.24,3,2,0.90434,0.44418,0.90312,"[np.float64(0.5196), np.float64(0.6396), np.float64(0.7595)]"
0.58,0.8,0.22,12,3,0.90432,0.44424,0.9031,"[np.float64(0.5796), np.float64(0.5996), np.float64(0.6196), np.float64(0.6396), np.float64(0.6595), np.float64(0.6795), np.float64(0.6995), np.float64(0.7195), np.float64(0.7395), np.float64(0.7595), np.float64(0.7795), np.float64(0.7994)]"
0.48,0.79,0.31,19,2,0.90428,0.44431,0.90308,"[np.float64(0.4796), np.float64(0.4996), np.float64(0.5096), np.float64(0.5296), np.float64(0.5496), np.float64(0.5696), np.float64(0.5796), np.float64(0.5996), np.float64(0.6196), np.float64(0.6396), np.float64(0.6495), np.float64(0.6695), np.float64(0.6895), np.float64(0.6995), np.float64(0.7195), np.float64(0.7395), np.float64(0.7595), np.float64(0.7695), np.float64(0.7894)]"
0.46,0.71,0.25,2,2,0.90427,0.44434,0.90307,"[np.float64(0.4596), np.float64(0.7095)]"
0.58,0.8,0.22,16,3,0.90422,0.44446,0.90303,"[np.float64(0.5796), np.float64(0.5896), np.float64(0.6096), np.float64(0.6196), np.float64(0.6396), np.float64(0.6495), np.float64(0.6695), np.float64(0.6795), np.float64(0.6995), np.float64(0.7095), np.float64(0.7295), np.float64(0.7395), np.float64(0.7595), np.float64(0.7695), np.float64(0.7894), np.float64(0.7994)]"
0.56,0.79,0.23,7,3,0.90423,0.44444,0.90303,"[np.float64(0.5596), np.float64(0.5996), np.float64(0.6396), np.float64(0.6795), np.float64(0.7095), np.float64(0.7495), np.float64(0.7894)]"
0.5,0.72,0.22,8,2,0.90418,0.44456,0.90299,"[np.float64(0.4996), np.float64(0.5296), np.float64(0.5596), np.float64(0.5896), np.float64(0.6296), np.float64(0.6595), np.float64(0.6895), np.float64(0.7195)]"
0.56,0.78,0.22,6,2,0.90418,0.44455,0.90299,"[np.float64(0.5596), np.float64(0.5996), np.float64(0.6495), np.float64(0.6895), np.float64(0.7395), np.float64(0.7795)]"
0.54,0.77,0.23,4,2,0.90417,0.44458,0.90298,"[np.float64(0.5396), np.float64(0.6196), np.float64(0.6895), np.float64(0.7695)]"
0.44,0.78,0.34,20,2,0.90416,0.4446,0.90298,"[np.float64(0.4396), np.float64(0.4596), np.float64(0.4796), np.float64(0.4896), np.float64(0.5096), np.float64(0.5296), np.float64(0.5496), np.float64(0.5696), np.float64(0.5796), np.float64(0.5996), np.float64(0.6196), np.float64(0.6396), np.float64(0.6495), np.float64(0.6695), np.float64(0.6895), np.float64(0.7095), np.float64(0.7295), np.float64(0.7395), np.float64(0.7595), np.float64(0.7795)]"
0.44,0.77,0.33,14,2,0.9041,0.44475,0.90292,"[np.float64(0.4396), np.float64(0.4696), np.float64(0.4896), np.float64(0.5196), np.float64(0.5396), np.float64(0.5696), np.float64(0.5896), np.float64(0.6196), np.float64(0.6396), np.float64(0.6695), np.float64(0.6895), np.float64(0.7195), np.float64(0.7395), np.float64(0.7695)]"
0.44,0.75,0.31,10,3,0.90405,0.44485,0.90289,"[np.float64(0.4396), np.float64(0.4696), np.float64(0.5096), np.float64(0.5396), np.float64(0.5796), np.float64(0.6096), np.float64(0.6495), np.float64(0.6795), np.float64(0.7195), np.float64(0.7495)]"
0.4,0.75,0.35,12,3,0.90404,0.44488,0.90288,"[np.float64(0.3996), np.float64(0.4296), np.float64(0.4596), np.float64(0.4996), np.float64(0.5296), np.float64(0.5596), np.float64(0.5896), np.float64(0.6196), np.float64(0.6495), np.float64(0.6895), np.float64(0.7195), np.float64(0.7495)]"
0.58,0.8,0.22,11,3,0.90405,0.44487,0.90288,"[np.float64(0.5796), np.float64(0.5996), np.float64(0.6196), np.float64(0.6495), np.float64(0.6695), np.float64(0.6895), np.float64(0.7095), np.float64(0.7295), np.float64(0.7595), np.float64(0.7795), np.float64(0.7994)]"
0.58,0.8,0.22,8,3,0.90403,0.44491,0.90287,"[np.float64(0.5796), np.float64(0.6096), np.float64(0.6396), np.float64(0.6695), np.float64(0.7095), np.float64(0.7395), np.float64(0.7695), np.float64(0.7994)]"
0.56,0.8,0.24,6,3,0.90394,0.44512,0.9028,"[np.float64(0.5596), np.float64(0.6096), np.float64(0.6595), np.float64(0.6995), np.float64(0.7495), np.float64(0.7994)]"
0.5,0.79,0.29,16,2,0.90391,0.44518,0.90277,"[np.float64(0.4996), np.float64(0.5196), np.float64(0.5396), np.float64(0.5596), np.float64(0.5796), np.float64(0.5996), np.float64(0.6196), np.float64(0.6396), np.float64(0.6495), np.float64(0.6695), np.float64(0.6895), np.float64(0.7095), np.float64(0.7295), np.float64(0.7495), np.float64(0.7695), np.float64(0.7894)]"
0.54,0.8,0.26,12,3,0.9039,0.44521,0.90276,"[np.float64(0.5396), np.float64(0.5596), np.float64(0.5896), np.float64(0.6096), np.float64(0.6296), np.float64(0.6595), np.float64(0.6795), np.float64(0.7095), np.float64(0.7295), np.float64(0.7495), np.float64(0.7795), np.float64(0.7994)]"
0.48,0.72,0.24,3,2,0.90388,0.44524,0.90275,"[np.float64(0.4796), np.float64(0.5996), np.float64(0.7195)]"
0.54,0.8,0.26,8,3,0.90388,0.44525,0.90275,"[np.float64(0.5396), np.float64(0.5796), np.float64(0.6096), np.float64(0.6495), np.float64(0.6895), np.float64(0.7295), np.float64(0.7595), np.float64(0.7994)]"
0.52,0.79,0.27,19,2,0.90386,0.44529,0.90274,"[np.float64(0.5196), np.float64(0.5396), np.float64(0.5496), np.float64(0.5596), np.float64(0.5796), np.float64(0.5996), np.float64(0.6096), np.float64(0.6196), np.float64(0.6396), np.float64(0.6595), np.float64(0.6695), np.float64(0.6795), np.float64(0.6995), np.float64(0.7195), np.float64(0.7295), np.float64(0.7395), np.float64(0.7595), np.float64(0.7795), np.float64(0.7894)]"
0.54,0.79,0.25,13,3,0.90387,0.44527,0.90274,"[np.float64(0.5396), np.float64(0.5596), np.float64(0.5796), np.float64(0.5996), np.float64(0.6196), np.float64(0.6396), np.float64(0.6595), np.float64(0.6895), np.float64(0.7095), np.float64(0.7295), np.float64(0.7495), np.float64(0.7695), np.float64(0.7894)]"
0.48,0.73,0.25,10,2,0.90382,0.44538,0.9027,"[np.float64(0.4796), np.float64(0.5096), np.float64(0.5396), np.float64(0.5596), np.float64(0.5896), np.float64(0.6196), np.float64(0.6495), np.float64(0.6695), np.float64(0.6995), np.float64(0.7295)]"
0.58,0.8,0.22,10,3,0.90376,0.44552,0.90266,"[np.float64(0.5796), np.float64(0.5996), np.float64(0.6296), np.float64(0.6495), np.float64(0.6795), np.float64(0.6995), np.float64(0.7295), np.float64(0.7495), np.float64(0.7795), np.float64(0.7994)]"
0.5,0.72,0.22,10,2,0.90374,0.44558,0.90264,"[np.float64(0.4996), np.float64(0.5196), np.float64(0.5496), np.float64(0.5696), np.float64(0.5996), np.float64(0.6196), np.float64(0.6495), np.float64(0.6695), np.float64(0.6995), np.float64(0.7195)]"
0.54,0.8,0.26,7,3,0.90375,0.44555,0.90264,"[np.float64(0.5396), np.float64(0.5796), np.float64(0.6296), np.float64(0.6695), np.float64(0.7095), np.float64(0.7595), np.float64(0.7994)]"
0.54,0.79,0.25,11,2,0.90373,0.4456,0.90263,"[np.float64(0.5396), np.float64(0.5596), np.float64(0.5896), np.float64(0.6196), np.float64(0.6396), np.float64(0.6595), np.float64(0.6895), np.float64(0.7195), np.float64(0.7395), np.float64(0.7595), np.float64(0.7894)]"
0.44,0.77,0.33,15,2,0.90369,0.44568,0.9026,"[np.float64(0.4396), np.float64(0.4596), np.float64(0.4896), np.float64(0.5096), np.float64(0.5296), np.float64(0.5596), np.float64(0.5796), np.float64(0.5996), np.float64(0.6296), np.float64(0.6495), np.float64(0.6795), np.float64(0.6995), np.float64(0.7195), np.float64(0.7495), np.float64(0.7695)]"
0.58,0.8,0.22,9,3,0.90366,0.44575,0.90258,"[np.float64(0.5796), np.float64(0.6096), np.float64(0.6396), np.float64(0.6595), np.float64(0.6895), np.float64(0.7195), np.float64(0.7395), np.float64(0.7695), np.float64(0.7994)]"
0.48,0.73,0.25,13,2,0.90367,0.44573,0.90258,"[np.float64(0.4796), np.float64(0.4996), np.float64(0.5196), np.float64(0.5396), np.float64(0.5596), np.float64(0.5796), np.float64(0.5996), np.float64(0.6296), np.float64(0.6495), np.float64(0.6695), np.float64(0.6895), np.float64(0.7095), np.float64(0.7295)]"
0.58,0.8,0.22,6,3,0.90364,0.44581,0.90255,"[np.float64(0.5796), np.float64(0.6196), np.float64(0.6695), np.float64(0.7095), np.float64(0.7595), np.float64(0.7994)]"
0.54,0.79,0.25,12,3,0.9036,0.4459,0.90252,"[np.float64(0.5396), np.float64(0.5596), np.float64(0.5896), np.float64(0.6096), np.float64(0.6296), np.float64(0.6495), np.float64(0.6795), np.float64(0.6995), np.float64(0.7195), np.float64(0.7395), np.float64(0.7695), np.float64(0.7894)]"
0.5,0.72,0.22,9,2,0.90359,0.44591,0.90252,"[np.float64(0.4996), np.float64(0.5296), np.float64(0.5596), np.float64(0.5796), np.float64(0.6096), np.float64(0.6396), np.float64(0.6595), np.float64(0.6895), np.float64(0.7195)]"
0.44,0.77,0.33,18,2,0.90358,0.44595,0.90251,"[np.float64(0.4396), np.float64(0.4596), np.float64(0.4796), np.float64(0.4996), np.float64(0.5196), np.float64(0.5396), np.float64(0.5596), np.float64(0.5796), np.float64(0.5996), np.float64(0.6096), np.float64(0.6296), np.float64(0.6495), np.float64(0.6695), np.float64(0.6895), np.float64(0.7095), np.float64(0.7295), np.float64(0.7495), np.float64(0.7695)]"
0.48,0.79,0.31,17,2,0.90349,0.44615,0.90244,"[np.float64(0.4796), np.float64(0.4996), np.float64(0.5196), np.float64(0.5396), np.float64(0.5596), np.float64(0.5796), np.float64(0.5996), np.float64(0.6196), np.float64(0.6396), np.float64(0.6495), np.float64(0.6695), np.float64(0.6895), np.float64(0.7095), np.float64(0.7295), np.float64(0.7495), np.float64(0.7695), np.float64(0.7894)]"
0.52,0.8,0.28,19,3,0.90344,0.44626,0.9024,"[np.float64(0.5196), np.float64(0.5396), np.float64(0.5496), np.float64(0.5696), np.float64(0.5796), np.float64(0.5996), np.float64(0.6096), np.float64(0.6296), np.float64(0.6396), np.float64(0.6595), np.float64(0.6795), np.float64(0.6895), np.float64(0.7095), np.float64(0.7195), np.float64(0.7395), np.float64(0.7495), np.float64(0.7695), np.float64(0.7795), np.float64(0.7994)]"
0.46,0.77,0.31,6,2,0.90343,0.44629,0.90239,"[np.float64(0.4596), np.float64(0.5196), np.float64(0.5796), np.float64(0.6495), np.float64(0.7095), np.float64(0.7695)]"
0.48,0.73,0.25,12,2,0.9034,0.44637,0.90236,"[np.float64(0.4796), np.float64(0.4996), np.float64(0.5296), np.float64(0.5496), np.float64(0.5696), np.float64(0.5896), np.float64(0.6196), np.float64(0.6396), np.float64(0.6595), np.float64(0.6795), np.float64(0.7095), np.float64(0.7295)]"
0.5,0.79,0.29,15,3,0.90334,0.4465,0.90231,"[np.float64(0.4996), np.float64(0.5196), np.float64(0.5396), np.float64(0.5596), np.float64(0.5796), np.float64(0.5996), np.float64(0.6196), np.float64(0.6495), np.float64(0.6695), np.float64(0.6895), np.float64(0.7095), np.float64(0.7295), np.float64(0.7495), np.float64(0.7695), np.float64(0.7894)]"
0.44,0.77,0.33,16,2,0.90333,0.44652,0.90231,"[np.float64(0.4396), np.float64(0.4596), np.float64(0.4796), np.float64(0.5096), np.float64(0.5296), np.float64(0.5496), np.float64(0.5696), np.float64(0.5896), np.float64(0.6196), np.float64(0.6396), np.float64(0.6595), np.float64(0.6795), np.float64(0.6995), np.float64(0.7295), np.float64(0.7495), np.float64(0.7695)]"
0.46,0.78,0.32,10,2,0.90331,0.44656,0.90229,"[np.float64(0.4596), np.float64(0.4996), np.float64(0.5296), np.float64(0.5696), np.float64(0.5996), np.float64(0.6396), np.float64(0.6695), np.float64(0.7095), np.float64(0.7395), np.float64(0.7795)]"
0.54,0.79,0.25,10,3,0.90328,0.44663,0.90227,"[np.float64(0.5396), np.float64(0.5696), np.float64(0.5996), np.float64(0.6196), np.float64(0.6495), np.float64(0.6795), np.float64(0.7095), np.float64(0.7295), np.float64(0.7595), np.float64(0.7894)]"
0.46,0.74,0.28,4,2,0.90326,0.44667,0.90225,"[np.float64(0.4596), np.float64(0.5496), np.float64(0.6495), np.float64(0.7395)]"
0.48,0.77,0.29,5,2,0.90324,0.44674,0.90223,"[np.float64(0.4796), np.float64(0.5496), np.float64(0.6196), np.float64(0.6995), np.float64(0.7695)]"
0.5,0.72,0.22,11,2,0.90323,0.44676,0.90222,"[np.float64(0.4996), np.float64(0.5196), np.float64(0.5396), np.float64(0.5696), np.float64(0.5896), np.float64(0.6096), np.float64(0.6296), np.float64(0.6495), np.float64(0.6795), np.float64(0.6995), np.float64(0.7195)]"
0.52,0.8,0.28,17,3,0.90322,0.44678,0.90222,"[np.float64(0.5196), np.float64(0.5396), np.float64(0.5596), np.float64(0.5696), np.float64(0.5896), np.float64(0.6096), np.float64(0.6196), np.float64(0.6396), np.float64(0.6595), np.float64(0.6795), np.float64(0.6995), np.float64(0.7095), np.float64(0.7295), np.float64(0.7495), np.float64(0.7595), np.float64(0.7795), np.float64(0.7994)]"
0.52,0.72,0.2,10,2,0.90322,0.44678,0.90222,"[np.float64(0.5196), np.float64(0.5396), np.float64(0.5596), np.float64(0.5896), np.float64(0.6096), np.float64(0.6296), np.float64(0.6495), np.float64(0.6795), np.float64(0.6995), np.float64(0.7195)]"
0.58,0.8,0.22,7,3,0.90316,0.44691,0.90217,"[np.float64(0.5796), np.float64(0.6196), np.float64(0.6495), np.float64(0.6895), np.float64(0.7295), np.float64(0.7595), np.float64(0.7994)]"
0.54,0.8,0.26,6,3,0.90316,0.44692,0.90217,"[np.float64(0.5396), np.float64(0.5896), np.float64(0.6396), np.float64(0.6995), np.float64(0.7495), np.float64(0.7994)]"
0.48,0.73,0.25,18,2,0.90303,0.44721,0.90207,"[np.float64(0.4796), np.float64(0.4896), np.float64(0.5096), np.float64(0.5196), np.float64(0.5396), np.float64(0.5496), np.float64(0.5696), np.float64(0.5796), np.float64(0.5996), np.float64(0.6096), np.float64(0.6296), np.float64(0.6396), np.float64(0.6595), np.float64(0.6695), np.float64(0.6895), np.float64(0.6995), np.float64(0.7195), np.float64(0.7295)]"
0.42,0.75,0.33,12,3,0.903,0.44729,0.90204,"[np.float64(0.4196), np.float64(0.4496), np.float64(0.4796), np.float64(0.5096), np.float64(0.5396), np.float64(0.5696), np.float64(0.5996), np.float64(0.6296), np.float64(0.6595), np.float64(0.6895), np.float64(0.7195), np.float64(0.7495)]"
0.44,0.77,0.33,12,2,0.90299,0.44731,0.90203,"[np.float64(0.4396), np.float64(0.4696), np.float64(0.4996), np.float64(0.5296), np.float64(0.5596), np.float64(0.5896), np.float64(0.6196), np.float64(0.6495), np.float64(0.6795), np.float64(0.7095), np.float64(0.7395), np.float64(0.7695)]"
0.56,0.8,0.24,5,3,0.90297,0.44736,0.90202,"[np.float64(0.5596), np.float64(0.6196), np.float64(0.6795), np.float64(0.7395), np.float64(0.7994)]"
0.6,0.8,0.2,6,2,0.90294,0.44741,0.902,"[np.float64(0.5996), np.float64(0.6396), np.float64(0.6795), np.float64(0.7195), np.float64(0.7595), np.float64(0.7994)]"
0.58,0.79,0.21,4,3,0.90293,0.44744,0.90199,"[np.float64(0.5796), np.float64(0.6495), np.float64(0.7195), np.float64(0.7894)]"
0.44,0.78,0.34,18,2,0.90289,0.44753,0.90196,"[np.float64(0.4396), np.float64(0.4596), np.float64(0.4796), np.float64(0.4996), np.float64(0.5196), np.float64(0.5396), np.float64(0.5596), np.float64(0.5796), np.float64(0.5996), np.float64(0.6196), np.float64(0.6396), np.float64(0.6595), np.float64(0.6795), np.float64(0.6995), np.float64(0.7195), np.float64(0.7395), np.float64(0.7595), np.float64(0.7795)]"
0.52,0.8,0.28,16,3,0.90288,0.44755,0.90195,"[np.float64(0.5196), np.float64(0.5396), np.float64(0.5596), np.float64(0.5796), np.float64(0.5896), np.float64(0.6096), np.float64(0.6296), np.float64(0.6495), np.float64(0.6695), np.float64(0.6895), np.float64(0.7095), np.float64(0.7295), np.float64(0.7395), np.float64(0.7595), np.float64(0.7795), np.float64(0.7994)]"
0.46,0.78,0.32,11,2,0.90285,0.44763,0.90192,"[np.float64(0.4596), np.float64(0.4896), np.float64(0.5196), np.float64(0.5596), np.float64(0.5896), np.float64(0.6196), np.float64(0.6495), np.float64(0.6795), np.float64(0.7195), np.float64(0.7495), np.float64(0.7795)]"
0.52,0.8,0.28,12,3,0.90284,0.44766,0.90191,"[np.float64(0.5196), np.float64(0.5496), np.float64(0.5696), np.float64(0.5996), np.float64(0.6196), np.float64(0.6495), np.float64(0.6695), np.float64(0.6995), np.float64(0.7195), np.float64(0.7495), np.float64(0.7695), np.float64(0.7994)]"
0.52,0.8,0.28,18,3,0.90284,0.44765,0.90191,"[np.float64(0.5196), np.float64(0.5396), np.float64(0.5496), np.float64(0.5696), np.float64(0.5896), np.float64(0.5996), np.float64(0.6196), np.float64(0.6396), np.float64(0.6495), np.float64(0.6695), np.float64(0.6795), np.float64(0.6995), np.float64(0.7195), np.float64(0.7295), np.float64(0.7495), np.float64(0.7695), np.float64(0.7795), np.float64(0.7994)]"
0.42,0.74,0.32,5,3,0.90282,0.44771,0.90189,"[np.float64(0.4196), np.float64(0.4996), np.float64(0.5796), np.float64(0.6595), np.float64(0.7395)]"
0.46,0.75,0.29,4,2,0.90275,0.44786,0.90184,"[np.float64(0.4596), np.float64(0.5596), np.float64(0.6495), np.float64(0.7495)]"
0.44,0.78,0.34,14,2,0.90274,0.44789,0.90183,"[np.float64(0.4396), np.float64(0.4696), np.float64(0.4896), np.float64(0.5196), np.float64(0.5396), np.float64(0.5696), np.float64(0.5996), np.float64(0.6196), np.float64(0.6495), np.float64(0.6795), np.float64(0.6995), np.float64(0.7295), np.float64(0.7495), np.float64(0.7795)]"
0.52,0.79,0.27,14,2,0.90274,0.44789,0.90183,"[np.float64(0.5196), np.float64(0.5396), np.float64(0.5596), np.float64(0.5796), np.float64(0.5996), np.float64(0.6196), np.float64(0.6396), np.float64(0.6695), np.float64(0.6895), np.float64(0.7095), np.float64(0.7295), np.float64(0.7495), np.float64(0.7695), np.float64(0.7894)]"
0.5,0.78,0.28,7,2,0.90266,0.44806,0.90177,"[np.float64(0.4996), np.float64(0.5496), np.float64(0.5896), np.float64(0.6396), np.float64(0.6895), np.float64(0.7295), np.float64(0.7795)]"
0.48,0.73,0.25,19,2,0.90265,0.4481,0.90176,"[np.float64(0.4796), np.float64(0.4896), np.float64(0.5096), np.float64(0.5196), np.float64(0.5396), np.float64(0.5496), np.float64(0.5596), np.float64(0.5796), np.float64(0.5896), np.float64(0.5996), np.float64(0.6196), np.float64(0.6296), np.float64(0.6495), np.float64(0.6595), np.float64(0.6695), np.float64(0.6895), np.float64(0.6995), np.float64(0.7195), np.float64(0.7295)]"
0.44,0.77,0.33,10,2,0.90264,0.44812,0.90175,"[np.float64(0.4396), np.float64(0.4796), np.float64(0.5096), np.float64(0.5496), np.float64(0.5896), np.float64(0.6196), np.float64(0.6595), np.float64(0.6995), np.float64(0.7295), np.float64(0.7695)]"
0.48,0.79,0.31,16,2,0.90263,0.44813,0.90175,"[np.float64(0.4796), np.float64(0.4996), np.float64(0.5196), np.float64(0.5396), np.float64(0.5596), np.float64(0.5796), np.float64(0.5996), np.float64(0.6196), np.float64(0.6495), np.float64(0.6695), np.float64(0.6895), np.float64(0.7095), np.float64(0.7295), np.float64(0.7495), np.float64(0.7695), np.float64(0.7894)]"
0.48,0.73,0.25,14,2,0.90261,0.44817,0.90173,"[np.float64(0.4796), np.float64(0.4996), np.float64(0.5196), np.float64(0.5396), np.float64(0.5596), np.float64(0.5796), np.float64(0.5996), np.float64(0.6096), np.float64(0.6296), np.float64(0.6495), np.float64(0.6695), np.float64(0.6895), np.float64(0.7095), np.float64(0.7295)]"
0.48,0.73,0.25,15,2,0.90261,0.44818,0.90173,"[np.float64(0.4796), np.float64(0.4996), np.float64(0.5196), np.float64(0.5296), np.float64(0.5496), np.float64(0.5696), np.float64(0.5896), np.float64(0.5996), np.float64(0.6196), np.float64(0.6396), np.float64(0.6595), np.float64(0.6795), np.float64(0.6895), np.float64(0.7095), np.float64(0.7295)]"
0.5,0.72,0.22,12,2,0.90261,0.44819,0.90172,"[np.float64(0.4996), np.float64(0.5196), np.float64(0.5396), np.float64(0.5596), np.float64(0.5796), np.float64(0.5996), np.float64(0.6196), np.float64(0.6396), np.float64(0.6595), np.float64(0.6795), np.float64(0.6995), np.float64(0.7195)]"
0.46,0.79,0.33,19,2,0.9026,0.44821,0.90172,"[np.float64(0.4596), np.float64(0.4796), np.float64(0.4996), np.float64(0.5196), np.float64(0.5296), np.float64(0.5496), np.float64(0.5696), np.float64(0.5896), np.float64(0.6096), np.float64(0.6196), np.float64(0.6396), np.float64(0.6595), np.float64(0.6795), np.float64(0.6995), np.float64(0.7195), np.float64(0.7395), np.float64(0.7495), np.float64(0.7695), np.float64(0.7894)]"
0.52,0.79,0.27,13,2,0.90258,0.44826,0.9017,"[np.float64(0.5196), np.float64(0.5396), np.float64(0.5596), np.float64(0.5896), np.float64(0.6096), np.float64(0.6296), np.float64(0.6595), np.float64(0.6795), np.float64(0.6995), np.float64(0.7195), np.float64(0.7395), np.float64(0.7695), np.float64(0.7894)]"
0.48,0.73,0.25,16,2,0.90256,0.4483,0.90168,"[np.float64(0.4796), np.float64(0.4996), np.float64(0.5096), np.float64(0.5296), np.float64(0.5496), np.float64(0.5596), np.float64(0.5796), np.float64(0.5996), np.float64(0.6096), np.float64(0.6296), np.float64(0.6495), np.float64(0.6595), np.float64(0.6795), np.float64(0.6995), np.float64(0.7095), np.float64(0.7295)]"
0.52,0.78,0.26,7,2,0.90253,0.44836,0.90167,"[np.float64(0.5196), np.float64(0.5596), np.float64(0.6096), np.float64(0.6495), np.float64(0.6895), np.float64(0.7395), np.float64(0.7795)]"
0.54,0.79,0.25,9,3,0.90253,0.44837,0.90166,"[np.float64(0.5396), np.float64(0.5696), np.float64(0.5996), np.float64(0.6296), np.float64(0.6595), np.float64(0.6995), np.float64(0.7295), np.float64(0.7595), np.float64(0.7894)]"
0.52,0.72,0.2,11,2,0.90246,0.44853,0.90161,"[np.float64(0.5196), np.float64(0.5396), np.float64(0.5596), np.float64(0.5796), np.float64(0.5996), np.float64(0.6196), np.float64(0.6396), np.float64(0.6595), np.float64(0.6795), np.float64(0.6995), np.float64(0.7195)]"
0.46,0.75,0.29,3,2,0.90246,0.44854,0.9016,"[np.float64(0.4596), np.float64(0.5996), np.float64(0.7495)]"
0.52,0.8,0.28,15,3,0.90241,0.44864,0.90157,"[np.float64(0.5196), np.float64(0.5396), np.float64(0.5596), np.float64(0.5796), np.float64(0.5996), np.float64(0.6196), np.float64(0.6396), np.float64(0.6595), np.float64(0.6795), np.float64(0.6995), np.float64(0.7195), np.float64(0.7395), np.float64(0.7595), np.float64(0.7795), np.float64(0.7994)]"
0.52,0.8,0.28,11,3,0.9024,0.44866,0.90156,"[np.float64(0.5196), np.float64(0.5496), np.float64(0.5796), np.float64(0.5996), np.float64(0.6296), np.float64(0.6595), np.float64(0.6895), np.float64(0.7195), np.float64(0.7395), np.float64(0.7695), np.float64(0.7994)]"
0.44,0.76,0.32,6,3,0.9024,0.44866,0.90156,"[np.float64(0.4396), np.float64(0.4996), np.float64(0.5696), np.float64(0.6296), np.float64(0.6995), np.float64(0.7595)]"
0.46,0.79,0.33,20,2,0.9024,0.44866,0.90156,"[np.float64(0.4596), np.float64(0.4796), np.float64(0.4896), np.float64(0.5096), np.float64(0.5296), np.float64(0.5496), np.float64(0.5596), np.float64(0.5796), np.float64(0.5996), np.float64(0.6196), np.float64(0.6296), np.float64(0.6495), np.float64(0.6695), np.float64(0.6895), np.float64(0.6995), np.float64(0.7195), np.float64(0.7395), np.float64(0.7595), np.float64(0.7695), np.float64(0.7894)]"
0.58,0.78,0.2,4,3,0.90238,0.44872,0.90154,"[np.float64(0.5796), np.float64(0.6495), np.float64(0.7095), np.float64(0.7795)]"
0.54,0.79,0.25,8,3,0.90235,0.44878,0.90152,"[np.float64(0.5396), np.float64(0.5796), np.float64(0.6096), np.float64(0.6495), np.float64(0.6795), np.float64(0.7195), np.float64(0.7495), np.float64(0.7894)]"
0.46,0.76,0.3,5,2,0.90234,0.44879,0.90151,"[np.float64(0.4596), np.float64(0.5396), np.float64(0.6096), np.float64(0.6795), np.float64(0.7595)]"
0.48,0.73,0.25,17,2,0.9023,0.44889,0.90148,"[np.float64(0.4796), np.float64(0.4996), np.float64(0.5096), np.float64(0.5296), np.float64(0.5396), np.float64(0.5596), np.float64(0.5696), np.float64(0.5896), np.float64(0.5996), np.float64(0.6196), np.float64(0.6396), np.float64(0.6495), np.float64(0.6695), np.float64(0.6795), np.float64(0.6995), np.float64(0.7095), np.float64(0.7295)]"
0.48,0.73,0.25,20,2,0.9023,0.4489,0.90148,"[np.float64(0.4796), np.float64(0.4896), np.float64(0.5096), np.float64(0.5196), np.float64(0.5296), np.float64(0.5496), np.float64(0.5596), np.float64(0.5696), np.float64(0.5896), np.float64(0.5996), np.float64(0.6096), np.float64(0.6196), np.float64(0.6396), np.float64(0.6495), np.float64(0.6595), np.float64(0.6795), np.float64(0.6895), np.float64(0.6995), np.float64(0.7195), np.float64(0.7295)]"
0.52,0.8,0.28,20,3,0.90228,0.44893,0.90146,"[np.float64(0.5196), np.float64(0.5296), np.float64(0.5496), np.float64(0.5596), np.float64(0.5796), np.float64(0.5896), np.float64(0.6096), np.float64(0.6196), np.float64(0.6396), np.float64(0.6495), np.float64(0.6695), np.float64(0.6795), np.float64(0.6995), np.float64(0.7095), np.float64(0.7295), np.float64(0.7395), np.float64(0.7595), np.float64(0.7695), np.float64(0.7894), np.float64(0.7994)]"
0.44,0.77,0.33,9,2,0.90226,0.44899,0.90145,"[np.float64(0.4396), np.float64(0.4796), np.float64(0.5196), np.float64(0.5596), np.float64(0.5996), np.float64(0.6495), np.float64(0.6895), np.float64(0.7295), np.float64(0.7695)]"
0.54,0.78,0.24,6,2,0.90223,0.44906,0.90142,"[np.float64(0.5396), np.float64(0.5896), np.float64(0.6396), np.float64(0.6795), np.float64(0.7295), np.float64(0.7795)]"
0.5,0.72,0.22,16,2,0.90221,0.44909,0.90141,"[np.float64(0.4996), np.float64(0.5096), np.float64(0.5296), np.float64(0.5396), np.float64(0.5596), np.float64(0.5696), np.float64(0.5896), np.float64(0.5996), np.float64(0.6196), np.float64(0.6296), np.float64(0.6495), np.float64(0.6595), np.float64(0.6795), np.float64(0.6895), np.float64(0.7095), np.float64(0.7195)]"
0.52,0.8,0.28,10,3,0.90212,0.44931,0.90133,"[np.float64(0.5196), np.float64(0.5496), np.float64(0.5796), np.float64(0.6096), np.float64(0.6396), np.float64(0.6795), np.float64(0.7095), np.float64(0.7395), np.float64(0.7695), np.float64(0.7994)]"
0.48,0.73,0.25,11,2,0.9021,0.44935,0.90132,"[np.float64(0.4796), np.float64(0.4996), np.float64(0.5296), np.float64(0.5596), np.float64(0.5796), np.float64(0.5996), np.float64(0.6296), np.float64(0.6595), np.float64(0.6795), np.float64(0.6995), np.float64(0.7295)]"
0.5,0.72,0.22,13,2,0.90208,0.44939,0.9013,"[np.float64(0.4996), np.float64(0.5196), np.float64(0.5396), np.float64(0.5596), np.float64(0.5696), np.float64(0.5896), np.float64(0.6096), np.float64(0.6296), np.float64(0.6495), np.float64(0.6595), np.float64(0.6795), np.float64(0.6995), np.float64(0.7195)]"
0.52,0.77,0.25,4,2,0.90208,0.44941,0.9013,"[np.float64(0.5196), np.float64(0.5996), np.float64(0.6895), np.float64(0.7695)]"
0.44,0.78,0.34,13,2,0.90208,0.44939,0.9013,"[np.float64(0.4396), np.float64(0.4696), np.float64(0.4996), np.float64(0.5196), np.float64(0.5496), np.float64(0.5796), np.float64(0.6096), np.float64(0.6396), np.float64(0.6695), np.float64(0.6995), np.float64(0.7195), np.float64(0.7495), np.float64(0.7795)]"
0.52,0.72,0.2,15,2,0.90205,0.44948,0.90127,"[np.float64(0.5196), np.float64(0.5296), np.float64(0.5496), np.float64(0.5596), np.float64(0.5796), np.float64(0.5896), np.float64(0.6096), np.float64(0.6196), np.float64(0.6296), np.float64(0.6495), np.float64(0.6595), np.float64(0.6795), np.float64(0.6895), np.float64(0.7095), np.float64(0.7195)]"
0.52,0.8,0.28,14,3,0.90197,0.44966,0.90121,"[np.float64(0.5196), np.float64(0.5396), np.float64(0.5596), np.float64(0.5796), np.float64(0.6096), np.float64(0.6296), np.float64(0.6495), np.float64(0.6695), np.float64(0.6895), np.float64(0.7095), np.float64(0.7395), np.float64(0.7595), np.float64(0.7795), np.float64(0.7994)]"
0.5,0.72,0.22,17,2,0.90196,0.44969,0.9012,"[np.float64(0.4996), np.float64(0.5096), np.float64(0.5296), np.float64(0.5396), np.float64(0.5596), np.float64(0.5696), np.float64(0.5796), np.float64(0.5996), np.float64(0.6096), np.float64(0.6196), np.float64(0.6396), np.float64(0.6495), np.float64(0.6595), np.float64(0.6795), np.float64(0.6895), np.float64(0.7095), np.float64(0.7195)]"
0.44,0.78,0.34,17,2,0.90183,0.44997,0.9011,"[np.float64(0.4396), np.float64(0.4596), np.float64(0.4796), np.float64(0.4996), np.float64(0.5196), np.float64(0.5496), np.float64(0.5696), np.float64(0.5896), np.float64(0.6096), np.float64(0.6296), np.float64(0.6495), np.float64(0.6695), np.float64(0.6995), np.float64(0.7195), np.float64(0.7395), np.float64(0.7595), np.float64(0.7795)]"
0.58,0.8,0.22,5,3,0.90181,0.45002,0.90108,"[np.float64(0.5796), np.float64(0.6396), np.float64(0.6895), np.float64(0.7395), np.float64(0.7994)]"
0.5,0.71,0.21,4,2,0.90181,0.45002,0.90108,"[np.float64(0.4996), np.float64(0.5696), np.float64(0.6396), np.float64(0.7095)]"
0.52,0.72,0.2,17,2,0.90177,0.4501,0.90106,"[np.float64(0.5196), np.float64(0.5296), np.float64(0.5396), np.float64(0.5596), np.float64(0.5696), np.float64(0.5796), np.float64(0.5996), np.float64(0.6096), np.float64(0.6196), np.float64(0.6296), np.float64(0.6396), np.float64(0.6595), np.float64(0.6695), np.float64(0.6795), np.float64(0.6995), np.float64(0.7095), np.float64(0.7195)]"
0.5,0.72,0.22,19,2,0.90176,0.45013,0.90105,"[np.float64(0.4996), np.float64(0.5096), np.float64(0.5196), np.float64(0.5396), np.float64(0.5496), np.float64(0.5596), np.float64(0.5696), np.float64(0.5896), np.float64(0.5996), np.float64(0.6096), np.float64(0.6196), np.float64(0.6296), np.float64(0.6495), np.float64(0.6595), np.float64(0.6695), np.float64(0.6795), np.float64(0.6995), np.float64(0.7095), np.float64(0.7195)]"
0.5,0.72,0.22,14,2,0.90174,0.45019,0.90103,"[np.float64(0.4996), np.float64(0.5196), np.float64(0.5296), np.float64(0.5496), np.float64(0.5696), np.float64(0.5796), np.float64(0.5996), np.float64(0.6196), np.float64(0.6396), np.float64(0.6495), np.float64(0.6695), np.float64(0.6895), np.float64(0.6995), np.float64(0.7195)]"
0.54,0.79,0.25,7,3,0.90174,0.45018,0.90103,"[np.float64(0.5396), np.float64(0.5796), np.float64(0.6196), np.float64(0.6595), np.float64(0.7095), np.float64(0.7495), np.float64(0.7894)]"
0.48,0.79,0.31,13,2,0.90174,0.45017,0.90103,"[np.float64(0.4796), np.float64(0.5096), np.float64(0.5296), np.float64(0.5596), np.float64(0.5796), np.float64(0.6096), np.float64(0.6396), np.float64(0.6595), np.float64(0.6895), np.float64(0.7095), np.float64(0.7395), np.float64(0.7595), np.float64(0.7894)]"
0.56,0.79,0.23,5,3,0.90165,0.45039,0.90096,"[np.float64(0.5596), np.float64(0.6196), np.float64(0.6795), np.float64(0.7295), np.float64(0.7894)]"
0.46,0.74,0.28,10,2,0.90163,0.45043,0.90094,"[np.float64(0.4596), np.float64(0.4896), np.float64(0.5196), np.float64(0.5496), np.float64(0.5796), np.float64(0.6196), np.float64(0.6495), np.float64(0.6795), np.float64(0.7095), np.float64(0.7395)]"
0.5,0.72,0.22,20,2,0.90162,0.45044,0.90094,"[np.float64(0.4996), np.float64(0.5096), np.float64(0.5196), np.float64(0.5296), np.float64(0.5496), np.float64(0.5596), np.float64(0.5696), np.float64(0.5796), np.float64(0.5896), np.float64(0.5996), np.float64(0.6196), np.float64(0.6296), np.float64(0.6396), np.float64(0.6495), np.float64(0.6595), np.float64(0.6695), np.float64(0.6895), np.float64(0.6995), np.float64(0.7095), np.float64(0.7195)]"
0.44,0.78,0.34,16,2,0.90161,0.45047,0.90093,"[np.float64(0.4396), np.float64(0.4596), np.float64(0.4896), np.float64(0.5096), np.float64(0.5296), np.float64(0.5496), np.float64(0.5796), np.float64(0.5996), np.float64(0.6196), np.float64(0.6396), np.float64(0.6695), np.float64(0.6895), np.float64(0.7095), np.float64(0.7295), np.float64(0.7595), np.float64(0.7795)]"
0.5,0.76,0.26,3,2,0.90161,0.45048,0.90092,"[np.float64(0.4996), np.float64(0.6296), np.float64(0.7595)]"
0.58,0.78,0.2,3,3,0.90158,0.45056,0.9009,"[np.float64(0.5796), np.float64(0.6795), np.float64(0.7795)]"
0.44,0.76,0.32,19,2,0.90155,0.4506,0.90088,"[np.float64(0.4396), np.float64(0.4596), np.float64(0.4796), np.float64(0.4896), np.float64(0.5096), np.float64(0.5296), np.float64(0.5496), np.float64(0.5596), np.float64(0.5796), np.float64(0.5996), np.float64(0.6196), np.float64(0.6396), np.float64(0.6495), np.float64(0.6695), np.float64(0.6895), np.float64(0.7095), np.float64(0.7195), np.float64(0.7395), np.float64(0.7595)]"
0.52,0.79,0.27,11,3,0.90155,0.45062,0.90087,"[np.float64(0.5196), np.float64(0.5496), np.float64(0.5696), np.float64(0.5996), np.float64(0.6296), np.float64(0.6595), np.float64(0.6795), np.float64(0.7095), np.float64(0.7395), np.float64(0.7595), np.float64(0.7894)]"
0.44,0.76,0.32,20,2,0.90153,0.45065,0.90086,"[np.float64(0.4396), np.float64(0.4596), np.float64(0.4696), np.float64(0.4896), np.float64(0.5096), np.float64(0.5196), np.float64(0.5396), np.float64(0.5596), np.float64(0.5696), np.float64(0.5896), np.float64(0.6096), np.float64(0.6296), np.float64(0.6396), np.float64(0.6595), np.float64(0.6795), np.float64(0.6895), np.float64(0.7095), np.float64(0.7295), np.float64(0.7395), np.float64(0.7595)]"
0.52,0.8,0.28,9,3,0.90151,0.4507,0.90084,"[np.float64(0.5196), np.float64(0.5596), np.float64(0.5896), np.float64(0.6196), np.float64(0.6595), np.float64(0.6995), np.float64(0.7295), np.float64(0.7595), np.float64(0.7994)]"
0.54,0.8,0.26,5,3,0.90147,0.45081,0.90081,"[np.float64(0.5396), np.float64(0.5996), np.float64(0.6695), np.float64(0.7395), np.float64(0.7994)]"
0.44,0.77,0.33,8,2,0.90143,0.45089,0.90078,"[np.float64(0.4396), np.float64(0.4896), np.float64(0.5296), np.float64(0.5796), np.float64(0.6296), np.float64(0.6795), np.float64(0.7195), np.float64(0.7695)]"
0.44,0.75,0.31,11,3,0.9014,0.45097,0.90075,"[np.float64(0.4396), np.float64(0.4696), np.float64(0.4996), np.float64(0.5296), np.float64(0.5596), np.float64(0.5996), np.float64(0.6296), np.float64(0.6595), np.float64(0.6895), np.float64(0.7195), np.float64(0.7495)]"
0.44,0.77,0.33,11,2,0.90138,0.451,0.90074,"[np.float64(0.4396), np.float64(0.4696), np.float64(0.5096), np.float64(0.5396), np.float64(0.5696), np.float64(0.5996), np.float64(0.6396), np.float64(0.6695), np.float64(0.6995), np.float64(0.7395), np.float64(0.7695)]"
0.52,0.8,0.28,13,3,0.90137,0.45103,0.90073,"[np.float64(0.5196), np.float64(0.5396), np.float64(0.5696), np.float64(0.5896), np.float64(0.6096), np.float64(0.6396), np.float64(0.6595), np.float64(0.6795), np.float64(0.7095), np.float64(0.7295), np.float64(0.7495), np.float64(0.7795), np.float64(0.7994)]"
0.46,0.74,0.28,7,2,0.90136,0.45104,0.90073,"[np.float64(0.4596), np.float64(0.5096), np.float64(0.5496), np.float64(0.5996), np.float64(0.6495), np.float64(0.6895), np.float64(0.7395)]"
0.58,0.79,0.21,3,3,0.90134,0.4511,0.90071,"[np.float64(0.5796), np.float64(0.6795), np.float64(0.7894)]"
0.5,0.72,0.22,18,2,0.90135,0.45108,0.90071,"[np.float64(0.4996), np.float64(0.5096), np.float64(0.5296), np.float64(0.5396), np.float64(0.5496), np.float64(0.5596), np.float64(0.5796), np.float64(0.5896), np.float64(0.5996), np.float64(0.6196), np.float64(0.6296), np.float64(0.6396), np.float64(0.6595), np.float64(0.6695), np.float64(0.6795), np.float64(0.6895), np.float64(0.7095), np.float64(0.7195)]"
0.44,0.76,0.32,18,2,0.90134,0.4511,0.90071,"[np.float64(0.4396), np.float64(0.4596), np.float64(0.4796), np.float64(0.4996), np.float64(0.5196), np.float64(0.5296), np.float64(0.5496), np.float64(0.5696), np.float64(0.5896), np.float64(0.6096), np.float64(0.6296), np.float64(0.6495), np.float64(0.6695), np.float64(0.6795), np.float64(0.6995), np.float64(0.7195), np.float64(0.7395), np.float64(0.7595)]"
0.48,0.78,0.3,8,2,0.90133,0.45113,0.9007,"[np.float64(0.4796), np.float64(0.5196), np.float64(0.5696), np.float64(0.6096), np.float64(0.6495), np.float64(0.6895), np.float64(0.7395), np.float64(0.7795)]"
0.46,0.79,0.33,18,2,0.90132,0.45114,0.90069,"[np.float64(0.4596), np.float64(0.4796), np.float64(0.4996), np.float64(0.5196), np.float64(0.5396), np.float64(0.5596), np.float64(0.5796), np.float64(0.5996), np.float64(0.6196), np.float64(0.6296), np.float64(0.6495), np.float64(0.6695), np.float64(0.6895), np.float64(0.7095), np.float64(0.7295), np.float64(0.7495), np.float64(0.7695), np.float64(0.7894)]"
0.52,0.72,0.2,16,2,0.9013,0.45118,0.90068,"[np.float64(0.5196), np.float64(0.5296), np.float64(0.5496), np.float64(0.5596), np.float64(0.5696), np.float64(0.5896), np.float64(0.5996), np.float64(0.6096), np.float64(0.6296), np.float64(0.6396), np.float64(0.6495), np.float64(0.6695), np.float64(0.6795), np.float64(0.6895), np.float64(0.7095), np.float64(0.7195)]"
0.5,0.79,0.29,12,3,0.9013,0.45119,0.90067,"[np.float64(0.4996), np.float64(0.5296), np.float64(0.5496), np.float64(0.5796), np.float64(0.6096), np.float64(0.6296), np.float64(0.6595), np.float64(0.6795), np.float64(0.7095), np.float64(0.7395), np.float64(0.7595), np.float64(0.7894)]"
0.5,0.72,0.22,15,2,0.90125,0.45129,0.90064,"[np.float64(0.4996), np.float64(0.5196), np.float64(0.5296), np.float64(0.5496), np.float64(0.5596), np.float64(0.5796), np.float64(0.5896), np.float64(0.6096), np.float64(0.6296), np.float64(0.6396), np.float64(0.6595), np.float64(0.6695), np.float64(0.6895), np.float64(0.6995), np.float64(0.7195)]"
0.52,0.72,0.2,18,2,0.90124,0.45132,0.90063,"[np.float64(0.5196), np.float64(0.5296), np.float64(0.5396), np.float64(0.5596), np.float64(0.5696), np.float64(0.5796), np.float64(0.5896), np.float64(0.5996), np.float64(0.6096), np.float64(0.6296), np.float64(0.6396), np.float64(0.6495), np.float64(0.6595), np.float64(0.6695), np.float64(0.6795), np.float64(0.6995), np.float64(0.7095), np.float64(0.7195)]"
0.42,0.77,0.35,7,3,0.90121,0.45138,0.90061,"[np.float64(0.4196), np.float64(0.4796), np.float64(0.5396), np.float64(0.5996), np.float64(0.6495), np.float64(0.7095), np.float64(0.7695)]"
0.4,0.74,0.34,5,3,0.90122,0.45136,0.90061,"[np.float64(0.3996), np.float64(0.4796), np.float64(0.5696), np.float64(0.6595), np.float64(0.7395)]"
0.46,0.74,0.28,5,2,0.9012,0.45141,0.9006,"[np.float64(0.4596), np.float64(0.5296), np.float64(0.5996), np.float64(0.6695), np.float64(0.7395)]"
0.56,0.78,0.22,5,2,0.90118,0.45146,0.90058,"[np.float64(0.5596), np.float64(0.6196), np.float64(0.6695), np.float64(0.7195), np.float64(0.7795)]"
0.46,0.79,0.33,17,2,0.90115,0.45152,0.90056,"[np.float64(0.4596), np.float64(0.4796), np.float64(0.4996), np.float64(0.5196), np.float64(0.5396), np.float64(0.5596), np.float64(0.5796), np.float64(0.5996), np.float64(0.6196), np.float64(0.6495), np.float64(0.6695), np.float64(0.6895), np.float64(0.7095), np.float64(0.7295), np.float64(0.7495), np.float64(0.7695), np.float64(0.7894)]"
0.44,0.76,0.32,13,2,0.90116,0.45151,0.90056,"[np.float64(0.4396), np.float64(0.4696), np.float64(0.4896), np.float64(0.5196), np.float64(0.5496), np.float64(0.5696), np.float64(0.5996), np.float64(0.6296), np.float64(0.6495), np.float64(0.6795), np.float64(0.7095), np.float64(0.7295), np.float64(0.7595)]"
0.52,0.72,0.2,12,2,0.90116,0.4515,0.90056,"[np.float64(0.5196), np.float64(0.5396), np.float64(0.5596), np.float64(0.5696), np.float64(0.5896), np.float64(0.6096), np.float64(0.6296), np.float64(0.6495), np.float64(0.6695), np.float64(0.6795), np.float64(0.6995), np.float64(0.7195)]"
0.52,0.72,0.2,13,2,0.90114,0.45155,0.90055,"[np.float64(0.5196), np.float64(0.5396), np.float64(0.5496), np.float64(0.5696), np.float64(0.5896), np.float64(0.5996), np.float64(0.6196), np.float64(0.6396), np.float64(0.6495), np.float64(0.6695), np.float64(0.6895), np.float64(0.6995), np.float64(0.7195)]"
0.46,0.74,0.28,8,2,0.90113,0.45157,0.90054,"[np.float64(0.4596), np.float64(0.4996), np.float64(0.5396), np.float64(0.5796), np.float64(0.6196), np.float64(0.6595), np.float64(0.6995), np.float64(0.7395)]"
0.46,0.74,0.28,9,2,0.90113,0.45159,0.90053,"[np.float64(0.4596), np.float64(0.4996), np.float64(0.5296), np.float64(0.5596), np.float64(0.5996), np.float64(0.6396), np.float64(0.6695), np.float64(0.6995), np.float64(0.7395)]"
0.58,0.8,0.22,4,3,0.9011,0.45164,0.90052,"[np.float64(0.5796), np.float64(0.6495), np.float64(0.7295), np.float64(0.7994)]"
0.46,0.78,0.32,9,2,0.90104,0.45179,0.90046,"[np.float64(0.4596), np.float64(0.4996), np.float64(0.5396), np.float64(0.5796), np.float64(0.6196), np.float64(0.6595), np.float64(0.6995), np.float64(0.7395), np.float64(0.7795)]"
0.52,0.72,0.2,19,2,0.90103,0.45181,0.90046,"[np.float64(0.5196), np.float64(0.5296), np.float64(0.5396), np.float64(0.5496), np.float64(0.5596), np.float64(0.5796), np.float64(0.5896), np.float64(0.5996), np.float64(0.6096), np.float64(0.6196), np.float64(0.6296), np.float64(0.6396), np.float64(0.6495), np.float64(0.6595), np.float64(0.6795), np.float64(0.6895), np.float64(0.6995), np.float64(0.7095), np.float64(0.7195)]"
0.44,0.76,0.32,17,2,0.90095,0.45198,0.9004,"[np.float64(0.4396), np.float64(0.4596), np.float64(0.4796), np.float64(0.4996), np.float64(0.5196), np.float64(0.5396), np.float64(0.5596), np.float64(0.5796), np.float64(0.5996), np.float64(0.6196), np.float64(0.6396), np.float64(0.6595), np.float64(0.6795), np.float64(0.6995), np.float64(0.7195), np.float64(0.7395), np.float64(0.7595)]"
0.54,0.79,0.25,6,3,0.90093,0.45204,0.90037,"[np.float64(0.5396), np.float64(0.5896), np.float64(0.6396), np.float64(0.6895), np.float64(0.7395), np.float64(0.7894)]"
0.6,0.8,0.2,5,3,0.90076,0.45243,0.90024,"[np.float64(0.5996), np.float64(0.6495), np.float64(0.6995), np.float64(0.7495), np.float64(0.7994)]"
0.5,0.8,0.3,20,3,0.90074,0.45247,0.90022,"[np.float64(0.4996), np.float64(0.5196), np.float64(0.5296), np.float64(0.5496), np.float64(0.5596), np.float64(0.5796), np.float64(0.5896), np.float64(0.6096), np.float64(0.6296), np.float64(0.6396), np.float64(0.6595), np.float64(0.6695), np.float64(0.6895), np.float64(0.7095), np.float64(0.7195), np.float64(0.7395), np.float64(0.7495), np.float64(0.7695), np.float64(0.7795), np.float64(0.7994)]"
0.44,0.76,0.32,15,2,0.90072,0.45252,0.90021,"[np.float64(0.4396), np.float64(0.4596), np.float64(0.4896), np.float64(0.5096), np.float64(0.5296), np.float64(0.5496), np.float64(0.5796), np.float64(0.5996), np.float64(0.6196), np.float64(0.6495), np.float64(0.6695), np.float64(0.6895), np.float64(0.7095), np.float64(0.7395), np.float64(0.7595)]"
0.44,0.78,0.34,12,2,0.90071,0.45252,0.9002,"[np.float64(0.4396), np.float64(0.4696), np.float64(0.4996), np.float64(0.5296), np.float64(0.5596), np.float64(0.5896), np.float64(0.6296), np.float64(0.6595), np.float64(0.6895), np.float64(0.7195), np.float64(0.7495), np.float64(0.7795)]"
0.5,0.79,0.29,14,3,0.90069,0.45257,0.90019,"[np.float64(0.4996), np.float64(0.5196), np.float64(0.5396), np.float64(0.5696), np.float64(0.5896), np.float64(0.6096), np.float64(0.6296), np.float64(0.6595), np.float64(0.6795), np.float64(0.6995), np.float64(0.7195), np.float64(0.7495), np.float64(0.7695), np.float64(0.7894)]"
0.46,0.74,0.28,6,2,0.90069,0.45258,0.90018,"[np.float64(0.4596), np.float64(0.5196), np.float64(0.5696), np.float64(0.6296), np.float64(0.6795), np.float64(0.7395)]"
0.46,0.74,0.28,11,2,0.90068,0.4526,0.90018,"[np.float64(0.4596), np.float64(0.4896), np.float64(0.5196), np.float64(0.5396), np.float64(0.5696), np.float64(0.5996), np.float64(0.6296), np.float64(0.6595), np.float64(0.6795), np.float64(0.7095), np.float64(0.7395)]"
0.52,0.72,0.2,14,2,0.90066,0.45264,0.90016,"[np.float64(0.5196), np.float64(0.5396), np.float64(0.5496), np.float64(0.5696), np.float64(0.5796), np.float64(0.5996), np.float64(0.6096), np.float64(0.6296), np.float64(0.6396), np.float64(0.6595), np.float64(0.6695), np.float64(0.6895), np.float64(0.6995), np.float64(0.7195)]"
0.4,0.75,0.35,13,3,0.90063,0.45272,0.90013,"[np.float64(0.3996), np.float64(0.4296), np.float64(0.4596), np.float64(0.4896), np.float64(0.5196), np.float64(0.5496), np.float64(0.5796), np.float64(0.5996), np.float64(0.6296), np.float64(0.6595), np.float64(0.6895), np.float64(0.7195), np.float64(0.7495)]"
0.44,0.76,0.32,14,2,0.90058,0.45283,0.9001,"[np.float64(0.4396), np.float64(0.4596), np.float64(0.4896), np.float64(0.5096), np.float64(0.5396), np.float64(0.5596), np.float64(0.5896), np.float64(0.6096), np.float64(0.6396), np.float64(0.6595), np.float64(0.6895), np.float64(0.7095), np.float64(0.7395), np.float64(0.7595)]"
0.52,0.8,0.28,8,3,0.90057,0.45284,0.90009,"[np.float64(0.5196), np.float64(0.5596), np.float64(0.5996), np.float64(0.6396), np.float64(0.6795), np.float64(0.7195), np.float64(0.7595), np.float64(0.7994)]"
0.48,0.72,0.24,4,2,0.90056,0.45286,0.90008,"[np.float64(0.4796), np.float64(0.5596), np.float64(0.6396), np.float64(0.7195)]"
0.48,0.79,0.31,15,2,0.90054,0.45292,0.90007,"[np.float64(0.4796), np.float64(0.4996), np.float64(0.5196), np.float64(0.5496), np.float64(0.5696), np.float64(0.5896), np.float64(0.6096), np.float64(0.6396), np.float64(0.6595), np.float64(0.6795), np.float64(0.6995), np.float64(0.7195), np.float64(0.7495), np.float64(0.7695), np.float64(0.7894)]"
0.4,0.78,0.38,10,3,0.90055,0.4529,0.90007,"[np.float64(0.3996), np.float64(0.4396), np.float64(0.4796), np.float64(0.5296), np.float64(0.5696), np.float64(0.6096), np.float64(0.6495), np.float64(0.6995), np.float64(0.7395), np.float64(0.7795)]"
0.5,0.71,0.21,5,2,0.90047,0.45309,0.90001,"[np.float64(0.4996), np.float64(0.5496), np.float64(0.5996), np.float64(0.6595), np.float64(0.7095)]"
0.52,0.79,0.27,12,3,0.90038,0.45329,0.89993,"[np.float64(0.5196), np.float64(0.5396), np.float64(0.5696), np.float64(0.5896), np.float64(0.6196), np.float64(0.6396), np.float64(0.6695), np.float64(0.6895), np.float64(0.7195), np.float64(0.7395), np.float64(0.7695), np.float64(0.7894)]"
0.5,0.8,0.3,18,3,0.90037,0.4533,0.89993,"[np.float64(0.4996), np.float64(0.5196), np.float64(0.5396), np.float64(0.5496), np.float64(0.5696), np.float64(0.5896), np.float64(0.6096), np.float64(0.6196), np.float64(0.6396), np.float64(0.6595), np.float64(0.6795), np.float64(0.6895), np.float64(0.7095), np.float64(0.7295), np.float64(0.7495), np.float64(0.7595), np.float64(0.7795), np.float64(0.7994)]"
0.56,0.8,0.24,4,3,0.90034,0.45337,0.89991,"[np.float64(0.5596), np.float64(0.6396), np.float64(0.7195), np.float64(0.7994)]"
0.48,0.79,0.31,12,2,0.90022,0.45364,0.89981,"[np.float64(0.4796), np.float64(0.5096), np.float64(0.5396), np.float64(0.5596), np.float64(0.5896), np.float64(0.6196), np.float64(0.6495), np.float64(0.6795), np.float64(0.7095), np.float64(0.7295), np.float64(0.7595), np.float64(0.7894)]"
0.44,0.76,0.32,10,2,0.90019,0.45372,0.89978,"[np.float64(0.4396), np.float64(0.4796), np.float64(0.5096), np.float64(0.5496), np.float64(0.5796), np.float64(0.6196), np.float64(0.6495), np.float64(0.6895), np.float64(0.7195), np.float64(0.7595)]"
0.46,0.74,0.28,14,2,0.90017,0.45375,0.89977,"[np.float64(0.4596), np.float64(0.4796), np.float64(0.4996), np.float64(0.5196), np.float64(0.5496), np.float64(0.5696), np.float64(0.5896), np.float64(0.6096), np.float64(0.6296), np.float64(0.6495), np.float64(0.6795), np.float64(0.6995), np.float64(0.7195), np.float64(0.7395)]"
0.52,0.79,0.27,10,3,0.90017,0.45375,0.89977,"[np.float64(0.5196), np.float64(0.5496), np.float64(0.5796), np.float64(0.6096), np.float64(0.6396), np.float64(0.6695), np.float64(0.6995), np.float64(0.7295), np.float64(0.7595), np.float64(0.7894)]"
0.44,0.79,0.35,20,2,0.90017,0.45377,0.89976,"[np.float64(0.4396), np.float64(0.4596), np.float64(0.4796), np.float64(0.4996), np.float64(0.5096), np.float64(0.5296), np.float64(0.5496), np.float64(0.5696), np.float64(0.5896), np.float64(0.6096), np.float64(0.6196), np.float64(0.6396), np.float64(0.6595), np.float64(0.6795), np.float64(0.6995), np.float64(0.7195), np.float64(0.7295), np.float64(0.7495), np.float64(0.7695), np.float64(0.7894)]"
0.5,0.8,0.3,17,3,0.90016,0.45379,0.89976,"[np.float64(0.4996), np.float64(0.5196), np.float64(0.5396), np.float64(0.5596), np.float64(0.5796), np.float64(0.5896), np.float64(0.6096), np.float64(0.6296), np.float64(0.6495), np.float64(0.6695), np.float64(0.6895), np.float64(0.7095), np.float64(0.7195), np.float64(0.7395), np.float64(0.7595), np.float64(0.7795), np.float64(0.7994)]"
0.46,0.74,0.28,16,2,0.90011,0.4539,0.89972,"[np.float64(0.4596), np.float64(0.4796), np.float64(0.4996), np.float64(0.5196), np.float64(0.5296), np.float64(0.5496), np.float64(0.5696), np.float64(0.5896), np.float64(0.6096), np.float64(0.6296), np.float64(0.6495), np.float64(0.6695), np.float64(0.6795), np.float64(0.6995), np.float64(0.7195), np.float64(0.7395)]"
0.46,0.74,0.28,12,2,0.90006,0.45401,0.89968,"[np.float64(0.4596), np.float64(0.4896), np.float64(0.5096), np.float64(0.5396), np.float64(0.5596), np.float64(0.5896), np.float64(0.6096), np.float64(0.6396), np.float64(0.6595), np.float64(0.6895), np.float64(0.7095), np.float64(0.7395)]"
0.44,0.78,0.34,15,2,0.90006,0.454,0.89968,"[np.float64(0.4396), np.float64(0.4596), np.float64(0.4896), np.float64(0.5096), np.float64(0.5396), np.float64(0.5596), np.float64(0.5896), np.float64(0.6096), np.float64(0.6296), np.float64(0.6595), np.float64(0.6795), np.float64(0.7095), np.float64(0.7295), np.float64(0.7595), np.float64(0.7795)]"
0.44,0.71,0.27,2,2,0.90006,0.454,0.89968,"[np.float64(0.4396), np.float64(0.7095)]"
0.46,0.79,0.33,14,2,0.9,0.45415,0.89963,"[np.float64(0.4596), np.float64(0.4896), np.float64(0.5096), np.float64(0.5396), np.float64(0.5596), np.float64(0.5896), np.float64(0.6096), np.float64(0.6396), np.float64(0.6595), np.float64(0.6895), np.float64(0.7095), np.float64(0.7395), np.float64(0.7595), np.float64(0.7894)]"
0.46,0.74,0.28,15,2,0.89997,0.45422,0.89961,"[np.float64(0.4596), np.float64(0.4796), np.float64(0.4996), np.float64(0.5196), np.float64(0.5396), np.float64(0.5596), np.float64(0.5796), np.float64(0.5996), np.float64(0.6196), np.float64(0.6396), np.float64(0.6595), np.float64(0.6795), np.float64(0.6995), np.float64(0.7195), np.float64(0.7395)]"
0.44,0.76,0.32,16,2,0.89996,0.45423,0.8996,"[np.float64(0.4396), np.float64(0.4596), np.float64(0.4796), np.float64(0.4996), np.float64(0.5296), np.float64(0.5496), np.float64(0.5696), np.float64(0.5896), np.float64(0.6096), np.float64(0.6296), np.float64(0.6495), np.float64(0.6695), np.float64(0.6995), np.float64(0.7195), np.float64(0.7395), np.float64(0.7595)]"
0.46,0.74,0.28,13,2,0.89995,0.45427,0.89959,"[np.float64(0.4596), np.float64(0.4796), np.float64(0.5096), np.float64(0.5296), np.float64(0.5496), np.float64(0.5796), np.float64(0.5996), np.float64(0.6196), np.float64(0.6495), np.float64(0.6695), np.float64(0.6895), np.float64(0.7195), np.float64(0.7395)]"
0.44,0.76,0.32,11,2,0.89988,0.45442,0.89954,"[np.float64(0.4396), np.float64(0.4696), np.float64(0.4996), np.float64(0.5396), np.float64(0.5696), np.float64(0.5996), np.float64(0.6296), np.float64(0.6595), np.float64(0.6995), np.float64(0.7295), np.float64(0.7595)]"
0.46,0.74,0.28,17,2,0.89989,0.4544,0.89954,"[np.float64(0.4596), np.float64(0.4796), np.float64(0.4996), np.float64(0.5096), np.float64(0.5296), np.float64(0.5496), np.float64(0.5596), np.float64(0.5796), np.float64(0.5996), np.float64(0.6196), np.float64(0.6396), np.float64(0.6495), np.float64(0.6695), np.float64(0.6895), np.float64(0.6995), np.float64(0.7195), np.float64(0.7395)]"
0.48,0.8,0.32,18,3,0.89984,0.45451,0.8995,"[np.float64(0.4796), np.float64(0.4996), np.float64(0.5196), np.float64(0.5396), np.float64(0.5596), np.float64(0.5696), np.float64(0.5896), np.float64(0.6096), np.float64(0.6296), np.float64(0.6495), np.float64(0.6695), np.float64(0.6895), np.float64(0.7095), np.float64(0.7195), np.float64(0.7395), np.float64(0.7595), np.float64(0.7795), np.float64(0.7994)]"
0.5,0.8,0.3,19,3,0.89983,0.45453,0.8995,"[np.float64(0.4996), np.float64(0.5196), np.float64(0.5296), np.float64(0.5496), np.float64(0.5696), np.float64(0.5796), np.float64(0.5996), np.float64(0.6196), np.float64(0.6296), np.float64(0.6495), np.float64(0.6695), np.float64(0.6795), np.float64(0.6995), np.float64(0.7195), np.float64(0.7295), np.float64(0.7495), np.float64(0.7695), np.float64(0.7795), np.float64(0.7994)]"
0.52,0.78,0.26,6,2,0.89982,0.45455,0.89949,"[np.float64(0.5196), np.float64(0.5696), np.float64(0.6196), np.float64(0.6795), np.float64(0.7295), np.float64(0.7795)]"
0.44,0.76,0.32,9,2,0.89981,0.45457,0.89948,"[np.float64(0.4396), np.float64(0.4796), np.float64(0.5196), np.float64(0.5596), np.float64(0.5996), np.float64(0.6396), np.float64(0.6795), np.float64(0.7195), np.float64(0.7595)]"
0.46,0.74,0.28,20,2,0.8998,0.4546,0.89947,"[np.float64(0.4596), np.float64(0.4696), np.float64(0.4896), np.float64(0.4996), np.float64(0.5196), np.float64(0.5296), np.float64(0.5496), np.float64(0.5596), np.float64(0.5796), np.float64(0.5896), np.float64(0.6096), np.float64(0.6196), np.float64(0.6396), np.float64(0.6495), np.float64(0.6695), np.float64(0.6795), np.float64(0.6995), np.float64(0.7095), np.float64(0.7295), np.float64(0.7395)]"
0.48,0.8,0.32,19,3,0.8998,0.45459,0.89947,"[np.float64(0.4796), np.float64(0.4996), np.float64(0.5196), np.float64(0.5296), np.float64(0.5496), np.float64(0.5696), np.float64(0.5896), np.float64(0.5996), np.float64(0.6196), np.float64(0.6396), np.float64(0.6595), np.float64(0.6795), np.float64(0.6895), np.float64(0.7095), np.float64(0.7295), np.float64(0.7495), np.float64(0.7595), np.float64(0.7795), np.float64(0.7994)]"
0.48,0.78,0.3,7,2,0.89978,0.45465,0.89945,"[np.float64(0.4796), np.float64(0.5296), np.float64(0.5796), np.float64(0.6296), np.float64(0.6795), np.float64(0.7295), np.float64(0.7795)]"
0.46,0.76,0.3,4,2,0.89968,0.45487,0.89937,"[np.float64(0.4596), np.float64(0.5596), np.float64(0.6595), np.float64(0.7595)]"
0.46,0.74,0.28,19,2,0.89965,0.45493,0.89935,"[np.float64(0.4596), np.float64(0.4796), np.float64(0.4896), np.float64(0.5096), np.float64(0.5196), np.float64(0.5396), np.float64(0.5496), np.float64(0.5696), np.float64(0.5796), np.float64(0.5996), np.float64(0.6196), np.float64(0.6296), np.float64(0.6495), np.float64(0.6595), np.float64(0.6795), np.float64(0.6895), np.float64(0.7095), np.float64(0.7195), np.float64(0.7395)]"
0.52,0.72,0.2,20,2,0.89963,0.45498,0.89934,"[np.float64(0.5196), np.float64(0.5296), np.float64(0.5396), np.float64(0.5496), np.float64(0.5596), np.float64(0.5696), np.float64(0.5796), np.float64(0.5896), np.float64(0.5996), np.float64(0.6096), np.float64(0.6296), np.float64(0.6396), np.float64(0.6495), np.float64(0.6595), np.float64(0.6695), np.float64(0.6795), np.float64(0.6895), np.float64(0.6995), np.float64(0.7095), np.float64(0.7195)]"
0.44,0.75,0.31,12,3,0.89962,0.45501,0.89933,"[np.float64(0.4396), np.float64(0.4696), np.float64(0.4996), np.float64(0.5196), np.float64(0.5496), np.float64(0.5796), np.float64(0.6096), np.float64(0.6396), np.float64(0.6695), np.float64(0.6895), np.float64(0.7195), np.float64(0.7495)]"
0.58,0.8,0.22,3,3,0.89962,0.45501,0.89933,"[np.float64(0.5796), np.float64(0.6895), np.float64(0.7994)]"
0.56,0.79,0.23,4,3,0.8996,0.45505,0.89931,"[np.float64(0.5596), np.float64(0.6396), np.float64(0.7095), np.float64(0.7894)]"
0.52,0.8,0.28,7,3,0.89957,0.45512,0.89929,"[np.float64(0.5196), np.float64(0.5696), np.float64(0.6096), np.float64(0.6595), np.float64(0.7095), np.float64(0.7495), np.float64(0.7994)]"
0.46,0.78,0.32,8,2,0.8995,0.45528,0.89923,"[np.float64(0.4596), np.float64(0.5096), np.float64(0.5496), np.float64(0.5996), np.float64(0.6396), np.float64(0.6895), np.float64(0.7295), np.float64(0.7795)]"
0.44,0.75,0.31,14,3,0.89947,0.45536,0.8992,"[np.float64(0.4396), np.float64(0.4596), np.float64(0.4896), np.float64(0.5096), np.float64(0.5396), np.float64(0.5596), np.float64(0.5796), np.float64(0.6096), np.float64(0.6296), np.float64(0.6495), np.float64(0.6795), np.float64(0.6995), np.float64(0.7295), np.float64(0.7495)]"
0.48,0.79,0.31,14,2,0.89944,0.45543,0.89918,"[np.float64(0.4796), np.float64(0.4996), np.float64(0.5296), np.float64(0.5496), np.float64(0.5796), np.float64(0.5996), np.float64(0.6196), np.float64(0.6495), np.float64(0.6695), np.float64(0.6895), np.float64(0.7195), np.float64(0.7395), np.float64(0.7695), np.float64(0.7894)]"
0.4,0.71,0.31,2,2,0.89941,0.45547,0.89916,"[np.float64(0.3996), np.float64(0.7095)]"
0.44,0.75,0.31,3,3,0.89936,0.4556,0.89912,"[np.float64(0.4396), np.float64(0.5996), np.float64(0.7495)]"
0.5,0.7,0.2,2,2,0.89934,0.45563,0.89911,"[np.float64(0.4996), np.float64(0.6995)]"
0.44,0.76,0.32,12,2,0.89934,0.45565,0.8991,"[np.float64(0.4396), np.float64(0.4696), np.float64(0.4996), np.float64(0.5296), np.float64(0.5596), np.float64(0.5896), np.float64(0.6096), np.float64(0.6396), np.float64(0.6695), np.float64(0.6995), np.float64(0.7295), np.float64(0.7595)]"
0.56,0.78,0.22,4,3,0.89934,0.45565,0.8991,"[np.float64(0.5596), np.float64(0.6296), np.float64(0.7095), np.float64(0.7795)]"
0.46,0.74,0.28,18,2,0.89927,0.45581,0.89904,"[np.float64(0.4596), np.float64(0.4796), np.float64(0.4896), np.float64(0.5096), np.float64(0.5296), np.float64(0.5396), np.float64(0.5596), np.float64(0.5796), np.float64(0.5896), np.float64(0.6096), np.float64(0.6196), np.float64(0.6396), np.float64(0.6595), np.float64(0.6695), np.float64(0.6895), np.float64(0.7095), np.float64(0.7195), np.float64(0.7395)]"
0.52,0.79,0.27,9,3,0.89923,0.4559,0.89901,"[np.float64(0.5196), np.float64(0.5496), np.float64(0.5896), np.float64(0.6196), np.float64(0.6595), np.float64(0.6895), np.float64(0.7195), np.float64(0.7595), np.float64(0.7894)]"
0.5,0.79,0.29,13,2,0.89919,0.45598,0.89898,"[np.float64(0.4996), np.float64(0.5196), np.float64(0.5496), np.float64(0.5696), np.float64(0.5996), np.float64(0.6196), np.float64(0.6396), np.float64(0.6695), np.float64(0.6895), np.float64(0.7195), np.float64(0.7395), np.float64(0.7695), np.float64(0.7894)]"
0.4,0.74,0.34,6,3,0.89907,0.45626,0.89889,"[np.float64(0.3996), np.float64(0.4696), np.float64(0.5396), np.float64(0.5996), np.float64(0.6695), np.float64(0.7395)]"
0.5,0.8,0.3,16,3,0.899,0.45641,0.89883,"[np.float64(0.4996), np.float64(0.5196), np.float64(0.5396), np.float64(0.5596), np.float64(0.5796), np.float64(0.5996), np.float64(0.6196), np.float64(0.6396), np.float64(0.6595), np.float64(0.6795), np.float64(0.6995), np.float64(0.7195), np.float64(0.7395), np.float64(0.7595), np.float64(0.7795), np.float64(0.7994)]"
0.44,0.76,0.32,8,2,0.899,0.45642,0.89883,"[np.float64(0.4396), np.float64(0.4896), np.float64(0.5296), np.float64(0.5796), np.float64(0.6196), np.float64(0.6695), np.float64(0.7095), np.float64(0.7595)]"
0.48,0.8,0.32,20,3,0.89899,0.45643,0.89883,"[np.float64(0.4796), np.float64(0.4996), np.float64(0.5096), np.float64(0.5296), np.float64(0.5496), np.float64(0.5596), np.float64(0.5796), np.float64(0.5996), np.float64(0.6096), np.float64(0.6296), np.float64(0.6495), np.float64(0.6695), np.float64(0.6795), np.float64(0.6995), np.float64(0.7195), np.float64(0.7295), np.float64(0.7495), np.float64(0.7695), np.float64(0.7795), np.float64(0.7994)]"
0.4,0.78,0.38,9,3,0.89899,0.45644,0.89882,"[np.float64(0.3996), np.float64(0.4496), np.float64(0.4996), np.float64(0.5396), np.float64(0.5896), np.float64(0.6396), np.float64(0.6795), np.float64(0.7295), np.float64(0.7795)]"
0.5,0.71,0.21,6,2,0.89897,0.45649,0.8988,"[np.float64(0.4996), np.float64(0.5396), np.float64(0.5796), np.float64(0.6296), np.float64(0.6695), np.float64(0.7095)]"
0.44,0.75,0.31,15,3,0.89891,0.45662,0.89876,"[np.float64(0.4396), np.float64(0.4596), np.float64(0.4796), np.float64(0.5096), np.float64(0.5296), np.float64(0.5496), np.float64(0.5696), np.float64(0.5996), np.float64(0.6196), np.float64(0.6396), np.float64(0.6595), np.float64(0.6795), np.float64(0.7095), np.float64(0.7295), np.float64(0.7495)]"
0.5,0.71,0.21,7,2,0.89888,0.45668,0.89874,"[np.float64(0.4996), np.float64(0.5396), np.float64(0.5696), np.float64(0.5996), np.float64(0.6396), np.float64(0.6795), np.float64(0.7095)]"
0.6,0.8,0.2,4,3,0.89888,0.45669,0.89873,"[np.float64(0.5996), np.float64(0.6695), np.float64(0.7295), np.float64(0.7994)]"
0.48,0.72,0.24,5,2,0.89886,0.45673,0.89872,"[np.float64(0.4796), np.float64(0.5396), np.float64(0.5996), np.float64(0.6595), np.float64(0.7195)]"
0.5,0.79,0.29,11,3,0.89885,0.45675,0.89871,"[np.float64(0.4996), np.float64(0.5296), np.float64(0.5596), np.float64(0.5896), np.float64(0.6196), np.float64(0.6396), np.float64(0.6695), np.float64(0.6995), np.float64(0.7295), np.float64(0.7595), np.float64(0.7894)]"
0.46,0.79,0.33,16,2,0.89883,0.45679,0.8987,"[np.float64(0.4596), np.float64(0.4796), np.float64(0.4996), np.float64(0.5296), np.float64(0.5496), np.float64(0.5696), np.float64(0.5896), np.float64(0.6096), np.float64(0.6396), np.float64(0.6595), np.float64(0.6795), np.float64(0.6995), np.float64(0.7195), np.float64(0.7495), np.float64(0.7695), np.float64(0.7894)]"
0.44,0.76,0.32,7,3,0.8988,0.45687,0.89867,"[np.float64(0.4396), np.float64(0.4896), np.float64(0.5496), np.float64(0.5996), np.float64(0.6495), np.float64(0.7095), np.float64(0.7595)]"
0.46,0.73,0.27,3,2,0.89879,0.45688,0.89866,"[np.float64(0.4596), np.float64(0.5996), np.float64(0.7295)]"
0.5,0.8,0.3,12,3,0.89874,0.457,0.89862,"[np.float64(0.4996), np.float64(0.5296), np.float64(0.5496), np.float64(0.5796), np.float64(0.6096), np.float64(0.6396), np.float64(0.6595), np.float64(0.6895), np.float64(0.7195), np.float64(0.7495), np.float64(0.7695), np.float64(0.7994)]"
0.44,0.79,0.35,18,2,0.89873,0.45702,0.89861,"[np.float64(0.4396), np.float64(0.4596), np.float64(0.4796), np.float64(0.4996), np.float64(0.5196), np.float64(0.5396), np.float64(0.5596), np.float64(0.5796), np.float64(0.5996), np.float64(0.6296), np.float64(0.6495), np.float64(0.6695), np.float64(0.6895), np.float64(0.7095), np.float64(0.7295), np.float64(0.7495), np.float64(0.7695), np.float64(0.7894)]"
0.5,0.77,0.27,4,2,0.89871,0.45706,0.8986,"[np.float64(0.4996), np.float64(0.5896), np.float64(0.6795), np.float64(0.7695)]"
0.46,0.77,0.31,5,2,0.89855,0.45743,0.89847,"[np.float64(0.4596), np.float64(0.5396), np.float64(0.6196), np.float64(0.6895), np.float64(0.7695)]"
0.46,0.79,0.33,15,2,0.89849,0.45756,0.89842,"[np.float64(0.4596), np.float64(0.4796), np.float64(0.5096), np.float64(0.5296), np.float64(0.5496), np.float64(0.5796), np.float64(0.5996), np.float64(0.6196), np.float64(0.6495), np.float64(0.6695), np.float64(0.6995), np.float64(0.7195), np.float64(0.7395), np.float64(0.7695), np.float64(0.7894)]"
0.44,0.75,0.31,13,3,0.89833,0.45792,0.8983,"[np.float64(0.4396), np.float64(0.4696), np.float64(0.4896), np.float64(0.5196), np.float64(0.5396), np.float64(0.5696), np.float64(0.5996), np.float64(0.6196), np.float64(0.6495), np.float64(0.6695), np.float64(0.6995), np.float64(0.7195), np.float64(0.7495)]"
0.44,0.77,0.33,7,2,0.89825,0.45811,0.89823,"[np.float64(0.4396), np.float64(0.4996), np.float64(0.5496), np.float64(0.5996), np.float64(0.6595), np.float64(0.7195), np.float64(0.7695)]"
0.54,0.79,0.25,5,3,0.89819,0.45823,0.89818,"[np.float64(0.5396), np.float64(0.5996), np.float64(0.6595), np.float64(0.7295), np.float64(0.7894)]"
0.42,0.75,0.33,13,3,0.89818,0.45826,0.89817,"[np.float64(0.4196), np.float64(0.4496), np.float64(0.4796), np.float64(0.4996), np.float64(0.5296), np.float64(0.5596), np.float64(0.5796), np.float64(0.6096), np.float64(0.6396), np.float64(0.6695), np.float64(0.6995), np.float64(0.7195), np.float64(0.7495)]"
0.48,0.76,0.28,3,2,0.89817,0.45829,0.89816,"[np.float64(0.4796), np.float64(0.6196), np.float64(0.7595)]"
0.56,0.79,0.23,3,3,0.8981,0.45844,0.89811,"[np.float64(0.5596), np.float64(0.6795), np.float64(0.7894)]"
0.52,0.79,0.27,8,3,0.8981,0.45845,0.89811,"[np.float64(0.5196), np.float64(0.5596), np.float64(0.5996), np.float64(0.6396), np.float64(0.6695), np.float64(0.7095), np.float64(0.7495), np.float64(0.7894)]"
0.44,0.78,0.34,10,2,0.89809,0.45846,0.8981,"[np.float64(0.4396), np.float64(0.4796), np.float64(0.5196), np.float64(0.5496), np.float64(0.5896), np.float64(0.6296), np.float64(0.6695), np.float64(0.6995), np.float64(0.7395), np.float64(0.7795)]"
0.44,0.74,0.3,6,3,0.89806,0.45852,0.89808,"[np.float64(0.4396), np.float64(0.4996), np.float64(0.5596), np.float64(0.6196), np.float64(0.6795), np.float64(0.7395)]"
0.42,0.71,0.29,2,2,0.89805,0.45856,0.89807,"[np.float64(0.4196), np.float64(0.7095)]"
0.48,0.79,0.31,10,3,0.89801,0.45865,0.89804,"[np.float64(0.4796), np.float64(0.5096), np.float64(0.5496), np.float64(0.5796), np.float64(0.6196), np.float64(0.6495), np.float64(0.6895), np.float64(0.7195), np.float64(0.7595), np.float64(0.7894)]"
0.48,0.7,0.22,2,2,0.89802,0.45862,0.89804,"[np.float64(0.4796), np.float64(0.6995)]"
0.48,0.79,0.31,11,2,0.89798,0.45872,0.89801,"[np.float64(0.4796), np.float64(0.5096), np.float64(0.5396), np.float64(0.5696), np.float64(0.5996), np.float64(0.6396), np.float64(0.6695), np.float64(0.6995), np.float64(0.7295), np.float64(0.7595), np.float64(0.7894)]"
0.4,0.77,0.37,4,3,0.89794,0.45879,0.89798,"[np.float64(0.3996), np.float64(0.5196), np.float64(0.6495), np.float64(0.7695)]"
0.44,0.79,0.35,19,2,0.89793,0.45883,0.89797,"[np.float64(0.4396), np.float64(0.4596), np.float64(0.4796), np.float64(0.4996), np.float64(0.5196), np.float64(0.5396), np.float64(0.5596), np.float64(0.5796), np.float64(0.5996), np.float64(0.6196), np.float64(0.6296), np.float64(0.6495), np.float64(0.6695), np.float64(0.6895), np.float64(0.7095), np.float64(0.7295), np.float64(0.7495), np.float64(0.7695), np.float64(0.7894)]"
0.42,0.75,0.33,14,3,0.8979,0.4589,0.89795,"[np.float64(0.4196), np.float64(0.4496), np.float64(0.4696), np.float64(0.4996), np.float64(0.5196), np.float64(0.5496), np.float64(0.5696), np.float64(0.5996), np.float64(0.6196), np.float64(0.6495), np.float64(0.6695), np.float64(0.6995), np.float64(0.7195), np.float64(0.7495)]"
0.42,0.78,0.36,20,2,0.89785,0.459,0.89791,"[np.float64(0.4196), np.float64(0.4396), np.float64(0.4596), np.float64(0.4796), np.float64(0.4996), np.float64(0.5096), np.float64(0.5296), np.float64(0.5496), np.float64(0.5696), np.float64(0.5896), np.float64(0.6096), np.float64(0.6296), np.float64(0.6495), np.float64(0.6695), np.float64(0.6895), np.float64(0.6995), np.float64(0.7195), np.float64(0.7395), np.float64(0.7595), np.float64(0.7795)]"
0.6,0.8,0.2,3,3,0.89781,0.45908,0.89788,"[np.float64(0.5996), np.float64(0.6995), np.float64(0.7994)]"
0.52,0.79,0.27,7,3,0.89781,0.45909,0.89788,"[np.float64(0.5196), np.float64(0.5596), np.float64(0.6096), np.float64(0.6595), np.float64(0.6995), np.float64(0.7395), np.float64(0.7894)]"
0.5,0.8,0.3,11,3,0.89772,0.45929,0.89781,"[np.float64(0.4996), np.float64(0.5296), np.float64(0.5596), np.float64(0.5896), np.float64(0.6196), np.float64(0.6495), np.float64(0.6795), np.float64(0.7095), np.float64(0.7395), np.float64(0.7695), np.float64(0.7994)]"
0.5,0.8,0.3,15,3,0.89771,0.45931,0.8978,"[np.float64(0.4996), np.float64(0.5196), np.float64(0.5396), np.float64(0.5596), np.float64(0.5896), np.float64(0.6096), np.float64(0.6296), np.float64(0.6495), np.float64(0.6695), np.float64(0.6895), np.float64(0.7095), np.float64(0.7395), np.float64(0.7595), np.float64(0.7795), np.float64(0.7994)]"
0.4,0.6,0.2,14,6,0.89761,0.45953,0.89772,"[np.float64(0.3996), np.float64(0.4196), np.float64(0.4296), np.float64(0.4496), np.float64(0.4596), np.float64(0.4796), np.float64(0.4896), np.float64(0.5096), np.float64(0.5196), np.float64(0.5396), np.float64(0.5496), np.float64(0.5696), np.float64(0.5796), np.float64(0.5996)]"
0.46,0.79,0.33,13,2,0.8976,0.45957,0.89771,"[np.float64(0.4596), np.float64(0.4896), np.float64(0.5196), np.float64(0.5396), np.float64(0.5696), np.float64(0.5996), np.float64(0.6196), np.float64(0.6495), np.float64(0.6795), np.float64(0.7095), np.float64(0.7395), np.float64(0.7595), np.float64(0.7894)]"
0.5,0.78,0.28,6,2,0.89757,0.45964,0.89768,"[np.float64(0.4996), np.float64(0.5596), np.float64(0.6096), np.float64(0.6695), np.float64(0.7195), np.float64(0.7795)]"
0.5,0.71,0.21,8,2,0.89745,0.45989,0.89759,"[np.float64(0.4996), np.float64(0.5296), np.float64(0.5596), np.float64(0.5896), np.float64(0.6196), np.float64(0.6495), np.float64(0.6795), np.float64(0.7095)]"
0.48,0.8,0.32,17,3,0.89732,0.46019,0.89749,"[np.float64(0.4796), np.float64(0.4996), np.float64(0.5196), np.float64(0.5396), np.float64(0.5596), np.float64(0.5796), np.float64(0.5996), np.float64(0.6196), np.float64(0.6396), np.float64(0.6595), np.float64(0.6795), np.float64(0.6995), np.float64(0.7195), np.float64(0.7395), np.float64(0.7595), np.float64(0.7795), np.float64(0.7994)]"
0.52,0.8,0.28,6,3,0.89731,0.46021,0.89748,"[np.float64(0.5196), np.float64(0.5796), np.float64(0.6296), np.float64(0.6895), np.float64(0.7395), np.float64(0.7994)]"
0.5,0.8,0.3,14,3,0.89729,0.46026,0.89746,"[np.float64(0.4996), np.float64(0.5196), np.float64(0.5496), np.float64(0.5696), np.float64(0.5896), np.float64(0.6196), np.float64(0.6396), np.float64(0.6595), np.float64(0.6795), np.float64(0.7095), np.float64(0.7295), np.float64(0.7495), np.float64(0.7795), np.float64(0.7994)]"
0.44,0.78,0.34,11,2,0.8972,0.46046,0.89739,"[np.float64(0.4396), np.float64(0.4696), np.float64(0.5096), np.float64(0.5396), np.float64(0.5796), np.float64(0.6096), np.float64(0.6396), np.float64(0.6795), np.float64(0.7095), np.float64(0.7495), np.float64(0.7795)]"
0.48,0.72,0.24,7,2,0.89699,0.46092,0.89723,"[np.float64(0.4796), np.float64(0.5196), np.float64(0.5596), np.float64(0.5996), np.float64(0.6396), np.float64(0.6795), np.float64(0.7195)]"
0.5,0.71,0.21,15,2,0.89696,0.46099,0.8972,"[np.float64(0.4996), np.float64(0.5196), np.float64(0.5296), np.float64(0.5396), np.float64(0.5596), np.float64(0.5796), np.float64(0.5896), np.float64(0.5996), np.float64(0.6196), np.float64(0.6396), np.float64(0.6495), np.float64(0.6595), np.float64(0.6795), np.float64(0.6995), np.float64(0.7095)]"
0.54,0.78,0.24,5,3,0.89695,0.46102,0.89719,"[np.float64(0.5396), np.float64(0.5996), np.float64(0.6595), np.float64(0.7195), np.float64(0.7795)]"
0.5,0.71,0.21,10,2,0.89694,0.46105,0.89718,"[np.float64(0.4996), np.float64(0.5196), np.float64(0.5496), np.float64(0.5696), np.float64(0.5896), np.float64(0.6196), np.float64(0.6396), np.float64(0.6595), np.float64(0.6895), np.float64(0.7095)]"
0.5,0.71,0.21,9,2,0.8969,0.46113,0.89715,"[np.float64(0.4996), np.float64(0.5296), np.float64(0.5496), np.float64(0.5796), np.float64(0.5996), np.float64(0.6296), np.float64(0.6595), np.float64(0.6795), np.float64(0.7095)]"
0.48,0.72,0.24,6,2,0.89689,0.46115,0.89714,"[np.float64(0.4796), np.float64(0.5296), np.float64(0.5796), np.float64(0.6196), np.float64(0.6695), np.float64(0.7195)]"
0.48,0.72,0.24,8,2,0.89685,0.46125,0.89711,"[np.float64(0.4796), np.float64(0.5096), np.float64(0.5496), np.float64(0.5796), np.float64(0.6196), np.float64(0.6495), np.float64(0.6895), np.float64(0.7195)]"
0.5,0.79,0.29,9,3,0.89683,0.46129,0.89709,"[np.float64(0.4996), np.float64(0.5396), np.float64(0.5696), np.float64(0.6096), np.float64(0.6396), np.float64(0.6795), np.float64(0.7195), np.float64(0.7495), np.float64(0.7894)]"
0.44,0.79,0.35,15,2,0.89677,0.46141,0.89705,"[np.float64(0.4396), np.float64(0.4596), np.float64(0.4896), np.float64(0.5196), np.float64(0.5396), np.float64(0.5596), np.float64(0.5896), np.float64(0.6196), np.float64(0.6396), np.float64(0.6595), np.float64(0.6895), np.float64(0.7195), np.float64(0.7395), np.float64(0.7595), np.float64(0.7894)]"
0.42,0.75,0.33,16,3,0.89672,0.46154,0.897,"[np.float64(0.4196), np.float64(0.4396), np.float64(0.4596), np.float64(0.4896), np.float64(0.5096), np.float64(0.5296), np.float64(0.5496), np.float64(0.5696), np.float64(0.5996), np.float64(0.6196), np.float64(0.6396), np.float64(0.6595), np.float64(0.6795), np.float64(0.7095), np.float64(0.7295), np.float64(0.7495)]"
0.42,0.75,0.33,15,3,0.89664,0.46171,0.89694,"[np.float64(0.4196), np.float64(0.4396), np.float64(0.4696), np.float64(0.4896), np.float64(0.5096), np.float64(0.5396), np.float64(0.5596), np.float64(0.5796), np.float64(0.6096), np.float64(0.6296), np.float64(0.6595), np.float64(0.6795), np.float64(0.6995), np.float64(0.7295), np.float64(0.7495)]"
0.42,0.78,0.36,15,2,0.8966,0.46181,0.89691,"[np.float64(0.4196), np.float64(0.4496), np.float64(0.4696), np.float64(0.4996), np.float64(0.5196), np.float64(0.5496), np.float64(0.5696), np.float64(0.5996), np.float64(0.6296), np.float64(0.6495), np.float64(0.6795), np.float64(0.6995), np.float64(0.7295), np.float64(0.7495), np.float64(0.7795)]"
0.46,0.8,0.34,12,3,0.89655,0.46192,0.89687,"[np.float64(0.4596), np.float64(0.4896), np.float64(0.5196), np.float64(0.5496), np.float64(0.5796), np.float64(0.6096), np.float64(0.6495), np.float64(0.6795), np.float64(0.7095), np.float64(0.7395), np.float64(0.7695), np.float64(0.7994)]"
0.46,0.79,0.33,12,2,0.89651,0.46201,0.89684,"[np.float64(0.4596), np.float64(0.4896), np.float64(0.5196), np.float64(0.5496), np.float64(0.5796), np.float64(0.6096), np.float64(0.6396), np.float64(0.6695), np.float64(0.6995), np.float64(0.7295), np.float64(0.7595), np.float64(0.7894)]"
0.5,0.71,0.21,11,2,0.89648,0.46206,0.89682,"[np.float64(0.4996), np.float64(0.5196), np.float64(0.5396), np.float64(0.5596), np.float64(0.5796), np.float64(0.5996), np.float64(0.6296), np.float64(0.6495), np.float64(0.6695), np.float64(0.6895), np.float64(0.7095)]"
0.56,0.8,0.24,3,3,0.89647,0.46209,0.89681,"[np.float64(0.5596), np.float64(0.6795), np.float64(0.7994)]"
0.5,0.8,0.3,13,3,0.89642,0.46221,0.89677,"[np.float64(0.4996), np.float64(0.5196), np.float64(0.5496), np.float64(0.5796), np.float64(0.5996), np.float64(0.6196), np.float64(0.6495), np.float64(0.6795), np.float64(0.6995), np.float64(0.7195), np.float64(0.7495), np.float64(0.7795), np.float64(0.7994)]"
0.5,0.7,0.2,3,2,0.8964,0.46225,0.89675,"[np.float64(0.4996), np.float64(0.5996), np.float64(0.6995)]"
0.44,0.78,0.34,9,2,0.8964,0.46224,0.89675,"[np.float64(0.4396), np.float64(0.4796), np.float64(0.5196), np.float64(0.5696), np.float64(0.6096), np.float64(0.6495), np.float64(0.6995), np.float64(0.7395), np.float64(0.7795)]"
0.5,0.8,0.3,9,3,0.89626,0.46257,0.89664,"[np.float64(0.4996), np.float64(0.5396), np.float64(0.5796), np.float64(0.6096), np.float64(0.6495), np.float64(0.6895), np.float64(0.7195), np.float64(0.7595), np.float64(0.7994)]"
0.48,0.8,0.32,13,3,0.89623,0.46262,0.89662,"[np.float64(0.4796), np.float64(0.5096), np.float64(0.5296), np.float64(0.5596), np.float64(0.5896), np.float64(0.6096), np.float64(0.6396), np.float64(0.6695), np.float64(0.6895), np.float64(0.7195), np.float64(0.7495), np.float64(0.7695), np.float64(0.7994)]"
0.44,0.79,0.35,14,2,0.89624,0.46261,0.89662,"[np.float64(0.4396), np.float64(0.4696), np.float64(0.4896), np.float64(0.5196), np.float64(0.5496), np.float64(0.5696), np.float64(0.5996), np.float64(0.6296), np.float64(0.6595), np.float64(0.6795), np.float64(0.7095), np.float64(0.7395), np.float64(0.7595), np.float64(0.7894)]"
0.42,0.78,0.36,19,2,0.89614,0.46284,0.89654,"[np.float64(0.4196), np.float64(0.4396), np.float64(0.4596), np.float64(0.4796), np.float64(0.4996), np.float64(0.5196), np.float64(0.5396), np.float64(0.5596), np.float64(0.5796), np.float64(0.5996), np.float64(0.6196), np.float64(0.6396), np.float64(0.6595), np.float64(0.6795), np.float64(0.6995), np.float64(0.7195), np.float64(0.7395), np.float64(0.7595), np.float64(0.7795)]"
0.5,0.71,0.21,13,2,0.89609,0.46294,0.8965,"[np.float64(0.4996), np.float64(0.5196), np.float64(0.5396), np.float64(0.5496), np.float64(0.5696), np.float64(0.5896), np.float64(0.5996), np.float64(0.6196), np.float64(0.6396), np.float64(0.6595), np.float64(0.6795), np.float64(0.6895), np.float64(0.7095)]"
0.48,0.72,0.24,9,2,0.89605,0.46304,0.89647,"[np.float64(0.4796), np.float64(0.5096), np.float64(0.5396), np.float64(0.5696), np.float64(0.5996), np.float64(0.6296), np.float64(0.6595), np.float64(0.6895), np.float64(0.7195)]"
0.54,0.79,0.25,4,3,0.89603,0.46309,0.89645,"[np.float64(0.5396), np.float64(0.6196), np.float64(0.7095), np.float64(0.7894)]"
0.44,0.79,0.35,17,2,0.89599,0.46317,0.89642,"[np.float64(0.4396), np.float64(0.4596), np.float64(0.4796), np.float64(0.5096), np.float64(0.5296), np.float64(0.5496), np.float64(0.5696), np.float64(0.5896), np.float64(0.6196), np.float64(0.6396), np.float64(0.6595), np.float64(0.6795), np.float64(0.6995), np.float64(0.7195), np.float64(0.7495), np.float64(0.7695), np.float64(0.7894)]"
0.5,0.71,0.21,12,2,0.89595,0.46325,0.89639,"[np.float64(0.4996), np.float64(0.5196), np.float64(0.5396), np.float64(0.5596), np.float64(0.5796), np.float64(0.5996), np.float64(0.6096), np.float64(0.6296), np.float64(0.6495), np.float64(0.6695), np.float64(0.6895), np.float64(0.7095)]"
0.4,0.75,0.35,14,3,0.89595,0.46326,0.89639,"[np.float64(0.3996), np.float64(0.4296), np.float64(0.4496), np.float64(0.4796), np.float64(0.5096), np.float64(0.5296), np.float64(0.5596), np.float64(0.5896), np.float64(0.6196), np.float64(0.6396), np.float64(0.6695), np.float64(0.6995), np.float64(0.7195), np.float64(0.7495)]"
0.5,0.8,0.3,10,3,0.89592,0.46332,0.89637,"[np.float64(0.4996), np.float64(0.5296), np.float64(0.5696), np.float64(0.5996), np.float64(0.6296), np.float64(0.6695), np.float64(0.6995), np.float64(0.7295), np.float64(0.7695), np.float64(0.7994)]"
0.48,0.79,0.31,9,3,0.89591,0.46335,0.89636,"[np.float64(0.4796), np.float64(0.5196), np.float64(0.5596), np.float64(0.5996), np.float64(0.6396), np.float64(0.6695), np.float64(0.7095), np.float64(0.7495), np.float64(0.7894)]"
0.44,0.75,0.31,17,3,0.89588,0.46341,0.89634,"[np.float64(0.4396), np.float64(0.4596), np.float64(0.4796), np.float64(0.4996), np.float64(0.5196), np.float64(0.5396), np.float64(0.5596), np.float64(0.5796), np.float64(0.5996), np.float64(0.6096), np.float64(0.6296), np.float64(0.6495), np.float64(0.6695), np.float64(0.6895), np.float64(0.7095), np.float64(0.7295), np.float64(0.7495)]"
0.52,0.79,0.27,6,3,0.89586,0.46344,0.89632,"[np.float64(0.5196), np.float64(0.5696), np.float64(0.6296), np.float64(0.6795), np.float64(0.7395), np.float64(0.7894)]"
0.44,0.79,0.35,16,2,0.89584,0.46351,0.8963,"[np.float64(0.4396), np.float64(0.4596), np.float64(0.4896), np.float64(0.5096), np.float64(0.5296), np.float64(0.5596), np.float64(0.5796), np.float64(0.5996), np.float64(0.6296), np.float64(0.6495), np.float64(0.6695), np.float64(0.6995), np.float64(0.7195), np.float64(0.7395), np.float64(0.7695), np.float64(0.7894)]"
0.5,0.79,0.29,10,3,0.8958,0.4636,0.89627,"[np.float64(0.4996), np.float64(0.5296), np.float64(0.5596), np.float64(0.5996), np.float64(0.6296), np.float64(0.6595), np.float64(0.6895), np.float64(0.7295), np.float64(0.7595), np.float64(0.7894)]"
0.5,0.71,0.21,16,2,0.89577,0.46365,0.89625,"[np.float64(0.4996), np.float64(0.5096), np.float64(0.5296), np.float64(0.5396), np.float64(0.5596), np.float64(0.5696), np.float64(0.5796), np.float64(0.5996), np.float64(0.6096), np.float64(0.6296), np.float64(0.6396), np.float64(0.6495), np.float64(0.6695), np.float64(0.6795), np.float64(0.6995), np.float64(0.7095)]"
0.5,0.71,0.21,19,2,0.89575,0.4637,0.89623,"[np.float64(0.4996), np.float64(0.5096), np.float64(0.5196), np.float64(0.5396), np.float64(0.5496), np.float64(0.5596), np.float64(0.5696), np.float64(0.5796), np.float64(0.5896), np.float64(0.5996), np.float64(0.6196), np.float64(0.6296), np.float64(0.6396), np.float64(0.6495), np.float64(0.6595), np.float64(0.6795), np.float64(0.6895), np.float64(0.6995), np.float64(0.7095)]"
0.5,0.71,0.21,18,2,0.89564,0.46394,0.89615,"[np.float64(0.4996), np.float64(0.5096), np.float64(0.5196), np.float64(0.5396), np.float64(0.5496), np.float64(0.5596), np.float64(0.5696), np.float64(0.5896), np.float64(0.5996), np.float64(0.6096), np.float64(0.6196), np.float64(0.6396), np.float64(0.6495), np.float64(0.6595), np.float64(0.6695), np.float64(0.6895), np.float64(0.6995), np.float64(0.7095)]"
0.46,0.76,0.3,2,2,0.89562,0.46398,0.89613,"[np.float64(0.4596), np.float64(0.7595)]"
0.48,0.72,0.24,11,2,0.8956,0.46402,0.89612,"[np.float64(0.4796), np.float64(0.4996), np.float64(0.5296), np.float64(0.5496), np.float64(0.5796), np.float64(0.5996), np.float64(0.6196), np.float64(0.6495), np.float64(0.6695), np.float64(0.6995), np.float64(0.7195)]"
0.48,0.8,0.32,15,3,0.89559,0.46405,0.89611,"[np.float64(0.4796), np.float64(0.4996), np.float64(0.5296), np.float64(0.5496), np.float64(0.5696), np.float64(0.5896), np.float64(0.6196), np.float64(0.6396), np.float64(0.6595), np.float64(0.6895), np.float64(0.7095), np.float64(0.7295), np.float64(0.7495), np.float64(0.7795), np.float64(0.7994)]"
0.5,0.71,0.21,17,2,0.89551,0.46423,0.89604,"[np.float64(0.4996), np.float64(0.5096), np.float64(0.5296), np.float64(0.5396), np.float64(0.5496), np.float64(0.5696), np.float64(0.5796), np.float64(0.5896), np.float64(0.5996), np.float64(0.6196), np.float64(0.6296), np.float64(0.6396), np.float64(0.6595), np.float64(0.6695), np.float64(0.6795), np.float64(0.6995), np.float64(0.7095)]"
0.42,0.78,0.36,14,2,0.89548,0.4643,0.89602,"[np.float64(0.4196), np.float64(0.4496), np.float64(0.4796), np.float64(0.4996), np.float64(0.5296), np.float64(0.5596), np.float64(0.5896), np.float64(0.6096), np.float64(0.6396), np.float64(0.6695), np.float64(0.6995), np.float64(0.7195), np.float64(0.7495), np.float64(0.7795)]"
0.44,0.75,0.31,16,3,0.89547,0.46432,0.89601,"[np.float64(0.4396), np.float64(0.4596), np.float64(0.4796), np.float64(0.4996), np.float64(0.5196), np.float64(0.5396), np.float64(0.5596), np.float64(0.5796), np.float64(0.6096), np.float64(0.6296), np.float64(0.6495), np.float64(0.6695), np.float64(0.6895), np.float64(0.7095), np.float64(0.7295), np.float64(0.7495)]"
0.54,0.8,0.26,4,3,0.89538,0.46452,0.89594,"[np.float64(0.5396), np.float64(0.6296), np.float64(0.7095), np.float64(0.7994)]"
0.48,0.72,0.24,10,2,0.89537,0.46454,0.89593,"[np.float64(0.4796), np.float64(0.5096), np.float64(0.5296), np.float64(0.5596), np.float64(0.5896), np.float64(0.6096), np.float64(0.6396), np.float64(0.6695), np.float64(0.6895), np.float64(0.7195)]"
0.44,0.77,0.33,6,2,0.89531,0.46467,0.89589,"[np.float64(0.4396), np.float64(0.5096), np.float64(0.5696), np.float64(0.6396), np.float64(0.6995), np.float64(0.7695)]"
0.5,0.71,0.21,14,2,0.8953,0.46471,0.89587,"[np.float64(0.4996), np.float64(0.5196), np.float64(0.5296), np.float64(0.5496), np.float64(0.5596), np.float64(0.5796), np.float64(0.5996), np.float64(0.6096), np.float64(0.6296), np.float64(0.6495), np.float64(0.6595), np.float64(0.6795), np.float64(0.6895), np.float64(0.7095)]"
0.44,0.76,0.32,5,2,0.89524,0.46483,0.89583,"[np.float64(0.4396), np.float64(0.5196), np.float64(0.5996), np.float64(0.6795), np.float64(0.7595)]"
0.5,0.71,0.21,20,2,0.8952,0.46491,0.8958,"[np.float64(0.4996), np.float64(0.5096), np.float64(0.5196), np.float64(0.5296), np.float64(0.5396), np.float64(0.5596), np.float64(0.5696), np.float64(0.5796), np.float64(0.5896), np.float64(0.5996), np.float64(0.6096), np.float64(0.6196), np.float64(0.6296), np.float64(0.6396), np.float64(0.6495), np.float64(0.6695), np.float64(0.6795), np.float64(0.6895), np.float64(0.6995), np.float64(0.7095)]"
0.48,0.72,0.24,12,2,0.89519,0.46494,0.89579,"[np.float64(0.4796), np.float64(0.4996), np.float64(0.5196), np.float64(0.5496), np.float64(0.5696), np.float64(0.5896), np.float64(0.6096), np.float64(0.6296), np.float64(0.6495), np.float64(0.6795), np.float64(0.6995), np.float64(0.7195)]"
0.48,0.72,0.24,13,2,0.89504,0.46527,0.89567,"[np.float64(0.4796), np.float64(0.4996), np.float64(0.5196), np.float64(0.5396), np.float64(0.5596), np.float64(0.5796), np.float64(0.5996), np.float64(0.6196), np.float64(0.6396), np.float64(0.6595), np.float64(0.6795), np.float64(0.6995), np.float64(0.7195)]"
0.46,0.78,0.32,7,2,0.89497,0.46542,0.89561,"[np.float64(0.4596), np.float64(0.5096), np.float64(0.5696), np.float64(0.6196), np.float64(0.6695), np.float64(0.7295), np.float64(0.7795)]"
0.42,0.78,0.36,18,2,0.89496,0.46546,0.8956,"[np.float64(0.4196), np.float64(0.4396), np.float64(0.4596), np.float64(0.4796), np.float64(0.4996), np.float64(0.5296), np.float64(0.5496), np.float64(0.5696), np.float64(0.5896), np.float64(0.6096), np.float64(0.6296), np.float64(0.6495), np.float64(0.6695), np.float64(0.6995), np.float64(0.7195), np.float64(0.7395), np.float64(0.7595), np.float64(0.7795)]"
0.48,0.78,0.3,6,2,0.89488,0.46562,0.89554,"[np.float64(0.4796), np.float64(0.5396), np.float64(0.5996), np.float64(0.6595), np.float64(0.7195), np.float64(0.7795)]"
0.42,0.79,0.37,19,2,0.89479,0.46583,0.89547,"[np.float64(0.4196), np.float64(0.4396), np.float64(0.4596), np.float64(0.4796), np.float64(0.4996), np.float64(0.5196), np.float64(0.5396), np.float64(0.5596), np.float64(0.5796), np.float64(0.5996), np.float64(0.6296), np.float64(0.6495), np.float64(0.6695), np.float64(0.6895), np.float64(0.7095), np.float64(0.7295), np.float64(0.7495), np.float64(0.7695), np.float64(0.7894)]"
0.5,0.79,0.29,8,3,0.89479,0.46584,0.89546,"[np.float64(0.4996), np.float64(0.5396), np.float64(0.5796), np.float64(0.6196), np.float64(0.6695), np.float64(0.7095), np.float64(0.7495), np.float64(0.7894)]"
0.48,0.72,0.24,14,2,0.89468,0.46607,0.89538,"[np.float64(0.4796), np.float64(0.4996), np.float64(0.5196), np.float64(0.5396), np.float64(0.5496), np.float64(0.5696), np.float64(0.5896), np.float64(0.6096), np.float64(0.6296), np.float64(0.6495), np.float64(0.6595), np.float64(0.6795), np.float64(0.6995), np.float64(0.7195)]"
0.44,0.76,0.32,2,2,0.89459,0.46628,0.89531,"[np.float64(0.4396), np.float64(0.7595)]"
0.48,0.72,0.24,18,2,0.89453,0.46639,0.89526,"[np.float64(0.4796), np.float64(0.4896), np.float64(0.5096), np.float64(0.5196), np.float64(0.5396), np.float64(0.5496), np.float64(0.5596), np.float64(0.5796), np.float64(0.5896), np.float64(0.6096), np.float64(0.6196), np.float64(0.6396), np.float64(0.6495), np.float64(0.6595), np.float64(0.6795), np.float64(0.6895), np.float64(0.7095), np.float64(0.7195)]"
0.48,0.8,0.32,16,3,0.89453,0.4664,0.89526,"[np.float64(0.4796), np.float64(0.4996), np.float64(0.5196), np.float64(0.5396), np.float64(0.5696), np.float64(0.5896), np.float64(0.6096), np.float64(0.6296), np.float64(0.6495), np.float64(0.6695), np.float64(0.6895), np.float64(0.7095), np.float64(0.7395), np.float64(0.7595), np.float64(0.7795), np.float64(0.7994)]"
0.42,0.77,0.35,6,3,0.89453,0.46641,0.89526,"[np.float64(0.4196), np.float64(0.4896), np.float64(0.5596), np.float64(0.6296), np.float64(0.6995), np.float64(0.7695)]"
0.54,0.78,0.24,4,3,0.89451,0.46644,0.89525,"[np.float64(0.5396), np.float64(0.6196), np.float64(0.6995), np.float64(0.7795)]"
0.42,0.74,0.32,6,3,0.89452,0.46642,0.89525,"[np.float64(0.4196), np.float64(0.4796), np.float64(0.5496), np.float64(0.6096), np.float64(0.6795), np.float64(0.7395)]"
0.48,0.72,0.24,15,2,0.89451,0.46644,0.89525,"[np.float64(0.4796), np.float64(0.4996), np.float64(0.5096), np.float64(0.5296), np.float64(0.5496), np.float64(0.5696), np.float64(0.5796), np.float64(0.5996), np.float64(0.6196), np.float64(0.6296), np.float64(0.6495), np.float64(0.6695), np.float64(0.6895), np.float64(0.6995), np.float64(0.7195)]"
0.42,0.78,0.36,11,2,0.89443,0.46662,0.89518,"[np.float64(0.4196), np.float64(0.4596), np.float64(0.4896), np.float64(0.5296), np.float64(0.5596), np.float64(0.5996), np.float64(0.6396), np.float64(0.6695), np.float64(0.7095), np.float64(0.7395), np.float64(0.7795)]"
0.48,0.8,0.32,12,3,0.8944,0.46668,0.89516,"[np.float64(0.4796), np.float64(0.5096), np.float64(0.5396), np.float64(0.5696), np.float64(0.5996), np.float64(0.6296), np.float64(0.6495), np.float64(0.6795), np.float64(0.7095), np.float64(0.7395), np.float64(0.7695), np.float64(0.7994)]"
0.46,0.79,0.33,10,2,0.8944,0.46669,0.89516,"[np.float64(0.4596), np.float64(0.4996), np.float64(0.5296), np.float64(0.5696), np.float64(0.6096), np.float64(0.6396), np.float64(0.6795), np.float64(0.7195), np.float64(0.7495), np.float64(0.7894)]"
0.46,0.73,0.27,4,2,0.89435,0.4668,0.89512,"[np.float64(0.4596), np.float64(0.5496), np.float64(0.6396), np.float64(0.7295)]"
0.42,0.78,0.36,16,2,0.89431,0.46688,0.89509,"[np.float64(0.4196), np.float64(0.4396), np.float64(0.4696), np.float64(0.4896), np.float64(0.5196), np.float64(0.5396), np.float64(0.5596), np.float64(0.5896), np.float64(0.6096), np.float64(0.6396), np.float64(0.6595), np.float64(0.6795), np.float64(0.7095), np.float64(0.7295), np.float64(0.7595), np.float64(0.7795)]"
0.42,0.78,0.36,13,2,0.89429,0.46694,0.89507,"[np.float64(0.4196), np.float64(0.4496), np.float64(0.4796), np.float64(0.5096), np.float64(0.5396), np.float64(0.5696), np.float64(0.5996), np.float64(0.6296), np.float64(0.6595), np.float64(0.6895), np.float64(0.7195), np.float64(0.7495), np.float64(0.7795)]"
0.48,0.72,0.24,16,2,0.89425,0.46702,0.89504,"[np.float64(0.4796), np.float64(0.4996), np.float64(0.5096), np.float64(0.5296), np.float64(0.5396), np.float64(0.5596), np.float64(0.5796), np.float64(0.5896), np.float64(0.6096), np.float64(0.6196), np.float64(0.6396), np.float64(0.6595), np.float64(0.6695), np.float64(0.6895), np.float64(0.6995), np.float64(0.7195)]"
0.46,0.8,0.34,11,3,0.89425,0.46703,0.89503,"[np.float64(0.4596), np.float64(0.4896), np.float64(0.5296), np.float64(0.5596), np.float64(0.5996), np.float64(0.6296), np.float64(0.6595), np.float64(0.6995), np.float64(0.7295), np.float64(0.7695), np.float64(0.7994)]"
0.48,0.77,0.29,4,2,0.89417,0.46719,0.89498,"[np.float64(0.4796), np.float64(0.5796), np.float64(0.6695), np.float64(0.7695)]"
0.48,0.72,0.24,19,2,0.89415,0.46724,0.89496,"[np.float64(0.4796), np.float64(0.4896), np.float64(0.5096), np.float64(0.5196), np.float64(0.5296), np.float64(0.5496), np.float64(0.5596), np.float64(0.5696), np.float64(0.5896), np.float64(0.5996), np.float64(0.6096), np.float64(0.6296), np.float64(0.6396), np.float64(0.6495), np.float64(0.6695), np.float64(0.6795), np.float64(0.6895), np.float64(0.7095), np.float64(0.7195)]"
0.46,0.76,0.3,3,2,0.89414,0.46727,0.89495,"[np.float64(0.4596), np.float64(0.6096), np.float64(0.7595)]"
0.48,0.72,0.24,17,2,0.89413,0.46728,0.89494,"[np.float64(0.4796), np.float64(0.4996), np.float64(0.5096), np.float64(0.5196), np.float64(0.5396), np.float64(0.5596), np.float64(0.5696), np.float64(0.5796), np.float64(0.5996), np.float64(0.6196), np.float64(0.6296), np.float64(0.6396), np.float64(0.6595), np.float64(0.6795), np.float64(0.6895), np.float64(0.6995), np.float64(0.7195)]"
0.46,0.8,0.34,10,3,0.894,0.46757,0.89484,"[np.float64(0.4596), np.float64(0.4996), np.float64(0.5396), np.float64(0.5696), np.float64(0.6096), np.float64(0.6495), np.float64(0.6895), np.float64(0.7195), np.float64(0.7595), np.float64(0.7994)]"
0.44,0.75,0.31,18,2,0.89397,0.46763,0.89482,"[np.float64(0.4396), np.float64(0.4596), np.float64(0.4796), np.float64(0.4896), np.float64(0.5096), np.float64(0.5296), np.float64(0.5496), np.float64(0.5696), np.float64(0.5896), np.float64(0.5996), np.float64(0.6196), np.float64(0.6396), np.float64(0.6595), np.float64(0.6795), np.float64(0.6995), np.float64(0.7095), np.float64(0.7295), np.float64(0.7495)]"
0.4,0.75,0.35,16,3,0.89398,0.46762,0.89482,"[np.float64(0.3996), np.float64(0.4196), np.float64(0.4496), np.float64(0.4696), np.float64(0.4896), np.float64(0.5196), np.float64(0.5396), np.float64(0.5596), np.float64(0.5896), np.float64(0.6096), np.float64(0.6296), np.float64(0.6595), np.float64(0.6795), np.float64(0.6995), np.float64(0.7295), np.float64(0.7495)]"
0.42,0.78,0.36,17,2,0.89395,0.46769,0.8948,"[np.float64(0.4196), np.float64(0.4396), np.float64(0.4596), np.float64(0.4896), np.float64(0.5096), np.float64(0.5296), np.float64(0.5596), np.float64(0.5796), np.float64(0.5996), np.float64(0.6196), np.float64(0.6396), np.float64(0.6695), np.float64(0.6895), np.float64(0.7095), np.float64(0.7395), np.float64(0.7595), np.float64(0.7795)]"
0.46,0.8,0.34,19,2,0.89391,0.46778,0.89476,"[np.float64(0.4596), np.float64(0.4796), np.float64(0.4996), np.float64(0.5196), np.float64(0.5396), np.float64(0.5496), np.float64(0.5696), np.float64(0.5896), np.float64(0.6096), np.float64(0.6296), np.float64(0.6495), np.float64(0.6695), np.float64(0.6895), np.float64(0.7095), np.float64(0.7195), np.float64(0.7395), np.float64(0.7595), np.float64(0.7795), np.float64(0.7994)]"
0.56,0.78,0.22,3,3,0.89383,0.46794,0.89471,"[np.float64(0.5596), np.float64(0.6695), np.float64(0.7795)]"
0.48,0.72,0.24,20,2,0.89383,0.46795,0.8947,"[np.float64(0.4796), np.float64(0.4896), np.float64(0.5096), np.float64(0.5196), np.float64(0.5296), np.float64(0.5396), np.float64(0.5596), np.float64(0.5696), np.float64(0.5796), np.float64(0.5896), np.float64(0.6096), np.float64(0.6196), np.float64(0.6296), np.float64(0.6396), np.float64(0.6595), np.float64(0.6695), np.float64(0.6795), np.float64(0.6895), np.float64(0.7095), np.float64(0.7195)]"
0.44,0.75,0.31,19,3,0.89383,0.46795,0.8947,"[np.float64(0.4396), np.float64(0.4596), np.float64(0.4696), np.float64(0.4896), np.float64(0.5096), np.float64(0.5296), np.float64(0.5396), np.float64(0.5596), np.float64(0.5796), np.float64(0.5996), np.float64(0.6096), np.float64(0.6296), np.float64(0.6495), np.float64(0.6595), np.float64(0.6795), np.float64(0.6995), np.float64(0.7195), np.float64(0.7295), np.float64(0.7495)]"
0.5,0.8,0.3,8,3,0.89379,0.46803,0.89467,"[np.float64(0.4996), np.float64(0.5396), np.float64(0.5896), np.float64(0.6296), np.float64(0.6695), np.float64(0.7095), np.float64(0.7595), np.float64(0.7994)]"
0.48,0.71,0.23,3,2,0.89379,0.46803,0.89467,"[np.float64(0.4796), np.float64(0.5996), np.float64(0.7095)]"
0.52,0.8,0.28,5,3,0.89366,0.46832,0.89457,"[np.float64(0.5196), np.float64(0.5896), np.float64(0.6595), np.float64(0.7295), np.float64(0.7994)]"
0.5,0.7,0.2,4,2,0.89365,0.46834,0.89456,"[np.float64(0.4996), np.float64(0.5696), np.float64(0.6296), np.float64(0.6995)]"
0.4,0.76,0.36,3,3,0.89364,0.46836,0.89455,"[np.float64(0.3996), np.float64(0.5796), np.float64(0.7595)]"
0.46,0.8,0.34,20,2,0.89364,0.46836,0.89455,"[np.float64(0.4596), np.float64(0.4796), np.float64(0.4996), np.float64(0.5096), np.float64(0.5296), np.float64(0.5496), np.float64(0.5696), np.float64(0.5896), np.float64(0.5996), np.float64(0.6196), np.float64(0.6396), np.float64(0.6595), np.float64(0.6695), np.float64(0.6895), np.float64(0.7095), np.float64(0.7295), np.float64(0.7495), np.float64(0.7595), np.float64(0.7795), np.float64(0.7994)]"
0.44,0.79,0.35,13,2,0.89363,0.46838,0.89455,"[np.float64(0.4396), np.float64(0.4696), np.float64(0.4996), np.float64(0.5296), np.float64(0.5596), np.float64(0.5896), np.float64(0.6196), np.float64(0.6396), np.float64(0.6695), np.float64(0.6995), np.float64(0.7295), np.float64(0.7595), np.float64(0.7894)]"
0.52,0.78,0.26,5,2,0.89337,0.46896,0.89434,"[np.float64(0.5196), np.float64(0.5796), np.float64(0.6495), np.float64(0.7195), np.float64(0.7795)]"
0.44,0.75,0.31,20,2,0.89329,0.46913,0.89427,"[np.float64(0.4396), np.float64(0.4596), np.float64(0.4696), np.float64(0.4896), np.float64(0.5096), np.float64(0.5196), np.float64(0.5396), np.float64(0.5496), np.float64(0.5696), np.float64(0.5896), np.float64(0.5996), np.float64(0.6196), np.float64(0.6396), np.float64(0.6495), np.float64(0.6695), np.float64(0.6795), np.float64(0.6995), np.float64(0.7195), np.float64(0.7295), np.float64(0.7495)]"
0.5,0.8,0.3,7,3,0.8932,0.46933,0.8942,"[np.float64(0.4996), np.float64(0.5496), np.float64(0.5996), np.float64(0.6495), np.float64(0.6995), np.float64(0.7495), np.float64(0.7994)]"
0.44,0.78,0.34,8,2,0.893,0.46978,0.89404,"[np.float64(0.4396), np.float64(0.4896), np.float64(0.5396), np.float64(0.5896), np.float64(0.6296), np.float64(0.6795), np.float64(0.7295), np.float64(0.7795)]"
0.46,0.79,0.33,11,2,0.89298,0.46981,0.89403,"[np.float64(0.4596), np.float64(0.4896), np.float64(0.5296), np.float64(0.5596), np.float64(0.5896), np.float64(0.6196), np.float64(0.6595), np.float64(0.6895), np.float64(0.7195), np.float64(0.7595), np.float64(0.7894)]"
0.48,0.8,0.32,10,3,0.89296,0.46985,0.89401,"[np.float64(0.4796), np.float64(0.5196), np.float64(0.5496), np.float64(0.5896), np.float64(0.6196), np.float64(0.6595), np.float64(0.6895), np.float64(0.7295), np.float64(0.7595), np.float64(0.7994)]"
0.42,0.79,0.37,20,2,0.89291,0.46998,0.89397,"[np.float64(0.4196), np.float64(0.4396), np.float64(0.4596), np.float64(0.4796), np.float64(0.4996), np.float64(0.5196), np.float64(0.5396), np.float64(0.5596), np.float64(0.5796), np.float64(0.5996), np.float64(0.6096), np.float64(0.6296), np.float64(0.6495), np.float64(0.6695), np.float64(0.6895), np.float64(0.7095), np.float64(0.7295), np.float64(0.7495), np.float64(0.7695), np.float64(0.7894)]"
0.48,0.8,0.32,14,3,0.89288,0.47003,0.89395,"[np.float64(0.4796), np.float64(0.4996), np.float64(0.5296), np.float64(0.5496), np.float64(0.5796), np.float64(0.5996), np.float64(0.6296), np.float64(0.6495), np.float64(0.6795), np.float64(0.6995), np.float64(0.7295), np.float64(0.7495), np.float64(0.7795), np.float64(0.7994)]"
0.44,0.77,0.33,5,2,0.89272,0.4704,0.89382,"[np.float64(0.4396), np.float64(0.5196), np.float64(0.5996), np.float64(0.6895), np.float64(0.7695)]"
0.56,0.77,0.21,3,2,0.89265,0.47054,0.89377,"[np.float64(0.5596), np.float64(0.6595), np.float64(0.7695)]"
0.46,0.73,0.27,6,2,0.89263,0.47058,0.89375,"[np.float64(0.4596), np.float64(0.5096), np.float64(0.5696), np.float64(0.6196), np.float64(0.6795), np.float64(0.7295)]"
0.5,0.7,0.2,5,2,0.89262,0.4706,0.89374,"[np.float64(0.4996), np.float64(0.5496), np.float64(0.5996), np.float64(0.6495), np.float64(0.6995)]"
0.42,0.78,0.36,12,2,0.89252,0.47082,0.89366,"[np.float64(0.4196), np.float64(0.4496), np.float64(0.4896), np.float64(0.5196), np.float64(0.5496), np.float64(0.5796), np.float64(0.6196), np.float64(0.6495), np.float64(0.6795), np.float64(0.7095), np.float64(0.7495), np.float64(0.7795)]"
0.54,0.77,0.23,3,2,0.89237,0.47116,0.89354,"[np.float64(0.5396), np.float64(0.6595), np.float64(0.7695)]"
0.42,0.78,0.36,10,2,0.89225,0.47143,0.89344,"[np.float64(0.4196), np.float64(0.4596), np.float64(0.4996), np.float64(0.5396), np.float64(0.5796), np.float64(0.6196), np.float64(0.6595), np.float64(0.6995), np.float64(0.7395), np.float64(0.7795)]"
0.4,0.78,0.38,8,3,0.89225,0.47142,0.89344,"[np.float64(0.3996), np.float64(0.4496), np.float64(0.5096), np.float64(0.5596), np.float64(0.6196), np.float64(0.6695), np.float64(0.7295), np.float64(0.7795)]"
0.44,0.8,0.36,20,2,0.89224,0.47143,0.89344,"[np.float64(0.4396), np.float64(0.4596), np.float64(0.4796), np.float64(0.4996), np.float64(0.5196), np.float64(0.5296), np.float64(0.5496), np.float64(0.5696), np.float64(0.5896), np.float64(0.6096), np.float64(0.6296), np.float64(0.6495), np.float64(0.6695), np.float64(0.6895), np.float64(0.7095), np.float64(0.7195), np.float64(0.7395), np.float64(0.7595), np.float64(0.7795), np.float64(0.7994)]"
0.46,0.77,0.31,4,2,0.89223,0.47147,0.89343,"[np.float64(0.4596), np.float64(0.5596), np.float64(0.6695), np.float64(0.7695)]"
0.52,0.79,0.27,5,3,0.89219,0.47154,0.8934,"[np.float64(0.5196), np.float64(0.5896), np.float64(0.6595), np.float64(0.7195), np.float64(0.7894)]"
0.42,0.75,0.33,18,3,0.89216,0.47162,0.89337,"[np.float64(0.4196), np.float64(0.4396), np.float64(0.4596), np.float64(0.4796), np.float64(0.4996), np.float64(0.5196), np.float64(0.5396), np.float64(0.5596), np.float64(0.5796), np.float64(0.5896), np.float64(0.6096), np.float64(0.6296), np.float64(0.6495), np.float64(0.6695), np.float64(0.6895), np.float64(0.7095), np.float64(0.7295), np.float64(0.7495)]"
0.4,0.75,0.35,17,3,0.89203,0.47189,0.89328,"[np.float64(0.3996), np.float64(0.4196), np.float64(0.4396), np.float64(0.4696), np.float64(0.4896), np.float64(0.5096), np.float64(0.5296), np.float64(0.5496), np.float64(0.5796), np.float64(0.5996), np.float64(0.6196), np.float64(0.6396), np.float64(0.6595), np.float64(0.6795), np.float64(0.7095), np.float64(0.7295), np.float64(0.7495)]"
0.42,0.79,0.37,14,2,0.89202,0.47191,0.89327,"[np.float64(0.4196), np.float64(0.4496), np.float64(0.4796), np.float64(0.5096), np.float64(0.5296), np.float64(0.5596), np.float64(0.5896), np.float64(0.6196), np.float64(0.6495), np.float64(0.6795), np.float64(0.6995), np.float64(0.7295), np.float64(0.7595), np.float64(0.7894)]"
0.46,0.7,0.24,2,2,0.89196,0.47205,0.89322,"[np.float64(0.4596), np.float64(0.6995)]"
0.42,0.75,0.33,17,3,0.89193,0.47211,0.89319,"[np.float64(0.4196), np.float64(0.4396), np.float64(0.4596), np.float64(0.4796), np.float64(0.4996), np.float64(0.5196), np.float64(0.5396), np.float64(0.5596), np.float64(0.5796), np.float64(0.6096), np.float64(0.6296), np.float64(0.6495), np.float64(0.6695), np.float64(0.6895), np.float64(0.7095), np.float64(0.7295), np.float64(0.7495)]"
0.44,0.74,0.3,7,3,0.89184,0.47232,0.89312,"[np.float64(0.4396), np.float64(0.4896), np.float64(0.5396), np.float64(0.5896), np.float64(0.6396), np.float64(0.6895), np.float64(0.7395)]"
0.42,0.78,0.36,8,2,0.89173,0.47255,0.89303,"[np.float64(0.4196), np.float64(0.4696), np.float64(0.5196), np.float64(0.5696), np.float64(0.6296), np.float64(0.6795), np.float64(0.7295), np.float64(0.7795)]"
0.42,0.79,0.37,18,2,0.89169,0.47265,0.893,"[np.float64(0.4196), np.float64(0.4396), np.float64(0.4596), np.float64(0.4896), np.float64(0.5096), np.float64(0.5296), np.float64(0.5496), np.float64(0.5696), np.float64(0.5896), np.float64(0.6196), np.float64(0.6396), np.float64(0.6595), np.float64(0.6795), np.float64(0.6995), np.float64(0.7195), np.float64(0.7495), np.float64(0.7695), np.float64(0.7894)]"
0.42,0.79,0.37,15,2,0.89165,0.47272,0.89297,"[np.float64(0.4196), np.float64(0.4496), np.float64(0.4696), np.float64(0.4996), np.float64(0.5296), np.float64(0.5496), np.float64(0.5796), np.float64(0.5996), np.float64(0.6296), np.float64(0.6595), np.float64(0.6795), np.float64(0.7095), np.float64(0.7395), np.float64(0.7595), np.float64(0.7894)]"
0.5,0.7,0.2,6,2,0.89163,0.47277,0.89295,"[np.float64(0.4996), np.float64(0.5396), np.float64(0.5796), np.float64(0.6196), np.float64(0.6595), np.float64(0.6995)]"
0.42,0.79,0.37,17,2,0.89159,0.47286,0.89292,"[np.float64(0.4196), np.float64(0.4396), np.float64(0.4696), np.float64(0.4896), np.float64(0.5096), np.float64(0.5396), np.float64(0.5596), np.float64(0.5796), np.float64(0.5996), np.float64(0.6296), np.float64(0.6495), np.float64(0.6695), np.float64(0.6995), np.float64(0.7195), np.float64(0.7395), np.float64(0.7695), np.float64(0.7894)]"
0.44,0.78,0.34,7,2,0.89155,0.47294,0.89289,"[np.float64(0.4396), np.float64(0.4996), np.float64(0.5496), np.float64(0.6096), np.float64(0.6695), np.float64(0.7195), np.float64(0.7795)]"
0.48,0.8,0.32,11,3,0.89143,0.47321,0.8928,"[np.float64(0.4796), np.float64(0.5096), np.float64(0.5396), np.float64(0.5796), np.float64(0.6096), np.float64(0.6396), np.float64(0.6695), np.float64(0.6995), np.float64(0.7395), np.float64(0.7695), np.float64(0.7994)]"
0.46,0.73,0.27,5,2,0.89139,0.4733,0.89276,"[np.float64(0.4596), np.float64(0.5296), np.float64(0.5996), np.float64(0.6595), np.float64(0.7295)]"
0.46,0.73,0.27,19,2,0.89138,0.47333,0.89275,"[np.float64(0.4596), np.float64(0.4796), np.float64(0.4896), np.float64(0.4996), np.float64(0.5196), np.float64(0.5396), np.float64(0.5496), np.float64(0.5596), np.float64(0.5796), np.float64(0.5996), np.float64(0.6096), np.float64(0.6196), np.float64(0.6396), np.float64(0.6595), np.float64(0.6695), np.float64(0.6795), np.float64(0.6995), np.float64(0.7195), np.float64(0.7295)]"
0.46,0.8,0.34,18,2,0.89133,0.47343,0.89271,"[np.float64(0.4596), np.float64(0.4796), np.float64(0.4996), np.float64(0.5196), np.float64(0.5396), np.float64(0.5596), np.float64(0.5796), np.float64(0.5996), np.float64(0.6196), np.float64(0.6396), np.float64(0.6595), np.float64(0.6795), np.float64(0.6995), np.float64(0.7195), np.float64(0.7395), np.float64(0.7595), np.float64(0.7795), np.float64(0.7994)]"
0.48,0.76,0.28,2,2,0.8913,0.4735,0.89269,"[np.float64(0.4796), np.float64(0.7595)]"
0.46,0.78,0.32,6,2,0.89129,0.47351,0.89269,"[np.float64(0.4596), np.float64(0.5196), np.float64(0.5896), np.float64(0.6495), np.float64(0.7195), np.float64(0.7795)]"
0.42,0.79,0.37,16,2,0.89109,0.47394,0.89253,"[np.float64(0.4196), np.float64(0.4396), np.float64(0.4696), np.float64(0.4896), np.float64(0.5196), np.float64(0.5396), np.float64(0.5696), np.float64(0.5896), np.float64(0.6196), np.float64(0.6396), np.float64(0.6695), np.float64(0.6895), np.float64(0.7195), np.float64(0.7395), np.float64(0.7695), np.float64(0.7894)]"
0.42,0.79,0.37,13,2,0.89109,0.47394,0.89253,"[np.float64(0.4196), np.float64(0.4496), np.float64(0.4796), np.float64(0.5096), np.float64(0.5396), np.float64(0.5696), np.float64(0.5996), np.float64(0.6396), np.float64(0.6695), np.float64(0.6995), np.float64(0.7295), np.float64(0.7595), np.float64(0.7894)]"
0.4,0.79,0.39,20,2,0.89107,0.474,0.89251,"[np.float64(0.3996), np.float64(0.4196), np.float64(0.4396), np.float64(0.4596), np.float64(0.4796), np.float64(0.4996), np.float64(0.5196), np.float64(0.5396), np.float64(0.5596), np.float64(0.5796), np.float64(0.6096), np.float64(0.6296), np.float64(0.6495), np.float64(0.6695), np.float64(0.6895), np.float64(0.7095), np.float64(0.7295), np.float64(0.7495), np.float64(0.7695), np.float64(0.7894)]"
0.44,0.79,0.35,12,2,0.89103,0.47407,0.89248,"[np.float64(0.4396), np.float64(0.4696), np.float64(0.4996), np.float64(0.5396), np.float64(0.5696), np.float64(0.5996), np.float64(0.6296), np.float64(0.6595), np.float64(0.6895), np.float64(0.7295), np.float64(0.7595), np.float64(0.7894)]"
0.4,0.74,0.34,7,3,0.89098,0.47418,0.89244,"[np.float64(0.3996), np.float64(0.4596), np.float64(0.5096), np.float64(0.5696), np.float64(0.6296), np.float64(0.6795), np.float64(0.7395)]"
0.46,0.73,0.27,9,2,0.89093,0.47429,0.8924,"[np.float64(0.4596), np.float64(0.4896), np.float64(0.5296), np.float64(0.5596), np.float64(0.5996), np.float64(0.6296), np.float64(0.6595), np.float64(0.6995), np.float64(0.7295)]"
0.5,0.78,0.28,5,2,0.8909,0.47436,0.89238,"[np.float64(0.4996), np.float64(0.5696), np.float64(0.6396), np.float64(0.7095), np.float64(0.7795)]"
0.5,0.79,0.29,7,3,0.8909,0.47436,0.89238,"[np.float64(0.4996), np.float64(0.5496), np.float64(0.5996), np.float64(0.6396), np.float64(0.6895), np.float64(0.7395), np.float64(0.7894)]"
0.46,0.73,0.27,14,2,0.89077,0.47463,0.89228,"[np.float64(0.4596), np.float64(0.4796), np.float64(0.4996), np.float64(0.5196), np.float64(0.5396), np.float64(0.5596), np.float64(0.5796), np.float64(0.6096), np.float64(0.6296), np.float64(0.6495), np.float64(0.6695), np.float64(0.6895), np.float64(0.7095), np.float64(0.7295)]"
0.44,0.76,0.32,3,2,0.89077,0.47464,0.89227,"[np.float64(0.4396), np.float64(0.5996), np.float64(0.7595)]"
0.5,0.7,0.2,7,2,0.89071,0.47478,0.89222,"[np.float64(0.4996), np.float64(0.5296), np.float64(0.5696), np.float64(0.5996), np.float64(0.6296), np.float64(0.6695), np.float64(0.6995)]"
0.46,0.73,0.27,11,2,0.8907,0.4748,0.89221,"[np.float64(0.4596), np.float64(0.4896), np.float64(0.5096), np.float64(0.5396), np.float64(0.5696), np.float64(0.5996), np.float64(0.6196), np.float64(0.6495), np.float64(0.6795), np.float64(0.6995), np.float64(0.7295)]"
0.46,0.73,0.27,10,2,0.89065,0.47491,0.89217,"[np.float64(0.4596), np.float64(0.4896), np.float64(0.5196), np.float64(0.5496), np.float64(0.5796), np.float64(0.6096), np.float64(0.6396), np.float64(0.6695), np.float64(0.6995), np.float64(0.7295)]"
0.46,0.79,0.33,9,2,0.89059,0.47503,0.89213,"[np.float64(0.4596), np.float64(0.4996), np.float64(0.5396), np.float64(0.5796), np.float64(0.6196), np.float64(0.6695), np.float64(0.7095), np.float64(0.7495), np.float64(0.7894)]"
0.46,0.8,0.34,14,2,0.89053,0.47517,0.89208,"[np.float64(0.4596), np.float64(0.4896), np.float64(0.5096), np.float64(0.5396), np.float64(0.5596), np.float64(0.5896), np.float64(0.6196), np.float64(0.6396), np.float64(0.6695), np.float64(0.6995), np.float64(0.7195), np.float64(0.7495), np.float64(0.7695), np.float64(0.7994)]"
0.48,0.79,0.31,8,3,0.89031,0.47564,0.89191,"[np.float64(0.4796), np.float64(0.5196), np.float64(0.5696), np.float64(0.6096), np.float64(0.6595), np.float64(0.6995), np.float64(0.7495), np.float64(0.7894)]"
0.44,0.76,0.32,4,2,0.8903,0.47566,0.8919,"[np.float64(0.4396), np.float64(0.5496), np.float64(0.6495), np.float64(0.7595)]"
0.46,0.73,0.27,12,2,0.89022,0.47584,0.89183,"[np.float64(0.4596), np.float64(0.4796), np.float64(0.5096), np.float64(0.5296), np.float64(0.5596), np.float64(0.5796), np.float64(0.6096), np.float64(0.6296), np.float64(0.6595), np.float64(0.6795), np.float64(0.7095), np.float64(0.7295)]"
0.46,0.73,0.27,8,2,0.89019,0.47589,0.89181,"[np.float64(0.4596), np.float64(0.4996), np.float64(0.5396), np.float64(0.5796), np.float64(0.6096), np.float64(0.6495), np.float64(0.6895), np.float64(0.7295)]"
0.5,0.7,0.2,9,2,0.89007,0.47616,0.89172,"[np.float64(0.4996), np.float64(0.5196), np.float64(0.5496), np.float64(0.5796), np.float64(0.5996), np.float64(0.6196), np.float64(0.6495), np.float64(0.6795), np.float64(0.6995)]"
0.42,0.74,0.32,7,3,0.89003,0.47626,0.89168,"[np.float64(0.4196), np.float64(0.4696), np.float64(0.5296), np.float64(0.5796), np.float64(0.6296), np.float64(0.6895), np.float64(0.7395)]"
0.44,0.74,0.3,8,3,0.88988,0.47658,0.89156,"[np.float64(0.4396), np.float64(0.4796), np.float64(0.5296), np.float64(0.5696), np.float64(0.6096), np.float64(0.6495), np.float64(0.6995), np.float64(0.7395)]"
0.5,0.7,0.2,8,2,0.88986,0.47661,0.89155,"[np.float64(0.4996), np.float64(0.5296), np.float64(0.5596), np.float64(0.5896), np.float64(0.6096), np.float64(0.6396), np.float64(0.6695), np.float64(0.6995)]"
0.5,0.7,0.2,10,2,0.88978,0.47679,0.89149,"[np.float64(0.4996), np.float64(0.5196), np.float64(0.5396), np.float64(0.5696), np.float64(0.5896), np.float64(0.6096), np.float64(0.6296), np.float64(0.6595), np.float64(0.6795), np.float64(0.6995)]"
0.5,0.8,0.3,6,3,0.88976,0.47683,0.89147,"[np.float64(0.4996), np.float64(0.5596), np.float64(0.6196), np.float64(0.6795), np.float64(0.7395), np.float64(0.7994)]"
0.46,0.8,0.34,13,2,0.88972,0.47691,0.89144,"[np.float64(0.4596), np.float64(0.4896), np.float64(0.5196), np.float64(0.5396), np.float64(0.5696), np.float64(0.5996), np.float64(0.6296), np.float64(0.6595), np.float64(0.6895), np.float64(0.7195), np.float64(0.7395), np.float64(0.7695), np.float64(0.7994)]"
0.46,0.79,0.33,8,2,0.88972,0.47692,0.89144,"[np.float64(0.4596), np.float64(0.5096), np.float64(0.5496), np.float64(0.5996), np.float64(0.6495), np.float64(0.6995), np.float64(0.7395), np.float64(0.7894)]"
0.46,0.73,0.27,17,2,0.88966,0.47704,0.89139,"[np.float64(0.4596), np.float64(0.4796), np.float64(0.4896), np.float64(0.5096), np.float64(0.5296), np.float64(0.5396), np.float64(0.5596), np.float64(0.5796), np.float64(0.5996), np.float64(0.6096), np.float64(0.6296), np.float64(0.6495), np.float64(0.6595), np.float64(0.6795), np.float64(0.6995), np.float64(0.7095), np.float64(0.7295)]"
0.48,0.8,0.32,9,3,0.88959,0.4772,0.89134,"[np.float64(0.4796), np.float64(0.5196), np.float64(0.5596), np.float64(0.5996), np.float64(0.6396), np.float64(0.6795), np.float64(0.7195), np.float64(0.7595), np.float64(0.7994)]"
0.48,0.71,0.23,4,2,0.88957,0.47725,0.89132,"[np.float64(0.4796), np.float64(0.5596), np.float64(0.6296), np.float64(0.7095)]"
0.4,0.79,0.39,18,2,0.88956,0.47727,0.89131,"[np.float64(0.3996), np.float64(0.4196), np.float64(0.4496), np.float64(0.4696), np.float64(0.4896), np.float64(0.5096), np.float64(0.5396), np.float64(0.5596), np.float64(0.5796), np.float64(0.6096), np.float64(0.6296), np.float64(0.6495), np.float64(0.6795), np.float64(0.6995), np.float64(0.7195), np.float64(0.7395), np.float64(0.7695), np.float64(0.7894)]"
0.46,0.8,0.34,16,2,0.88952,0.47735,0.89128,"[np.float64(0.4596), np.float64(0.4796), np.float64(0.5096), np.float64(0.5296), np.float64(0.5496), np.float64(0.5696), np.float64(0.5996), np.float64(0.6196), np.float64(0.6396), np.float64(0.6595), np.float64(0.6895), np.float64(0.7095), np.float64(0.7295), np.float64(0.7495), np.float64(0.7795), np.float64(0.7994)]"
0.44,0.8,0.36,19,2,0.88951,0.47737,0.89127,"[np.float64(0.4396), np.float64(0.4596), np.float64(0.4796), np.float64(0.4996), np.float64(0.5196), np.float64(0.5396), np.float64(0.5596), np.float64(0.5796), np.float64(0.5996), np.float64(0.6196), np.float64(0.6396), np.float64(0.6595), np.float64(0.6795), np.float64(0.6995), np.float64(0.7195), np.float64(0.7395), np.float64(0.7595), np.float64(0.7795), np.float64(0.7994)]"
0.46,0.73,0.27,7,2,0.88949,0.47743,0.89125,"[np.float64(0.4596), np.float64(0.4996), np.float64(0.5496), np.float64(0.5996), np.float64(0.6396), np.float64(0.6795), np.float64(0.7295)]"
0.46,0.73,0.27,16,2,0.88947,0.47746,0.89124,"[np.float64(0.4596), np.float64(0.4796), np.float64(0.4996), np.float64(0.5096), np.float64(0.5296), np.float64(0.5496), np.float64(0.5696), np.float64(0.5896), np.float64(0.5996), np.float64(0.6196), np.float64(0.6396), np.float64(0.6595), np.float64(0.6795), np.float64(0.6895), np.float64(0.7095), np.float64(0.7295)]"
0.44,0.8,0.36,15,2,0.88943,0.47755,0.89121,"[np.float64(0.4396), np.float64(0.4696), np.float64(0.4896), np.float64(0.5196), np.float64(0.5396), np.float64(0.5696), np.float64(0.5896), np.float64(0.6196), np.float64(0.6495), np.float64(0.6695), np.float64(0.6995), np.float64(0.7195), np.float64(0.7495), np.float64(0.7695), np.float64(0.7994)]"
0.5,0.7,0.2,11,2,0.88938,0.47764,0.89117,"[np.float64(0.4996), np.float64(0.5196), np.float64(0.5396), np.float64(0.5596), np.float64(0.5796), np.float64(0.5996), np.float64(0.6196), np.float64(0.6396), np.float64(0.6595), np.float64(0.6795), np.float64(0.6995)]"
0.44,0.79,0.35,11,2,0.8893,0.47783,0.89111,"[np.float64(0.4396), np.float64(0.4796), np.float64(0.5096), np.float64(0.5396), np.float64(0.5796), np.float64(0.6196), np.float64(0.6495), np.float64(0.6795), np.float64(0.7195), np.float64(0.7595), np.float64(0.7894)]"
0.42,0.78,0.36,9,2,0.88921,0.47802,0.89104,"[np.float64(0.4196), np.float64(0.4596), np.float64(0.5096), np.float64(0.5596), np.float64(0.5996), np.float64(0.6396), np.float64(0.6895), np.float64(0.7395), np.float64(0.7795)]"
0.5,0.7,0.2,12,2,0.88915,0.47815,0.89099,"[np.float64(0.4996), np.float64(0.5196), np.float64(0.5396), np.float64(0.5496), np.float64(0.5696), np.float64(0.5896), np.float64(0.6096), np.float64(0.6296), np.float64(0.6495), np.float64(0.6595), np.float64(0.6795), np.float64(0.6995)]"
0.46,0.73,0.27,18,2,0.88915,0.47816,0.89098,"[np.float64(0.4596), np.float64(0.4796), np.float64(0.4896), np.float64(0.5096), np.float64(0.5196), np.float64(0.5396), np.float64(0.5596), np.float64(0.5696), np.float64(0.5896), np.float64(0.5996), np.float64(0.6196), np.float64(0.6296), np.float64(0.6495), np.float64(0.6695), np.float64(0.6795), np.float64(0.6995), np.float64(0.7095), np.float64(0.7295)]"
0.4,0.79,0.39,15,2,0.88913,0.4782,0.89097,"[np.float64(0.3996), np.float64(0.4296), np.float64(0.4596), np.float64(0.4796), np.float64(0.5096), np.float64(0.5396), np.float64(0.5696), np.float64(0.5996), np.float64(0.6196), np.float64(0.6495), np.float64(0.6795), np.float64(0.7095), np.float64(0.7295), np.float64(0.7595), np.float64(0.7894)]"
0.52,0.8,0.28,4,3,0.88904,0.4784,0.8909,"[np.float64(0.5196), np.float64(0.6096), np.float64(0.7095), np.float64(0.7994)]"
0.4,0.75,0.35,15,3,0.88903,0.47841,0.89089,"[np.float64(0.3996), np.float64(0.4196), np.float64(0.4496), np.float64(0.4796), np.float64(0.4996), np.float64(0.5196), np.float64(0.5496), np.float64(0.5796), np.float64(0.5996), np.float64(0.6196), np.float64(0.6495), np.float64(0.6795), np.float64(0.6995), np.float64(0.7195), np.float64(0.7495)]"
0.42,0.79,0.37,11,2,0.88902,0.47842,0.89089,"[np.float64(0.4196), np.float64(0.4596), np.float64(0.4896), np.float64(0.5296), np.float64(0.5696), np.float64(0.5996), np.float64(0.6396), np.float64(0.6795), np.float64(0.7195), np.float64(0.7495), np.float64(0.7894)]"
0.46,0.73,0.27,20,2,0.88894,0.47861,0.89082,"[np.float64(0.4596), np.float64(0.4696), np.float64(0.4896), np.float64(0.4996), np.float64(0.5196), np.float64(0.5296), np.float64(0.5496), np.float64(0.5596), np.float64(0.5696), np.float64(0.5896), np.float64(0.5996), np.float64(0.6196), np.float64(0.6296), np.float64(0.6396), np.float64(0.6595), np.float64(0.6695), np.float64(0.6895), np.float64(0.6995), np.float64(0.7195), np.float64(0.7295)]"
0.4,0.79,0.39,16,2,0.88887,0.47876,0.89076,"[np.float64(0.3996), np.float64(0.4296), np.float64(0.4496), np.float64(0.4796), np.float64(0.4996), np.float64(0.5296), np.float64(0.5596), np.float64(0.5796), np.float64(0.6096), np.float64(0.6296), np.float64(0.6595), np.float64(0.6895), np.float64(0.7095), np.float64(0.7395), np.float64(0.7595), np.float64(0.7894)]"
0.42,0.76,0.34,2,2,0.88885,0.47879,0.89075,"[np.float64(0.4196), np.float64(0.7595)]"
0.5,0.7,0.2,15,2,0.88884,0.47882,0.89074,"[np.float64(0.4996), np.float64(0.5096), np.float64(0.5296), np.float64(0.5396), np.float64(0.5596), np.float64(0.5696), np.float64(0.5896), np.float64(0.5996), np.float64(0.6096), np.float64(0.6296), np.float64(0.6396), np.float64(0.6595), np.float64(0.6695), np.float64(0.6895), np.float64(0.6995)]"
0.48,0.79,0.31,7,3,0.8888,0.47891,0.89071,"[np.float64(0.4796), np.float64(0.5296), np.float64(0.5796), np.float64(0.6396), np.float64(0.6895), np.float64(0.7395), np.float64(0.7894)]"
0.46,0.8,0.34,17,2,0.88875,0.47902,0.89067,"[np.float64(0.4596), np.float64(0.4796), np.float64(0.4996), np.float64(0.5196), np.float64(0.5396), np.float64(0.5696), np.float64(0.5896), np.float64(0.6096), np.float64(0.6296), np.float64(0.6495), np.float64(0.6695), np.float64(0.6895), np.float64(0.7195), np.float64(0.7395), np.float64(0.7595), np.float64(0.7795), np.float64(0.7994)]"
0.5,0.7,0.2,17,2,0.8887,0.47913,0.89063,"[np.float64(0.4996), np.float64(0.5096), np.float64(0.5196), np.float64(0.5396), np.float64(0.5496), np.float64(0.5596), np.float64(0.5796), np.float64(0.5896), np.float64(0.5996), np.float64(0.6096), np.float64(0.6196), np.float64(0.6396), np.float64(0.6495), np.float64(0.6595), np.float64(0.6795), np.float64(0.6895), np.float64(0.6995)]"
0.5,0.7,0.2,13,2,0.88868,0.47917,0.89061,"[np.float64(0.4996), np.float64(0.5196), np.float64(0.5296), np.float64(0.5496), np.float64(0.5696), np.float64(0.5796), np.float64(0.5996), np.float64(0.6196), np.float64(0.6296), np.float64(0.6495), np.float64(0.6695), np.float64(0.6795), np.float64(0.6995)]"
0.5,0.7,0.2,16,2,0.88864,0.47925,0.89058,"[np.float64(0.4996), np.float64(0.5096), np.float64(0.5296), np.float64(0.5396), np.float64(0.5496), np.float64(0.5696), np.float64(0.5796), np.float64(0.5896), np.float64(0.6096), np.float64(0.6196), np.float64(0.6296), np.float64(0.6495), np.float64(0.6595), np.float64(0.6695), np.float64(0.6895), np.float64(0.6995)]"
0.44,0.79,0.35,10,2,0.88863,0.47928,0.89057,"[np.float64(0.4396), np.float64(0.4796), np.float64(0.5196), np.float64(0.5596), np.float64(0.5996), np.float64(0.6296), np.float64(0.6695), np.float64(0.7095), np.float64(0.7495), np.float64(0.7894)]"
0.46,0.73,0.27,15,2,0.8885,0.47956,0.89047,"[np.float64(0.4596), np.float64(0.4796), np.float64(0.4996), np.float64(0.5196), np.float64(0.5396), np.float64(0.5596), np.float64(0.5796), np.float64(0.5996), np.float64(0.6096), np.float64(0.6296), np.float64(0.6495), np.float64(0.6695), np.float64(0.6895), np.float64(0.7095), np.float64(0.7295)]"
0.5,0.7,0.2,18,2,0.88845,0.47966,0.89043,"[np.float64(0.4996), np.float64(0.5096), np.float64(0.5196), np.float64(0.5396), np.float64(0.5496), np.float64(0.5596), np.float64(0.5696), np.float64(0.5796), np.float64(0.5896), np.float64(0.6096), np.float64(0.6196), np.float64(0.6296), np.float64(0.6396), np.float64(0.6495), np.float64(0.6595), np.float64(0.6795), np.float64(0.6895), np.float64(0.6995)]"
0.5,0.7,0.2,20,2,0.88838,0.47981,0.89038,"[np.float64(0.4996), np.float64(0.5096), np.float64(0.5196), np.float64(0.5296), np.float64(0.5396), np.float64(0.5496), np.float64(0.5596), np.float64(0.5696), np.float64(0.5796), np.float64(0.5896), np.float64(0.6096), np.float64(0.6196), np.float64(0.6296), np.float64(0.6396), np.float64(0.6495), np.float64(0.6595), np.float64(0.6695), np.float64(0.6795), np.float64(0.6895), np.float64(0.6995)]"
0.5,0.7,0.2,14,2,0.88832,0.47993,0.89033,"[np.float64(0.4996), np.float64(0.5196), np.float64(0.5296), np.float64(0.5496), np.float64(0.5596), np.float64(0.5796), np.float64(0.5896), np.float64(0.6096), np.float64(0.6196), np.float64(0.6396), np.float64(0.6495), np.float64(0.6695), np.float64(0.6795), np.float64(0.6995)]"
0.5,0.7,0.2,19,2,0.88829,0.48001,0.89031,"[np.float64(0.4996), np.float64(0.5096), np.float64(0.5196), np.float64(0.5296), np.float64(0.5396), np.float64(0.5596), np.float64(0.5696), np.float64(0.5796), np.float64(0.5896), np.float64(0.5996), np.float64(0.6096), np.float64(0.6196), np.float64(0.6296), np.float64(0.6396), np.float64(0.6595), np.float64(0.6695), np.float64(0.6795), np.float64(0.6895), np.float64(0.6995)]"
0.46,0.73,0.27,13,2,0.88829,0.48,0.89031,"[np.float64(0.4596), np.float64(0.4796), np.float64(0.4996), np.float64(0.5296), np.float64(0.5496), np.float64(0.5696), np.float64(0.5996), np.float64(0.6196), np.float64(0.6396), np.float64(0.6595), np.float64(0.6795), np.float64(0.7095), np.float64(0.7295)]"
0.46,0.8,0.34,9,3,0.8882,0.48019,0.89024,"[np.float64(0.4596), np.float64(0.4996), np.float64(0.5396), np.float64(0.5896), np.float64(0.6296), np.float64(0.6695), np.float64(0.7195), np.float64(0.7595), np.float64(0.7994)]"
0.42,0.75,0.33,20,3,0.88819,0.48021,0.89023,"[np.float64(0.4196), np.float64(0.4396), np.float64(0.4496), np.float64(0.4696), np.float64(0.4896), np.float64(0.5096), np.float64(0.5196), np.float64(0.5396), np.float64(0.5596), np.float64(0.5796), np.float64(0.5896), np.float64(0.6096), np.float64(0.6296), np.float64(0.6495), np.float64(0.6595), np.float64(0.6795), np.float64(0.6995), np.float64(0.7195), np.float64(0.7295), np.float64(0.7495)]"
0.42,0.79,0.37,12,2,0.88812,0.48037,0.89017,"[np.float64(0.4196), np.float64(0.4496), np.float64(0.4896), np.float64(0.5196), np.float64(0.5496), np.float64(0.5896), np.float64(0.6196), np.float64(0.6595), np.float64(0.6895), np.float64(0.7195), np.float64(0.7595), np.float64(0.7894)]"
0.46,0.72,0.26,3,2,0.88808,0.48045,0.89014,"[np.float64(0.4596), np.float64(0.5896), np.float64(0.7195)]"
0.44,0.8,0.36,14,2,0.88803,0.48057,0.8901,"[np.float64(0.4396), np.float64(0.4696), np.float64(0.4996), np.float64(0.5196), np.float64(0.5496), np.float64(0.5796), np.float64(0.6096), np.float64(0.6296), np.float64(0.6595), np.float64(0.6895), np.float64(0.7195), np.float64(0.7395), np.float64(0.7695), np.float64(0.7994)]"
0.42,0.76,0.34,3,2,0.88801,0.48061,0.89008,"[np.float64(0.4196), np.float64(0.5896), np.float64(0.7595)]"
0.48,0.71,0.23,5,2,0.88787,0.48091,0.88997,"[np.float64(0.4796), np.float64(0.5396), np.float64(0.5996), np.float64(0.6495), np.float64(0.7095)]"
0.4,0.78,0.38,7,3,0.88777,0.48111,0.8899,"[np.float64(0.3996), np.float64(0.4596), np.float64(0.5296), np.float64(0.5896), np.float64(0.6495), np.float64(0.7195), np.float64(0.7795)]"
0.42,0.79,0.37,10,2,0.88776,0.48115,0.88989,"[np.float64(0.4196), np.float64(0.4596), np.float64(0.4996), np.float64(0.5396), np.float64(0.5796), np.float64(0.6296), np.float64(0.6695), np.float64(0.7095), np.float64(0.7495), np.float64(0.7894)]"
0.48,0.78,0.3,5,3,0.88773,0.48121,0.88986,"[np.float64(0.4796), np.float64(0.5596), np.float64(0.6296), np.float64(0.6995), np.float64(0.7795)]"
0.48,0.8,0.32,8,3,0.88771,0.48125,0.88985,"[np.float64(0.4796), np.float64(0.5296), np.float64(0.5696), np.float64(0.6196), np.float64(0.6595), np.float64(0.7095), np.float64(0.7495), np.float64(0.7994)]"
0.4,0.79,0.39,19,2,0.8874,0.48191,0.8896,"[np.float64(0.3996), np.float64(0.4196), np.float64(0.4396), np.float64(0.4596), np.float64(0.4896), np.float64(0.5096), np.float64(0.5296), np.float64(0.5496), np.float64(0.5696), np.float64(0.5996), np.float64(0.6196), np.float64(0.6396), np.float64(0.6595), np.float64(0.6795), np.float64(0.6995), np.float64(0.7195), np.float64(0.7495), np.float64(0.7695), np.float64(0.7894)]"
0.44,0.8,0.36,13,3,0.88729,0.48214,0.88952,"[np.float64(0.4396), np.float64(0.4696), np.float64(0.4996), np.float64(0.5296), np.float64(0.5596), np.float64(0.5896), np.float64(0.6196), np.float64(0.6495), np.float64(0.6795), np.float64(0.7095), np.float64(0.7395), np.float64(0.7695), np.float64(0.7994)]"
0.42,0.73,0.31,3,3,0.88727,0.48218,0.8895,"[np.float64(0.4196), np.float64(0.5796), np.float64(0.7295)]"
0.4,0.79,0.39,17,2,0.88724,0.48225,0.88948,"[np.float64(0.3996), np.float64(0.4196), np.float64(0.4496), np.float64(0.4696), np.float64(0.4996), np.float64(0.5196), np.float64(0.5496), np.float64(0.5696), np.float64(0.5996), np.float64(0.6196), np.float64(0.6396), np.float64(0.6695), np.float64(0.6895), np.float64(0.7195), np.float64(0.7395), np.float64(0.7695), np.float64(0.7894)]"
0.52,0.79,0.27,4,3,0.88718,0.48238,0.88943,"[np.float64(0.5196), np.float64(0.6096), np.float64(0.6995), np.float64(0.7894)]"
0.4,0.75,0.35,19,3,0.88715,0.48244,0.88941,"[np.float64(0.3996), np.float64(0.4196), np.float64(0.4396), np.float64(0.4596), np.float64(0.4796), np.float64(0.4996), np.float64(0.5196), np.float64(0.5396), np.float64(0.5596), np.float64(0.5796), np.float64(0.5896), np.float64(0.6096), np.float64(0.6296), np.float64(0.6495), np.float64(0.6695), np.float64(0.6895), np.float64(0.7095), np.float64(0.7295), np.float64(0.7495)]"
0.42,0.78,0.36,7,2,0.88708,0.48259,0.88935,"[np.float64(0.4196), np.float64(0.4796), np.float64(0.5396), np.float64(0.5996), np.float64(0.6595), np.float64(0.7195), np.float64(0.7795)]"
0.48,0.69,0.21,2,2,0.88707,0.48262,0.88934,"[np.float64(0.4796), np.float64(0.6895)]"
0.44,0.73,0.29,3,3,0.88703,0.48269,0.88931,"[np.float64(0.4396), np.float64(0.5796), np.float64(0.7295)]"
0.4,0.79,0.39,14,2,0.88703,0.48271,0.88931,"[np.float64(0.3996), np.float64(0.4296), np.float64(0.4596), np.float64(0.4896), np.float64(0.5196), np.float64(0.5496), np.float64(0.5796), np.float64(0.6096), np.float64(0.6396), np.float64(0.6695), np.float64(0.6995), np.float64(0.7295), np.float64(0.7595), np.float64(0.7894)]"
0.4,0.75,0.35,18,3,0.88701,0.48275,0.88929,"[np.float64(0.3996), np.float64(0.4196), np.float64(0.4396), np.float64(0.4596), np.float64(0.4796), np.float64(0.4996), np.float64(0.5196), np.float64(0.5396), np.float64(0.5596), np.float64(0.5896), np.float64(0.6096), np.float64(0.6296), np.float64(0.6495), np.float64(0.6695), np.float64(0.6895), np.float64(0.7095), np.float64(0.7295), np.float64(0.7495)]"
0.44,0.8,0.36,18,2,0.88694,0.48289,0.88924,"[np.float64(0.4396), np.float64(0.4596), np.float64(0.4796), np.float64(0.4996), np.float64(0.5196), np.float64(0.5496), np.float64(0.5696), np.float64(0.5896), np.float64(0.6096), np.float64(0.6296), np.float64(0.6495), np.float64(0.6695), np.float64(0.6895), np.float64(0.7195), np.float64(0.7395), np.float64(0.7595), np.float64(0.7795), np.float64(0.7994)]"
0.42,0.8,0.38,20,2,0.88692,0.48293,0.88923,"[np.float64(0.4196), np.float64(0.4396), np.float64(0.4596), np.float64(0.4796), np.float64(0.4996), np.float64(0.5196), np.float64(0.5396), np.float64(0.5596), np.float64(0.5796), np.float64(0.5996), np.float64(0.6196), np.float64(0.6396), np.float64(0.6595), np.float64(0.6795), np.float64(0.6995), np.float64(0.7195), np.float64(0.7395), np.float64(0.7595), np.float64(0.7795), np.float64(0.7994)]"
0.48,0.71,0.23,6,2,0.8869,0.48297,0.88921,"[np.float64(0.4796), np.float64(0.5296), np.float64(0.5696), np.float64(0.6196), np.float64(0.6595), np.float64(0.7095)]"
0.4,0.64,0.24,8,7,0.88688,0.48303,0.88919,"[np.float64(0.3996), np.float64(0.4296), np.float64(0.4696), np.float64(0.4996), np.float64(0.5396), np.float64(0.5696), np.float64(0.6096), np.float64(0.6396)]"
0.42,0.77,0.35,5,2,0.88678,0.48323,0.88911,"[np.float64(0.4196), np.float64(0.5096), np.float64(0.5996), np.float64(0.6795), np.float64(0.7695)]"
0.44,0.79,0.35,9,2,0.88676,0.48328,0.8891,"[np.float64(0.4396), np.float64(0.4796), np.float64(0.5296), np.float64(0.5696), np.float64(0.6196), np.float64(0.6595), np.float64(0.6995), np.float64(0.7495), np.float64(0.7894)]"
0.42,0.75,0.33,19,3,0.88676,0.48329,0.88909,"[np.float64(0.4196), np.float64(0.4396), np.float64(0.4596), np.float64(0.4796), np.float64(0.4896), np.float64(0.5096), np.float64(0.5296), np.float64(0.5496), np.float64(0.5696), np.float64(0.5796), np.float64(0.5996), np.float64(0.6196), np.float64(0.6396), np.float64(0.6595), np.float64(0.6795), np.float64(0.6995), np.float64(0.7095), np.float64(0.7295), np.float64(0.7495)]"
0.42,0.8,0.38,16,2,0.88672,0.48337,0.88906,"[np.float64(0.4196), np.float64(0.4496), np.float64(0.4696), np.float64(0.4996), np.float64(0.5196), np.float64(0.5496), np.float64(0.5696), np.float64(0.5996), np.float64(0.6196), np.float64(0.6495), np.float64(0.6695), np.float64(0.6995), np.float64(0.7195), np.float64(0.7495), np.float64(0.7695), np.float64(0.7994)]"
0.46,0.8,0.34,15,2,0.88661,0.4836,0.88898,"[np.float64(0.4596), np.float64(0.4796), np.float64(0.5096), np.float64(0.5296), np.float64(0.5596), np.float64(0.5796), np.float64(0.6096), np.float64(0.6296), np.float64(0.6495), np.float64(0.6795), np.float64(0.6995), np.float64(0.7295), np.float64(0.7495), np.float64(0.7795), np.float64(0.7994)]"
0.5,0.79,0.29,6,3,0.8866,0.48361,0.88897,"[np.float64(0.4996), np.float64(0.5596), np.float64(0.6196), np.float64(0.6695), np.float64(0.7295), np.float64(0.7894)]"
0.5,0.76,0.26,2,2,0.88647,0.4839,0.88887,"[np.float64(0.4996), np.float64(0.7595)]"
0.56,0.76,0.2,2,2,0.88621,0.48445,0.88866,"[np.float64(0.5596), np.float64(0.7595)]"
0.4,0.79,0.39,12,2,0.88608,0.48473,0.88856,"[np.float64(0.3996), np.float64(0.4396), np.float64(0.4696), np.float64(0.5096), np.float64(0.5396), np.float64(0.5796), np.float64(0.6096), np.float64(0.6495), np.float64(0.6795), np.float64(0.7195), np.float64(0.7495), np.float64(0.7894)]"
0.48,0.71,0.23,12,2,0.88599,0.48492,0.88849,"[np.float64(0.4796), np.float64(0.4996), np.float64(0.5196), np.float64(0.5396), np.float64(0.5596), np.float64(0.5796), np.float64(0.6096), np.float64(0.6296), np.float64(0.6495), np.float64(0.6695), np.float64(0.6895), np.float64(0.7095)]"
0.44,0.8,0.36,12,3,0.88598,0.48494,0.88848,"[np.float64(0.4396), np.float64(0.4696), np.float64(0.5096), np.float64(0.5396), np.float64(0.5696), np.float64(0.5996), np.float64(0.6396), np.float64(0.6695), np.float64(0.6995), np.float64(0.7295), np.float64(0.7695), np.float64(0.7994)]"
0.44,0.8,0.36,16,3,0.88594,0.48501,0.88845,"[np.float64(0.4396), np.float64(0.4596), np.float64(0.4896), np.float64(0.5096), np.float64(0.5396), np.float64(0.5596), np.float64(0.5796), np.float64(0.6096), np.float64(0.6296), np.float64(0.6595), np.float64(0.6795), np.float64(0.6995), np.float64(0.7295), np.float64(0.7495), np.float64(0.7795), np.float64(0.7994)]"
0.4,0.78,0.38,6,3,0.88585,0.48521,0.88838,"[np.float64(0.3996), np.float64(0.4796), np.float64(0.5496), np.float64(0.6296), np.float64(0.6995), np.float64(0.7795)]"
0.48,0.71,0.23,8,2,0.88578,0.48536,0.88833,"[np.float64(0.4796), np.float64(0.5096), np.float64(0.5496), np.float64(0.5796), np.float64(0.6096), np.float64(0.6396), np.float64(0.6795), np.float64(0.7095)]"
0.54,0.8,0.26,3,3,0.88572,0.48548,0.88828,"[np.float64(0.5396), np.float64(0.6695), np.float64(0.7994)]"
0.48,0.71,0.23,7,2,0.88572,0.48548,0.88828,"[np.float64(0.4796), np.float64(0.5196), np.float64(0.5596), np.float64(0.5996), np.float64(0.6296), np.float64(0.6695), np.float64(0.7095)]"
0.46,0.8,0.34,8,3,0.88571,0.48552,0.88827,"[np.float64(0.4596), np.float64(0.5096), np.float64(0.5596), np.float64(0.6096), np.float64(0.6495), np.float64(0.6995), np.float64(0.7495), np.float64(0.7994)]"
0.42,0.78,0.36,6,2,0.8854,0.48617,0.88802,"[np.float64(0.4196), np.float64(0.4896), np.float64(0.5596), np.float64(0.6396), np.float64(0.7095), np.float64(0.7795)]"
0.44,0.8,0.36,17,2,0.88534,0.48629,0.88798,"[np.float64(0.4396), np.float64(0.4596), np.float64(0.4796), np.float64(0.5096), np.float64(0.5296), np.float64(0.5496), np.float64(0.5796), np.float64(0.5996), np.float64(0.6196), np.float64(0.6396), np.float64(0.6595), np.float64(0.6895), np.float64(0.7095), np.float64(0.7295), np.float64(0.7595), np.float64(0.7795), np.float64(0.7994)]"
0.44,0.77,0.33,4,2,0.88533,0.48632,0.88797,"[np.float64(0.4396), np.float64(0.5496), np.float64(0.6595), np.float64(0.7695)]"
0.44,0.74,0.3,9,3,0.88522,0.48655,0.88788,"[np.float64(0.4396), np.float64(0.4796), np.float64(0.5196), np.float64(0.5496), np.float64(0.5896), np.float64(0.6296), np.float64(0.6595), np.float64(0.6995), np.float64(0.7395)]"
0.48,0.71,0.23,11,2,0.88517,0.48666,0.88784,"[np.float64(0.4796), np.float64(0.4996), np.float64(0.5296), np.float64(0.5496), np.float64(0.5696), np.float64(0.5996), np.float64(0.6196), np.float64(0.6396), np.float64(0.6595), np.float64(0.6895), np.float64(0.7095)]"
0.42,0.79,0.37,9,2,0.88514,0.48673,0.88782,"[np.float64(0.4196), np.float64(0.4696), np.float64(0.5096), np.float64(0.5596), np.float64(0.5996), np.float64(0.6495), np.float64(0.6995), np.float64(0.7395), np.float64(0.7894)]"
0.5,0.77,0.27,3,2,0.88504,0.48693,0.88774,"[np.float64(0.4996), np.float64(0.6396), np.float64(0.7695)]"
0.48,0.71,0.23,9,2,0.88501,0.487,0.88772,"[np.float64(0.4796), np.float64(0.5096), np.float64(0.5396), np.float64(0.5696), np.float64(0.5996), np.float64(0.6196), np.float64(0.6495), np.float64(0.6795), np.float64(0.7095)]"
0.48,0.71,0.23,10,2,0.88498,0.48706,0.8877,"[np.float64(0.4796), np.float64(0.5096), np.float64(0.5296), np.float64(0.5596), np.float64(0.5796), np.float64(0.6096), np.float64(0.6296), np.float64(0.6595), np.float64(0.6795), np.float64(0.7095)]"
0.52,0.78,0.26,4,3,0.88494,0.48715,0.88766,"[np.float64(0.5196), np.float64(0.6096), np.float64(0.6895), np.float64(0.7795)]"
0.44,0.78,0.34,6,2,0.8849,0.48723,0.88763,"[np.float64(0.4396), np.float64(0.5096), np.float64(0.5796), np.float64(0.6396), np.float64(0.7095), np.float64(0.7795)]"
0.4,0.79,0.39,13,2,0.88485,0.48734,0.88759,"[np.float64(0.3996), np.float64(0.4296), np.float64(0.4596), np.float64(0.4996), np.float64(0.5296), np.float64(0.5596), np.float64(0.5996), np.float64(0.6296), np.float64(0.6595), np.float64(0.6895), np.float64(0.7195), np.float64(0.7595), np.float64(0.7894)]"
0.48,0.71,0.23,18,2,0.88483,0.48738,0.88757,"[np.float64(0.4796), np.float64(0.4896), np.float64(0.5096), np.float64(0.5196), np.float64(0.5296), np.float64(0.5496), np.float64(0.5596), np.float64(0.5696), np.float64(0.5896), np.float64(0.5996), np.float64(0.6196), np.float64(0.6296), np.float64(0.6396), np.float64(0.6595), np.float64(0.6695), np.float64(0.6795), np.float64(0.6995), np.float64(0.7095)]"
0.4,0.74,0.34,8,3,0.88482,0.48741,0.88756,"[np.float64(0.3996), np.float64(0.4496), np.float64(0.4996), np.float64(0.5496), np.float64(0.5896), np.float64(0.6396), np.float64(0.6895), np.float64(0.7395)]"
0.48,0.71,0.23,20,2,0.88479,0.48746,0.88755,"[np.float64(0.4796), np.float64(0.4896), np.float64(0.4996), np.float64(0.5196), np.float64(0.5296), np.float64(0.5396), np.float64(0.5496), np.float64(0.5596), np.float64(0.5796), np.float64(0.5896), np.float64(0.5996), np.float64(0.6096), np.float64(0.6296), np.float64(0.6396), np.float64(0.6495), np.float64(0.6595), np.float64(0.6695), np.float64(0.6895), np.float64(0.6995), np.float64(0.7095)]"
0.48,0.71,0.23,17,2,0.88467,0.48773,0.88745,"[np.float64(0.4796), np.float64(0.4896), np.float64(0.5096), np.float64(0.5196), np.float64(0.5396), np.float64(0.5496), np.float64(0.5696), np.float64(0.5796), np.float64(0.5996), np.float64(0.6096), np.float64(0.6196), np.float64(0.6396), np.float64(0.6495), np.float64(0.6695), np.float64(0.6795), np.float64(0.6995), np.float64(0.7095)]"
0.44,0.79,0.35,8,2,0.88462,0.48782,0.88741,"[np.float64(0.4396), np.float64(0.4896), np.float64(0.5396), np.float64(0.5896), np.float64(0.6396), np.float64(0.6895), np.float64(0.7395), np.float64(0.7894)]"
0.52,0.76,0.24,2,2,0.88461,0.48784,0.8874,"[np.float64(0.5196), np.float64(0.7595)]"
0.46,0.78,0.32,5,2,0.88461,0.48784,0.8874,"[np.float64(0.4596), np.float64(0.5396), np.float64(0.6196), np.float64(0.6995), np.float64(0.7795)]"
0.48,0.71,0.23,14,2,0.88458,0.48791,0.88738,"[np.float64(0.4796), np.float64(0.4996), np.float64(0.5196), np.float64(0.5296), np.float64(0.5496), np.float64(0.5696), np.float64(0.5896), np.float64(0.5996), np.float64(0.6196), np.float64(0.6396), np.float64(0.6595), np.float64(0.6695), np.float64(0.6895), np.float64(0.7095)]"
0.42,0.8,0.38,15,2,0.88446,0.48816,0.88729,"[np.float64(0.4196), np.float64(0.4496), np.float64(0.4696), np.float64(0.4996), np.float64(0.5296), np.float64(0.5596), np.float64(0.5796), np.float64(0.6096), np.float64(0.6396), np.float64(0.6595), np.float64(0.6895), np.float64(0.7195), np.float64(0.7495), np.float64(0.7695), np.float64(0.7994)]"
0.48,0.71,0.23,19,2,0.88439,0.48832,0.88723,"[np.float64(0.4796), np.float64(0.4896), np.float64(0.5096), np.float64(0.5196), np.float64(0.5296), np.float64(0.5396), np.float64(0.5596), np.float64(0.5696), np.float64(0.5796), np.float64(0.5996), np.float64(0.6096), np.float64(0.6196), np.float64(0.6296), np.float64(0.6495), np.float64(0.6595), np.float64(0.6695), np.float64(0.6795), np.float64(0.6995), np.float64(0.7095)]"
0.54,0.76,0.22,2,2,0.88435,0.4884,0.8872,"[np.float64(0.5396), np.float64(0.7595)]"
0.48,0.71,0.23,15,2,0.8843,0.48851,0.88716,"[np.float64(0.4796), np.float64(0.4996), np.float64(0.5096), np.float64(0.5296), np.float64(0.5496), np.float64(0.5596), np.float64(0.5796), np.float64(0.5996), np.float64(0.6096), np.float64(0.6296), np.float64(0.6396), np.float64(0.6595), np.float64(0.6795), np.float64(0.6895), np.float64(0.7095)]"
0.42,0.8,0.38,19,2,0.88423,0.48866,0.8871,"[np.float64(0.4196), np.float64(0.4396), np.float64(0.4596), np.float64(0.4796), np.float64(0.4996), np.float64(0.5296), np.float64(0.5496), np.float64(0.5696), np.float64(0.5896), np.float64(0.6096), np.float64(0.6296), np.float64(0.6495), np.float64(0.6695), np.float64(0.6895), np.float64(0.7195), np.float64(0.7395), np.float64(0.7595), np.float64(0.7795), np.float64(0.7994)]"
0.48,0.71,0.23,16,2,0.88423,0.48866,0.8871,"[np.float64(0.4796), np.float64(0.4996), np.float64(0.5096), np.float64(0.5296), np.float64(0.5396), np.float64(0.5596), np.float64(0.5696), np.float64(0.5896), np.float64(0.5996), np.float64(0.6196), np.float64(0.6296), np.float64(0.6495), np.float64(0.6595), np.float64(0.6795), np.float64(0.6895), np.float64(0.7095)]"
0.48,0.71,0.23,13,2,0.88422,0.48867,0.88709,"[np.float64(0.4796), np.float64(0.4996), np.float64(0.5196), np.float64(0.5396), np.float64(0.5596), np.float64(0.5796), np.float64(0.5996), np.float64(0.6096), np.float64(0.6296), np.float64(0.6495), np.float64(0.6695), np.float64(0.6895), np.float64(0.7095)]"
0.42,0.8,0.38,18,2,0.88394,0.48925,0.88688,"[np.float64(0.4196), np.float64(0.4396), np.float64(0.4596), np.float64(0.4896), np.float64(0.5096), np.float64(0.5296), np.float64(0.5496), np.float64(0.5796), np.float64(0.5996), np.float64(0.6196), np.float64(0.6396), np.float64(0.6695), np.float64(0.6895), np.float64(0.7095), np.float64(0.7295), np.float64(0.7595), np.float64(0.7795), np.float64(0.7994)]"
0.44,0.8,0.36,11,2,0.8838,0.48956,0.88676,"[np.float64(0.4396), np.float64(0.4796), np.float64(0.5096), np.float64(0.5496), np.float64(0.5796), np.float64(0.6196), np.float64(0.6595), np.float64(0.6895), np.float64(0.7295), np.float64(0.7595), np.float64(0.7994)]"
0.4,0.73,0.33,3,3,0.88378,0.48959,0.88675,"[np.float64(0.3996), np.float64(0.5596), np.float64(0.7295)]"
0.44,0.74,0.3,12,2,0.88366,0.48984,0.88666,"[np.float64(0.4396), np.float64(0.4696), np.float64(0.4896), np.float64(0.5196), np.float64(0.5496), np.float64(0.5796), np.float64(0.5996), np.float64(0.6296), np.float64(0.6595), np.float64(0.6895), np.float64(0.7095), np.float64(0.7395)]"
0.4,0.8,0.4,15,2,0.88362,0.48993,0.88662,"[np.float64(0.3996), np.float64(0.4296), np.float64(0.4596), np.float64(0.4896), np.float64(0.5096), np.float64(0.5396), np.float64(0.5696), np.float64(0.5996), np.float64(0.6296), np.float64(0.6595), np.float64(0.6895), np.float64(0.7095), np.float64(0.7395), np.float64(0.7695), np.float64(0.7994)]"
0.44,0.7,0.26,2,2,0.88333,0.49054,0.88639,"[np.float64(0.4396), np.float64(0.6995)]"
0.52,0.77,0.25,3,2,0.88319,0.49083,0.88629,"[np.float64(0.5196), np.float64(0.6396), np.float64(0.7695)]"
0.44,0.74,0.3,11,2,0.88313,0.49096,0.88624,"[np.float64(0.4396), np.float64(0.4696), np.float64(0.4996), np.float64(0.5296), np.float64(0.5596), np.float64(0.5896), np.float64(0.6196), np.float64(0.6495), np.float64(0.6795), np.float64(0.7095), np.float64(0.7395)]"
0.4,0.79,0.39,11,2,0.88314,0.49095,0.88624,"[np.float64(0.3996), np.float64(0.4396), np.float64(0.4796), np.float64(0.5196), np.float64(0.5596), np.float64(0.5996), np.float64(0.6296), np.float64(0.6695), np.float64(0.7095), np.float64(0.7495), np.float64(0.7894)]"
0.5,0.79,0.29,5,3,0.88309,0.49105,0.8862,"[np.float64(0.4996), np.float64(0.5696), np.float64(0.6396), np.float64(0.7195), np.float64(0.7894)]"
0.44,0.74,0.3,10,3,0.88301,0.49122,0.88614,"[np.float64(0.4396), np.float64(0.4696), np.float64(0.5096), np.float64(0.5396), np.float64(0.5696), np.float64(0.6096), np.float64(0.6396), np.float64(0.6695), np.float64(0.7095), np.float64(0.7395)]"
0.48,0.8,0.32,7,3,0.883,0.49124,0.88613,"[np.float64(0.4796), np.float64(0.5296), np.float64(0.5896), np.float64(0.6396), np.float64(0.6895), np.float64(0.7495), np.float64(0.7994)]"
0.42,0.8,0.38,17,2,0.88288,0.49149,0.88604,"[np.float64(0.4196), np.float64(0.4396), np.float64(0.4696), np.float64(0.4896), np.float64(0.5196), np.float64(0.5396), np.float64(0.5596), np.float64(0.5896), np.float64(0.6096), np.float64(0.6296), np.float64(0.6595), np.float64(0.6795), np.float64(0.6995), np.float64(0.7295), np.float64(0.7495), np.float64(0.7795), np.float64(0.7994)]"
0.4,0.8,0.4,16,2,0.88281,0.49163,0.88599,"[np.float64(0.3996), np.float64(0.4296), np.float64(0.4496), np.float64(0.4796), np.float64(0.5096), np.float64(0.5296), np.float64(0.5596), np.float64(0.5896), np.float64(0.6096), np.float64(0.6396), np.float64(0.6695), np.float64(0.6895), np.float64(0.7195), np.float64(0.7495), np.float64(0.7695), np.float64(0.7994)]"
0.54,0.78,0.24,3,3,0.88279,0.49167,0.88597,"[np.float64(0.5396), np.float64(0.6595), np.float64(0.7795)]"
0.48,0.7,0.22,3,2,0.88279,0.49168,0.88597,"[np.float64(0.4796), np.float64(0.5896), np.float64(0.6995)]"
0.4,0.8,0.4,14,2,0.88274,0.49178,0.88593,"[np.float64(0.3996), np.float64(0.4296), np.float64(0.4596), np.float64(0.4896), np.float64(0.5196), np.float64(0.5496), np.float64(0.5796), np.float64(0.6196), np.float64(0.6495), np.float64(0.6795), np.float64(0.7095), np.float64(0.7395), np.float64(0.7695), np.float64(0.7994)]"
0.4,0.8,0.4,18,2,0.88271,0.49185,0.8859,"[np.float64(0.3996), np.float64(0.4196), np.float64(0.4496), np.float64(0.4696), np.float64(0.4896), np.float64(0.5196), np.float64(0.5396), np.float64(0.5596), np.float64(0.5896), np.float64(0.6096), np.float64(0.6396), np.float64(0.6595), np.float64(0.6795), np.float64(0.7095), np.float64(0.7295), np.float64(0.7495), np.float64(0.7795), np.float64(0.7994)]"
0.42,0.74,0.32,8,3,0.88264,0.49198,0.88585,"[np.float64(0.4196), np.float64(0.4696), np.float64(0.5096), np.float64(0.5596), np.float64(0.5996), np.float64(0.6495), np.float64(0.6895), np.float64(0.7395)]"
0.4,0.6,0.2,13,6,0.88264,0.49198,0.88585,"[np.float64(0.3996), np.float64(0.4196), np.float64(0.4296), np.float64(0.4496), np.float64(0.4696), np.float64(0.4796), np.float64(0.4996), np.float64(0.5196), np.float64(0.5296), np.float64(0.5496), np.float64(0.5696), np.float64(0.5796), np.float64(0.5996)]"
0.44,0.78,0.34,5,2,0.88257,0.49214,0.8858,"[np.float64(0.4396), np.float64(0.5196), np.float64(0.6096), np.float64(0.6995), np.float64(0.7795)]"
0.4,0.75,0.35,20,3,0.88236,0.49257,0.88564,"[np.float64(0.3996), np.float64(0.4196), np.float64(0.4396), np.float64(0.4596), np.float64(0.4696), np.float64(0.4896), np.float64(0.5096), np.float64(0.5296), np.float64(0.5496), np.float64(0.5696), np.float64(0.5796), np.float64(0.5996), np.float64(0.6196), np.float64(0.6396), np.float64(0.6595), np.float64(0.6795), np.float64(0.6895), np.float64(0.7095), np.float64(0.7295), np.float64(0.7495)]"
0.46,0.72,0.26,5,2,0.88235,0.4926,0.88562,"[np.float64(0.4596), np.float64(0.5196), np.float64(0.5896), np.float64(0.6595), np.float64(0.7195)]"
0.44,0.74,0.3,20,2,0.88228,0.49276,0.88556,"[np.float64(0.4396), np.float64(0.4596), np.float64(0.4696), np.float64(0.4896), np.float64(0.4996), np.float64(0.5196), np.float64(0.5296), np.float64(0.5496), np.float64(0.5696), np.float64(0.5796), np.float64(0.5996), np.float64(0.6096), np.float64(0.6296), np.float64(0.6495), np.float64(0.6595), np.float64(0.6795), np.float64(0.6895), np.float64(0.7095), np.float64(0.7195), np.float64(0.7395)]"
0.44,0.74,0.3,16,2,0.88224,0.49282,0.88554,"[np.float64(0.4396), np.float64(0.4596), np.float64(0.4796), np.float64(0.4996), np.float64(0.5196), np.float64(0.5396), np.float64(0.5596), np.float64(0.5796), np.float64(0.5996), np.float64(0.6196), np.float64(0.6396), np.float64(0.6595), np.float64(0.6795), np.float64(0.6995), np.float64(0.7195), np.float64(0.7395)]"
0.42,0.8,0.38,14,2,0.88219,0.49293,0.8855,"[np.float64(0.4196), np.float64(0.4496), np.float64(0.4796), np.float64(0.5096), np.float64(0.5396), np.float64(0.5696), np.float64(0.5996), np.float64(0.6196), np.float64(0.6495), np.float64(0.6795), np.float64(0.7095), np.float64(0.7395), np.float64(0.7695), np.float64(0.7994)]"
0.44,0.74,0.3,13,2,0.88212,0.49307,0.88545,"[np.float64(0.4396), np.float64(0.4596), np.float64(0.4896), np.float64(0.5196), np.float64(0.5396), np.float64(0.5596), np.float64(0.5896), np.float64(0.6196), np.float64(0.6396), np.float64(0.6595), np.float64(0.6895), np.float64(0.7195), np.float64(0.7395)]"
0.44,0.74,0.3,18,2,0.88209,0.49314,0.88542,"[np.float64(0.4396), np.float64(0.4596), np.float64(0.4796), np.float64(0.4896), np.float64(0.5096), np.float64(0.5296), np.float64(0.5496), np.float64(0.5596), np.float64(0.5796), np.float64(0.5996), np.float64(0.6196), np.float64(0.6296), np.float64(0.6495), np.float64(0.6695), np.float64(0.6895), np.float64(0.6995), np.float64(0.7195), np.float64(0.7395)]"
0.44,0.74,0.3,17,2,0.88199,0.49336,0.88534,"[np.float64(0.4396), np.float64(0.4596), np.float64(0.4796), np.float64(0.4996), np.float64(0.5196), np.float64(0.5296), np.float64(0.5496), np.float64(0.5696), np.float64(0.5896), np.float64(0.6096), np.float64(0.6296), np.float64(0.6495), np.float64(0.6595), np.float64(0.6795), np.float64(0.6995), np.float64(0.7195), np.float64(0.7395)]"
0.48,0.79,0.31,6,3,0.88192,0.49349,0.88529,"[np.float64(0.4796), np.float64(0.5396), np.float64(0.5996), np.float64(0.6695), np.float64(0.7295), np.float64(0.7894)]"
0.44,0.74,0.3,15,2,0.88193,0.49347,0.88529,"[np.float64(0.4396), np.float64(0.4596), np.float64(0.4796), np.float64(0.4996), np.float64(0.5296), np.float64(0.5496), np.float64(0.5696), np.float64(0.5896), np.float64(0.6096), np.float64(0.6296), np.float64(0.6495), np.float64(0.6795), np.float64(0.6995), np.float64(0.7195), np.float64(0.7395)]"
0.44,0.74,0.3,14,2,0.88171,0.49394,0.88512,"[np.float64(0.4396), np.float64(0.4596), np.float64(0.4896), np.float64(0.5096), np.float64(0.5296), np.float64(0.5596), np.float64(0.5796), np.float64(0.5996), np.float64(0.6196), np.float64(0.6495), np.float64(0.6695), np.float64(0.6895), np.float64(0.7195), np.float64(0.7395)]"
0.44,0.74,0.3,19,2,0.88169,0.49398,0.8851,"[np.float64(0.4396), np.float64(0.4596), np.float64(0.4696), np.float64(0.4896), np.float64(0.5096), np.float64(0.5196), np.float64(0.5396), np.float64(0.5596), np.float64(0.5696), np.float64(0.5896), np.float64(0.6096), np.float64(0.6196), np.float64(0.6396), np.float64(0.6595), np.float64(0.6695), np.float64(0.6895), np.float64(0.7095), np.float64(0.7195), np.float64(0.7395)]"
0.4,0.79,0.39,10,2,0.88153,0.49431,0.88498,"[np.float64(0.3996), np.float64(0.4396), np.float64(0.4896), np.float64(0.5296), np.float64(0.5696), np.float64(0.6196), np.float64(0.6595), np.float64(0.6995), np.float64(0.7495), np.float64(0.7894)]"
0.4,0.8,0.4,19,2,0.88134,0.49472,0.88483,"[np.float64(0.3996), np.float64(0.4196), np.float64(0.4396), np.float64(0.4696), np.float64(0.4896), np.float64(0.5096), np.float64(0.5296), np.float64(0.5596), np.float64(0.5796), np.float64(0.5996), np.float64(0.6196), np.float64(0.6396), np.float64(0.6695), np.float64(0.6895), np.float64(0.7095), np.float64(0.7295), np.float64(0.7595), np.float64(0.7795), np.float64(0.7994)]"
0.46,0.77,0.31,3,2,0.8813,0.49479,0.8848,"[np.float64(0.4596), np.float64(0.6196), np.float64(0.7695)]"
0.5,0.8,0.3,5,3,0.88125,0.4949,0.88476,"[np.float64(0.4996), np.float64(0.5796), np.float64(0.6495), np.float64(0.7195), np.float64(0.7994)]"
0.44,0.73,0.29,4,3,0.88123,0.49493,0.88474,"[np.float64(0.4396), np.float64(0.5396), np.float64(0.6296), np.float64(0.7295)]"
0.46,0.79,0.33,7,2,0.88117,0.49506,0.8847,"[np.float64(0.4596), np.float64(0.5196), np.float64(0.5696), np.float64(0.6196), np.float64(0.6795), np.float64(0.7395), np.float64(0.7894)]"
0.4,0.8,0.4,20,2,0.88115,0.4951,0.88468,"[np.float64(0.3996), np.float64(0.4196), np.float64(0.4396), np.float64(0.4596), np.float64(0.4796), np.float64(0.5096), np.float64(0.5296), np.float64(0.5496), np.float64(0.5696), np.float64(0.5896), np.float64(0.6096), np.float64(0.6296), np.float64(0.6495), np.float64(0.6695), np.float64(0.6895), np.float64(0.7195), np.float64(0.7395), np.float64(0.7595), np.float64(0.7795), np.float64(0.7994)]"
0.46,0.72,0.26,4,2,0.88114,0.49512,0.88468,"[np.float64(0.4596), np.float64(0.5496), np.float64(0.6296), np.float64(0.7195)]"
0.46,0.8,0.34,7,3,0.88093,0.49556,0.88451,"[np.float64(0.4596), np.float64(0.5196), np.float64(0.5696), np.float64(0.6296), np.float64(0.6895), np.float64(0.7395), np.float64(0.7994)]"
0.42,0.8,0.38,11,2,0.88078,0.49588,0.88439,"[np.float64(0.4196), np.float64(0.4596), np.float64(0.4996), np.float64(0.5296), np.float64(0.5696), np.float64(0.6096), np.float64(0.6495), np.float64(0.6895), np.float64(0.7195), np.float64(0.7595), np.float64(0.7994)]"
0.46,0.72,0.26,6,2,0.88075,0.49593,0.88437,"[np.float64(0.4596), np.float64(0.5096), np.float64(0.5596), np.float64(0.6196), np.float64(0.6695), np.float64(0.7195)]"
0.4,0.79,0.39,9,2,0.88069,0.49606,0.88432,"[np.float64(0.3996), np.float64(0.4496), np.float64(0.4996), np.float64(0.5496), np.float64(0.5996), np.float64(0.6396), np.float64(0.6895), np.float64(0.7395), np.float64(0.7894)]"
0.54,0.79,0.25,3,3,0.88057,0.49631,0.88422,"[np.float64(0.5396), np.float64(0.6595), np.float64(0.7894)]"
0.4,0.6,0.2,20,6,0.88055,0.49635,0.88421,"[np.float64(0.3996), np.float64(0.4096), np.float64(0.4196), np.float64(0.4296), np.float64(0.4396), np.float64(0.4496), np.float64(0.4596), np.float64(0.4696), np.float64(0.4796), np.float64(0.4896), np.float64(0.5096), np.float64(0.5196), np.float64(0.5296), np.float64(0.5396), np.float64(0.5496), np.float64(0.5596), np.float64(0.5696), np.float64(0.5796), np.float64(0.5896), np.float64(0.5996)]"
0.42,0.77,0.35,3,2,0.88044,0.49659,0.88412,"[np.float64(0.4196), np.float64(0.5996), np.float64(0.7695)]"
0.4,0.8,0.4,17,2,0.88028,0.49691,0.884,"[np.float64(0.3996), np.float64(0.4196), np.float64(0.4496), np.float64(0.4796), np.float64(0.4996), np.float64(0.5196), np.float64(0.5496), np.float64(0.5796), np.float64(0.5996), np.float64(0.6196), np.float64(0.6495), np.float64(0.6795), np.float64(0.6995), np.float64(0.7195), np.float64(0.7495), np.float64(0.7795), np.float64(0.7994)]"
0.44,0.79,0.35,7,2,0.88014,0.49721,0.88389,"[np.float64(0.4396), np.float64(0.4996), np.float64(0.5596), np.float64(0.6196), np.float64(0.6695), np.float64(0.7295), np.float64(0.7894)]"
0.4,0.79,0.39,8,2,0.88007,0.49734,0.88384,"[np.float64(0.3996), np.float64(0.4596), np.float64(0.5096), np.float64(0.5696), np.float64(0.6196), np.float64(0.6795), np.float64(0.7295), np.float64(0.7894)]"
0.48,0.7,0.22,4,2,0.87995,0.49759,0.88374,"[np.float64(0.4796), np.float64(0.5496), np.float64(0.6296), np.float64(0.6995)]"
0.42,0.79,0.37,8,2,0.8796,0.49833,0.88346,"[np.float64(0.4196), np.float64(0.4696), np.float64(0.5296), np.float64(0.5796), np.float64(0.6296), np.float64(0.6795), np.float64(0.7395), np.float64(0.7894)]"
0.5,0.78,0.28,4,2,0.8796,0.49832,0.88346,"[np.float64(0.4996), np.float64(0.5896), np.float64(0.6895), np.float64(0.7795)]"
0.4,0.76,0.36,2,2,0.87947,0.4986,0.88336,"[np.float64(0.3996), np.float64(0.7595)]"
0.46,0.72,0.26,8,2,0.87938,0.49878,0.88329,"[np.float64(0.4596), np.float64(0.4996), np.float64(0.5296), np.float64(0.5696), np.float64(0.6096), np.float64(0.6495), np.float64(0.6795), np.float64(0.7195)]"
0.44,0.8,0.36,10,2,0.87936,0.49881,0.88328,"[np.float64(0.4396), np.float64(0.4796), np.float64(0.5196), np.float64(0.5596), np.float64(0.5996), np.float64(0.6396), np.float64(0.6795), np.float64(0.7195), np.float64(0.7595), np.float64(0.7994)]"
0.42,0.8,0.38,13,2,0.87928,0.49899,0.88321,"[np.float64(0.4196), np.float64(0.4496), np.float64(0.4796), np.float64(0.5196), np.float64(0.5496), np.float64(0.5796), np.float64(0.6096), np.float64(0.6396), np.float64(0.6695), np.float64(0.6995), np.float64(0.7395), np.float64(0.7695), np.float64(0.7994)]"
0.46,0.72,0.26,9,2,0.87924,0.49907,0.88318,"[np.float64(0.4596), np.float64(0.4896), np.float64(0.5196), np.float64(0.5596), np.float64(0.5896), np.float64(0.6196), np.float64(0.6595), np.float64(0.6895), np.float64(0.7195)]"
0.42,0.8,0.38,12,2,0.87914,0.49927,0.8831,"[np.float64(0.4196), np.float64(0.4496), np.float64(0.4896), np.float64(0.5196), np.float64(0.5596), np.float64(0.5896), np.float64(0.6296), np.float64(0.6595), np.float64(0.6995), np.float64(0.7295), np.float64(0.7695), np.float64(0.7994)]"
0.46,0.72,0.26,7,2,0.87906,0.49943,0.88304,"[np.float64(0.4596), np.float64(0.4996), np.float64(0.5496), np.float64(0.5896), np.float64(0.6296), np.float64(0.6795), np.float64(0.7195)]"
0.48,0.8,0.32,6,3,0.87901,0.49955,0.883,"[np.float64(0.4796), np.float64(0.5396), np.float64(0.6096), np.float64(0.6695), np.float64(0.7395), np.float64(0.7994)]"
0.42,0.77,0.35,4,2,0.87898,0.4996,0.88298,"[np.float64(0.4196), np.float64(0.5396), np.float64(0.6495), np.float64(0.7695)]"
0.4,0.8,0.4,12,2,0.87895,0.49966,0.88296,"[np.float64(0.3996), np.float64(0.4396), np.float64(0.4696), np.float64(0.5096), np.float64(0.5496), np.float64(0.5796), np.float64(0.6196), np.float64(0.6495), np.float64(0.6895), np.float64(0.7295), np.float64(0.7595), np.float64(0.7994)]"
0.44,0.8,0.36,7,3,0.87892,0.49972,0.88293,"[np.float64(0.4396), np.float64(0.4996), np.float64(0.5596), np.float64(0.6196), np.float64(0.6795), np.float64(0.7395), np.float64(0.7994)]"
0.4,0.8,0.4,13,2,0.87868,0.50023,0.88274,"[np.float64(0.3996), np.float64(0.4296), np.float64(0.4696), np.float64(0.4996), np.float64(0.5296), np.float64(0.5696), np.float64(0.5996), np.float64(0.6296), np.float64(0.6695), np.float64(0.6995), np.float64(0.7295), np.float64(0.7695), np.float64(0.7994)]"
0.42,0.79,0.37,7,2,0.87849,0.50062,0.88259,"[np.float64(0.4196), np.float64(0.4796), np.float64(0.5396), np.float64(0.5996), np.float64(0.6695), np.float64(0.7295), np.float64(0.7894)]"
0.46,0.72,0.26,11,2,0.87804,0.50154,0.88224,"[np.float64(0.4596), np.float64(0.4896), np.float64(0.5096), np.float64(0.5396), np.float64(0.5596), np.float64(0.5896), np.float64(0.6196), np.float64(0.6396), np.float64(0.6695), np.float64(0.6895), np.float64(0.7195)]"
0.46,0.72,0.26,13,2,0.87795,0.50172,0.88217,"[np.float64(0.4596), np.float64(0.4796), np.float64(0.4996), np.float64(0.5196), np.float64(0.5496), np.float64(0.5696), np.float64(0.5896), np.float64(0.6096), np.float64(0.6296), np.float64(0.6595), np.float64(0.6795), np.float64(0.6995), np.float64(0.7195)]"
0.46,0.72,0.26,12,2,0.87792,0.5018,0.88215,"[np.float64(0.4596), np.float64(0.4796), np.float64(0.5096), np.float64(0.5296), np.float64(0.5496), np.float64(0.5796), np.float64(0.5996), np.float64(0.6296), np.float64(0.6495), np.float64(0.6695), np.float64(0.6995), np.float64(0.7195)]"
0.46,0.72,0.26,17,2,0.87762,0.5024,0.88192,"[np.float64(0.4596), np.float64(0.4796), np.float64(0.4896), np.float64(0.5096), np.float64(0.5196), np.float64(0.5396), np.float64(0.5596), np.float64(0.5696), np.float64(0.5896), np.float64(0.6096), np.float64(0.6196), np.float64(0.6396), np.float64(0.6595), np.float64(0.6695), np.float64(0.6895), np.float64(0.6995), np.float64(0.7195)]"
0.46,0.72,0.26,15,2,0.87751,0.50263,0.88183,"[np.float64(0.4596), np.float64(0.4796), np.float64(0.4996), np.float64(0.5196), np.float64(0.5296), np.float64(0.5496), np.float64(0.5696), np.float64(0.5896), np.float64(0.6096), np.float64(0.6296), np.float64(0.6495), np.float64(0.6595), np.float64(0.6795), np.float64(0.6995), np.float64(0.7195)]"
0.46,0.72,0.26,16,2,0.87749,0.50266,0.88182,"[np.float64(0.4596), np.float64(0.4796), np.float64(0.4896), np.float64(0.5096), np.float64(0.5296), np.float64(0.5496), np.float64(0.5596), np.float64(0.5796), np.float64(0.5996), np.float64(0.6196), np.float64(0.6296), np.float64(0.6495), np.float64(0.6695), np.float64(0.6895), np.float64(0.6995), np.float64(0.7195)]"
0.46,0.72,0.26,14,2,0.8774,0.50285,0.88174,"[np.float64(0.4596), np.float64(0.4796), np.float64(0.4996), np.float64(0.5196), np.float64(0.5396), np.float64(0.5596), np.float64(0.5796), np.float64(0.5996), np.float64(0.6196), np.float64(0.6396), np.float64(0.6595), np.float64(0.6795), np.float64(0.6995), np.float64(0.7195)]"
0.48,0.77,0.29,3,2,0.8773,0.50306,0.88167,"[np.float64(0.4796), np.float64(0.6196), np.float64(0.7695)]"
0.42,0.74,0.32,9,3,0.87724,0.50318,0.88162,"[np.float64(0.4196), np.float64(0.4596), np.float64(0.4996), np.float64(0.5396), np.float64(0.5796), np.float64(0.6196), np.float64(0.6595), np.float64(0.6995), np.float64(0.7395)]"
0.42,0.8,0.38,10,3,0.877,0.50367,0.88143,"[np.float64(0.4196), np.float64(0.4596), np.float64(0.4996), np.float64(0.5496), np.float64(0.5896), np.float64(0.6296), np.float64(0.6695), np.float64(0.7195), np.float64(0.7595), np.float64(0.7994)]"
0.42,0.7,0.28,2,2,0.87696,0.50375,0.8814,"[np.float64(0.4196), np.float64(0.6995)]"
0.46,0.72,0.26,10,2,0.87691,0.50387,0.88136,"[np.float64(0.4596), np.float64(0.4896), np.float64(0.5196), np.float64(0.5496), np.float64(0.5796), np.float64(0.5996), np.float64(0.6296), np.float64(0.6595), np.float64(0.6895), np.float64(0.7195)]"
0.46,0.79,0.33,6,2,0.87683,0.50403,0.88129,"[np.float64(0.4596), np.float64(0.5296), np.float64(0.5896), np.float64(0.6595), np.float64(0.7195), np.float64(0.7894)]"
0.46,0.72,0.26,20,2,0.87676,0.50416,0.88124,"[np.float64(0.4596), np.float64(0.4696), np.float64(0.4896), np.float64(0.4996), np.float64(0.5096), np.float64(0.5296), np.float64(0.5396), np.float64(0.5596), np.float64(0.5696), np.float64(0.5796), np.float64(0.5996), np.float64(0.6096), np.float64(0.6196), np.float64(0.6396), np.float64(0.6495), np.float64(0.6695), np.float64(0.6795), np.float64(0.6895), np.float64(0.7095), np.float64(0.7195)]"
0.46,0.72,0.26,18,2,0.8766,0.50449,0.88112,"[np.float64(0.4596), np.float64(0.4796), np.float64(0.4896), np.float64(0.5096), np.float64(0.5196), np.float64(0.5396), np.float64(0.5496), np.float64(0.5696), np.float64(0.5796), np.float64(0.5996), np.float64(0.6096), np.float64(0.6296), np.float64(0.6396), np.float64(0.6595), np.float64(0.6695), np.float64(0.6895), np.float64(0.6995), np.float64(0.7195)]"
0.4,0.8,0.4,11,2,0.87658,0.50453,0.8811,"[np.float64(0.3996), np.float64(0.4396), np.float64(0.4796), np.float64(0.5196), np.float64(0.5596), np.float64(0.5996), np.float64(0.6396), np.float64(0.6795), np.float64(0.7195), np.float64(0.7595), np.float64(0.7994)]"
0.42,0.78,0.36,5,2,0.87657,0.50455,0.8811,"[np.float64(0.4196), np.float64(0.5096), np.float64(0.5996), np.float64(0.6895), np.float64(0.7795)]"
0.48,0.7,0.22,6,2,0.87657,0.50455,0.88109,"[np.float64(0.4796), np.float64(0.5196), np.float64(0.5696), np.float64(0.6096), np.float64(0.6595), np.float64(0.6995)]"
0.46,0.72,0.26,19,2,0.87656,0.50457,0.88109,"[np.float64(0.4596), np.float64(0.4696), np.float64(0.4896), np.float64(0.4996), np.float64(0.5196), np.float64(0.5296), np.float64(0.5496), np.float64(0.5596), np.float64(0.5796), np.float64(0.5896), np.float64(0.5996), np.float64(0.6196), np.float64(0.6296), np.float64(0.6495), np.float64(0.6595), np.float64(0.6795), np.float64(0.6895), np.float64(0.7095), np.float64(0.7195)]"
0.4,0.79,0.39,7,2,0.87608,0.50555,0.88071,"[np.float64(0.3996), np.float64(0.4596), np.float64(0.5296), np.float64(0.5996), np.float64(0.6595), np.float64(0.7195), np.float64(0.7894)]"
0.46,0.69,0.23,2,2,0.87599,0.50573,0.88064,"[np.float64(0.4596), np.float64(0.6895)]"
0.4,0.74,0.34,9,3,0.8759,0.50592,0.88057,"[np.float64(0.3996), np.float64(0.4396), np.float64(0.4796), np.float64(0.5296), np.float64(0.5696), np.float64(0.6096), np.float64(0.6595), np.float64(0.6995), np.float64(0.7395)]"
0.48,0.7,0.22,8,2,0.87588,0.50597,0.88055,"[np.float64(0.4796), np.float64(0.5096), np.float64(0.5396), np.float64(0.5696), np.float64(0.6096), np.float64(0.6396), np.float64(0.6695), np.float64(0.6995)]"
0.48,0.78,0.3,4,2,0.87581,0.50611,0.8805,"[np.float64(0.4796), np.float64(0.5796), np.float64(0.6795), np.float64(0.7795)]"
0.48,0.7,0.22,5,2,0.8756,0.50654,0.88033,"[np.float64(0.4796), np.float64(0.5396), np.float64(0.5896), np.float64(0.6396), np.float64(0.6995)]"
0.48,0.7,0.22,7,2,0.87547,0.50679,0.88024,"[np.float64(0.4796), np.float64(0.5196), np.float64(0.5496), np.float64(0.5896), np.float64(0.6296), np.float64(0.6595), np.float64(0.6995)]"
0.44,0.77,0.33,3,2,0.87515,0.50746,0.87998,"[np.float64(0.4396), np.float64(0.5996), np.float64(0.7695)]"
0.48,0.7,0.22,10,2,0.875,0.50776,0.87987,"[np.float64(0.4796), np.float64(0.4996), np.float64(0.5296), np.float64(0.5496), np.float64(0.5796), np.float64(0.5996), np.float64(0.6296), np.float64(0.6495), np.float64(0.6795), np.float64(0.6995)]"
0.48,0.68,0.2,2,2,0.87491,0.50794,0.87979,"[np.float64(0.4796), np.float64(0.6795)]"
0.42,0.79,0.37,6,3,0.8748,0.50816,0.87971,"[np.float64(0.4196), np.float64(0.4896), np.float64(0.5696), np.float64(0.6396), np.float64(0.7195), np.float64(0.7894)]"
0.5,0.8,0.3,4,3,0.87464,0.50848,0.87959,"[np.float64(0.4996), np.float64(0.5996), np.float64(0.6995), np.float64(0.7994)]"
0.46,0.71,0.25,3,2,0.87464,0.50849,0.87958,"[np.float64(0.4596), np.float64(0.5796), np.float64(0.7095)]"
0.4,0.78,0.38,5,3,0.87464,0.50848,0.87958,"[np.float64(0.3996), np.float64(0.4996), np.float64(0.5896), np.float64(0.6795), np.float64(0.7795)]"
0.4,0.7,0.3,2,2,0.87454,0.50869,0.87951,"[np.float64(0.3996), np.float64(0.6995)]"
0.48,0.7,0.22,12,2,0.87422,0.50933,0.87926,"[np.float64(0.4796), np.float64(0.4996), np.float64(0.5196), np.float64(0.5396), np.float64(0.5596), np.float64(0.5796), np.float64(0.5996), np.float64(0.6196), np.float64(0.6396), np.float64(0.6595), np.float64(0.6795), np.float64(0.6995)]"
0.48,0.7,0.22,11,2,0.87414,0.50949,0.8792,"[np.float64(0.4796), np.float64(0.4996), np.float64(0.5196), np.float64(0.5496), np.float64(0.5696), np.float64(0.5896), np.float64(0.6096), np.float64(0.6296), np.float64(0.6595), np.float64(0.6795), np.float64(0.6995)]"
0.48,0.7,0.22,14,2,0.87414,0.50949,0.8792,"[np.float64(0.4796), np.float64(0.4996), np.float64(0.5096), np.float64(0.5296), np.float64(0.5496), np.float64(0.5596), np.float64(0.5796), np.float64(0.5996), np.float64(0.6196), np.float64(0.6296), np.float64(0.6495), np.float64(0.6695), np.float64(0.6795), np.float64(0.6995)]"
0.48,0.7,0.22,16,2,0.87413,0.50952,0.87919,"[np.float64(0.4796), np.float64(0.4896), np.float64(0.5096), np.float64(0.5196), np.float64(0.5396), np.float64(0.5496), np.float64(0.5696), np.float64(0.5796), np.float64(0.5996), np.float64(0.6096), np.float64(0.6296), np.float64(0.6396), np.float64(0.6595), np.float64(0.6695), np.float64(0.6895), np.float64(0.6995)]"
0.44,0.73,0.29,5,2,0.87398,0.50981,0.87907,"[np.float64(0.4396), np.float64(0.5096), np.float64(0.5796), np.float64(0.6595), np.float64(0.7295)]"
0.48,0.7,0.22,15,2,0.87386,0.51006,0.87898,"[np.float64(0.4796), np.float64(0.4996), np.float64(0.5096), np.float64(0.5296), np.float64(0.5396), np.float64(0.5596), np.float64(0.5696), np.float64(0.5896), np.float64(0.6096), np.float64(0.6196), np.float64(0.6396), np.float64(0.6495), np.float64(0.6695), np.float64(0.6795), np.float64(0.6995)]"
0.48,0.7,0.22,18,2,0.87386,0.51007,0.87897,"[np.float64(0.4796), np.float64(0.4896), np.float64(0.5096), np.float64(0.5196), np.float64(0.5296), np.float64(0.5396), np.float64(0.5596), np.float64(0.5696), np.float64(0.5796), np.float64(0.5996), np.float64(0.6096), np.float64(0.6196), np.float64(0.6396), np.float64(0.6495), np.float64(0.6595), np.float64(0.6695), np.float64(0.6895), np.float64(0.6995)]"
0.44,0.8,0.36,8,2,0.87384,0.51011,0.87896,"[np.float64(0.4396), np.float64(0.4896), np.float64(0.5396), np.float64(0.5896), np.float64(0.6495), np.float64(0.6995), np.float64(0.7495), np.float64(0.7994)]"
0.48,0.7,0.22,9,2,0.87379,0.51021,0.87892,"[np.float64(0.4796), np.float64(0.5096), np.float64(0.5396), np.float64(0.5596), np.float64(0.5896), np.float64(0.6196), np.float64(0.6396), np.float64(0.6695), np.float64(0.6995)]"
0.48,0.7,0.22,13,2,0.87376,0.51026,0.8789,"[np.float64(0.4796), np.float64(0.4996), np.float64(0.5196), np.float64(0.5396), np.float64(0.5496), np.float64(0.5696), np.float64(0.5896), np.float64(0.6096), np.float64(0.6296), np.float64(0.6396), np.float64(0.6595), np.float64(0.6795), np.float64(0.6995)]"
0.48,0.7,0.22,19,2,0.87365,0.5105,0.87881,"[np.float64(0.4796), np.float64(0.4896), np.float64(0.4996), np.float64(0.5196), np.float64(0.5296), np.float64(0.5396), np.float64(0.5496), np.float64(0.5696), np.float64(0.5796), np.float64(0.5896), np.float64(0.5996), np.float64(0.6096), np.float64(0.6296), np.float64(0.6396), np.float64(0.6495), np.float64(0.6595), np.float64(0.6795), np.float64(0.6895), np.float64(0.6995)]"
0.48,0.7,0.22,20,2,0.87361,0.51057,0.87878,"[np.float64(0.4796), np.float64(0.4896), np.float64(0.4996), np.float64(0.5096), np.float64(0.5296), np.float64(0.5396), np.float64(0.5496), np.float64(0.5596), np.float64(0.5696), np.float64(0.5796), np.float64(0.5996), np.float64(0.6096), np.float64(0.6196), np.float64(0.6296), np.float64(0.6396), np.float64(0.6495), np.float64(0.6695), np.float64(0.6795), np.float64(0.6895), np.float64(0.6995)]"
0.44,0.79,0.35,6,2,0.87355,0.51069,0.87873,"[np.float64(0.4396), np.float64(0.5096), np.float64(0.5796), np.float64(0.6495), np.float64(0.7195), np.float64(0.7894)]"
0.42,0.8,0.38,9,3,0.87349,0.51081,0.87869,"[np.float64(0.4196), np.float64(0.4696), np.float64(0.5196), np.float64(0.5596), np.float64(0.6096), np.float64(0.6595), np.float64(0.6995), np.float64(0.7495), np.float64(0.7994)]"
0.4,0.77,0.37,3,2,0.87346,0.51087,0.87867,"[np.float64(0.3996), np.float64(0.5796), np.float64(0.7695)]"
0.48,0.7,0.22,17,2,0.87321,0.51137,0.87847,"[np.float64(0.4796), np.float64(0.4896), np.float64(0.5096), np.float64(0.5196), np.float64(0.5396), np.float64(0.5496), np.float64(0.5596), np.float64(0.5796), np.float64(0.5896), np.float64(0.5996), np.float64(0.6196), np.float64(0.6296), np.float64(0.6396), np.float64(0.6595), np.float64(0.6695), np.float64(0.6895), np.float64(0.6995)]"
0.44,0.8,0.36,9,2,0.87291,0.51197,0.87824,"[np.float64(0.4396), np.float64(0.4796), np.float64(0.5296), np.float64(0.5796), np.float64(0.6196), np.float64(0.6595), np.float64(0.7095), np.float64(0.7595), np.float64(0.7994)]"
0.4,0.8,0.4,10,2,0.87275,0.5123,0.87811,"[np.float64(0.3996), np.float64(0.4396), np.float64(0.4896), np.float64(0.5296), np.float64(0.5796), np.float64(0.6196), np.float64(0.6695), np.float64(0.7095), np.float64(0.7595), np.float64(0.7994)]"
0.44,0.8,0.36,6,3,0.87249,0.51282,0.87791,"[np.float64(0.4396), np.float64(0.5096), np.float64(0.5796), np.float64(0.6595), np.float64(0.7295), np.float64(0.7994)]"
0.44,0.73,0.29,8,2,0.87206,0.51369,0.87758,"[np.float64(0.4396), np.float64(0.4796), np.float64(0.5196), np.float64(0.5596), np.float64(0.6096), np.float64(0.6495), np.float64(0.6895), np.float64(0.7295)]"
0.48,0.79,0.31,5,2,0.87205,0.51371,0.87757,"[np.float64(0.4796), np.float64(0.5596), np.float64(0.6396), np.float64(0.7095), np.float64(0.7894)]"
0.5,0.79,0.29,4,3,0.87197,0.51386,0.87751,"[np.float64(0.4996), np.float64(0.5996), np.float64(0.6895), np.float64(0.7894)]"
0.4,0.8,0.4,9,2,0.87191,0.51398,0.87746,"[np.float64(0.3996), np.float64(0.4496), np.float64(0.4996), np.float64(0.5496), np.float64(0.5996), np.float64(0.6495), np.float64(0.6995), np.float64(0.7495), np.float64(0.7994)]"
0.4,0.8,0.4,8,2,0.87174,0.51434,0.87732,"[np.float64(0.3996), np.float64(0.4596), np.float64(0.5096), np.float64(0.5696), np.float64(0.6296), np.float64(0.6895), np.float64(0.7395), np.float64(0.7994)]"
0.4,0.6,0.2,15,5,0.87154,0.51473,0.87717,"[np.float64(0.3996), np.float64(0.4096), np.float64(0.4296), np.float64(0.4396), np.float64(0.4596), np.float64(0.4696), np.float64(0.4896), np.float64(0.4996), np.float64(0.5096), np.float64(0.5296), np.float64(0.5396), np.float64(0.5596), np.float64(0.5696), np.float64(0.5896), np.float64(0.5996)]"
0.4,0.79,0.39,5,3,0.87107,0.51568,0.8768,"[np.float64(0.3996), np.float64(0.4996), np.float64(0.5996), np.float64(0.6895), np.float64(0.7894)]"
0.42,0.74,0.32,10,3,0.87083,0.51616,0.87662,"[np.float64(0.4196), np.float64(0.4596), np.float64(0.4896), np.float64(0.5296), np.float64(0.5596), np.float64(0.5996), np.float64(0.6296), np.float64(0.6695), np.float64(0.6995), np.float64(0.7395)]"
0.4,0.6,0.2,18,7,0.87055,0.51671,0.8764,"[np.float64(0.3996), np.float64(0.4096), np.float64(0.4196), np.float64(0.4396), np.float64(0.4496), np.float64(0.4596), np.float64(0.4696), np.float64(0.4796), np.float64(0.4896), np.float64(0.5096), np.float64(0.5196), np.float64(0.5296), np.float64(0.5396), np.float64(0.5496), np.float64(0.5596), np.float64(0.5796), np.float64(0.5896), np.float64(0.5996)]"
0.52,0.79,0.27,3,3,0.87028,0.51725,0.87619,"[np.float64(0.5196), np.float64(0.6595), np.float64(0.7894)]"
0.44,0.78,0.34,4,2,0.87023,0.51734,0.87615,"[np.float64(0.4396), np.float64(0.5496), np.float64(0.6695), np.float64(0.7795)]"
0.4,0.74,0.34,10,3,0.87007,0.51767,0.87603,"[np.float64(0.3996), np.float64(0.4396), np.float64(0.4796), np.float64(0.5096), np.float64(0.5496), np.float64(0.5896), np.float64(0.6296), np.float64(0.6595), np.float64(0.6995), np.float64(0.7395)]"
0.46,0.78,0.32,4,2,0.87005,0.51772,0.87601,"[np.float64(0.4596), np.float64(0.5696), np.float64(0.6695), np.float64(0.7795)]"
0.44,0.73,0.29,7,2,0.87001,0.51778,0.87598,"[np.float64(0.4396), np.float64(0.4896), np.float64(0.5396), np.float64(0.5796), np.float64(0.6296), np.float64(0.6795), np.float64(0.7295)]"
0.4,0.8,0.4,7,3,0.86994,0.51793,0.87592,"[np.float64(0.3996), np.float64(0.4696), np.float64(0.5296), np.float64(0.5996), np.float64(0.6695), np.float64(0.7295), np.float64(0.7994)]"
0.44,0.73,0.29,9,2,0.86993,0.51795,0.87592,"[np.float64(0.4396), np.float64(0.4796), np.float64(0.5096), np.float64(0.5496), np.float64(0.5796), np.float64(0.6196), np.float64(0.6595), np.float64(0.6895), np.float64(0.7295)]"
0.46,0.71,0.25,4,2,0.86962,0.51857,0.87567,"[np.float64(0.4596), np.float64(0.5396), np.float64(0.6296), np.float64(0.7095)]"
0.44,0.73,0.29,6,2,0.86944,0.51893,0.87554,"[np.float64(0.4396), np.float64(0.4996), np.float64(0.5596), np.float64(0.6096), np.float64(0.6695), np.float64(0.7295)]"
0.42,0.8,0.38,8,2,0.86942,0.51897,0.87552,"[np.float64(0.4196), np.float64(0.4696), np.float64(0.5296), np.float64(0.5796), np.float64(0.6396), np.float64(0.6895), np.float64(0.7495), np.float64(0.7994)]"
0.44,0.73,0.29,10,2,0.86935,0.51909,0.87547,"[np.float64(0.4396), np.float64(0.4696), np.float64(0.4996), np.float64(0.5396), np.float64(0.5696), np.float64(0.5996), np.float64(0.6296), np.float64(0.6695), np.float64(0.6995), np.float64(0.7295)]"
0.48,0.69,0.21,3,2,0.86936,0.51908,0.87547,"[np.float64(0.4796), np.float64(0.5796), np.float64(0.6895)]"
0.48,0.8,0.32,5,3,0.86933,0.51914,0.87545,"[np.float64(0.4796), np.float64(0.5596), np.float64(0.6396), np.float64(0.7195), np.float64(0.7994)]"
0.42,0.74,0.32,11,3,0.86923,0.51934,0.87537,"[np.float64(0.4196), np.float64(0.4496), np.float64(0.4796), np.float64(0.5196), np.float64(0.5496), np.float64(0.5796), np.float64(0.6096), np.float64(0.6396), np.float64(0.6795), np.float64(0.7095), np.float64(0.7395)]"
0.44,0.73,0.29,15,2,0.8691,0.5196,0.87527,"[np.float64(0.4396), np.float64(0.4596), np.float64(0.4796), np.float64(0.4996), np.float64(0.5196), np.float64(0.5396), np.float64(0.5596), np.float64(0.5896), np.float64(0.6096), np.float64(0.6296), np.float64(0.6495), np.float64(0.6695), np.float64(0.6895), np.float64(0.7095), np.float64(0.7295)]"
0.42,0.73,0.31,4,3,0.86884,0.52011,0.87507,"[np.float64(0.4196), np.float64(0.5196), np.float64(0.6296), np.float64(0.7295)]"
0.44,0.73,0.29,12,2,0.86827,0.52124,0.87463,"[np.float64(0.4396), np.float64(0.4696), np.float64(0.4896), np.float64(0.5196), np.float64(0.5496), np.float64(0.5696), np.float64(0.5996), np.float64(0.6196), np.float64(0.6495), np.float64(0.6795), np.float64(0.6995), np.float64(0.7295)]"
0.44,0.73,0.29,17,2,0.86794,0.5219,0.87437,"[np.float64(0.4396), np.float64(0.4596), np.float64(0.4796), np.float64(0.4896), np.float64(0.5096), np.float64(0.5296), np.float64(0.5496), np.float64(0.5696), np.float64(0.5796), np.float64(0.5996), np.float64(0.6196), np.float64(0.6396), np.float64(0.6595), np.float64(0.6795), np.float64(0.6895), np.float64(0.7095), np.float64(0.7295)]"
0.44,0.73,0.29,13,2,0.86776,0.52225,0.87423,"[np.float64(0.4396), np.float64(0.4596), np.float64(0.4896), np.float64(0.5096), np.float64(0.5396), np.float64(0.5596), np.float64(0.5796), np.float64(0.6096), np.float64(0.6296), np.float64(0.6595), np.float64(0.6795), np.float64(0.7095), np.float64(0.7295)]"
0.4,0.73,0.33,4,3,0.86775,0.52228,0.87422,"[np.float64(0.3996), np.float64(0.5096), np.float64(0.6196), np.float64(0.7295)]"
0.44,0.73,0.29,19,2,0.86764,0.52248,0.87414,"[np.float64(0.4396), np.float64(0.4596), np.float64(0.4696), np.float64(0.4896), np.float64(0.4996), np.float64(0.5196), np.float64(0.5396), np.float64(0.5496), np.float64(0.5696), np.float64(0.5796), np.float64(0.5996), np.float64(0.6196), np.float64(0.6296), np.float64(0.6495), np.float64(0.6695), np.float64(0.6795), np.float64(0.6995), np.float64(0.7095), np.float64(0.7295)]"
0.44,0.73,0.29,14,2,0.86755,0.52267,0.87407,"[np.float64(0.4396), np.float64(0.4596), np.float64(0.4796), np.float64(0.5096), np.float64(0.5296), np.float64(0.5496), np.float64(0.5696), np.float64(0.5996), np.float64(0.6196), np.float64(0.6396), np.float64(0.6595), np.float64(0.6895), np.float64(0.7095), np.float64(0.7295)]"
0.4,0.6,0.2,8,5,0.86733,0.5231,0.8739,"[np.float64(0.3996), np.float64(0.4296), np.float64(0.4596), np.float64(0.4896), np.float64(0.5096), np.float64(0.5396), np.float64(0.5696), np.float64(0.5996)]"
0.46,0.71,0.25,5,2,0.8673,0.52315,0.87388,"[np.float64(0.4596), np.float64(0.5196), np.float64(0.5796), np.float64(0.6495), np.float64(0.7095)]"
0.44,0.73,0.29,11,2,0.86721,0.52333,0.87381,"[np.float64(0.4396), np.float64(0.4696), np.float64(0.4996), np.float64(0.5296), np.float64(0.5596), np.float64(0.5796), np.float64(0.6096), np.float64(0.6396), np.float64(0.6695), np.float64(0.6995), np.float64(0.7295)]"
0.4,0.79,0.39,6,2,0.86693,0.52389,0.87359,"[np.float64(0.3996), np.float64(0.4796), np.float64(0.5596), np.float64(0.6296), np.float64(0.7095), np.float64(0.7894)]"
0.44,0.73,0.29,18,2,0.86652,0.52469,0.87327,"[np.float64(0.4396), np.float64(0.4596), np.float64(0.4696), np.float64(0.4896), np.float64(0.5096), np.float64(0.5296), np.float64(0.5396), np.float64(0.5596), np.float64(0.5796), np.float64(0.5896), np.float64(0.6096), np.float64(0.6296), np.float64(0.6396), np.float64(0.6595), np.float64(0.6795), np.float64(0.6995), np.float64(0.7095), np.float64(0.7295)]"
0.44,0.73,0.29,20,2,0.86645,0.52483,0.87322,"[np.float64(0.4396), np.float64(0.4596), np.float64(0.4696), np.float64(0.4896), np.float64(0.4996), np.float64(0.5196), np.float64(0.5296), np.float64(0.5496), np.float64(0.5596), np.float64(0.5796), np.float64(0.5896), np.float64(0.6096), np.float64(0.6196), np.float64(0.6396), np.float64(0.6495), np.float64(0.6695), np.float64(0.6795), np.float64(0.6995), np.float64(0.7095), np.float64(0.7295)]"
0.44,0.72,0.28,3,2,0.86633,0.52507,0.87313,"[np.float64(0.4396), np.float64(0.5796), np.float64(0.7195)]"
0.46,0.79,0.33,5,2,0.86625,0.52522,0.87306,"[np.float64(0.4596), np.float64(0.5396), np.float64(0.6196), np.float64(0.7095), np.float64(0.7894)]"
0.46,0.71,0.25,7,2,0.86597,0.52578,0.87284,"[np.float64(0.4596), np.float64(0.4996), np.float64(0.5396), np.float64(0.5796), np.float64(0.6296), np.float64(0.6695), np.float64(0.7095)]"
0.44,0.73,0.29,16,2,0.86563,0.52644,0.87258,"[np.float64(0.4396), np.float64(0.4596), np.float64(0.4796), np.float64(0.4996), np.float64(0.5196), np.float64(0.5396), np.float64(0.5596), np.float64(0.5796), np.float64(0.5896), np.float64(0.6096), np.float64(0.6296), np.float64(0.6495), np.float64(0.6695), np.float64(0.6895), np.float64(0.7095), np.float64(0.7295)]"
0.46,0.71,0.25,9,2,0.86545,0.5268,0.87244,"[np.float64(0.4596), np.float64(0.4896), np.float64(0.5196), np.float64(0.5496), np.float64(0.5796), np.float64(0.6196), np.float64(0.6495), np.float64(0.6795), np.float64(0.7095)]"
0.46,0.8,0.34,6,3,0.86545,0.52679,0.87244,"[np.float64(0.4596), np.float64(0.5296), np.float64(0.5996), np.float64(0.6595), np.float64(0.7295), np.float64(0.7994)]"
0.52,0.8,0.28,3,3,0.86528,0.52713,0.87231,"[np.float64(0.5196), np.float64(0.6595), np.float64(0.7994)]"
0.46,0.71,0.25,13,2,0.86455,0.52855,0.87175,"[np.float64(0.4596), np.float64(0.4796), np.float64(0.4996), np.float64(0.5196), np.float64(0.5396), np.float64(0.5596), np.float64(0.5796), np.float64(0.6096), np.float64(0.6296), np.float64(0.6495), np.float64(0.6695), np.float64(0.6895), np.float64(0.7095)]"
0.48,0.69,0.21,7,2,0.86453,0.52859,0.87173,"[np.float64(0.4796), np.float64(0.5196), np.float64(0.5496), np.float64(0.5796), np.float64(0.6196), np.float64(0.6595), np.float64(0.6895)]"
0.48,0.69,0.21,5,2,0.86442,0.52881,0.87164,"[np.float64(0.4796), np.float64(0.5296), np.float64(0.5796), np.float64(0.6396), np.float64(0.6895)]"
0.42,0.74,0.32,12,3,0.86437,0.52889,0.87161,"[np.float64(0.4196), np.float64(0.4496), np.float64(0.4796), np.float64(0.5096), np.float64(0.5396), np.float64(0.5696), np.float64(0.5896), np.float64(0.6196), np.float64(0.6495), np.float64(0.6795), np.float64(0.7095), np.float64(0.7395)]"
0.52,0.78,0.26,3,3,0.86432,0.529,0.87157,"[np.float64(0.5196), np.float64(0.6495), np.float64(0.7795)]"
0.48,0.69,0.21,15,2,0.8643,0.52904,0.87155,"[np.float64(0.4796), np.float64(0.4996), np.float64(0.5096), np.float64(0.5196), np.float64(0.5396), np.float64(0.5596), np.float64(0.5696), np.float64(0.5796), np.float64(0.5996), np.float64(0.6196), np.float64(0.6296), np.float64(0.6396), np.float64(0.6595), np.float64(0.6795), np.float64(0.6895)]"
0.44,0.79,0.35,5,2,0.86429,0.52906,0.87154,"[np.float64(0.4396), np.float64(0.5296), np.float64(0.6196), np.float64(0.6995), np.float64(0.7894)]"
0.48,0.69,0.21,4,2,0.86428,0.52908,0.87154,"[np.float64(0.4796), np.float64(0.5496), np.float64(0.6196), np.float64(0.6895)]"
0.46,0.71,0.25,6,2,0.86423,0.52918,0.8715,"[np.float64(0.4596), np.float64(0.5096), np.float64(0.5596), np.float64(0.6096), np.float64(0.6595), np.float64(0.7095)]"
0.4,0.6,0.2,17,7,0.86408,0.52946,0.87139,"[np.float64(0.3996), np.float64(0.4096), np.float64(0.4196), np.float64(0.4396), np.float64(0.4496), np.float64(0.4596), np.float64(0.4796), np.float64(0.4896), np.float64(0.4996), np.float64(0.5096), np.float64(0.5196), np.float64(0.5396), np.float64(0.5496), np.float64(0.5596), np.float64(0.5796), np.float64(0.5896), np.float64(0.5996)]"
0.42,0.78,0.36,4,3,0.86408,0.52948,0.87138,"[np.float64(0.4196), np.float64(0.5396), np.float64(0.6595), np.float64(0.7795)]"
0.4,0.74,0.34,11,3,0.86401,0.5296,0.87133,"[np.float64(0.3996), np.float64(0.4296), np.float64(0.4696), np.float64(0.4996), np.float64(0.5396), np.float64(0.5696), np.float64(0.5996), np.float64(0.6396), np.float64(0.6695), np.float64(0.7095), np.float64(0.7395)]"
0.48,0.69,0.21,6,2,0.8636,0.5304,0.87102,"[np.float64(0.4796), np.float64(0.5196), np.float64(0.5596), np.float64(0.6096), np.float64(0.6495), np.float64(0.6895)]"
0.46,0.71,0.25,10,2,0.86333,0.53092,0.87081,"[np.float64(0.4596), np.float64(0.4896), np.float64(0.5196), np.float64(0.5396), np.float64(0.5696), np.float64(0.5996), np.float64(0.6296), np.float64(0.6495), np.float64(0.6795), np.float64(0.7095)]"
0.48,0.69,0.21,13,2,0.86325,0.53109,0.87074,"[np.float64(0.4796), np.float64(0.4996), np.float64(0.5196), np.float64(0.5296), np.float64(0.5496), np.float64(0.5696), np.float64(0.5796), np.float64(0.5996), np.float64(0.6196), np.float64(0.6396), np.float64(0.6595), np.float64(0.6695), np.float64(0.6895)]"
0.46,0.71,0.25,17,2,0.86314,0.53129,0.87066,"[np.float64(0.4596), np.float64(0.4796), np.float64(0.4896), np.float64(0.5096), np.float64(0.5196), np.float64(0.5396), np.float64(0.5496), np.float64(0.5696), np.float64(0.5796), np.float64(0.5996), np.float64(0.6196), np.float64(0.6296), np.float64(0.6495), np.float64(0.6595), np.float64(0.6795), np.float64(0.6895), np.float64(0.7095)]"
0.46,0.71,0.25,8,2,0.86293,0.53171,0.87049,"[np.float64(0.4596), np.float64(0.4996), np.float64(0.5296), np.float64(0.5696), np.float64(0.5996), np.float64(0.6396), np.float64(0.6695), np.float64(0.7095)]"
0.48,0.69,0.21,11,2,0.86291,0.53174,0.87048,"[np.float64(0.4796), np.float64(0.4996), np.float64(0.5196), np.float64(0.5396), np.float64(0.5596), np.float64(0.5796), np.float64(0.6096), np.float64(0.6296), np.float64(0.6495), np.float64(0.6695), np.float64(0.6895)]"
0.46,0.71,0.25,15,2,0.86282,0.53191,0.87041,"[np.float64(0.4596), np.float64(0.4796), np.float64(0.4996), np.float64(0.5096), np.float64(0.5296), np.float64(0.5496), np.float64(0.5696), np.float64(0.5796), np.float64(0.5996), np.float64(0.6196), np.float64(0.6396), np.float64(0.6595), np.float64(0.6695), np.float64(0.6895), np.float64(0.7095)]"
0.46,0.71,0.25,18,2,0.86282,0.53192,0.87041,"[np.float64(0.4596), np.float64(0.4696), np.float64(0.4896), np.float64(0.4996), np.float64(0.5196), np.float64(0.5296), np.float64(0.5496), np.float64(0.5596), np.float64(0.5796), np.float64(0.5896), np.float64(0.6096), np.float64(0.6196), np.float64(0.6396), np.float64(0.6495), np.float64(0.6695), np.float64(0.6795), np.float64(0.6995), np.float64(0.7095)]"
0.46,0.71,0.25,16,2,0.8627,0.53215,0.87032,"[np.float64(0.4596), np.float64(0.4796), np.float64(0.4896), np.float64(0.5096), np.float64(0.5296), np.float64(0.5396), np.float64(0.5596), np.float64(0.5796), np.float64(0.5896), np.float64(0.6096), np.float64(0.6296), np.float64(0.6396), np.float64(0.6595), np.float64(0.6795), np.float64(0.6895), np.float64(0.7095)]"
0.48,0.69,0.21,19,2,0.86232,0.53288,0.87003,"[np.float64(0.4796), np.float64(0.4896), np.float64(0.4996), np.float64(0.5196), np.float64(0.5296), np.float64(0.5396), np.float64(0.5496), np.float64(0.5596), np.float64(0.5696), np.float64(0.5796), np.float64(0.5996), np.float64(0.6096), np.float64(0.6196), np.float64(0.6296), np.float64(0.6396), np.float64(0.6595), np.float64(0.6695), np.float64(0.6795), np.float64(0.6895)]"
0.46,0.71,0.25,19,2,0.86228,0.53296,0.86999,"[np.float64(0.4596), np.float64(0.4696), np.float64(0.4896), np.float64(0.4996), np.float64(0.5196), np.float64(0.5296), np.float64(0.5396), np.float64(0.5596), np.float64(0.5696), np.float64(0.5796), np.float64(0.5996), np.float64(0.6096), np.float64(0.6296), np.float64(0.6396), np.float64(0.6495), np.float64(0.6695), np.float64(0.6795), np.float64(0.6995), np.float64(0.7095)]"
0.46,0.71,0.25,12,2,0.8621,0.53331,0.86985,"[np.float64(0.4596), np.float64(0.4796), np.float64(0.5096), np.float64(0.5296), np.float64(0.5496), np.float64(0.5696), np.float64(0.5996), np.float64(0.6196), np.float64(0.6396), np.float64(0.6595), np.float64(0.6895), np.float64(0.7095)]"
0.46,0.71,0.25,20,2,0.86177,0.53394,0.8696,"[np.float64(0.4596), np.float64(0.4696), np.float64(0.4896), np.float64(0.4996), np.float64(0.5096), np.float64(0.5296), np.float64(0.5396), np.float64(0.5496), np.float64(0.5696), np.float64(0.5796), np.float64(0.5896), np.float64(0.5996), np.float64(0.6196), np.float64(0.6296), np.float64(0.6396), np.float64(0.6595), np.float64(0.6695), np.float64(0.6795), np.float64(0.6995), np.float64(0.7095)]"
0.48,0.69,0.21,14,2,0.86169,0.53411,0.86954,"[np.float64(0.4796), np.float64(0.4996), np.float64(0.5096), np.float64(0.5296), np.float64(0.5396), np.float64(0.5596), np.float64(0.5796), np.float64(0.5896), np.float64(0.6096), np.float64(0.6296), np.float64(0.6396), np.float64(0.6595), np.float64(0.6695), np.float64(0.6895)]"
0.48,0.69,0.21,8,2,0.86167,0.53415,0.86952,"[np.float64(0.4796), np.float64(0.5096), np.float64(0.5396), np.float64(0.5696), np.float64(0.5996), np.float64(0.6296), np.float64(0.6595), np.float64(0.6895)]"
0.42,0.74,0.32,14,2,0.8616,0.53427,0.86947,"[np.float64(0.4196), np.float64(0.4396), np.float64(0.4696), np.float64(0.4896), np.float64(0.5196), np.float64(0.5396), np.float64(0.5696), np.float64(0.5896), np.float64(0.6196), np.float64(0.6396), np.float64(0.6695), np.float64(0.6895), np.float64(0.7195), np.float64(0.7395)]"
0.48,0.69,0.21,9,2,0.86157,0.53432,0.86945,"[np.float64(0.4796), np.float64(0.5096), np.float64(0.5296), np.float64(0.5596), np.float64(0.5796), np.float64(0.6096), np.float64(0.6396), np.float64(0.6595), np.float64(0.6895)]"
0.44,0.69,0.25,2,2,0.86149,0.53449,0.86938,"[np.float64(0.4396), np.float64(0.6895)]"
0.46,0.77,0.31,2,2,0.86138,0.53469,0.8693,"[np.float64(0.4596), np.float64(0.7695)]"
0.42,0.74,0.32,13,2,0.86131,0.53483,0.86925,"[np.float64(0.4196), np.float64(0.4496), np.float64(0.4696), np.float64(0.4996), np.float64(0.5296), np.float64(0.5496), np.float64(0.5796), np.float64(0.6096), np.float64(0.6296), np.float64(0.6595), np.float64(0.6895), np.float64(0.7095), np.float64(0.7395)]"
0.48,0.69,0.21,18,2,0.8613,0.53484,0.86924,"[np.float64(0.4796), np.float64(0.4896), np.float64(0.4996), np.float64(0.5196), np.float64(0.5296), np.float64(0.5396), np.float64(0.5496), np.float64(0.5696), np.float64(0.5796), np.float64(0.5896), np.float64(0.5996), np.float64(0.6196), np.float64(0.6296), np.float64(0.6396), np.float64(0.6495), np.float64(0.6695), np.float64(0.6795), np.float64(0.6895)]"
0.46,0.71,0.25,14,2,0.86119,0.53506,0.86915,"[np.float64(0.4596), np.float64(0.4796), np.float64(0.4996), np.float64(0.5196), np.float64(0.5396), np.float64(0.5596), np.float64(0.5796), np.float64(0.5896), np.float64(0.6096), np.float64(0.6296), np.float64(0.6495), np.float64(0.6695), np.float64(0.6895), np.float64(0.7095)]"
0.48,0.69,0.21,10,2,0.86112,0.5352,0.8691,"[np.float64(0.4796), np.float64(0.4996), np.float64(0.5296), np.float64(0.5496), np.float64(0.5696), np.float64(0.5996), np.float64(0.6196), np.float64(0.6396), np.float64(0.6695), np.float64(0.6895)]"
0.42,0.74,0.32,15,2,0.86102,0.53539,0.86902,"[np.float64(0.4196), np.float64(0.4396), np.float64(0.4696), np.float64(0.4896), np.float64(0.5096), np.float64(0.5296), np.float64(0.5596), np.float64(0.5796), np.float64(0.5996), np.float64(0.6296), np.float64(0.6495), np.float64(0.6695), np.float64(0.6895), np.float64(0.7195), np.float64(0.7395)]"
0.48,0.69,0.21,16,2,0.86097,0.53549,0.86898,"[np.float64(0.4796), np.float64(0.4896), np.float64(0.5096), np.float64(0.5196), np.float64(0.5396), np.float64(0.5496), np.float64(0.5596), np.float64(0.5796), np.float64(0.5896), np.float64(0.6096), np.float64(0.6196), np.float64(0.6296), np.float64(0.6495), np.float64(0.6595), np.float64(0.6795), np.float64(0.6895)]"
0.48,0.69,0.21,17,2,0.86088,0.53567,0.86891,"[np.float64(0.4796), np.float64(0.4896), np.float64(0.5096), np.float64(0.5196), np.float64(0.5296), np.float64(0.5496), np.float64(0.5596), np.float64(0.5696), np.float64(0.5796), np.float64(0.5996), np.float64(0.6096), np.float64(0.6196), np.float64(0.6396), np.float64(0.6495), np.float64(0.6595), np.float64(0.6795), np.float64(0.6895)]"
0.48,0.69,0.21,20,2,0.86056,0.53628,0.86867,"[np.float64(0.4796), np.float64(0.4896), np.float64(0.4996), np.float64(0.5096), np.float64(0.5196), np.float64(0.5396), np.float64(0.5496), np.float64(0.5596), np.float64(0.5696), np.float64(0.5796), np.float64(0.5896), np.float64(0.5996), np.float64(0.6096), np.float64(0.6196), np.float64(0.6296), np.float64(0.6495), np.float64(0.6595), np.float64(0.6695), np.float64(0.6795), np.float64(0.6895)]"
0.48,0.79,0.31,4,3,0.86027,0.53683,0.86844,"[np.float64(0.4796), np.float64(0.5796), np.float64(0.6895), np.float64(0.7894)]"
0.44,0.72,0.28,4,2,0.8602,0.53697,0.86839,"[np.float64(0.4396), np.float64(0.5296), np.float64(0.6296), np.float64(0.7195)]"
0.48,0.69,0.21,12,2,0.86012,0.53712,0.86833,"[np.float64(0.4796), np.float64(0.4996), np.float64(0.5196), np.float64(0.5396), np.float64(0.5596), np.float64(0.5796), np.float64(0.5896), np.float64(0.6096), np.float64(0.6296), np.float64(0.6495), np.float64(0.6695), np.float64(0.6895)]"
0.42,0.74,0.32,18,2,0.85998,0.53739,0.86822,"[np.float64(0.4196), np.float64(0.4396), np.float64(0.4596), np.float64(0.4796), np.float64(0.4996), np.float64(0.5096), np.float64(0.5296), np.float64(0.5496), np.float64(0.5696), np.float64(0.5896), np.float64(0.6096), np.float64(0.6296), np.float64(0.6495), np.float64(0.6595), np.float64(0.6795), np.float64(0.6995), np.float64(0.7195), np.float64(0.7395)]"
0.42,0.74,0.32,17,2,0.85974,0.53785,0.86804,"[np.float64(0.4196), np.float64(0.4396), np.float64(0.4596), np.float64(0.4796), np.float64(0.4996), np.float64(0.5196), np.float64(0.5396), np.float64(0.5596), np.float64(0.5796), np.float64(0.5996), np.float64(0.6196), np.float64(0.6396), np.float64(0.6595), np.float64(0.6795), np.float64(0.6995), np.float64(0.7195), np.float64(0.7395)]"
0.42,0.74,0.32,19,2,0.85962,0.53809,0.86794,"[np.float64(0.4196), np.float64(0.4396), np.float64(0.4596), np.float64(0.4696), np.float64(0.4896), np.float64(0.5096), np.float64(0.5296), np.float64(0.5396), np.float64(0.5596), np.float64(0.5796), np.float64(0.5996), np.float64(0.6196), np.float64(0.6296), np.float64(0.6495), np.float64(0.6695), np.float64(0.6895), np.float64(0.6995), np.float64(0.7195), np.float64(0.7395)]"
0.42,0.79,0.37,5,2,0.85949,0.53833,0.86784,"[np.float64(0.4196), np.float64(0.5096), np.float64(0.5996), np.float64(0.6995), np.float64(0.7894)]"
0.42,0.74,0.32,20,2,0.85926,0.53878,0.86766,"[np.float64(0.4196), np.float64(0.4396), np.float64(0.4496), np.float64(0.4696), np.float64(0.4896), np.float64(0.4996), np.float64(0.5196), np.float64(0.5396), np.float64(0.5496), np.float64(0.5696), np.float64(0.5896), np.float64(0.6096), np.float64(0.6196), np.float64(0.6396), np.float64(0.6595), np.float64(0.6695), np.float64(0.6895), np.float64(0.7095), np.float64(0.7195), np.float64(0.7395)]"
0.42,0.8,0.38,5,3,0.85907,0.53914,0.86752,"[np.float64(0.4196), np.float64(0.5196), np.float64(0.6096), np.float64(0.6995), np.float64(0.7994)]"
0.42,0.74,0.32,16,2,0.8586,0.54003,0.86716,"[np.float64(0.4196), np.float64(0.4396), np.float64(0.4596), np.float64(0.4796), np.float64(0.5096), np.float64(0.5296), np.float64(0.5496), np.float64(0.5696), np.float64(0.5896), np.float64(0.6096), np.float64(0.6296), np.float64(0.6495), np.float64(0.6795), np.float64(0.6995), np.float64(0.7195), np.float64(0.7395)]"
0.46,0.71,0.25,11,2,0.85832,0.54057,0.86694,"[np.float64(0.4596), np.float64(0.4796), np.float64(0.5096), np.float64(0.5396), np.float64(0.5596), np.float64(0.5796), np.float64(0.6096), np.float64(0.6396), np.float64(0.6595), np.float64(0.6795), np.float64(0.7095)]"
0.46,0.68,0.22,2,2,0.85737,0.54237,0.86621,"[np.float64(0.4596), np.float64(0.6795)]"
0.46,0.8,0.34,5,3,0.85727,0.54256,0.86614,"[np.float64(0.4596), np.float64(0.5396), np.float64(0.6296), np.float64(0.7195), np.float64(0.7994)]"
0.4,0.78,0.38,4,2,0.85726,0.5426,0.86612,"[np.float64(0.3996), np.float64(0.5296), np.float64(0.6495), np.float64(0.7795)]"
0.46,0.7,0.24,3,2,0.85697,0.54315,0.8659,"[np.float64(0.4596), np.float64(0.5796), np.float64(0.6995)]"
0.4,0.6,0.2,19,6,0.85654,0.54395,0.86557,"[np.float64(0.3996), np.float64(0.4096), np.float64(0.4196), np.float64(0.4296), np.float64(0.4396), np.float64(0.4596), np.float64(0.4696), np.float64(0.4796), np.float64(0.4896), np.float64(0.4996), np.float64(0.5096), np.float64(0.5196), np.float64(0.5296), np.float64(0.5396), np.float64(0.5596), np.float64(0.5696), np.float64(0.5796), np.float64(0.5896), np.float64(0.5996)]"
0.4,0.74,0.34,12,3,0.856,0.54498,0.86516,"[np.float64(0.3996), np.float64(0.4296), np.float64(0.4596), np.float64(0.4896), np.float64(0.5196), np.float64(0.5496), np.float64(0.5896), np.float64(0.6196), np.float64(0.6495), np.float64(0.6795), np.float64(0.7095), np.float64(0.7395)]"
0.48,0.77,0.29,2,2,0.85508,0.54671,0.86445,"[np.float64(0.4796), np.float64(0.7695)]"
0.44,0.72,0.28,5,2,0.85497,0.54693,0.86436,"[np.float64(0.4396), np.float64(0.5096), np.float64(0.5796), np.float64(0.6495), np.float64(0.7195)]"
0.4,0.8,0.4,5,5,0.85469,0.54745,0.86415,"[np.float64(0.3996), np.float64(0.4996), np.float64(0.5996), np.float64(0.6995), np.float64(0.7994)]"
0.42,0.73,0.31,6,2,0.85404,0.54867,0.86365,"[np.float64(0.4196), np.float64(0.4796), np.float64(0.5396), np.float64(0.6096), np.float64(0.6695), np.float64(0.7295)]"
0.44,0.77,0.33,2,2,0.85383,0.54906,0.86349,"[np.float64(0.4396), np.float64(0.7695)]"
0.44,0.72,0.28,7,2,0.85372,0.54927,0.86341,"[np.float64(0.4396), np.float64(0.4896), np.float64(0.5296), np.float64(0.5796), np.float64(0.6296), np.float64(0.6695), np.float64(0.7195)]"
0.44,0.72,0.28,10,2,0.85345,0.54979,0.8632,"[np.float64(0.4396), np.float64(0.4696), np.float64(0.4996), np.float64(0.5296), np.float64(0.5596), np.float64(0.5996), np.float64(0.6296), np.float64(0.6595), np.float64(0.6895), np.float64(0.7195)]"
0.42,0.8,0.38,6,2,0.85281,0.55098,0.86271,"[np.float64(0.4196), np.float64(0.4996), np.float64(0.5696), np.float64(0.6495), np.float64(0.7195), np.float64(0.7994)]"
0.44,0.72,0.28,9,2,0.85279,0.55102,0.86269,"[np.float64(0.4396), np.float64(0.4796), np.float64(0.5096), np.float64(0.5396), np.float64(0.5796), np.float64(0.6196), np.float64(0.6495), np.float64(0.6795), np.float64(0.7195)]"
0.44,0.72,0.28,6,2,0.85275,0.55109,0.86266,"[np.float64(0.4396), np.float64(0.4996), np.float64(0.5496), np.float64(0.6096), np.float64(0.6595), np.float64(0.7195)]"
0.44,0.72,0.28,8,2,0.85239,0.55177,0.86239,"[np.float64(0.4396), np.float64(0.4796), np.float64(0.5196), np.float64(0.5596), np.float64(0.5996), np.float64(0.6396), np.float64(0.6795), np.float64(0.7195)]"
0.4,0.8,0.4,6,2,0.85229,0.55196,0.86231,"[np.float64(0.3996), np.float64(0.4796), np.float64(0.5596), np.float64(0.6396), np.float64(0.7195), np.float64(0.7994)]"
0.48,0.68,0.2,3,2,0.85215,0.55222,0.8622,"[np.float64(0.4796), np.float64(0.5796), np.float64(0.6795)]"
0.42,0.73,0.31,5,2,0.85193,0.55263,0.86203,"[np.float64(0.4196), np.float64(0.4996), np.float64(0.5796), np.float64(0.6495), np.float64(0.7295)]"
0.4,0.74,0.34,13,3,0.85181,0.55284,0.86195,"[np.float64(0.3996), np.float64(0.4296), np.float64(0.4596), np.float64(0.4796), np.float64(0.5096), np.float64(0.5396), np.float64(0.5696), np.float64(0.5996), np.float64(0.6296), np.float64(0.6595), np.float64(0.6795), np.float64(0.7095), np.float64(0.7395)]"
0.56,0.77,0.21,2,2,0.85155,0.55333,0.86175,"[np.float64(0.5596), np.float64(0.7695)]"
0.44,0.72,0.28,11,2,0.85148,0.55346,0.86169,"[np.float64(0.4396), np.float64(0.4696), np.float64(0.4996), np.float64(0.5196), np.float64(0.5496), np.float64(0.5796), np.float64(0.6096), np.float64(0.6396), np.float64(0.6595), np.float64(0.6895), np.float64(0.7195)]"
0.44,0.72,0.28,16,2,0.85102,0.55432,0.86134,"[np.float64(0.4396), np.float64(0.4596), np.float64(0.4796), np.float64(0.4996), np.float64(0.5096), np.float64(0.5296), np.float64(0.5496), np.float64(0.5696), np.float64(0.5896), np.float64(0.6096), np.float64(0.6296), np.float64(0.6495), np.float64(0.6595), np.float64(0.6795), np.float64(0.6995), np.float64(0.7195)]"
0.4,0.74,0.34,15,3,0.85078,0.55478,0.86115,"[np.float64(0.3996), np.float64(0.4196), np.float64(0.4496), np.float64(0.4696), np.float64(0.4996), np.float64(0.5196), np.float64(0.5496), np.float64(0.5696), np.float64(0.5896), np.float64(0.6196), np.float64(0.6396), np.float64(0.6695), np.float64(0.6895), np.float64(0.7195), np.float64(0.7395)]"
0.44,0.72,0.28,17,2,0.85065,0.55501,0.86105,"[np.float64(0.4396), np.float64(0.4596), np.float64(0.4796), np.float64(0.4896), np.float64(0.5096), np.float64(0.5296), np.float64(0.5396), np.float64(0.5596), np.float64(0.5796), np.float64(0.5996), np.float64(0.6196), np.float64(0.6296), np.float64(0.6495), np.float64(0.6695), np.float64(0.6795), np.float64(0.6995), np.float64(0.7195)]"
0.46,0.7,0.24,4,2,0.85062,0.55506,0.86104,"[np.float64(0.4596), np.float64(0.5396), np.float64(0.6196), np.float64(0.6995)]"
0.42,0.73,0.31,7,2,0.85061,0.55508,0.86103,"[np.float64(0.4196), np.float64(0.4696), np.float64(0.5196), np.float64(0.5796), np.float64(0.6296), np.float64(0.6795), np.float64(0.7295)]"
0.44,0.72,0.28,12,2,0.85029,0.55568,0.86078,"[np.float64(0.4396), np.float64(0.4696), np.float64(0.4896), np.float64(0.5196), np.float64(0.5396), np.float64(0.5696), np.float64(0.5896), np.float64(0.6196), np.float64(0.6396), np.float64(0.6695), np.float64(0.6895), np.float64(0.7195)]"
0.5,0.78,0.28,3,2,0.85018,0.55588,0.8607,"[np.float64(0.4996), np.float64(0.6396), np.float64(0.7795)]"
0.44,0.72,0.28,13,2,0.85017,0.5559,0.86069,"[np.float64(0.4396), np.float64(0.4596), np.float64(0.4896), np.float64(0.5096), np.float64(0.5296), np.float64(0.5596), np.float64(0.5796), np.float64(0.5996), np.float64(0.6296), np.float64(0.6495), np.float64(0.6695), np.float64(0.6995), np.float64(0.7195)]"
0.44,0.72,0.28,19,2,0.8501,0.55603,0.86063,"[np.float64(0.4396), np.float64(0.4596), np.float64(0.4696), np.float64(0.4896), np.float64(0.4996), np.float64(0.5196), np.float64(0.5296), np.float64(0.5496), np.float64(0.5596), np.float64(0.5796), np.float64(0.5996), np.float64(0.6096), np.float64(0.6296), np.float64(0.6396), np.float64(0.6595), np.float64(0.6695), np.float64(0.6895), np.float64(0.6995), np.float64(0.7195)]"
0.44,0.72,0.28,15,2,0.85,0.55621,0.86056,"[np.float64(0.4396), np.float64(0.4596), np.float64(0.4796), np.float64(0.4996), np.float64(0.5196), np.float64(0.5396), np.float64(0.5596), np.float64(0.5796), np.float64(0.5996), np.float64(0.6196), np.float64(0.6396), np.float64(0.6595), np.float64(0.6795), np.float64(0.6995), np.float64(0.7195)]"
0.44,0.72,0.28,14,2,0.84994,0.55632,0.86052,"[np.float64(0.4396), np.float64(0.4596), np.float64(0.4796), np.float64(0.4996), np.float64(0.5296), np.float64(0.5496), np.float64(0.5696), np.float64(0.5896), np.float64(0.6096), np.float64(0.6296), np.float64(0.6595), np.float64(0.6795), np.float64(0.6995), np.float64(0.7195)]"
0.44,0.78,0.34,3,2,0.84987,0.55645,0.86046,"[np.float64(0.4396), np.float64(0.6096), np.float64(0.7795)]"
0.42,0.69,0.27,2,2,0.84971,0.55676,0.86033,"[np.float64(0.4196), np.float64(0.6895)]"
0.44,0.72,0.28,20,2,0.84956,0.55703,0.86022,"[np.float64(0.4396), np.float64(0.4496), np.float64(0.4696), np.float64(0.4796), np.float64(0.4996), np.float64(0.5096), np.float64(0.5296), np.float64(0.5396), np.float64(0.5596), np.float64(0.5696), np.float64(0.5896), np.float64(0.5996), np.float64(0.6196), np.float64(0.6296), np.float64(0.6495), np.float64(0.6595), np.float64(0.6795), np.float64(0.6895), np.float64(0.7095), np.float64(0.7195)]"
0.48,0.68,0.2,20,2,0.84945,0.55724,0.86014,"[np.float64(0.4796), np.float64(0.4896), np.float64(0.4996), np.float64(0.5096), np.float64(0.5196), np.float64(0.5296), np.float64(0.5396), np.float64(0.5496), np.float64(0.5596), np.float64(0.5696), np.float64(0.5896), np.float64(0.5996), np.float64(0.6096), np.float64(0.6196), np.float64(0.6296), np.float64(0.6396), np.float64(0.6495), np.float64(0.6595), np.float64(0.6695), np.float64(0.6795)]"
0.4,0.6,0.2,12,7,0.84941,0.5573,0.86011,"[np.float64(0.3996), np.float64(0.4196), np.float64(0.4396), np.float64(0.4496), np.float64(0.4696), np.float64(0.4896), np.float64(0.5096), np.float64(0.5296), np.float64(0.5496), np.float64(0.5596), np.float64(0.5796), np.float64(0.5996)]"
0.42,0.78,0.36,3,2,0.84929,0.55752,0.86002,"[np.float64(0.4196), np.float64(0.5996), np.float64(0.7795)]"
0.46,0.79,0.33,4,2,0.84903,0.55802,0.85981,"[np.float64(0.4596), np.float64(0.5696), np.float64(0.6795), np.float64(0.7894)]"
0.46,0.78,0.32,3,2,0.84897,0.55811,0.85977,"[np.float64(0.4596), np.float64(0.6196), np.float64(0.7795)]"
0.48,0.78,0.3,3,2,0.8489,0.55824,0.85972,"[np.float64(0.4796), np.float64(0.6296), np.float64(0.7795)]"
0.44,0.72,0.28,18,2,0.8489,0.55824,0.85972,"[np.float64(0.4396), np.float64(0.4596), np.float64(0.4696), np.float64(0.4896), np.float64(0.5096), np.float64(0.5196), np.float64(0.5396), np.float64(0.5596), np.float64(0.5696), np.float64(0.5896), np.float64(0.5996), np.float64(0.6196), np.float64(0.6396), np.float64(0.6495), np.float64(0.6695), np.float64(0.6895), np.float64(0.6995), np.float64(0.7195)]"
0.48,0.8,0.32,4,3,0.84865,0.55872,0.85952,"[np.float64(0.4796), np.float64(0.5896), np.float64(0.6895), np.float64(0.7994)]"
0.46,0.7,0.24,5,2,0.84846,0.55906,0.85938,"[np.float64(0.4596), np.float64(0.5196), np.float64(0.5796), np.float64(0.6396), np.float64(0.6995)]"
0.48,0.68,0.2,12,2,0.84843,0.55911,0.85936,"[np.float64(0.4796), np.float64(0.4996), np.float64(0.5196), np.float64(0.5296), np.float64(0.5496), np.float64(0.5696), np.float64(0.5896), np.float64(0.6096), np.float64(0.6296), np.float64(0.6396), np.float64(0.6595), np.float64(0.6795)]"
0.4,0.61,0.21,8,7,0.84839,0.55919,0.85933,"[np.float64(0.3996), np.float64(0.4296), np.float64(0.4596), np.float64(0.4896), np.float64(0.5196), np.float64(0.5496), np.float64(0.5796), np.float64(0.6096)]"
0.4,0.6,0.2,16,7,0.84828,0.5594,0.85924,"[np.float64(0.3996), np.float64(0.4096), np.float64(0.4296), np.float64(0.4396), np.float64(0.4496), np.float64(0.4696), np.float64(0.4796), np.float64(0.4896), np.float64(0.5096), np.float64(0.5196), np.float64(0.5296), np.float64(0.5496), np.float64(0.5596), np.float64(0.5696), np.float64(0.5896), np.float64(0.5996)]"
0.46,0.7,0.24,8,2,0.848,0.5599,0.85903,"[np.float64(0.4596), np.float64(0.4896), np.float64(0.5296), np.float64(0.5596), np.float64(0.5996), np.float64(0.6296), np.float64(0.6695), np.float64(0.6995)]"
0.48,0.68,0.2,13,2,0.84783,0.56023,0.8589,"[np.float64(0.4796), np.float64(0.4996), np.float64(0.5096), np.float64(0.5296), np.float64(0.5496), np.float64(0.5596), np.float64(0.5796), np.float64(0.5996), np.float64(0.6096), np.float64(0.6296), np.float64(0.6495), np.float64(0.6595), np.float64(0.6795)]"
0.48,0.68,0.2,11,2,0.84758,0.56068,0.85871,"[np.float64(0.4796), np.float64(0.4996), np.float64(0.5196), np.float64(0.5396), np.float64(0.5596), np.float64(0.5796), np.float64(0.5996), np.float64(0.6196), np.float64(0.6396), np.float64(0.6595), np.float64(0.6795)]"
0.46,0.7,0.24,7,2,0.84753,0.56078,0.85867,"[np.float64(0.4596), np.float64(0.4996), np.float64(0.5396), np.float64(0.5796), np.float64(0.6196), np.float64(0.6595), np.float64(0.6995)]"
0.48,0.68,0.2,14,2,0.84753,0.56078,0.85867,"[np.float64(0.4796), np.float64(0.4996), np.float64(0.5096), np.float64(0.5296), np.float64(0.5396), np.float64(0.5596), np.float64(0.5696), np.float64(0.5896), np.float64(0.5996), np.float64(0.6196), np.float64(0.6296), np.float64(0.6495), np.float64(0.6595), np.float64(0.6795)]"
0.48,0.68,0.2,10,2,0.84752,0.5608,0.85866,"[np.float64(0.4796), np.float64(0.4996), np.float64(0.5196), np.float64(0.5496), np.float64(0.5696), np.float64(0.5896), np.float64(0.6096), np.float64(0.6396), np.float64(0.6595), np.float64(0.6795)]"
0.48,0.68,0.2,5,2,0.84738,0.56105,0.85856,"[np.float64(0.4796), np.float64(0.5296), np.float64(0.5796), np.float64(0.6296), np.float64(0.6795)]"
0.42,0.73,0.31,8,2,0.84737,0.56108,0.85855,"[np.float64(0.4196), np.float64(0.4596), np.float64(0.5096), np.float64(0.5496), np.float64(0.5996), np.float64(0.6396), np.float64(0.6895), np.float64(0.7295)]"
0.46,0.7,0.24,10,2,0.84734,0.56112,0.85853,"[np.float64(0.4596), np.float64(0.4896), np.float64(0.5096), np.float64(0.5396), np.float64(0.5696), np.float64(0.5896), np.float64(0.6196), np.float64(0.6495), np.float64(0.6695), np.float64(0.6995)]"
0.48,0.68,0.2,16,2,0.84734,0.56112,0.85853,"[np.float64(0.4796), np.float64(0.4896), np.float64(0.5096), np.float64(0.5196), np.float64(0.5296), np.float64(0.5496), np.float64(0.5596), np.float64(0.5696), np.float64(0.5896), np.float64(0.5996), np.float64(0.6096), np.float64(0.6296), np.float64(0.6396), np.float64(0.6495), np.float64(0.6695), np.float64(0.6795)]"
0.48,0.68,0.2,6,2,0.84724,0.56131,0.85845,"[np.float64(0.4796), np.float64(0.5196), np.float64(0.5596), np.float64(0.5996), np.float64(0.6396), np.float64(0.6795)]"
0.48,0.68,0.2,19,2,0.84722,0.56134,0.85844,"[np.float64(0.4796), np.float64(0.4896), np.float64(0.4996), np.float64(0.5096), np.float64(0.5196), np.float64(0.5396), np.float64(0.5496), np.float64(0.5596), np.float64(0.5696), np.float64(0.5796), np.float64(0.5896), np.float64(0.5996), np.float64(0.6096), np.float64(0.6196), np.float64(0.6396), np.float64(0.6495), np.float64(0.6595), np.float64(0.6695), np.float64(0.6795)]"
0.48,0.68,0.2,18,2,0.84719,0.56139,0.85842,"[np.float64(0.4796), np.float64(0.4896), np.float64(0.4996), np.float64(0.5196), np.float64(0.5296), np.float64(0.5396), np.float64(0.5496), np.float64(0.5596), np.float64(0.5696), np.float64(0.5896), np.float64(0.5996), np.float64(0.6096), np.float64(0.6196), np.float64(0.6296), np.float64(0.6396), np.float64(0.6595), np.float64(0.6695), np.float64(0.6795)]"
0.46,0.7,0.24,17,2,0.84708,0.5616,0.85833,"[np.float64(0.4596), np.float64(0.4796), np.float64(0.4896), np.float64(0.4996), np.float64(0.5196), np.float64(0.5396), np.float64(0.5496), np.float64(0.5596), np.float64(0.5796), np.float64(0.5996), np.float64(0.6096), np.float64(0.6196), np.float64(0.6396), np.float64(0.6595), np.float64(0.6695), np.float64(0.6795), np.float64(0.6995)]"
0.46,0.7,0.24,9,2,0.84705,0.56166,0.85831,"[np.float64(0.4596), np.float64(0.4896), np.float64(0.5196), np.float64(0.5496), np.float64(0.5796), np.float64(0.6096), np.float64(0.6396), np.float64(0.6695), np.float64(0.6995)]"
0.48,0.68,0.2,17,2,0.84705,0.56166,0.8583,"[np.float64(0.4796), np.float64(0.4896), np.float64(0.4996), np.float64(0.5196), np.float64(0.5296), np.float64(0.5396), np.float64(0.5596), np.float64(0.5696), np.float64(0.5796), np.float64(0.5896), np.float64(0.5996), np.float64(0.6196), np.float64(0.6296), np.float64(0.6396), np.float64(0.6595), np.float64(0.6695), np.float64(0.6795)]"
0.46,0.7,0.24,16,2,0.84699,0.56177,0.85826,"[np.float64(0.4596), np.float64(0.4796), np.float64(0.4896), np.float64(0.5096), np.float64(0.5196), np.float64(0.5396), np.float64(0.5596), np.float64(0.5696), np.float64(0.5896), np.float64(0.5996), np.float64(0.6196), np.float64(0.6396), np.float64(0.6495), np.float64(0.6695), np.float64(0.6795), np.float64(0.6995)]"
0.48,0.68,0.2,15,2,0.84693,0.56187,0.85822,"[np.float64(0.4796), np.float64(0.4896), np.float64(0.5096), np.float64(0.5196), np.float64(0.5396), np.float64(0.5496), np.float64(0.5696), np.float64(0.5796), np.float64(0.5896), np.float64(0.6096), np.float64(0.6196), np.float64(0.6396), np.float64(0.6495), np.float64(0.6695), np.float64(0.6795)]"
0.48,0.68,0.2,7,2,0.84676,0.56219,0.85808,"[np.float64(0.4796), np.float64(0.5096), np.float64(0.5496), np.float64(0.5796), np.float64(0.6096), np.float64(0.6495), np.float64(0.6795)]"
0.48,0.68,0.2,4,2,0.84674,0.56223,0.85807,"[np.float64(0.4796), np.float64(0.5496), np.float64(0.6096), np.float64(0.6795)]"
0.4,0.73,0.33,5,3,0.84672,0.56225,0.85806,"[np.float64(0.3996), np.float64(0.4796), np.float64(0.5596), np.float64(0.6495), np.float64(0.7295)]"
0.48,0.68,0.2,9,2,0.8467,0.5623,0.85804,"[np.float64(0.4796), np.float64(0.4996), np.float64(0.5296), np.float64(0.5596), np.float64(0.5796), np.float64(0.5996), np.float64(0.6296), np.float64(0.6595), np.float64(0.6795)]"
0.46,0.7,0.24,14,2,0.84669,0.56232,0.85803,"[np.float64(0.4596), np.float64(0.4796), np.float64(0.4996), np.float64(0.5196), np.float64(0.5296), np.float64(0.5496), np.float64(0.5696), np.float64(0.5896), np.float64(0.6096), np.float64(0.6296), np.float64(0.6396), np.float64(0.6595), np.float64(0.6795), np.float64(0.6995)]"
0.46,0.7,0.24,13,2,0.84663,0.56243,0.85798,"[np.float64(0.4596), np.float64(0.4796), np.float64(0.4996), np.float64(0.5196), np.float64(0.5396), np.float64(0.5596), np.float64(0.5796), np.float64(0.5996), np.float64(0.6196), np.float64(0.6396), np.float64(0.6595), np.float64(0.6795), np.float64(0.6995)]"
0.46,0.7,0.24,15,2,0.84651,0.56266,0.85789,"[np.float64(0.4596), np.float64(0.4796), np.float64(0.4896), np.float64(0.5096), np.float64(0.5296), np.float64(0.5496), np.float64(0.5596), np.float64(0.5796), np.float64(0.5996), np.float64(0.6096), np.float64(0.6296), np.float64(0.6495), np.float64(0.6695), np.float64(0.6795), np.float64(0.6995)]"
0.46,0.7,0.24,18,2,0.84647,0.56272,0.85786,"[np.float64(0.4596), np.float64(0.4696), np.float64(0.4896), np.float64(0.4996), np.float64(0.5196), np.float64(0.5296), np.float64(0.5396), np.float64(0.5596), np.float64(0.5696), np.float64(0.5896), np.float64(0.5996), np.float64(0.6196), np.float64(0.6296), np.float64(0.6396), np.float64(0.6595), np.float64(0.6695), np.float64(0.6895), np.float64(0.6995)]"
0.5,0.77,0.27,2,2,0.84622,0.56318,0.85767,"[np.float64(0.4996), np.float64(0.7695)]"
0.46,0.7,0.24,19,2,0.84619,0.56323,0.85765,"[np.float64(0.4596), np.float64(0.4696), np.float64(0.4896), np.float64(0.4996), np.float64(0.5096), np.float64(0.5296), np.float64(0.5396), np.float64(0.5496), np.float64(0.5696), np.float64(0.5796), np.float64(0.5896), np.float64(0.6096), np.float64(0.6196), np.float64(0.6296), np.float64(0.6495), np.float64(0.6595), np.float64(0.6695), np.float64(0.6895), np.float64(0.6995)]"
0.46,0.7,0.24,20,2,0.84606,0.56348,0.85755,"[np.float64(0.4596), np.float64(0.4696), np.float64(0.4896), np.float64(0.4996), np.float64(0.5096), np.float64(0.5196), np.float64(0.5396), np.float64(0.5496), np.float64(0.5596), np.float64(0.5696), np.float64(0.5896), np.float64(0.5996), np.float64(0.6096), np.float64(0.6196), np.float64(0.6396), np.float64(0.6495), np.float64(0.6595), np.float64(0.6695), np.float64(0.6895), np.float64(0.6995)]"
0.42,0.72,0.3,3,2,0.84602,0.56355,0.85752,"[np.float64(0.4196), np.float64(0.5696), np.float64(0.7195)]"
0.46,0.7,0.24,11,2,0.846,0.56359,0.8575,"[np.float64(0.4596), np.float64(0.4796), np.float64(0.5096), np.float64(0.5296), np.float64(0.5596), np.float64(0.5796), np.float64(0.5996), np.float64(0.6296), np.float64(0.6495), np.float64(0.6795), np.float64(0.6995)]"
0.4,0.74,0.34,14,3,0.84596,0.56365,0.85747,"[np.float64(0.3996), np.float64(0.4296), np.float64(0.4496), np.float64(0.4796), np.float64(0.4996), np.float64(0.5296), np.float64(0.5596), np.float64(0.5796), np.float64(0.6096), np.float64(0.6396), np.float64(0.6595), np.float64(0.6895), np.float64(0.7095), np.float64(0.7395)]"
0.46,0.7,0.24,6,2,0.84586,0.56384,0.8574,"[np.float64(0.4596), np.float64(0.5096), np.float64(0.5596), np.float64(0.5996), np.float64(0.6495), np.float64(0.6995)]"
0.54,0.77,0.23,2,2,0.84575,0.56404,0.85731,"[np.float64(0.5396), np.float64(0.7695)]"
0.48,0.68,0.2,8,2,0.84564,0.56423,0.85723,"[np.float64(0.4796), np.float64(0.5096), np.float64(0.5396), np.float64(0.5696), np.float64(0.5896), np.float64(0.6196), np.float64(0.6495), np.float64(0.6795)]"
0.46,0.7,0.24,12,2,0.84549,0.56451,0.85712,"[np.float64(0.4596), np.float64(0.4796), np.float64(0.4996), np.float64(0.5296), np.float64(0.5496), np.float64(0.5696), np.float64(0.5896), np.float64(0.6096), np.float64(0.6296), np.float64(0.6595), np.float64(0.6795), np.float64(0.6995)]"
0.4,0.62,0.22,8,7,0.84524,0.56498,0.85692,"[np.float64(0.3996), np.float64(0.4296), np.float64(0.4596), np.float64(0.4896), np.float64(0.5296), np.float64(0.5596), np.float64(0.5896), np.float64(0.6196)]"
0.4,0.78,0.38,3,2,0.84523,0.56499,0.85692,"[np.float64(0.3996), np.float64(0.5896), np.float64(0.7795)]"
0.42,0.73,0.31,11,2,0.84512,0.5652,0.85683,"[np.float64(0.4196), np.float64(0.4496), np.float64(0.4796), np.float64(0.5096), np.float64(0.5396), np.float64(0.5796), np.float64(0.6096), np.float64(0.6396), np.float64(0.6695), np.float64(0.6995), np.float64(0.7295)]"
0.44,0.71,0.27,3,2,0.845,0.56541,0.85674,"[np.float64(0.4396), np.float64(0.5796), np.float64(0.7095)]"
0.42,0.73,0.31,10,2,0.84476,0.56585,0.85656,"[np.float64(0.4196), np.float64(0.4496), np.float64(0.4896), np.float64(0.5196), np.float64(0.5596), np.float64(0.5896), np.float64(0.6296), np.float64(0.6595), np.float64(0.6995), np.float64(0.7295)]"
0.4,0.74,0.34,16,3,0.84444,0.56643,0.85631,"[np.float64(0.3996), np.float64(0.4196), np.float64(0.4496), np.float64(0.4696), np.float64(0.4896), np.float64(0.5096), np.float64(0.5396), np.float64(0.5596), np.float64(0.5796), np.float64(0.5996), np.float64(0.6296), np.float64(0.6495), np.float64(0.6695), np.float64(0.6895), np.float64(0.7195), np.float64(0.7395)]"
0.42,0.73,0.31,12,2,0.84423,0.5668,0.85616,"[np.float64(0.4196), np.float64(0.4496), np.float64(0.4796), np.float64(0.4996), np.float64(0.5296), np.float64(0.5596), np.float64(0.5896), np.float64(0.6196), np.float64(0.6495), np.float64(0.6695), np.float64(0.6995), np.float64(0.7295)]"
0.52,0.77,0.25,2,2,0.84411,0.56703,0.85606,"[np.float64(0.5196), np.float64(0.7695)]"
0.4,0.73,0.33,6,3,0.84406,0.56711,0.85603,"[np.float64(0.3996), np.float64(0.4696), np.float64(0.5296), np.float64(0.5996), np.float64(0.6595), np.float64(0.7295)]"
0.42,0.73,0.31,9,2,0.84333,0.56845,0.85547,"[np.float64(0.4196), np.float64(0.4596), np.float64(0.4996), np.float64(0.5396), np.float64(0.5796), np.float64(0.6096), np.float64(0.6495), np.float64(0.6895), np.float64(0.7295)]"
0.44,0.8,0.36,5,2,0.84316,0.56876,0.85534,"[np.float64(0.4396), np.float64(0.5296), np.float64(0.6196), np.float64(0.7095), np.float64(0.7994)]"
0.42,0.73,0.31,16,2,0.84269,0.56961,0.85498,"[np.float64(0.4196), np.float64(0.4396), np.float64(0.4596), np.float64(0.4796), np.float64(0.4996), np.float64(0.5196), np.float64(0.5396), np.float64(0.5596), np.float64(0.5896), np.float64(0.6096), np.float64(0.6296), np.float64(0.6495), np.float64(0.6695), np.float64(0.6895), np.float64(0.7095), np.float64(0.7295)]"
0.4,0.69,0.29,2,2,0.84248,0.56998,0.85482,"[np.float64(0.3996), np.float64(0.6895)]"
0.4,0.79,0.39,4,3,0.84215,0.57058,0.85457,"[np.float64(0.3996), np.float64(0.5296), np.float64(0.6595), np.float64(0.7894)]"
0.42,0.73,0.31,13,2,0.84208,0.57071,0.85452,"[np.float64(0.4196), np.float64(0.4496), np.float64(0.4696), np.float64(0.4996), np.float64(0.5196), np.float64(0.5496), np.float64(0.5796), np.float64(0.5996), np.float64(0.6296), np.float64(0.6495), np.float64(0.6795), np.float64(0.6995), np.float64(0.7295)]"
0.4,0.74,0.34,17,3,0.84135,0.57202,0.85397,"[np.float64(0.3996), np.float64(0.4196), np.float64(0.4396), np.float64(0.4596), np.float64(0.4796), np.float64(0.5096), np.float64(0.5296), np.float64(0.5496), np.float64(0.5696), np.float64(0.5896), np.float64(0.6096), np.float64(0.6296), np.float64(0.6595), np.float64(0.6795), np.float64(0.6995), np.float64(0.7195), np.float64(0.7395)]"
0.44,0.79,0.35,4,2,0.8408,0.57302,0.85354,"[np.float64(0.4396), np.float64(0.5596), np.float64(0.6695), np.float64(0.7894)]"
0.42,0.79,0.37,4,2,0.84068,0.57323,0.85346,"[np.float64(0.4196), np.float64(0.5396), np.float64(0.6695), np.float64(0.7894)]"
0.42,0.73,0.31,14,2,0.84029,0.57394,0.85316,"[np.float64(0.4196), np.float64(0.4396), np.float64(0.4696), np.float64(0.4896), np.float64(0.5196), np.float64(0.5396), np.float64(0.5596), np.float64(0.5896), np.float64(0.6096), np.float64(0.6296), np.float64(0.6595), np.float64(0.6795), np.float64(0.7095), np.float64(0.7295)]"
0.42,0.73,0.31,15,2,0.83993,0.57458,0.85289,"[np.float64(0.4196), np.float64(0.4396), np.float64(0.4596), np.float64(0.4896), np.float64(0.5096), np.float64(0.5296), np.float64(0.5496), np.float64(0.5796), np.float64(0.5996), np.float64(0.6196), np.float64(0.6396), np.float64(0.6595), np.float64(0.6895), np.float64(0.7095), np.float64(0.7295)]"
0.42,0.73,0.31,18,2,0.83992,0.57461,0.85287,"[np.float64(0.4196), np.float64(0.4396), np.float64(0.4596), np.float64(0.4696), np.float64(0.4896), np.float64(0.5096), np.float64(0.5296), np.float64(0.5496), np.float64(0.5696), np.float64(0.5796), np.float64(0.5996), np.float64(0.6196), np.float64(0.6396), np.float64(0.6595), np.float64(0.6795), np.float64(0.6895), np.float64(0.7095), np.float64(0.7295)]"
0.42,0.73,0.31,20,2,0.83872,0.57674,0.85197,"[np.float64(0.4196), np.float64(0.4396), np.float64(0.4496), np.float64(0.4696), np.float64(0.4896), np.float64(0.4996), np.float64(0.5196), np.float64(0.5296), np.float64(0.5496), np.float64(0.5696), np.float64(0.5796), np.float64(0.5996), np.float64(0.6196), np.float64(0.6296), np.float64(0.6495), np.float64(0.6595), np.float64(0.6795), np.float64(0.6995), np.float64(0.7095), np.float64(0.7295)]"
0.42,0.73,0.31,19,2,0.83836,0.5774,0.85169,"[np.float64(0.4196), np.float64(0.4396), np.float64(0.4496), np.float64(0.4696), np.float64(0.4896), np.float64(0.5096), np.float64(0.5196), np.float64(0.5396), np.float64(0.5596), np.float64(0.5796), np.float64(0.5896), np.float64(0.6096), np.float64(0.6296), np.float64(0.6396), np.float64(0.6595), np.float64(0.6795), np.float64(0.6995), np.float64(0.7095), np.float64(0.7295)]"
0.58,0.78,0.2,2,1,0.83814,0.57779,0.85152,"[np.float64(0.5796), np.float64(0.7795)]"
0.4,0.73,0.33,7,2,0.83734,0.57921,0.85092,"[np.float64(0.3996), np.float64(0.4596), np.float64(0.5096), np.float64(0.5596), np.float64(0.6196), np.float64(0.6795), np.float64(0.7295)]"
0.42,0.73,0.31,17,2,0.83729,0.57931,0.85088,"[np.float64(0.4196), np.float64(0.4396), np.float64(0.4596), np.float64(0.4796), np.float64(0.4996), np.float64(0.5196), np.float64(0.5396), np.float64(0.5596), np.float64(0.5796), np.float64(0.5896), np.float64(0.6096), np.float64(0.6296), np.float64(0.6495), np.float64(0.6695), np.float64(0.6895), np.float64(0.7095), np.float64(0.7295)]"
0.4,0.74,0.34,19,2,0.83695,0.57991,0.85062,"[np.float64(0.3996), np.float64(0.4196), np.float64(0.4396), np.float64(0.4596), np.float64(0.4796), np.float64(0.4896), np.float64(0.5096), np.float64(0.5296), np.float64(0.5496), np.float64(0.5696), np.float64(0.5896), np.float64(0.6096), np.float64(0.6296), np.float64(0.6495), np.float64(0.6595), np.float64(0.6795), np.float64(0.6995), np.float64(0.7195), np.float64(0.7395)]"
0.44,0.71,0.27,4,2,0.83667,0.5804,0.85041,"[np.float64(0.4396), np.float64(0.5296), np.float64(0.6196), np.float64(0.7095)]"
0.4,0.74,0.34,18,3,0.83663,0.58048,0.85038,"[np.float64(0.3996), np.float64(0.4196), np.float64(0.4396), np.float64(0.4596), np.float64(0.4796), np.float64(0.4996), np.float64(0.5196), np.float64(0.5396), np.float64(0.5596), np.float64(0.5796), np.float64(0.5996), np.float64(0.6196), np.float64(0.6396), np.float64(0.6595), np.float64(0.6795), np.float64(0.6995), np.float64(0.7195), np.float64(0.7395)]"
0.5,0.8,0.3,3,3,0.83602,0.58156,0.84992,"[np.float64(0.4996), np.float64(0.6495), np.float64(0.7994)]"
0.44,0.68,0.24,2,2,0.83595,0.58168,0.84986,"[np.float64(0.4396), np.float64(0.6795)]"
0.46,0.67,0.21,2,2,0.83525,0.58292,0.84934,"[np.float64(0.4596), np.float64(0.6695)]"
0.44,0.71,0.27,6,2,0.83512,0.58316,0.84923,"[np.float64(0.4396), np.float64(0.4896), np.float64(0.5496), np.float64(0.5996), np.float64(0.6595), np.float64(0.7095)]"
0.42,0.72,0.3,4,2,0.83507,0.58323,0.8492,"[np.float64(0.4196), np.float64(0.5196), np.float64(0.6196), np.float64(0.7195)]"
0.46,0.69,0.23,3,2,0.83469,0.58392,0.84891,"[np.float64(0.4596), np.float64(0.5796), np.float64(0.6895)]"
0.4,0.74,0.34,20,2,0.83356,0.58591,0.84805,"[np.float64(0.3996), np.float64(0.4196), np.float64(0.4396), np.float64(0.4496), np.float64(0.4696), np.float64(0.4896), np.float64(0.5096), np.float64(0.5296), np.float64(0.5396), np.float64(0.5596), np.float64(0.5796), np.float64(0.5996), np.float64(0.6096), np.float64(0.6296), np.float64(0.6495), np.float64(0.6695), np.float64(0.6895), np.float64(0.6995), np.float64(0.7195), np.float64(0.7395)]"
0.44,0.71,0.27,19,2,0.83326,0.58644,0.84783,"[np.float64(0.4396), np.float64(0.4596), np.float64(0.4696), np.float64(0.4796), np.float64(0.4996), np.float64(0.5196), np.float64(0.5296), np.float64(0.5396), np.float64(0.5596), np.float64(0.5796), np.float64(0.5896), np.float64(0.5996), np.float64(0.6196), np.float64(0.6396), np.float64(0.6495), np.float64(0.6595), np.float64(0.6795), np.float64(0.6995), np.float64(0.7095)]"
0.42,0.77,0.35,2,2,0.83305,0.5868,0.84767,"[np.float64(0.4196), np.float64(0.7695)]"
0.44,0.71,0.27,14,2,0.83225,0.58821,0.84706,"[np.float64(0.4396), np.float64(0.4596), np.float64(0.4796), np.float64(0.4996), np.float64(0.5196), np.float64(0.5396), np.float64(0.5596), np.float64(0.5896), np.float64(0.6096), np.float64(0.6296), np.float64(0.6495), np.float64(0.6695), np.float64(0.6895), np.float64(0.7095)]"
0.4,0.72,0.32,3,2,0.83166,0.58924,0.84662,"[np.float64(0.3996), np.float64(0.5596), np.float64(0.7195)]"
0.44,0.71,0.27,5,2,0.83159,0.58937,0.84656,"[np.float64(0.4396), np.float64(0.5096), np.float64(0.5796), np.float64(0.6396), np.float64(0.7095)]"
0.44,0.71,0.27,11,2,0.83122,0.59001,0.84629,"[np.float64(0.4396), np.float64(0.4696), np.float64(0.4896), np.float64(0.5196), np.float64(0.5496), np.float64(0.5796), np.float64(0.5996), np.float64(0.6296), np.float64(0.6595), np.float64(0.6795), np.float64(0.7095)]"
0.44,0.71,0.27,10,2,0.8308,0.59074,0.84597,"[np.float64(0.4396), np.float64(0.4696), np.float64(0.4996), np.float64(0.5296), np.float64(0.5596), np.float64(0.5896), np.float64(0.6196), np.float64(0.6495), np.float64(0.6795), np.float64(0.7095)]"
0.44,0.71,0.27,12,2,0.83063,0.59103,0.84584,"[np.float64(0.4396), np.float64(0.4596), np.float64(0.4896), np.float64(0.5096), np.float64(0.5396), np.float64(0.5596), np.float64(0.5896), np.float64(0.6096), np.float64(0.6396), np.float64(0.6595), np.float64(0.6895), np.float64(0.7095)]"
0.46,0.69,0.23,12,2,0.83038,0.59148,0.84565,"[np.float64(0.4596), np.float64(0.4796), np.float64(0.4996), np.float64(0.5196), np.float64(0.5396), np.float64(0.5596), np.float64(0.5896), np.float64(0.6096), np.float64(0.6296), np.float64(0.6495), np.float64(0.6695), np.float64(0.6895)]"
0.44,0.71,0.27,16,2,0.83019,0.5918,0.84551,"[np.float64(0.4396), np.float64(0.4596), np.float64(0.4796), np.float64(0.4896), np.float64(0.5096), np.float64(0.5296), np.float64(0.5496), np.float64(0.5696), np.float64(0.5796), np.float64(0.5996), np.float64(0.6196), np.float64(0.6396), np.float64(0.6595), np.float64(0.6695), np.float64(0.6895), np.float64(0.7095)]"
0.46,0.8,0.34,4,3,0.83015,0.59188,0.84548,"[np.float64(0.4596), np.float64(0.5696), np.float64(0.6895), np.float64(0.7994)]"
0.44,0.71,0.27,9,2,0.83005,0.59205,0.8454,"[np.float64(0.4396), np.float64(0.4696), np.float64(0.5096), np.float64(0.5396), np.float64(0.5796), np.float64(0.6096), np.float64(0.6396), np.float64(0.6795), np.float64(0.7095)]"
0.44,0.71,0.27,17,2,0.82988,0.59234,0.84528,"[np.float64(0.4396), np.float64(0.4596), np.float64(0.4696), np.float64(0.4896), np.float64(0.5096), np.float64(0.5196), np.float64(0.5396), np.float64(0.5596), np.float64(0.5796), np.float64(0.5896), np.float64(0.6096), np.float64(0.6296), np.float64(0.6396), np.float64(0.6595), np.float64(0.6795), np.float64(0.6895), np.float64(0.7095)]"
0.5,0.79,0.29,3,3,0.82966,0.59273,0.84511,"[np.float64(0.4996), np.float64(0.6396), np.float64(0.7894)]"
0.44,0.71,0.27,18,2,0.82943,0.59313,0.84493,"[np.float64(0.4396), np.float64(0.4596), np.float64(0.4696), np.float64(0.4896), np.float64(0.4996), np.float64(0.5196), np.float64(0.5396), np.float64(0.5496), np.float64(0.5696), np.float64(0.5796), np.float64(0.5996), np.float64(0.6096), np.float64(0.6296), np.float64(0.6495), np.float64(0.6595), np.float64(0.6795), np.float64(0.6895), np.float64(0.7095)]"
0.44,0.71,0.27,8,2,0.82917,0.59358,0.84474,"[np.float64(0.4396), np.float64(0.4796), np.float64(0.5196), np.float64(0.5596), np.float64(0.5896), np.float64(0.6296), np.float64(0.6695), np.float64(0.7095)]"
0.42,0.72,0.3,6,2,0.82916,0.5936,0.84473,"[np.float64(0.4196), np.float64(0.4796), np.float64(0.5396), np.float64(0.5996), np.float64(0.6595), np.float64(0.7195)]"
0.46,0.69,0.23,18,2,0.82901,0.59386,0.84462,"[np.float64(0.4596), np.float64(0.4696), np.float64(0.4896), np.float64(0.4996), np.float64(0.5096), np.float64(0.5296), np.float64(0.5396), np.float64(0.5496), np.float64(0.5696), np.float64(0.5796), np.float64(0.5996), np.float64(0.6096), np.float64(0.6196), np.float64(0.6396), np.float64(0.6495), np.float64(0.6595), np.float64(0.6795), np.float64(0.6895)]"
0.46,0.69,0.23,14,2,0.82847,0.5948,0.84421,"[np.float64(0.4596), np.float64(0.4796), np.float64(0.4996), np.float64(0.5096), np.float64(0.5296), np.float64(0.5496), np.float64(0.5696), np.float64(0.5796), np.float64(0.5996), np.float64(0.6196), np.float64(0.6396), np.float64(0.6495), np.float64(0.6695), np.float64(0.6895)]"
0.46,0.69,0.23,16,2,0.82843,0.59486,0.84418,"[np.float64(0.4596), np.float64(0.4796), np.float64(0.4896), np.float64(0.5096), np.float64(0.5196), np.float64(0.5396), np.float64(0.5496), np.float64(0.5696), np.float64(0.5796), np.float64(0.5996), np.float64(0.6096), np.float64(0.6296), np.float64(0.6396), np.float64(0.6595), np.float64(0.6695), np.float64(0.6895)]"
0.4,0.73,0.33,8,2,0.82843,0.59486,0.84418,"[np.float64(0.3996), np.float64(0.4496), np.float64(0.4896), np.float64(0.5396), np.float64(0.5896), np.float64(0.6396), np.float64(0.6795), np.float64(0.7295)]"
0.46,0.69,0.23,19,2,0.82837,0.59496,0.84414,"[np.float64(0.4596), np.float64(0.4696), np.float64(0.4896), np.float64(0.4996), np.float64(0.5096), np.float64(0.5196), np.float64(0.5396), np.float64(0.5496), np.float64(0.5596), np.float64(0.5796), np.float64(0.5896), np.float64(0.5996), np.float64(0.6096), np.float64(0.6296), np.float64(0.6396), np.float64(0.6495), np.float64(0.6595), np.float64(0.6795), np.float64(0.6895)]"
0.42,0.72,0.3,5,2,0.82819,0.59527,0.844,"[np.float64(0.4196), np.float64(0.4996), np.float64(0.5696), np.float64(0.6396), np.float64(0.7195)]"
0.44,0.71,0.27,20,2,0.82815,0.59535,0.84397,"[np.float64(0.4396), np.float64(0.4496), np.float64(0.4696), np.float64(0.4796), np.float64(0.4996), np.float64(0.5096), np.float64(0.5296), np.float64(0.5396), np.float64(0.5496), np.float64(0.5696), np.float64(0.5796), np.float64(0.5996), np.float64(0.6096), np.float64(0.6196), np.float64(0.6396), np.float64(0.6495), np.float64(0.6695), np.float64(0.6795), np.float64(0.6995), np.float64(0.7095)]"
0.46,0.69,0.23,20,2,0.82807,0.59549,0.84391,"[np.float64(0.4596), np.float64(0.4696), np.float64(0.4796), np.float64(0.4996), np.float64(0.5096), np.float64(0.5196), np.float64(0.5296), np.float64(0.5396), np.float64(0.5596), np.float64(0.5696), np.float64(0.5796), np.float64(0.5896), np.float64(0.6096), np.float64(0.6196), np.float64(0.6296), np.float64(0.6396), np.float64(0.6495), np.float64(0.6695), np.float64(0.6795), np.float64(0.6895)]"
0.46,0.69,0.23,10,2,0.82795,0.59569,0.84382,"[np.float64(0.4596), np.float64(0.4896), np.float64(0.5096), np.float64(0.5396), np.float64(0.5596), np.float64(0.5896), np.float64(0.6096), np.float64(0.6396), np.float64(0.6595), np.float64(0.6895)]"
0.46,0.69,0.23,15,2,0.82778,0.59598,0.84369,"[np.float64(0.4596), np.float64(0.4796), np.float64(0.4896), np.float64(0.5096), np.float64(0.5296), np.float64(0.5396), np.float64(0.5596), np.float64(0.5796), np.float64(0.5896), np.float64(0.6096), np.float64(0.6196), np.float64(0.6396), np.float64(0.6595), np.float64(0.6695), np.float64(0.6895)]"
0.46,0.69,0.23,4,2,0.82738,0.59668,0.84339,"[np.float64(0.4596), np.float64(0.5396), np.float64(0.6096), np.float64(0.6895)]"
0.46,0.69,0.23,17,2,0.82735,0.59674,0.84336,"[np.float64(0.4596), np.float64(0.4696), np.float64(0.4896), np.float64(0.4996), np.float64(0.5196), np.float64(0.5296), np.float64(0.5496), np.float64(0.5596), np.float64(0.5796), np.float64(0.5896), np.float64(0.5996), np.float64(0.6196), np.float64(0.6296), np.float64(0.6495), np.float64(0.6595), np.float64(0.6795), np.float64(0.6895)]"
0.44,0.71,0.27,15,2,0.82719,0.59701,0.84325,"[np.float64(0.4396), np.float64(0.4596), np.float64(0.4796), np.float64(0.4996), np.float64(0.5196), np.float64(0.5396), np.float64(0.5596), np.float64(0.5796), np.float64(0.5896), np.float64(0.6096), np.float64(0.6296), np.float64(0.6495), np.float64(0.6695), np.float64(0.6895), np.float64(0.7095)]"
0.4,0.6,0.2,4,4,0.82683,0.59763,0.84298,"[np.float64(0.3996), np.float64(0.4696), np.float64(0.5296), np.float64(0.5996)]"
0.44,0.71,0.27,7,2,0.82677,0.59774,0.84293,"[np.float64(0.4396), np.float64(0.4796), np.float64(0.5296), np.float64(0.5796), np.float64(0.6196), np.float64(0.6595), np.float64(0.7095)]"
0.46,0.69,0.23,6,2,0.82675,0.59776,0.84292,"[np.float64(0.4596), np.float64(0.5096), np.float64(0.5496), np.float64(0.5996), np.float64(0.6396), np.float64(0.6895)]"
0.46,0.69,0.23,8,2,0.82662,0.59799,0.84282,"[np.float64(0.4596), np.float64(0.4896), np.float64(0.5296), np.float64(0.5596), np.float64(0.5896), np.float64(0.6196), np.float64(0.6595), np.float64(0.6895)]"
0.46,0.69,0.23,11,2,0.82626,0.59861,0.84255,"[np.float64(0.4596), np.float64(0.4796), np.float64(0.5096), np.float64(0.5296), np.float64(0.5496), np.float64(0.5796), np.float64(0.5996), np.float64(0.6196), np.float64(0.6396), np.float64(0.6695), np.float64(0.6895)]"
0.46,0.69,0.23,9,2,0.82608,0.59893,0.84241,"[np.float64(0.4596), np.float64(0.4896), np.float64(0.5196), np.float64(0.5496), np.float64(0.5796), np.float64(0.5996), np.float64(0.6296), np.float64(0.6595), np.float64(0.6895)]"
0.46,0.69,0.23,13,2,0.82598,0.59909,0.84234,"[np.float64(0.4596), np.float64(0.4796), np.float64(0.4996), np.float64(0.5196), np.float64(0.5396), np.float64(0.5596), np.float64(0.5796), np.float64(0.5896), np.float64(0.6096), np.float64(0.6296), np.float64(0.6495), np.float64(0.6695), np.float64(0.6895)]"
0.46,0.69,0.23,7,2,0.82593,0.59918,0.8423,"[np.float64(0.4596), np.float64(0.4996), np.float64(0.5396), np.float64(0.5796), np.float64(0.6096), np.float64(0.6495), np.float64(0.6895)]"
0.42,0.72,0.3,7,2,0.82593,0.59919,0.84229,"[np.float64(0.4196), np.float64(0.4696), np.float64(0.5196), np.float64(0.5696), np.float64(0.6196), np.float64(0.6695), np.float64(0.7195)]"
0.46,0.69,0.23,5,2,0.82576,0.59947,0.84217,"[np.float64(0.4596), np.float64(0.5196), np.float64(0.5796), np.float64(0.6296), np.float64(0.6895)]"
0.44,0.71,0.27,13,2,0.82571,0.59955,0.84214,"[np.float64(0.4396), np.float64(0.4596), np.float64(0.4796), np.float64(0.5096), np.float64(0.5296), np.float64(0.5496), np.float64(0.5796), np.float64(0.5996), np.float64(0.6196), np.float64(0.6396), np.float64(0.6595), np.float64(0.6895), np.float64(0.7095)]"
0.4,0.73,0.33,9,2,0.82567,0.59963,0.8421,"[np.float64(0.3996), np.float64(0.4396), np.float64(0.4796), np.float64(0.5196), np.float64(0.5596), np.float64(0.6096), np.float64(0.6495), np.float64(0.6895), np.float64(0.7295)]"
0.4,0.6,0.2,11,5,0.82431,0.60196,0.84108,"[np.float64(0.3996), np.float64(0.4196), np.float64(0.4396), np.float64(0.4596), np.float64(0.4796), np.float64(0.4996), np.float64(0.5196), np.float64(0.5396), np.float64(0.5596), np.float64(0.5796), np.float64(0.5996)]"
0.44,0.7,0.26,3,2,0.8225,0.60505,0.83972,"[np.float64(0.4396), np.float64(0.5696), np.float64(0.6995)]"
0.42,0.72,0.3,9,2,0.82155,0.60667,0.83901,"[np.float64(0.4196), np.float64(0.4596), np.float64(0.4996), np.float64(0.5296), np.float64(0.5696), np.float64(0.6096), np.float64(0.6396), np.float64(0.6795), np.float64(0.7195)]"
0.42,0.72,0.3,8,2,0.82147,0.60681,0.83894,"[np.float64(0.4196), np.float64(0.4596), np.float64(0.5096), np.float64(0.5496), np.float64(0.5896), np.float64(0.6296), np.float64(0.6795), np.float64(0.7195)]"
0.42,0.71,0.29,3,2,0.82119,0.60728,0.83874,"[np.float64(0.4196), np.float64(0.5596), np.float64(0.7095)]"
0.42,0.72,0.3,10,2,0.82069,0.60813,0.83836,"[np.float64(0.4196), np.float64(0.4496), np.float64(0.4896), np.float64(0.5196), np.float64(0.5496), np.float64(0.5896), np.float64(0.6196), np.float64(0.6495), np.float64(0.6895), np.float64(0.7195)]"
0.4,0.73,0.33,13,2,0.82063,0.60824,0.83831,"[np.float64(0.3996), np.float64(0.4296), np.float64(0.4596), np.float64(0.4796), np.float64(0.5096), np.float64(0.5396), np.float64(0.5596), np.float64(0.5896), np.float64(0.6196), np.float64(0.6495), np.float64(0.6795), np.float64(0.6995), np.float64(0.7295)]"
0.42,0.72,0.3,11,2,0.82007,0.60918,0.83789,"[np.float64(0.4196), np.float64(0.4496), np.float64(0.4796), np.float64(0.5096), np.float64(0.5396), np.float64(0.5696), np.float64(0.5996), np.float64(0.6296), np.float64(0.6595), np.float64(0.6895), np.float64(0.7195)]"
0.4,0.73,0.33,10,2,0.81994,0.6094,0.8378,"[np.float64(0.3996), np.float64(0.4396), np.float64(0.4696), np.float64(0.5096), np.float64(0.5496), np.float64(0.5796), np.float64(0.6196), np.float64(0.6595), np.float64(0.6895), np.float64(0.7295)]"
0.42,0.72,0.3,12,2,0.81957,0.61003,0.83752,"[np.float64(0.4196), np.float64(0.4496), np.float64(0.4696), np.float64(0.4996), np.float64(0.5296), np.float64(0.5596), np.float64(0.5796), np.float64(0.6096), np.float64(0.6396), np.float64(0.6695), np.float64(0.6895), np.float64(0.7195)]"
0.4,0.73,0.33,11,2,0.81908,0.61085,0.83715,"[np.float64(0.3996), np.float64(0.4296), np.float64(0.4696), np.float64(0.4996), np.float64(0.5296), np.float64(0.5596), np.float64(0.5996), np.float64(0.6296), np.float64(0.6595), np.float64(0.6995), np.float64(0.7295)]"
0.42,0.68,0.26,2,2,0.8182,0.61234,0.83649,"[np.float64(0.4196), np.float64(0.6795)]"
0.42,0.72,0.3,13,2,0.81813,0.61245,0.83644,"[np.float64(0.4196), np.float64(0.4396), np.float64(0.4696), np.float64(0.4996), np.float64(0.5196), np.float64(0.5396), np.float64(0.5696), np.float64(0.5996), np.float64(0.6196), np.float64(0.6396), np.float64(0.6695), np.float64(0.6995), np.float64(0.7195)]"
0.4,0.72,0.32,4,2,0.81769,0.6132,0.83611,"[np.float64(0.3996), np.float64(0.5096), np.float64(0.6096), np.float64(0.7195)]"
0.42,0.72,0.3,14,2,0.81757,0.61341,0.83602,"[np.float64(0.4196), np.float64(0.4396), np.float64(0.4696), np.float64(0.4896), np.float64(0.5096), np.float64(0.5396), np.float64(0.5596), np.float64(0.5796), np.float64(0.5996), np.float64(0.6296), np.float64(0.6495), np.float64(0.6695), np.float64(0.6995), np.float64(0.7195)]"
0.42,0.72,0.3,16,2,0.8172,0.61403,0.83574,"[np.float64(0.4196), np.float64(0.4396), np.float64(0.4596), np.float64(0.4796), np.float64(0.4996), np.float64(0.5196), np.float64(0.5396), np.float64(0.5596), np.float64(0.5796), np.float64(0.5996), np.float64(0.6196), np.float64(0.6396), np.float64(0.6595), np.float64(0.6795), np.float64(0.6995), np.float64(0.7195)]"
0.42,0.72,0.3,17,2,0.81711,0.61418,0.83567,"[np.float64(0.4196), np.float64(0.4396), np.float64(0.4596), np.float64(0.4796), np.float64(0.4996), np.float64(0.5096), np.float64(0.5296), np.float64(0.5496), np.float64(0.5696), np.float64(0.5896), np.float64(0.6096), np.float64(0.6296), np.float64(0.6396), np.float64(0.6595), np.float64(0.6795), np.float64(0.6995), np.float64(0.7195)]"
0.4,0.73,0.33,12,2,0.81697,0.61441,0.83557,"[np.float64(0.3996), np.float64(0.4296), np.float64(0.4596), np.float64(0.4896), np.float64(0.5196), np.float64(0.5496), np.float64(0.5796), np.float64(0.6096), np.float64(0.6396), np.float64(0.6695), np.float64(0.6995), np.float64(0.7295)]"
0.44,0.79,0.35,3,2,0.81677,0.61474,0.83542,"[np.float64(0.4396), np.float64(0.6196), np.float64(0.7894)]"
0.4,0.61,0.21,16,5,0.81656,0.6151,0.83526,"[np.float64(0.3996), np.float64(0.4096), np.float64(0.4296), np.float64(0.4396), np.float64(0.4596), np.float64(0.4696), np.float64(0.4796), np.float64(0.4996), np.float64(0.5096), np.float64(0.5296), np.float64(0.5396), np.float64(0.5496), np.float64(0.5696), np.float64(0.5796), np.float64(0.5996), np.float64(0.6096)]"
0.42,0.72,0.3,20,2,0.81631,0.61552,0.83507,"[np.float64(0.4196), np.float64(0.4396), np.float64(0.4496), np.float64(0.4696), np.float64(0.4796), np.float64(0.4996), np.float64(0.5096), np.float64(0.5296), np.float64(0.5496), np.float64(0.5596), np.float64(0.5796), np.float64(0.5896), np.float64(0.6096), np.float64(0.6296), np.float64(0.6396), np.float64(0.6595), np.float64(0.6695), np.float64(0.6895), np.float64(0.6995), np.float64(0.7195)]"
0.44,0.7,0.26,5,2,0.8163,0.61553,0.83507,"[np.float64(0.4396), np.float64(0.4996), np.float64(0.5696), np.float64(0.6396), np.float64(0.6995)]"
0.42,0.72,0.3,18,2,0.81631,0.61552,0.83507,"[np.float64(0.4196), np.float64(0.4396), np.float64(0.4596), np.float64(0.4696), np.float64(0.4896), np.float64(0.5096), np.float64(0.5296), np.float64(0.5396), np.float64(0.5596), np.float64(0.5796), np.float64(0.5996), np.float64(0.6096), np.float64(0.6296), np.float64(0.6495), np.float64(0.6695), np.float64(0.6795), np.float64(0.6995), np.float64(0.7195)]"
0.4,0.72,0.32,5,2,0.81611,0.61585,0.83492,"[np.float64(0.3996), np.float64(0.4796), np.float64(0.5596), np.float64(0.6396), np.float64(0.7195)]"
0.42,0.72,0.3,15,2,0.81597,0.61609,0.83482,"[np.float64(0.4196), np.float64(0.4396), np.float64(0.4596), np.float64(0.4796), np.float64(0.5096), np.float64(0.5296), np.float64(0.5496), np.float64(0.5696), np.float64(0.5896), np.float64(0.6096), np.float64(0.6296), np.float64(0.6595), np.float64(0.6795), np.float64(0.6995), np.float64(0.7195)]"
0.42,0.72,0.3,19,2,0.81597,0.61608,0.83482,"[np.float64(0.4196), np.float64(0.4396), np.float64(0.4496), np.float64(0.4696), np.float64(0.4896), np.float64(0.4996), np.float64(0.5196), np.float64(0.5396), np.float64(0.5496), np.float64(0.5696), np.float64(0.5896), np.float64(0.5996), np.float64(0.6196), np.float64(0.6396), np.float64(0.6495), np.float64(0.6695), np.float64(0.6895), np.float64(0.6995), np.float64(0.7195)]"
0.4,0.61,0.21,14,7,0.81593,0.61616,0.83479,"[np.float64(0.3996), np.float64(0.4196), np.float64(0.4296), np.float64(0.4496), np.float64(0.4596), np.float64(0.4796), np.float64(0.4996), np.float64(0.5096), np.float64(0.5296), np.float64(0.5496), np.float64(0.5596), np.float64(0.5796), np.float64(0.5896), np.float64(0.6096)]"
0.4,0.73,0.33,15,2,0.81575,0.61646,0.83465,"[np.float64(0.3996), np.float64(0.4196), np.float64(0.4496), np.float64(0.4696), np.float64(0.4896), np.float64(0.5196), np.float64(0.5396), np.float64(0.5596), np.float64(0.5896), np.float64(0.6096), np.float64(0.6396), np.float64(0.6595), np.float64(0.6795), np.float64(0.7095), np.float64(0.7295)]"
0.4,0.73,0.33,17,2,0.8152,0.61738,0.83424,"[np.float64(0.3996), np.float64(0.4196), np.float64(0.4396), np.float64(0.4596), np.float64(0.4796), np.float64(0.4996), np.float64(0.5196), np.float64(0.5396), np.float64(0.5596), np.float64(0.5896), np.float64(0.6096), np.float64(0.6296), np.float64(0.6495), np.float64(0.6695), np.float64(0.6895), np.float64(0.7095), np.float64(0.7295)]"
0.48,0.79,0.31,3,2,0.81518,0.6174,0.83423,"[np.float64(0.4796), np.float64(0.6396), np.float64(0.7894)]"
0.44,0.7,0.26,6,2,0.81466,0.61827,0.83384,"[np.float64(0.4396), np.float64(0.4896), np.float64(0.5396), np.float64(0.5996), np.float64(0.6495), np.float64(0.6995)]"
0.4,0.73,0.33,19,2,0.81412,0.61917,0.83344,"[np.float64(0.3996), np.float64(0.4196), np.float64(0.4396), np.float64(0.4596), np.float64(0.4696), np.float64(0.4896), np.float64(0.5096), np.float64(0.5296), np.float64(0.5496), np.float64(0.5596), np.float64(0.5796), np.float64(0.5996), np.float64(0.6196), np.float64(0.6396), np.float64(0.6595), np.float64(0.6795), np.float64(0.6895), np.float64(0.7095), np.float64(0.7295)]"
0.4,0.73,0.33,14,2,0.81319,0.62073,0.83274,"[np.float64(0.3996), np.float64(0.4296), np.float64(0.4496), np.float64(0.4796), np.float64(0.4996), np.float64(0.5296), np.float64(0.5496), np.float64(0.5796), np.float64(0.5996), np.float64(0.6296), np.float64(0.6495), np.float64(0.6795), np.float64(0.6995), np.float64(0.7295)]"
0.4,0.73,0.33,16,2,0.81311,0.62085,0.83268,"[np.float64(0.3996), np.float64(0.4196), np.float64(0.4396), np.float64(0.4696), np.float64(0.4896), np.float64(0.5096), np.float64(0.5296), np.float64(0.5496), np.float64(0.5796), np.float64(0.5996), np.float64(0.6196), np.float64(0.6396), np.float64(0.6595), np.float64(0.6895), np.float64(0.7095), np.float64(0.7295)]"
0.46,0.68,0.22,3,2,0.81276,0.62144,0.83242,"[np.float64(0.4596), np.float64(0.5696), np.float64(0.6795)]"
0.44,0.8,0.36,4,2,0.81237,0.62209,0.83212,"[np.float64(0.4396), np.float64(0.5596), np.float64(0.6795), np.float64(0.7994)]"
0.46,0.66,0.2,2,2,0.81145,0.6236,0.83144,"[np.float64(0.4596), np.float64(0.6595)]"
0.44,0.7,0.26,8,2,0.81138,0.62373,0.83138,"[np.float64(0.4396), np.float64(0.4796), np.float64(0.5096), np.float64(0.5496), np.float64(0.5896), np.float64(0.6296), np.float64(0.6595), np.float64(0.6995)]"
0.56,0.78,0.22,2,1,0.81125,0.62393,0.83129,"[np.float64(0.5596), np.float64(0.7795)]"
0.46,0.68,0.22,15,2,0.81075,0.62476,0.83091,"[np.float64(0.4596), np.float64(0.4796), np.float64(0.4896), np.float64(0.5096), np.float64(0.5196), np.float64(0.5396), np.float64(0.5496), np.float64(0.5696), np.float64(0.5896), np.float64(0.5996), np.float64(0.6196), np.float64(0.6296), np.float64(0.6495), np.float64(0.6595), np.float64(0.6795)]"
0.46,0.68,0.22,8,2,0.81073,0.62479,0.8309,"[np.float64(0.4596), np.float64(0.4896), np.float64(0.5196), np.float64(0.5496), np.float64(0.5896), np.float64(0.6196), np.float64(0.6495), np.float64(0.6795)]"
0.44,0.64,0.2,7,4,0.81064,0.62494,0.83084,"[np.float64(0.4396), np.float64(0.4696), np.float64(0.5096), np.float64(0.5396), np.float64(0.5696), np.float64(0.6096), np.float64(0.6396)]"
0.46,0.68,0.22,14,2,0.81065,0.62492,0.83084,"[np.float64(0.4596), np.float64(0.4796), np.float64(0.4896), np.float64(0.5096), np.float64(0.5296), np.float64(0.5396), np.float64(0.5596), np.float64(0.5796), np.float64(0.5996), np.float64(0.6096), np.float64(0.6296), np.float64(0.6495), np.float64(0.6595), np.float64(0.6795)]"
0.42,0.71,0.29,5,2,0.81059,0.62503,0.83079,"[np.float64(0.4196), np.float64(0.4896), np.float64(0.5596), np.float64(0.6396), np.float64(0.7095)]"
0.4,0.73,0.33,20,2,0.81016,0.62574,0.83047,"[np.float64(0.3996), np.float64(0.4196), np.float64(0.4296), np.float64(0.4496), np.float64(0.4696), np.float64(0.4896), np.float64(0.4996), np.float64(0.5196), np.float64(0.5396), np.float64(0.5596), np.float64(0.5696), np.float64(0.5896), np.float64(0.6096), np.float64(0.6296), np.float64(0.6396), np.float64(0.6595), np.float64(0.6795), np.float64(0.6995), np.float64(0.7095), np.float64(0.7295)]"
0.44,0.7,0.26,9,2,0.81008,0.62587,0.83041,"[np.float64(0.4396), np.float64(0.4696), np.float64(0.4996), np.float64(0.5396), np.float64(0.5696), np.float64(0.5996), np.float64(0.6396), np.float64(0.6695), np.float64(0.6995)]"
0.44,0.7,0.26,4,2,0.81003,0.62595,0.83038,"[np.float64(0.4396), np.float64(0.5296), np.float64(0.6096), np.float64(0.6995)]"
0.46,0.68,0.22,4,2,0.81002,0.62597,0.83037,"[np.float64(0.4596), np.float64(0.5296), np.float64(0.6096), np.float64(0.6795)]"
0.46,0.68,0.22,18,2,0.80994,0.6261,0.83031,"[np.float64(0.4596), np.float64(0.4696), np.float64(0.4896), np.float64(0.4996), np.float64(0.5096), np.float64(0.5196), np.float64(0.5396), np.float64(0.5496), np.float64(0.5596), np.float64(0.5796), np.float64(0.5896), np.float64(0.5996), np.float64(0.6196), np.float64(0.6296), np.float64(0.6396), np.float64(0.6495), np.float64(0.6695), np.float64(0.6795)]"
0.44,0.7,0.26,11,2,0.80968,0.62652,0.83012,"[np.float64(0.4396), np.float64(0.4696), np.float64(0.4896), np.float64(0.5196), np.float64(0.5396), np.float64(0.5696), np.float64(0.5996), np.float64(0.6196), np.float64(0.6495), np.float64(0.6695), np.float64(0.6995)]"
0.44,0.7,0.26,17,2,0.80923,0.62727,0.82978,"[np.float64(0.4396), np.float64(0.4596), np.float64(0.4696), np.float64(0.4896), np.float64(0.4996), np.float64(0.5196), np.float64(0.5396), np.float64(0.5496), np.float64(0.5696), np.float64(0.5896), np.float64(0.5996), np.float64(0.6196), np.float64(0.6396), np.float64(0.6495), np.float64(0.6695), np.float64(0.6795), np.float64(0.6995)]"
0.44,0.7,0.26,15,2,0.80895,0.62772,0.82957,"[np.float64(0.4396), np.float64(0.4596), np.float64(0.4796), np.float64(0.4996), np.float64(0.5096), np.float64(0.5296), np.float64(0.5496), np.float64(0.5696), np.float64(0.5896), np.float64(0.6096), np.float64(0.6296), np.float64(0.6396), np.float64(0.6595), np.float64(0.6795), np.float64(0.6995)]"
0.46,0.68,0.22,16,2,0.80888,0.62785,0.82952,"[np.float64(0.4596), np.float64(0.4696), np.float64(0.4896), np.float64(0.4996), np.float64(0.5196), np.float64(0.5296), np.float64(0.5496), np.float64(0.5596), np.float64(0.5796), np.float64(0.5896), np.float64(0.6096), np.float64(0.6196), np.float64(0.6396), np.float64(0.6495), np.float64(0.6695), np.float64(0.6795)]"
0.44,0.7,0.26,7,2,0.80884,0.6279,0.82949,"[np.float64(0.4396), np.float64(0.4796), np.float64(0.5296), np.float64(0.5696), np.float64(0.6096), np.float64(0.6595), np.float64(0.6995)]"
0.44,0.64,0.2,15,4,0.80882,0.62795,0.82947,"[np.float64(0.4396), np.float64(0.4496), np.float64(0.4696), np.float64(0.4796), np.float64(0.4996), np.float64(0.5096), np.float64(0.5296), np.float64(0.5396), np.float64(0.5496), np.float64(0.5696), np.float64(0.5796), np.float64(0.5996), np.float64(0.6096), np.float64(0.6296), np.float64(0.6396)]"
0.46,0.68,0.22,12,2,0.80867,0.62819,0.82936,"[np.float64(0.4596), np.float64(0.4796), np.float64(0.4996), np.float64(0.5196), np.float64(0.5396), np.float64(0.5596), np.float64(0.5796), np.float64(0.5996), np.float64(0.6196), np.float64(0.6396), np.float64(0.6595), np.float64(0.6795)]"
0.44,0.7,0.26,12,2,0.80865,0.62821,0.82935,"[np.float64(0.4396), np.float64(0.4596), np.float64(0.4896), np.float64(0.5096), np.float64(0.5296), np.float64(0.5596), np.float64(0.5796), np.float64(0.6096), np.float64(0.6296), np.float64(0.6495), np.float64(0.6795), np.float64(0.6995)]"
0.46,0.68,0.22,6,2,0.80855,0.62839,0.82927,"[np.float64(0.4596), np.float64(0.4996), np.float64(0.5496), np.float64(0.5896), np.float64(0.6396), np.float64(0.6795)]"
0.46,0.68,0.22,20,2,0.80845,0.62855,0.8292,"[np.float64(0.4596), np.float64(0.4696), np.float64(0.4796), np.float64(0.4896), np.float64(0.5096), np.float64(0.5196), np.float64(0.5296), np.float64(0.5396), np.float64(0.5496), np.float64(0.5596), np.float64(0.5796), np.float64(0.5896), np.float64(0.5996), np.float64(0.6096), np.float64(0.6196), np.float64(0.6296), np.float64(0.6495), np.float64(0.6595), np.float64(0.6695), np.float64(0.6795)]"
0.46,0.68,0.22,13,2,0.80844,0.62857,0.82919,"[np.float64(0.4596), np.float64(0.4796), np.float64(0.4996), np.float64(0.5196), np.float64(0.5296), np.float64(0.5496), np.float64(0.5696), np.float64(0.5896), np.float64(0.6096), np.float64(0.6196), np.float64(0.6396), np.float64(0.6595), np.float64(0.6795)]"
0.4,0.73,0.33,18,2,0.80839,0.62865,0.82915,"[np.float64(0.3996), np.float64(0.4196), np.float64(0.4396), np.float64(0.4596), np.float64(0.4796), np.float64(0.4996), np.float64(0.5196), np.float64(0.5396), np.float64(0.5596), np.float64(0.5696), np.float64(0.5896), np.float64(0.6096), np.float64(0.6296), np.float64(0.6495), np.float64(0.6695), np.float64(0.6895), np.float64(0.7095), np.float64(0.7295)]"
0.46,0.68,0.22,7,2,0.80813,0.62908,0.82896,"[np.float64(0.4596), np.float64(0.4996), np.float64(0.5296), np.float64(0.5696), np.float64(0.6096), np.float64(0.6396), np.float64(0.6795)]"
0.44,0.7,0.26,13,2,0.80801,0.62927,0.82887,"[np.float64(0.4396), np.float64(0.4596), np.float64(0.4796), np.float64(0.4996), np.float64(0.5296), np.float64(0.5496), np.float64(0.5696), np.float64(0.5896), np.float64(0.6096), np.float64(0.6396), np.float64(0.6595), np.float64(0.6795), np.float64(0.6995)]"
0.44,0.7,0.26,16,2,0.80788,0.62948,0.82878,"[np.float64(0.4396), np.float64(0.4596), np.float64(0.4696), np.float64(0.4896), np.float64(0.5096), np.float64(0.5296), np.float64(0.5396), np.float64(0.5596), np.float64(0.5796), np.float64(0.5996), np.float64(0.6096), np.float64(0.6296), np.float64(0.6495), np.float64(0.6695), np.float64(0.6795), np.float64(0.6995)]"
0.46,0.68,0.22,10,2,0.80782,0.62957,0.82873,"[np.float64(0.4596), np.float64(0.4796), np.float64(0.5096), np.float64(0.5296), np.float64(0.5596), np.float64(0.5796), np.float64(0.6096), np.float64(0.6296), np.float64(0.6595), np.float64(0.6795)]"
0.44,0.7,0.26,14,2,0.80773,0.62973,0.82866,"[np.float64(0.4396), np.float64(0.4596), np.float64(0.4796), np.float64(0.4996), np.float64(0.5196), np.float64(0.5396), np.float64(0.5596), np.float64(0.5796), np.float64(0.5996), np.float64(0.6196), np.float64(0.6396), np.float64(0.6595), np.float64(0.6795), np.float64(0.6995)]"
0.46,0.68,0.22,19,2,0.80767,0.62982,0.82862,"[np.float64(0.4596), np.float64(0.4696), np.float64(0.4796), np.float64(0.4996), np.float64(0.5096), np.float64(0.5196), np.float64(0.5296), np.float64(0.5496), np.float64(0.5596), np.float64(0.5696), np.float64(0.5796), np.float64(0.5896), np.float64(0.6096), np.float64(0.6196), np.float64(0.6296), np.float64(0.6396), np.float64(0.6595), np.float64(0.6695), np.float64(0.6795)]"
0.46,0.68,0.22,17,2,0.80757,0.62999,0.82854,"[np.float64(0.4596), np.float64(0.4696), np.float64(0.4896), np.float64(0.4996), np.float64(0.5196), np.float64(0.5296), np.float64(0.5396), np.float64(0.5596), np.float64(0.5696), np.float64(0.5796), np.float64(0.5996), np.float64(0.6096), np.float64(0.6196), np.float64(0.6396), np.float64(0.6495), np.float64(0.6695), np.float64(0.6795)]"
0.46,0.68,0.22,9,2,0.80744,0.63019,0.82845,"[np.float64(0.4596), np.float64(0.4896), np.float64(0.5196), np.float64(0.5396), np.float64(0.5696), np.float64(0.5996), np.float64(0.6196), np.float64(0.6495), np.float64(0.6795)]"
0.44,0.7,0.26,18,2,0.8073,0.63043,0.82834,"[np.float64(0.4396), np.float64(0.4596), np.float64(0.4696), np.float64(0.4896), np.float64(0.4996), np.float64(0.5196), np.float64(0.5296), np.float64(0.5496), np.float64(0.5596), np.float64(0.5796), np.float64(0.5896), np.float64(0.6096), np.float64(0.6196), np.float64(0.6396), np.float64(0.6495), np.float64(0.6695), np.float64(0.6795), np.float64(0.6995)]"
0.4,0.72,0.32,6,2,0.80729,0.63045,0.82833,"[np.float64(0.3996), np.float64(0.4596), np.float64(0.5296), np.float64(0.5896), np.float64(0.6595), np.float64(0.7195)]"
0.46,0.68,0.22,11,2,0.80726,0.6305,0.82831,"[np.float64(0.4596), np.float64(0.4796), np.float64(0.4996), np.float64(0.5296), np.float64(0.5496), np.float64(0.5696), np.float64(0.5896), np.float64(0.6096), np.float64(0.6396), np.float64(0.6595), np.float64(0.6795)]"
0.44,0.64,0.2,11,4,0.80718,0.63063,0.82825,"[np.float64(0.4396), np.float64(0.4596), np.float64(0.4796), np.float64(0.4996), np.float64(0.5196), np.float64(0.5396), np.float64(0.5596), np.float64(0.5796), np.float64(0.5996), np.float64(0.6196), np.float64(0.6396)]"
0.44,0.7,0.26,20,2,0.80702,0.63089,0.82813,"[np.float64(0.4396), np.float64(0.4496), np.float64(0.4696), np.float64(0.4796), np.float64(0.4896), np.float64(0.5096), np.float64(0.5196), np.float64(0.5396), np.float64(0.5496), np.float64(0.5596), np.float64(0.5796), np.float64(0.5896), np.float64(0.5996), np.float64(0.6196), np.float64(0.6296), np.float64(0.6495), np.float64(0.6595), np.float64(0.6695), np.float64(0.6895), np.float64(0.6995)]"
0.44,0.67,0.23,2,2,0.80601,0.63254,0.82738,"[np.float64(0.4396), np.float64(0.6695)]"
0.44,0.7,0.26,19,2,0.80594,0.63265,0.82733,"[np.float64(0.4396), np.float64(0.4496), np.float64(0.4696), np.float64(0.4796), np.float64(0.4996), np.float64(0.5096), np.float64(0.5296), np.float64(0.5396), np.float64(0.5596), np.float64(0.5696), np.float64(0.5796), np.float64(0.5996), np.float64(0.6096), np.float64(0.6296), np.float64(0.6396), np.float64(0.6595), np.float64(0.6695), np.float64(0.6895), np.float64(0.6995)]"
0.4,0.68,0.28,2,2,0.8058,0.63288,0.82722,"[np.float64(0.3996), np.float64(0.6795)]"
0.4,0.6,0.2,6,3,0.80564,0.63314,0.8271,"[np.float64(0.3996), np.float64(0.4396), np.float64(0.4796), np.float64(0.5196), np.float64(0.5596), np.float64(0.5996)]"
0.44,0.7,0.26,10,2,0.80562,0.63317,0.82709,"[np.float64(0.4396), np.float64(0.4696), np.float64(0.4996), np.float64(0.5296), np.float64(0.5596), np.float64(0.5796), np.float64(0.6096), np.float64(0.6396), np.float64(0.6695), np.float64(0.6995)]"
0.44,0.64,0.2,19,4,0.80554,0.63331,0.82703,"[np.float64(0.4396), np.float64(0.4496), np.float64(0.4596), np.float64(0.4696), np.float64(0.4796), np.float64(0.4996), np.float64(0.5096), np.float64(0.5196), np.float64(0.5296), np.float64(0.5396), np.float64(0.5496), np.float64(0.5596), np.float64(0.5696), np.float64(0.5796), np.float64(0.5996), np.float64(0.6096), np.float64(0.6196), np.float64(0.6296), np.float64(0.6396)]"
0.42,0.71,0.29,4,2,0.80532,0.63367,0.82686,"[np.float64(0.4196), np.float64(0.5196), np.float64(0.6096), np.float64(0.7095)]"
0.4,0.77,0.37,2,2,0.80347,0.63666,0.82549,"[np.float64(0.3996), np.float64(0.7695)]"
0.4,0.79,0.39,3,2,0.80295,0.63751,0.8251,"[np.float64(0.3996), np.float64(0.5996), np.float64(0.7894)]"
0.46,0.68,0.22,5,2,0.80229,0.63857,0.82461,"[np.float64(0.4596), np.float64(0.5196), np.float64(0.5696), np.float64(0.6196), np.float64(0.6795)]"
0.46,0.79,0.33,3,2,0.8022,0.63873,0.82454,"[np.float64(0.4596), np.float64(0.6196), np.float64(0.7894)]"
0.44,0.64,0.2,10,4,0.80192,0.63917,0.82434,"[np.float64(0.4396), np.float64(0.4596), np.float64(0.4796), np.float64(0.5096), np.float64(0.5296), np.float64(0.5496), np.float64(0.5696), np.float64(0.5996), np.float64(0.6196), np.float64(0.6396)]"
0.4,0.6,0.2,5,3,0.80123,0.64028,0.82382,"[np.float64(0.3996), np.float64(0.4496), np.float64(0.4996), np.float64(0.5496), np.float64(0.5996)]"
0.42,0.71,0.29,8,2,0.80104,0.64058,0.82369,"[np.float64(0.4196), np.float64(0.4596), np.float64(0.4996), np.float64(0.5396), np.float64(0.5896), np.float64(0.6296), np.float64(0.6695), np.float64(0.7095)]"
0.42,0.71,0.29,6,2,0.80052,0.64143,0.8233,"[np.float64(0.4196), np.float64(0.4796), np.float64(0.5396), np.float64(0.5896), np.float64(0.6495), np.float64(0.7095)]"
0.4,0.71,0.31,3,2,0.79957,0.64296,0.82259,"[np.float64(0.3996), np.float64(0.5596), np.float64(0.7095)]"
0.44,0.64,0.2,17,4,0.79939,0.64324,0.82246,"[np.float64(0.4396), np.float64(0.4496), np.float64(0.4596), np.float64(0.4796), np.float64(0.4896), np.float64(0.4996), np.float64(0.5196), np.float64(0.5296), np.float64(0.5396), np.float64(0.5496), np.float64(0.5596), np.float64(0.5796), np.float64(0.5896), np.float64(0.5996), np.float64(0.6196), np.float64(0.6296), np.float64(0.6396)]"
0.4,0.72,0.32,7,2,0.79885,0.64411,0.82205,"[np.float64(0.3996), np.float64(0.4496), np.float64(0.5096), np.float64(0.5596), np.float64(0.6096), np.float64(0.6695), np.float64(0.7195)]"
0.44,0.64,0.2,13,4,0.79868,0.64438,0.82193,"[np.float64(0.4396), np.float64(0.4596), np.float64(0.4696), np.float64(0.4896), np.float64(0.5096), np.float64(0.5196), np.float64(0.5396), np.float64(0.5596), np.float64(0.5696), np.float64(0.5896), np.float64(0.6096), np.float64(0.6196), np.float64(0.6396)]"
0.42,0.71,0.29,7,2,0.7983,0.64498,0.82165,"[np.float64(0.4196), np.float64(0.4696), np.float64(0.5196), np.float64(0.5596), np.float64(0.6096), np.float64(0.6595), np.float64(0.7095)]"
0.42,0.71,0.29,9,2,0.79826,0.64505,0.82162,"[np.float64(0.4196), np.float64(0.4596), np.float64(0.4896), np.float64(0.5296), np.float64(0.5596), np.float64(0.5996), np.float64(0.6396), np.float64(0.6695), np.float64(0.7095)]"
0.4,0.72,0.32,8,2,0.7981,0.6453,0.8215,"[np.float64(0.3996), np.float64(0.4496), np.float64(0.4896), np.float64(0.5396), np.float64(0.5796), np.float64(0.6296), np.float64(0.6695), np.float64(0.7195)]"
0.42,0.62,0.2,5,4,0.79725,0.64665,0.82087,"[np.float64(0.4196), np.float64(0.4696), np.float64(0.5196), np.float64(0.5696), np.float64(0.6196)]"
0.42,0.79,0.37,3,2,0.79706,0.64697,0.82072,"[np.float64(0.4196), np.float64(0.5996), np.float64(0.7894)]"
0.4,0.71,0.31,4,2,0.79689,0.64724,0.8206,"[np.float64(0.3996), np.float64(0.4996), np.float64(0.6096), np.float64(0.7095)]"
0.46,0.78,0.32,2,1,0.7966,0.6477,0.82039,"[np.float64(0.4596), np.float64(0.7795)]"
0.44,0.64,0.2,8,4,0.79582,0.64894,0.81981,"[np.float64(0.4396), np.float64(0.4696), np.float64(0.4996), np.float64(0.5296), np.float64(0.5496), np.float64(0.5796), np.float64(0.6096), np.float64(0.6396)]"
0.44,0.69,0.25,3,2,0.79568,0.64915,0.81971,"[np.float64(0.4396), np.float64(0.5596), np.float64(0.6895)]"
0.4,0.61,0.21,4,4,0.79543,0.64956,0.81952,"[np.float64(0.3996), np.float64(0.4696), np.float64(0.5396), np.float64(0.6096)]"
0.4,0.61,0.21,6,3,0.79505,0.65016,0.81924,"[np.float64(0.3996), np.float64(0.4396), np.float64(0.4796), np.float64(0.5296), np.float64(0.5696), np.float64(0.6096)]"
0.4,0.6,0.2,7,3,0.79504,0.65018,0.81923,"[np.float64(0.3996), np.float64(0.4296), np.float64(0.4696), np.float64(0.4996), np.float64(0.5296), np.float64(0.5696), np.float64(0.5996)]"
0.42,0.8,0.38,4,2,0.79478,0.6506,0.81903,"[np.float64(0.4196), np.float64(0.5496), np.float64(0.6695), np.float64(0.7994)]"
0.46,0.67,0.21,15,2,0.7947,0.65071,0.81898,"[np.float64(0.4596), np.float64(0.4796), np.float64(0.4896), np.float64(0.4996), np.float64(0.5196), np.float64(0.5396), np.float64(0.5496), np.float64(0.5596), np.float64(0.5796), np.float64(0.5996), np.float64(0.6096), np.float64(0.6196), np.float64(0.6396), np.float64(0.6595), np.float64(0.6695)]"
0.4,0.72,0.32,9,2,0.79451,0.65102,0.81884,"[np.float64(0.3996), np.float64(0.4396), np.float64(0.4796), np.float64(0.5196), np.float64(0.5596), np.float64(0.5996), np.float64(0.6396), np.float64(0.6795), np.float64(0.7195)]"
0.42,0.71,0.29,10,2,0.7943,0.65135,0.81868,"[np.float64(0.4196), np.float64(0.4496), np.float64(0.4796), np.float64(0.5196), np.float64(0.5496), np.float64(0.5796), np.float64(0.6096), np.float64(0.6495), np.float64(0.6795), np.float64(0.7095)]"
0.42,0.71,0.29,15,2,0.79418,0.65153,0.8186,"[np.float64(0.4196), np.float64(0.4396), np.float64(0.4596), np.float64(0.4796), np.float64(0.4996), np.float64(0.5196), np.float64(0.5396), np.float64(0.5696), np.float64(0.5896), np.float64(0.6096), np.float64(0.6296), np.float64(0.6495), np.float64(0.6695), np.float64(0.6895), np.float64(0.7095)]"
0.44,0.64,0.2,16,4,0.79351,0.65259,0.8181,"[np.float64(0.4396), np.float64(0.4496), np.float64(0.4696), np.float64(0.4796), np.float64(0.4896), np.float64(0.5096), np.float64(0.5196), np.float64(0.5296), np.float64(0.5496), np.float64(0.5596), np.float64(0.5696), np.float64(0.5896), np.float64(0.5996), np.float64(0.6096), np.float64(0.6296), np.float64(0.6396)]"
0.44,0.64,0.2,14,4,0.79323,0.65304,0.81789,"[np.float64(0.4396), np.float64(0.4596), np.float64(0.4696), np.float64(0.4896), np.float64(0.4996), np.float64(0.5196), np.float64(0.5296), np.float64(0.5496), np.float64(0.5596), np.float64(0.5796), np.float64(0.5896), np.float64(0.6096), np.float64(0.6196), np.float64(0.6396)]"
0.46,0.67,0.21,13,2,0.79305,0.65332,0.81776,"[np.float64(0.4596), np.float64(0.4796), np.float64(0.4996), np.float64(0.5096), np.float64(0.5296), np.float64(0.5496), np.float64(0.5596), np.float64(0.5796), np.float64(0.5996), np.float64(0.6196), np.float64(0.6396), np.float64(0.6495), np.float64(0.6695)]"
0.4,0.6,0.2,3,3,0.79272,0.65385,0.81751,"[np.float64(0.3996), np.float64(0.4996), np.float64(0.5996)]"
0.42,0.71,0.29,13,2,0.79265,0.65396,0.81746,"[np.float64(0.4196), np.float64(0.4396), np.float64(0.4696), np.float64(0.4896), np.float64(0.5196), np.float64(0.5396), np.float64(0.5596), np.float64(0.5896), np.float64(0.6096), np.float64(0.6396), np.float64(0.6595), np.float64(0.6895), np.float64(0.7095)]"
0.44,0.64,0.2,9,4,0.79257,0.65408,0.8174,"[np.float64(0.4396), np.float64(0.4596), np.float64(0.4896), np.float64(0.5196), np.float64(0.5396), np.float64(0.5596), np.float64(0.5896), np.float64(0.6196), np.float64(0.6396)]"
0.42,0.71,0.29,12,2,0.79211,0.65481,0.81706,"[np.float64(0.4196), np.float64(0.4496), np.float64(0.4696), np.float64(0.4996), np.float64(0.5296), np.float64(0.5496), np.float64(0.5796), np.float64(0.5996), np.float64(0.6296), np.float64(0.6595), np.float64(0.6795), np.float64(0.7095)]"
0.4,0.61,0.21,11,7,0.79181,0.65528,0.81684,"[np.float64(0.3996), np.float64(0.4196), np.float64(0.4396), np.float64(0.4596), np.float64(0.4796), np.float64(0.4996), np.float64(0.5296), np.float64(0.5496), np.float64(0.5696), np.float64(0.5896), np.float64(0.6096)]"
0.42,0.71,0.29,11,2,0.79175,0.65537,0.8168,"[np.float64(0.4196), np.float64(0.4496), np.float64(0.4796), np.float64(0.5096), np.float64(0.5396), np.float64(0.5596), np.float64(0.5896), np.float64(0.6196), np.float64(0.6495), np.float64(0.6795), np.float64(0.7095)]"
0.42,0.71,0.29,17,2,0.79166,0.65552,0.81673,"[np.float64(0.4196), np.float64(0.4396), np.float64(0.4596), np.float64(0.4696), np.float64(0.4896), np.float64(0.5096), np.float64(0.5296), np.float64(0.5496), np.float64(0.5596), np.float64(0.5796), np.float64(0.5996), np.float64(0.6196), np.float64(0.6396), np.float64(0.6595), np.float64(0.6695), np.float64(0.6895), np.float64(0.7095)]"
0.42,0.71,0.29,14,2,0.7916,0.65561,0.81669,"[np.float64(0.4196), np.float64(0.4396), np.float64(0.4596), np.float64(0.4896), np.float64(0.5096), np.float64(0.5296), np.float64(0.5496), np.float64(0.5796), np.float64(0.5996), np.float64(0.6196), np.float64(0.6396), np.float64(0.6695), np.float64(0.6895), np.float64(0.7095)]"
0.44,0.64,0.2,12,4,0.79159,0.65563,0.81667,"[np.float64(0.4396), np.float64(0.4596), np.float64(0.4796), np.float64(0.4896), np.float64(0.5096), np.float64(0.5296), np.float64(0.5496), np.float64(0.5696), np.float64(0.5896), np.float64(0.5996), np.float64(0.6196), np.float64(0.6396)]"
0.48,0.8,0.32,3,3,0.79141,0.65591,0.81654,"[np.float64(0.4796), np.float64(0.6396), np.float64(0.7994)]"
0.42,0.62,0.2,17,4,0.7914,0.65592,0.81654,"[np.float64(0.4196), np.float64(0.4296), np.float64(0.4396), np.float64(0.4596), np.float64(0.4696), np.float64(0.4796), np.float64(0.4996), np.float64(0.5096), np.float64(0.5196), np.float64(0.5296), np.float64(0.5396), np.float64(0.5596), np.float64(0.5696), np.float64(0.5796), np.float64(0.5996), np.float64(0.6096), np.float64(0.6196)]"
0.46,0.67,0.21,7,2,0.79139,0.65594,0.81653,"[np.float64(0.4596), np.float64(0.4996), np.float64(0.5296), np.float64(0.5596), np.float64(0.5996), np.float64(0.6396), np.float64(0.6695)]"
0.4,0.6,0.2,9,3,0.79134,0.65602,0.81649,"[np.float64(0.3996), np.float64(0.4196), np.float64(0.4496), np.float64(0.4796), np.float64(0.4996), np.float64(0.5196), np.float64(0.5496), np.float64(0.5796), np.float64(0.5996)]"
0.44,0.64,0.2,20,4,0.79118,0.65627,0.81637,"[np.float64(0.4396), np.float64(0.4496), np.float64(0.4596), np.float64(0.4696), np.float64(0.4796), np.float64(0.4896), np.float64(0.4996), np.float64(0.5096), np.float64(0.5196), np.float64(0.5296), np.float64(0.5496), np.float64(0.5596), np.float64(0.5696), np.float64(0.5796), np.float64(0.5896), np.float64(0.5996), np.float64(0.6096), np.float64(0.6196), np.float64(0.6296), np.float64(0.6396)]"
0.4,0.72,0.32,10,2,0.79109,0.65641,0.81631,"[np.float64(0.3996), np.float64(0.4396), np.float64(0.4696), np.float64(0.5096), np.float64(0.5396), np.float64(0.5796), np.float64(0.6096), np.float64(0.6495), np.float64(0.6795), np.float64(0.7195)]"
0.46,0.67,0.21,14,2,0.79078,0.65689,0.81608,"[np.float64(0.4596), np.float64(0.4796), np.float64(0.4896), np.float64(0.5096), np.float64(0.5196), np.float64(0.5396), np.float64(0.5596), np.float64(0.5696), np.float64(0.5896), np.float64(0.6096), np.float64(0.6196), np.float64(0.6396), np.float64(0.6495), np.float64(0.6695)]"
0.46,0.67,0.21,11,2,0.79077,0.65691,0.81607,"[np.float64(0.4596), np.float64(0.4796), np.float64(0.4996), np.float64(0.5196), np.float64(0.5396), np.float64(0.5596), np.float64(0.5896), np.float64(0.6096), np.float64(0.6296), np.float64(0.6495), np.float64(0.6695)]"
0.42,0.71,0.29,19,2,0.79059,0.6572,0.81594,"[np.float64(0.4196), np.float64(0.4396), np.float64(0.4496), np.float64(0.4696), np.float64(0.4796), np.float64(0.4996), np.float64(0.5196), np.float64(0.5296), np.float64(0.5496), np.float64(0.5596), np.float64(0.5796), np.float64(0.5996), np.float64(0.6096), np.float64(0.6296), np.float64(0.6495), np.float64(0.6595), np.float64(0.6795), np.float64(0.6895), np.float64(0.7095)]"
0.46,0.67,0.21,19,2,0.79052,0.65731,0.81588,"[np.float64(0.4596), np.float64(0.4696), np.float64(0.4796), np.float64(0.4996), np.float64(0.5096), np.float64(0.5196), np.float64(0.5296), np.float64(0.5396), np.float64(0.5496), np.float64(0.5596), np.float64(0.5796), np.float64(0.5896), np.float64(0.5996), np.float64(0.6096), np.float64(0.6196), np.float64(0.6396), np.float64(0.6495), np.float64(0.6595), np.float64(0.6695)]"
0.4,0.61,0.21,5,3,0.79043,0.65744,0.81582,"[np.float64(0.3996), np.float64(0.4496), np.float64(0.4996), np.float64(0.5596), np.float64(0.6096)]"
0.42,0.7,0.28,3,2,0.78988,0.65832,0.81541,"[np.float64(0.4196), np.float64(0.5596), np.float64(0.6995)]"
0.44,0.69,0.25,4,2,0.78939,0.65908,0.81505,"[np.float64(0.4396), np.float64(0.5196), np.float64(0.6096), np.float64(0.6895)]"
0.4,0.8,0.4,4,2,0.7893,0.65922,0.81498,"[np.float64(0.3996), np.float64(0.5296), np.float64(0.6695), np.float64(0.7994)]"
0.44,0.69,0.25,5,2,0.78914,0.65947,0.81486,"[np.float64(0.4396), np.float64(0.4996), np.float64(0.5596), np.float64(0.6296), np.float64(0.6895)]"
0.42,0.71,0.29,20,2,0.78907,0.65958,0.81481,"[np.float64(0.4196), np.float64(0.4396), np.float64(0.4496), np.float64(0.4696), np.float64(0.4796), np.float64(0.4996), np.float64(0.5096), np.float64(0.5296), np.float64(0.5396), np.float64(0.5596), np.float64(0.5696), np.float64(0.5896), np.float64(0.5996), np.float64(0.6196), np.float64(0.6296), np.float64(0.6495), np.float64(0.6595), np.float64(0.6795), np.float64(0.6895), np.float64(0.7095)]"
0.46,0.67,0.21,3,2,0.78893,0.6598,0.81471,"[np.float64(0.4596), np.float64(0.5596), np.float64(0.6695)]"
0.42,0.71,0.29,18,2,0.78867,0.6602,0.81452,"[np.float64(0.4196), np.float64(0.4396), np.float64(0.4496), np.float64(0.4696), np.float64(0.4896), np.float64(0.5096), np.float64(0.5196), np.float64(0.5396), np.float64(0.5596), np.float64(0.5696), np.float64(0.5896), np.float64(0.6096), np.float64(0.6196), np.float64(0.6396), np.float64(0.6595), np.float64(0.6795), np.float64(0.6895), np.float64(0.7095)]"
0.4,0.72,0.32,14,2,0.78832,0.66076,0.81426,"[np.float64(0.3996), np.float64(0.4196), np.float64(0.4496), np.float64(0.4696), np.float64(0.4996), np.float64(0.5196), np.float64(0.5496), np.float64(0.5696), np.float64(0.5996), np.float64(0.6196), np.float64(0.6495), np.float64(0.6695), np.float64(0.6995), np.float64(0.7195)]"
0.46,0.67,0.21,9,2,0.78826,0.66084,0.81422,"[np.float64(0.4596), np.float64(0.4896), np.float64(0.5096), np.float64(0.5396), np.float64(0.5596), np.float64(0.5896), np.float64(0.6196), np.float64(0.6396), np.float64(0.6695)]"
0.42,0.71,0.29,16,2,0.78823,0.66088,0.8142,"[np.float64(0.4196), np.float64(0.4396), np.float64(0.4596), np.float64(0.4796), np.float64(0.4996), np.float64(0.5196), np.float64(0.5396), np.float64(0.5596), np.float64(0.5696), np.float64(0.5896), np.float64(0.6096), np.float64(0.6296), np.float64(0.6495), np.float64(0.6695), np.float64(0.6895), np.float64(0.7095)]"
0.46,0.67,0.21,17,2,0.7882,0.66093,0.81417,"[np.float64(0.4596), np.float64(0.4696), np.float64(0.4896), np.float64(0.4996), np.float64(0.5096), np.float64(0.5296), np.float64(0.5396), np.float64(0.5496), np.float64(0.5596), np.float64(0.5796), np.float64(0.5896), np.float64(0.5996), np.float64(0.6196), np.float64(0.6296), np.float64(0.6396), np.float64(0.6595), np.float64(0.6695)]"
0.4,0.61,0.21,7,3,0.78805,0.66117,0.81406,"[np.float64(0.3996), np.float64(0.4396), np.float64(0.4696), np.float64(0.4996), np.float64(0.5396), np.float64(0.5796), np.float64(0.6096)]"
0.46,0.67,0.21,18,2,0.78799,0.66127,0.81401,"[np.float64(0.4596), np.float64(0.4696), np.float64(0.4796), np.float64(0.4996), np.float64(0.5096), np.float64(0.5196), np.float64(0.5296), np.float64(0.5496), np.float64(0.5596), np.float64(0.5696), np.float64(0.5796), np.float64(0.5996), np.float64(0.6096), np.float64(0.6196), np.float64(0.6296), np.float64(0.6495), np.float64(0.6595), np.float64(0.6695)]"
0.4,0.72,0.32,11,2,0.78783,0.66151,0.8139,"[np.float64(0.3996), np.float64(0.4296), np.float64(0.4596), np.float64(0.4996), np.float64(0.5296), np.float64(0.5596), np.float64(0.5896), np.float64(0.6196), np.float64(0.6595), np.float64(0.6895), np.float64(0.7195)]"
0.46,0.67,0.21,16,2,0.78779,0.66158,0.81387,"[np.float64(0.4596), np.float64(0.4696), np.float64(0.4896), np.float64(0.4996), np.float64(0.5196), np.float64(0.5296), np.float64(0.5396), np.float64(0.5596), np.float64(0.5696), np.float64(0.5896), np.float64(0.5996), np.float64(0.6096), np.float64(0.6296), np.float64(0.6396), np.float64(0.6595), np.float64(0.6695)]"
0.4,0.72,0.32,15,2,0.78774,0.66166,0.81383,"[np.float64(0.3996), np.float64(0.4196), np.float64(0.4496), np.float64(0.4696), np.float64(0.4896), np.float64(0.5096), np.float64(0.5396), np.float64(0.5596), np.float64(0.5796), np.float64(0.6096), np.float64(0.6296), np.float64(0.6495), np.float64(0.6695), np.float64(0.6995), np.float64(0.7195)]"
0.44,0.69,0.25,7,2,0.78773,0.66166,0.81383,"[np.float64(0.4396), np.float64(0.4796), np.float64(0.5196), np.float64(0.5596), np.float64(0.6096), np.float64(0.6495), np.float64(0.6895)]"
0.58,0.79,0.21,2,1,0.78773,0.66167,0.81382,"[np.float64(0.5796), np.float64(0.7894)]"
0.46,0.67,0.21,6,2,0.7877,0.66171,0.8138,"[np.float64(0.4596), np.float64(0.4996), np.float64(0.5396), np.float64(0.5896), np.float64(0.6296), np.float64(0.6695)]"
0.46,0.67,0.21,20,2,0.78751,0.66201,0.81366,"[np.float64(0.4596), np.float64(0.4696), np.float64(0.4796), np.float64(0.4896), np.float64(0.4996), np.float64(0.5196), np.float64(0.5296), np.float64(0.5396), np.float64(0.5496), np.float64(0.5596), np.float64(0.5696), np.float64(0.5796), np.float64(0.5896), np.float64(0.5996), np.float64(0.6096), np.float64(0.6296), np.float64(0.6396), np.float64(0.6495), np.float64(0.6595), np.float64(0.6695)]"
0.48,0.78,0.3,2,2,0.78747,0.66207,0.81363,"[np.float64(0.4796), np.float64(0.7795)]"
0.44,0.69,0.25,9,2,0.78706,0.66271,0.81333,"[np.float64(0.4396), np.float64(0.4696), np.float64(0.4996), np.float64(0.5296), np.float64(0.5596), np.float64(0.5996), np.float64(0.6296), np.float64(0.6595), np.float64(0.6895)]"
0.4,0.6,0.2,10,3,0.78659,0.66344,0.81298,"[np.float64(0.3996), np.float64(0.4196), np.float64(0.4396), np.float64(0.4696), np.float64(0.4896), np.float64(0.5096), np.float64(0.5296), np.float64(0.5596), np.float64(0.5796), np.float64(0.5996)]"
0.44,0.69,0.25,13,2,0.78651,0.66357,0.81292,"[np.float64(0.4396), np.float64(0.4596), np.float64(0.4796), np.float64(0.4996), np.float64(0.5196), np.float64(0.5396), np.float64(0.5596), np.float64(0.5896), np.float64(0.6096), np.float64(0.6296), np.float64(0.6495), np.float64(0.6695), np.float64(0.6895)]"
0.46,0.67,0.21,8,2,0.78645,0.66367,0.81287,"[np.float64(0.4596), np.float64(0.4896), np.float64(0.5196), np.float64(0.5496), np.float64(0.5796), np.float64(0.6096), np.float64(0.6396), np.float64(0.6695)]"
0.46,0.67,0.21,5,2,0.7863,0.66389,0.81277,"[np.float64(0.4596), np.float64(0.5096), np.float64(0.5596), np.float64(0.6196), np.float64(0.6695)]"
0.4,0.72,0.32,12,2,0.78577,0.66472,0.81238,"[np.float64(0.3996), np.float64(0.4296), np.float64(0.4596), np.float64(0.4896), np.float64(0.5196), np.float64(0.5496), np.float64(0.5696), np.float64(0.5996), np.float64(0.6296), np.float64(0.6595), np.float64(0.6895), np.float64(0.7195)]"
0.4,0.72,0.32,13,2,0.78568,0.66485,0.81231,"[np.float64(0.3996), np.float64(0.4296), np.float64(0.4496), np.float64(0.4796), np.float64(0.5096), np.float64(0.5296), np.float64(0.5596), np.float64(0.5896), np.float64(0.6096), np.float64(0.6396), np.float64(0.6695), np.float64(0.6895), np.float64(0.7195)]"
0.46,0.67,0.21,12,2,0.78561,0.66496,0.81226,"[np.float64(0.4596), np.float64(0.4796), np.float64(0.4996), np.float64(0.5196), np.float64(0.5396), np.float64(0.5596), np.float64(0.5696), np.float64(0.5896), np.float64(0.6096), np.float64(0.6296), np.float64(0.6495), np.float64(0.6695)]"
0.46,0.67,0.21,10,2,0.78559,0.66499,0.81225,"[np.float64(0.4596), np.float64(0.4796), np.float64(0.5096), np.float64(0.5296), np.float64(0.5496), np.float64(0.5796), np.float64(0.5996), np.float64(0.6196), np.float64(0.6495), np.float64(0.6695)]"
0.4,0.61,0.21,9,3,0.78548,0.66517,0.81216,"[np.float64(0.3996), np.float64(0.4296), np.float64(0.4496), np.float64(0.4796), np.float64(0.4996), np.float64(0.5296), np.float64(0.5596), np.float64(0.5796), np.float64(0.6096)]"
0.44,0.64,0.2,18,4,0.78527,0.66549,0.81201,"[np.float64(0.4396), np.float64(0.4496), np.float64(0.4596), np.float64(0.4796), np.float64(0.4896), np.float64(0.4996), np.float64(0.5096), np.float64(0.5196), np.float64(0.5296), np.float64(0.5496), np.float64(0.5596), np.float64(0.5696), np.float64(0.5796), np.float64(0.5896), np.float64(0.5996), np.float64(0.6196), np.float64(0.6296), np.float64(0.6396)]"
0.44,0.69,0.25,6,2,0.78526,0.6655,0.812,"[np.float64(0.4396), np.float64(0.4896), np.float64(0.5396), np.float64(0.5896), np.float64(0.6396), np.float64(0.6895)]"
0.44,0.69,0.25,17,2,0.78505,0.66583,0.81185,"[np.float64(0.4396), np.float64(0.4596), np.float64(0.4696), np.float64(0.4896), np.float64(0.4996), np.float64(0.5196), np.float64(0.5296), np.float64(0.5496), np.float64(0.5596), np.float64(0.5796), np.float64(0.5996), np.float64(0.6096), np.float64(0.6296), np.float64(0.6396), np.float64(0.6595), np.float64(0.6695), np.float64(0.6895)]"
0.42,0.7,0.28,4,2,0.78487,0.66612,0.81171,"[np.float64(0.4196), np.float64(0.5096), np.float64(0.6096), np.float64(0.6995)]"
0.44,0.69,0.25,15,2,0.78485,0.66614,0.8117,"[np.float64(0.4396), np.float64(0.4596), np.float64(0.4796), np.float64(0.4896), np.float64(0.5096), np.float64(0.5296), np.float64(0.5496), np.float64(0.5596), np.float64(0.5796), np.float64(0.5996), np.float64(0.6196), np.float64(0.6396), np.float64(0.6495), np.float64(0.6695), np.float64(0.6895)]"
0.4,0.72,0.32,18,2,0.78464,0.66646,0.81154,"[np.float64(0.3996), np.float64(0.4196), np.float64(0.4396), np.float64(0.4596), np.float64(0.4796), np.float64(0.4896), np.float64(0.5096), np.float64(0.5296), np.float64(0.5496), np.float64(0.5696), np.float64(0.5896), np.float64(0.6096), np.float64(0.6296), np.float64(0.6396), np.float64(0.6595), np.float64(0.6795), np.float64(0.6995), np.float64(0.7195)]"
0.4,0.72,0.32,17,2,0.78375,0.66785,0.81088,"[np.float64(0.3996), np.float64(0.4196), np.float64(0.4396), np.float64(0.4596), np.float64(0.4796), np.float64(0.4996), np.float64(0.5196), np.float64(0.5396), np.float64(0.5596), np.float64(0.5796), np.float64(0.5996), np.float64(0.6196), np.float64(0.6396), np.float64(0.6595), np.float64(0.6795), np.float64(0.6995), np.float64(0.7195)]"
0.4,0.62,0.22,9,7,0.78361,0.66805,0.81079,"[np.float64(0.3996), np.float64(0.4296), np.float64(0.4596), np.float64(0.4796), np.float64(0.5096), np.float64(0.5396), np.float64(0.5596), np.float64(0.5896), np.float64(0.6196)]"
0.44,0.69,0.25,10,2,0.78356,0.66814,0.81075,"[np.float64(0.4396), np.float64(0.4696), np.float64(0.4996), np.float64(0.5196), np.float64(0.5496), np.float64(0.5796), np.float64(0.6096), np.float64(0.6296), np.float64(0.6595), np.float64(0.6895)]"
0.44,0.69,0.25,8,2,0.7833,0.66854,0.81055,"[np.float64(0.4396), np.float64(0.4796), np.float64(0.5096), np.float64(0.5496), np.float64(0.5796), np.float64(0.6196), np.float64(0.6495), np.float64(0.6895)]"
0.44,0.69,0.25,16,2,0.78321,0.66868,0.81049,"[np.float64(0.4396), np.float64(0.4596), np.float64(0.4696), np.float64(0.4896), np.float64(0.5096), np.float64(0.5196), np.float64(0.5396), np.float64(0.5596), np.float64(0.5696), np.float64(0.5896), np.float64(0.6096), np.float64(0.6196), np.float64(0.6396), np.float64(0.6595), np.float64(0.6695), np.float64(0.6895)]"
0.4,0.71,0.31,5,2,0.78308,0.66888,0.81039,"[np.float64(0.3996), np.float64(0.4796), np.float64(0.5596), np.float64(0.6296), np.float64(0.7095)]"
0.44,0.69,0.25,18,2,0.78291,0.66914,0.81027,"[np.float64(0.4396), np.float64(0.4496), np.float64(0.4696), np.float64(0.4796), np.float64(0.4996), np.float64(0.5096), np.float64(0.5296), np.float64(0.5396), np.float64(0.5596), np.float64(0.5696), np.float64(0.5896), np.float64(0.5996), np.float64(0.6196), np.float64(0.6296), np.float64(0.6495), np.float64(0.6595), np.float64(0.6795), np.float64(0.6895)]"
0.54,0.78,0.24,2,1,0.78275,0.66939,0.81015,"[np.float64(0.5396), np.float64(0.7795)]"
0.46,0.67,0.21,4,2,0.78259,0.66963,0.81003,"[np.float64(0.4596), np.float64(0.5296), np.float64(0.5996), np.float64(0.6695)]"
0.4,0.72,0.32,20,2,0.78247,0.66981,0.80994,"[np.float64(0.3996), np.float64(0.4196), np.float64(0.4296), np.float64(0.4496), np.float64(0.4696), np.float64(0.4796), np.float64(0.4996), np.float64(0.5196), np.float64(0.5296), np.float64(0.5496), np.float64(0.5696), np.float64(0.5896), np.float64(0.5996), np.float64(0.6196), np.float64(0.6396), np.float64(0.6495), np.float64(0.6695), np.float64(0.6895), np.float64(0.6995), np.float64(0.7195)]"
0.44,0.69,0.25,19,2,0.78219,0.67025,0.80973,"[np.float64(0.4396), np.float64(0.4496), np.float64(0.4696), np.float64(0.4796), np.float64(0.4996), np.float64(0.5096), np.float64(0.5196), np.float64(0.5396), np.float64(0.5496), np.float64(0.5596), np.float64(0.5796), np.float64(0.5896), np.float64(0.6096), np.float64(0.6196), np.float64(0.6296), np.float64(0.6495), np.float64(0.6595), np.float64(0.6795), np.float64(0.6895)]"
0.4,0.72,0.32,16,2,0.78205,0.67047,0.80963,"[np.float64(0.3996), np.float64(0.4196), np.float64(0.4396), np.float64(0.4596), np.float64(0.4896), np.float64(0.5096), np.float64(0.5296), np.float64(0.5496), np.float64(0.5696), np.float64(0.5896), np.float64(0.6096), np.float64(0.6296), np.float64(0.6595), np.float64(0.6795), np.float64(0.6995), np.float64(0.7195)]"
0.4,0.72,0.32,19,2,0.78194,0.67063,0.80955,"[np.float64(0.3996), np.float64(0.4196), np.float64(0.4396), np.float64(0.4496), np.float64(0.4696), np.float64(0.4896), np.float64(0.5096), np.float64(0.5196), np.float64(0.5396), np.float64(0.5596), np.float64(0.5796), np.float64(0.5996), np.float64(0.6096), np.float64(0.6296), np.float64(0.6495), np.float64(0.6695), np.float64(0.6795), np.float64(0.6995), np.float64(0.7195)]"
0.44,0.69,0.25,20,2,0.78191,0.67068,0.80953,"[np.float64(0.4396), np.float64(0.4496), np.float64(0.4696), np.float64(0.4796), np.float64(0.4896), np.float64(0.5096), np.float64(0.5196), np.float64(0.5296), np.float64(0.5496), np.float64(0.5596), np.float64(0.5696), np.float64(0.5796), np.float64(0.5996), np.float64(0.6096), np.float64(0.6196), np.float64(0.6396), np.float64(0.6495), np.float64(0.6595), np.float64(0.6795), np.float64(0.6895)]"
0.42,0.67,0.25,2,2,0.78184,0.67079,0.80948,"[np.float64(0.4196), np.float64(0.6695)]"
0.44,0.69,0.25,12,2,0.78182,0.67082,0.80946,"[np.float64(0.4396), np.float64(0.4596), np.float64(0.4896), np.float64(0.5096), np.float64(0.5296), np.float64(0.5496), np.float64(0.5796), np.float64(0.5996), np.float64(0.6196), np.float64(0.6396), np.float64(0.6695), np.float64(0.6895)]"
0.4,0.61,0.21,17,6,0.78141,0.67145,0.80916,"[np.float64(0.3996), np.float64(0.4096), np.float64(0.4296), np.float64(0.4396), np.float64(0.4496), np.float64(0.4696), np.float64(0.4796), np.float64(0.4896), np.float64(0.4996), np.float64(0.5196), np.float64(0.5296), np.float64(0.5396), np.float64(0.5596), np.float64(0.5696), np.float64(0.5796), np.float64(0.5996), np.float64(0.6096)]"
0.4,0.61,0.21,12,3,0.78075,0.67246,0.80867,"[np.float64(0.3996), np.float64(0.4196), np.float64(0.4396), np.float64(0.4596), np.float64(0.4796), np.float64(0.4996), np.float64(0.5096), np.float64(0.5296), np.float64(0.5496), np.float64(0.5696), np.float64(0.5896), np.float64(0.6096)]"
0.44,0.69,0.25,14,2,0.78036,0.67305,0.80839,"[np.float64(0.4396), np.float64(0.4596), np.float64(0.4796), np.float64(0.4996), np.float64(0.5196), np.float64(0.5396), np.float64(0.5596), np.float64(0.5696), np.float64(0.5896), np.float64(0.6096), np.float64(0.6296), np.float64(0.6495), np.float64(0.6695), np.float64(0.6895)]"
0.4,0.71,0.31,6,2,0.78025,0.67323,0.8083,"[np.float64(0.3996), np.float64(0.4596), np.float64(0.5196), np.float64(0.5896), np.float64(0.6495), np.float64(0.7095)]"
0.42,0.62,0.2,16,4,0.77979,0.67393,0.80797,"[np.float64(0.4196), np.float64(0.4296), np.float64(0.4496), np.float64(0.4596), np.float64(0.4696), np.float64(0.4896), np.float64(0.4996), np.float64(0.5096), np.float64(0.5296), np.float64(0.5396), np.float64(0.5496), np.float64(0.5696), np.float64(0.5796), np.float64(0.5896), np.float64(0.6096), np.float64(0.6196)]"
0.42,0.7,0.28,5,2,0.77925,0.67476,0.80757,"[np.float64(0.4196), np.float64(0.4896), np.float64(0.5596), np.float64(0.6296), np.float64(0.6995)]"
0.4,0.61,0.21,13,3,0.77761,0.67726,0.80636,"[np.float64(0.3996), np.float64(0.4196), np.float64(0.4396), np.float64(0.4496), np.float64(0.4696), np.float64(0.4896), np.float64(0.4996), np.float64(0.5196), np.float64(0.5396), np.float64(0.5596), np.float64(0.5796), np.float64(0.5896), np.float64(0.6096)]"
0.4,0.62,0.22,7,3,0.77723,0.67784,0.80608,"[np.float64(0.3996), np.float64(0.4396), np.float64(0.4696), np.float64(0.5096), np.float64(0.5496), np.float64(0.5796), np.float64(0.6196)]"
0.4,0.61,0.21,18,7,0.77671,0.67863,0.8057,"[np.float64(0.3996), np.float64(0.4096), np.float64(0.4196), np.float64(0.4396), np.float64(0.4496), np.float64(0.4596), np.float64(0.4696), np.float64(0.4896), np.float64(0.4996), np.float64(0.5096), np.float64(0.5196), np.float64(0.5396), np.float64(0.5496), np.float64(0.5596), np.float64(0.5696), np.float64(0.5896), np.float64(0.5996), np.float64(0.6096)]"
0.4,0.61,0.21,10,3,0.77607,0.6796,0.80523,"[np.float64(0.3996), np.float64(0.4196), np.float64(0.4496), np.float64(0.4696), np.float64(0.4896), np.float64(0.5196), np.float64(0.5396), np.float64(0.5596), np.float64(0.5896), np.float64(0.6096)]"
0.4,0.61,0.21,20,7,0.77508,0.68111,0.8045,"[np.float64(0.3996), np.float64(0.4096), np.float64(0.4196), np.float64(0.4296), np.float64(0.4396), np.float64(0.4596), np.float64(0.4696), np.float64(0.4796), np.float64(0.4896), np.float64(0.4996), np.float64(0.5096), np.float64(0.5196), np.float64(0.5296), np.float64(0.5396), np.float64(0.5496), np.float64(0.5696), np.float64(0.5796), np.float64(0.5896), np.float64(0.5996), np.float64(0.6096)]"
0.44,0.69,0.25,11,2,0.77495,0.6813,0.80441,"[np.float64(0.4396), np.float64(0.4596), np.float64(0.4896), np.float64(0.5196), np.float64(0.5396), np.float64(0.5596), np.float64(0.5896), np.float64(0.6196), np.float64(0.6396), np.float64(0.6595), np.float64(0.6895)]"
0.44,0.78,0.34,2,1,0.77445,0.68206,0.80404,"[np.float64(0.4396), np.float64(0.7795)]"
0.4,0.62,0.22,15,7,0.7743,0.68228,0.80393,"[np.float64(0.3996), np.float64(0.4196), np.float64(0.4296), np.float64(0.4496), np.float64(0.4596), np.float64(0.4796), np.float64(0.4896), np.float64(0.5096), np.float64(0.5296), np.float64(0.5396), np.float64(0.5596), np.float64(0.5696), np.float64(0.5896), np.float64(0.5996), np.float64(0.6196)]"
0.42,0.7,0.28,6,2,0.77426,0.68235,0.8039,"[np.float64(0.4196), np.float64(0.4796), np.float64(0.5296), np.float64(0.5896), np.float64(0.6396), np.float64(0.6995)]"
0.44,0.66,0.22,2,2,0.77417,0.68248,0.80384,"[np.float64(0.4396), np.float64(0.6595)]"
0.42,0.62,0.2,18,4,0.77412,0.68256,0.8038,"[np.float64(0.4196), np.float64(0.4296), np.float64(0.4396), np.float64(0.4596), np.float64(0.4696), np.float64(0.4796), np.float64(0.4896), np.float64(0.4996), np.float64(0.5096), np.float64(0.5296), np.float64(0.5396), np.float64(0.5496), np.float64(0.5596), np.float64(0.5696), np.float64(0.5796), np.float64(0.5996), np.float64(0.6096), np.float64(0.6196)]"
0.42,0.7,0.28,7,2,0.77385,0.68295,0.80361,"[np.float64(0.4196), np.float64(0.4696), np.float64(0.5096), np.float64(0.5596), np.float64(0.6096), np.float64(0.6495), np.float64(0.6995)]"
0.52,0.78,0.26,2,2,0.7738,0.68303,0.80357,"[np.float64(0.5196), np.float64(0.7795)]"
0.4,0.61,0.21,19,3,0.77363,0.68329,0.80344,"[np.float64(0.3996), np.float64(0.4096), np.float64(0.4196), np.float64(0.4396), np.float64(0.4496), np.float64(0.4596), np.float64(0.4696), np.float64(0.4796), np.float64(0.4896), np.float64(0.4996), np.float64(0.5196), np.float64(0.5296), np.float64(0.5396), np.float64(0.5496), np.float64(0.5596), np.float64(0.5796), np.float64(0.5896), np.float64(0.5996), np.float64(0.6096)]"
0.4,0.61,0.21,3,3,0.77361,0.68333,0.80342,"[np.float64(0.3996), np.float64(0.4996), np.float64(0.6096)]"
0.5,0.78,0.28,2,2,0.77357,0.68338,0.8034,"[np.float64(0.4996), np.float64(0.7795)]"
0.4,0.62,0.22,6,3,0.77248,0.68503,0.80259,"[np.float64(0.3996), np.float64(0.4396), np.float64(0.4896), np.float64(0.5296), np.float64(0.5796), np.float64(0.6196)]"
0.46,0.66,0.2,20,2,0.77213,0.68555,0.80234,"[np.float64(0.4596), np.float64(0.4696), np.float64(0.4796), np.float64(0.4896), np.float64(0.4996), np.float64(0.5096), np.float64(0.5196), np.float64(0.5296), np.float64(0.5396), np.float64(0.5496), np.float64(0.5696), np.float64(0.5796), np.float64(0.5896), np.float64(0.5996), np.float64(0.6096), np.float64(0.6196), np.float64(0.6296), np.float64(0.6396), np.float64(0.6495), np.float64(0.6595)]"
0.4,0.71,0.31,7,2,0.77207,0.68564,0.8023,"[np.float64(0.3996), np.float64(0.4496), np.float64(0.4996), np.float64(0.5596), np.float64(0.6096), np.float64(0.6595), np.float64(0.7095)]"
0.42,0.62,0.2,20,4,0.77204,0.68568,0.80228,"[np.float64(0.4196), np.float64(0.4296), np.float64(0.4396), np.float64(0.4496), np.float64(0.4596), np.float64(0.4696), np.float64(0.4796), np.float64(0.4896), np.float64(0.4996), np.float64(0.5096), np.float64(0.5296), np.float64(0.5396), np.float64(0.5496), np.float64(0.5596), np.float64(0.5696), np.float64(0.5796), np.float64(0.5896), np.float64(0.5996), np.float64(0.6096), np.float64(0.6196)]"
0.42,0.7,0.28,9,2,0.77186,0.68596,0.80214,"[np.float64(0.4196), np.float64(0.4596), np.float64(0.4896), np.float64(0.5196), np.float64(0.5596), np.float64(0.5996), np.float64(0.6296), np.float64(0.6595), np.float64(0.6995)]"
0.4,0.62,0.22,12,3,0.77176,0.68611,0.80207,"[np.float64(0.3996), np.float64(0.4196), np.float64(0.4396), np.float64(0.4596), np.float64(0.4796), np.float64(0.4996), np.float64(0.5196), np.float64(0.5396), np.float64(0.5596), np.float64(0.5796), np.float64(0.5996), np.float64(0.6196)]"
0.42,0.63,0.21,5,4,0.77164,0.6863,0.80198,"[np.float64(0.4196), np.float64(0.4696), np.float64(0.5196), np.float64(0.5796), np.float64(0.6296)]"
0.44,0.65,0.21,17,4,0.77117,0.687,0.80164,"[np.float64(0.4396), np.float64(0.4496), np.float64(0.4696), np.float64(0.4796), np.float64(0.4896), np.float64(0.5096), np.float64(0.5196), np.float64(0.5296), np.float64(0.5396), np.float64(0.5596), np.float64(0.5696), np.float64(0.5796), np.float64(0.5996), np.float64(0.6096), np.float64(0.6196), np.float64(0.6396), np.float64(0.6495)]"
0.42,0.62,0.2,19,4,0.77088,0.68743,0.80142,"[np.float64(0.4196), np.float64(0.4296), np.float64(0.4396), np.float64(0.4496), np.float64(0.4596), np.float64(0.4796), np.float64(0.4896), np.float64(0.4996), np.float64(0.5096), np.float64(0.5196), np.float64(0.5296), np.float64(0.5396), np.float64(0.5496), np.float64(0.5596), np.float64(0.5796), np.float64(0.5896), np.float64(0.5996), np.float64(0.6096), np.float64(0.6196)]"
0.4,0.61,0.21,15,3,0.77077,0.68759,0.80134,"[np.float64(0.3996), np.float64(0.4196), np.float64(0.4296), np.float64(0.4396), np.float64(0.4596), np.float64(0.4796), np.float64(0.4896), np.float64(0.4996), np.float64(0.5196), np.float64(0.5396), np.float64(0.5496), np.float64(0.5596), np.float64(0.5796), np.float64(0.5996), np.float64(0.6096)]"
0.4,0.62,0.22,20,7,0.77038,0.68818,0.80106,"[np.float64(0.3996), np.float64(0.4096), np.float64(0.4196), np.float64(0.4296), np.float64(0.4496), np.float64(0.4596), np.float64(0.4696), np.float64(0.4796), np.float64(0.4896), np.float64(0.4996), np.float64(0.5196), np.float64(0.5296), np.float64(0.5396), np.float64(0.5496), np.float64(0.5596), np.float64(0.5696), np.float64(0.5896), np.float64(0.5996), np.float64(0.6096), np.float64(0.6196)]"
0.4,0.62,0.22,5,3,0.77,0.68874,0.80078,"[np.float64(0.3996), np.float64(0.4596), np.float64(0.5096), np.float64(0.5596), np.float64(0.6196)]"
0.42,0.62,0.2,15,4,0.76993,0.68886,0.80072,"[np.float64(0.4196), np.float64(0.4296), np.float64(0.4496), np.float64(0.4596), np.float64(0.4796), np.float64(0.4896), np.float64(0.5096), np.float64(0.5196), np.float64(0.5296), np.float64(0.5496), np.float64(0.5596), np.float64(0.5796), np.float64(0.5896), np.float64(0.6096), np.float64(0.6196)]"
0.4,0.62,0.22,10,3,0.76989,0.68891,0.8007,"[np.float64(0.3996), np.float64(0.4196), np.float64(0.4496), np.float64(0.4696), np.float64(0.4996), np.float64(0.5196), np.float64(0.5496), np.float64(0.5696), np.float64(0.5996), np.float64(0.6196)]"
0.42,0.7,0.28,10,2,0.76982,0.68903,0.80064,"[np.float64(0.4196), np.float64(0.4496), np.float64(0.4796), np.float64(0.5096), np.float64(0.5396), np.float64(0.5796), np.float64(0.6096), np.float64(0.6396), np.float64(0.6695), np.float64(0.6995)]"
0.42,0.7,0.28,8,2,0.76968,0.68923,0.80054,"[np.float64(0.4196), np.float64(0.4596), np.float64(0.4996), np.float64(0.5396), np.float64(0.5796), np.float64(0.6196), np.float64(0.6595), np.float64(0.6995)]"
0.42,0.63,0.21,18,4,0.76936,0.68971,0.80031,"[np.float64(0.4196), np.float64(0.4296), np.float64(0.4396), np.float64(0.4596), np.float64(0.4696), np.float64(0.4796), np.float64(0.4896), np.float64(0.5096), np.float64(0.5196), np.float64(0.5296), np.float64(0.5396), np.float64(0.5596), np.float64(0.5696), np.float64(0.5796), np.float64(0.5896), np.float64(0.6096), np.float64(0.6196), np.float64(0.6296)]"
0.46,0.66,0.2,12,2,0.76912,0.69007,0.80013,"[np.float64(0.4596), np.float64(0.4796), np.float64(0.4996), np.float64(0.5096), np.float64(0.5296), np.float64(0.5496), np.float64(0.5696), np.float64(0.5896), np.float64(0.6096), np.float64(0.6196), np.float64(0.6396), np.float64(0.6595)]"
0.46,0.66,0.2,14,2,0.76876,0.6906,0.79987,"[np.float64(0.4596), np.float64(0.4796), np.float64(0.4896), np.float64(0.5096), np.float64(0.5196), np.float64(0.5396), np.float64(0.5496), np.float64(0.5696), np.float64(0.5796), np.float64(0.5996), np.float64(0.6096), np.float64(0.6296), np.float64(0.6396), np.float64(0.6595)]"
0.44,0.65,0.21,19,4,0.76868,0.69073,0.79981,"[np.float64(0.4396), np.float64(0.4496), np.float64(0.4596), np.float64(0.4796), np.float64(0.4896), np.float64(0.4996), np.float64(0.5096), np.float64(0.5196), np.float64(0.5296), np.float64(0.5396), np.float64(0.5596), np.float64(0.5696), np.float64(0.5796), np.float64(0.5896), np.float64(0.5996), np.float64(0.6196), np.float64(0.6296), np.float64(0.6396), np.float64(0.6495)]"
0.46,0.66,0.2,13,2,0.76839,0.69115,0.7996,"[np.float64(0.4596), np.float64(0.4796), np.float64(0.4896), np.float64(0.5096), np.float64(0.5296), np.float64(0.5396), np.float64(0.5596), np.float64(0.5796), np.float64(0.5896), np.float64(0.6096), np.float64(0.6296), np.float64(0.6396), np.float64(0.6595)]"
0.42,0.7,0.28,11,2,0.7678,0.69203,0.79917,"[np.float64(0.4196), np.float64(0.4496), np.float64(0.4796), np.float64(0.4996), np.float64(0.5296), np.float64(0.5596), np.float64(0.5896), np.float64(0.6196), np.float64(0.6396), np.float64(0.6695), np.float64(0.6995)]"
0.46,0.66,0.2,16,2,0.76751,0.69247,0.79895,"[np.float64(0.4596), np.float64(0.4696), np.float64(0.4896), np.float64(0.4996), np.float64(0.5096), np.float64(0.5296), np.float64(0.5396), np.float64(0.5496), np.float64(0.5696), np.float64(0.5796), np.float64(0.5896), np.float64(0.6096), np.float64(0.6196), np.float64(0.6296), np.float64(0.6495), np.float64(0.6595)]"
0.4,0.62,0.22,14,7,0.76726,0.69284,0.79877,"[np.float64(0.3996), np.float64(0.4196), np.float64(0.4296), np.float64(0.4496), np.float64(0.4696), np.float64(0.4796), np.float64(0.4996), np.float64(0.5196), np.float64(0.5396), np.float64(0.5496), np.float64(0.5696), np.float64(0.5896), np.float64(0.5996), np.float64(0.6196)]"
0.46,0.66,0.2,19,2,0.76702,0.6932,0.79859,"[np.float64(0.4596), np.float64(0.4696), np.float64(0.4796), np.float64(0.4896), np.float64(0.4996), np.float64(0.5196), np.float64(0.5296), np.float64(0.5396), np.float64(0.5496), np.float64(0.5596), np.float64(0.5696), np.float64(0.5796), np.float64(0.5896), np.float64(0.5996), np.float64(0.6196), np.float64(0.6296), np.float64(0.6396), np.float64(0.6495), np.float64(0.6595)]"
0.4,0.7,0.3,3,2,0.76688,0.6934,0.79849,"[np.float64(0.3996), np.float64(0.5496), np.float64(0.6995)]"
0.4,0.62,0.22,18,3,0.76666,0.69373,0.79833,"[np.float64(0.3996), np.float64(0.4096), np.float64(0.4296), np.float64(0.4396), np.float64(0.4496), np.float64(0.4596), np.float64(0.4796), np.float64(0.4896), np.float64(0.4996), np.float64(0.5196), np.float64(0.5296), np.float64(0.5396), np.float64(0.5596), np.float64(0.5696), np.float64(0.5796), np.float64(0.5896), np.float64(0.6096), np.float64(0.6196)]"
0.46,0.66,0.2,18,2,0.76649,0.69398,0.79821,"[np.float64(0.4596), np.float64(0.4696), np.float64(0.4796), np.float64(0.4996), np.float64(0.5096), np.float64(0.5196), np.float64(0.5296), np.float64(0.5396), np.float64(0.5496), np.float64(0.5696), np.float64(0.5796), np.float64(0.5896), np.float64(0.5996), np.float64(0.6096), np.float64(0.6196), np.float64(0.6396), np.float64(0.6495), np.float64(0.6595)]"
0.46,0.66,0.2,11,2,0.76634,0.6942,0.7981,"[np.float64(0.4596), np.float64(0.4796), np.float64(0.4996), np.float64(0.5196), np.float64(0.5396), np.float64(0.5596), np.float64(0.5796), np.float64(0.5996), np.float64(0.6196), np.float64(0.6396), np.float64(0.6595)]"
0.4,0.71,0.31,8,2,0.76634,0.69421,0.79809,"[np.float64(0.3996), np.float64(0.4396), np.float64(0.4896), np.float64(0.5296), np.float64(0.5796), np.float64(0.6196), np.float64(0.6695), np.float64(0.7095)]"
0.42,0.7,0.28,16,2,0.76622,0.69438,0.79801,"[np.float64(0.4196), np.float64(0.4396), np.float64(0.4596), np.float64(0.4796), np.float64(0.4896), np.float64(0.5096), np.float64(0.5296), np.float64(0.5496), np.float64(0.5696), np.float64(0.5896), np.float64(0.6096), np.float64(0.6296), np.float64(0.6396), np.float64(0.6595), np.float64(0.6795), np.float64(0.6995)]"
0.4,0.62,0.22,17,3,0.76604,0.69466,0.79788,"[np.float64(0.3996), np.float64(0.4096), np.float64(0.4296), np.float64(0.4396), np.float64(0.4596), np.float64(0.4696), np.float64(0.4796), np.float64(0.4996), np.float64(0.5096), np.float64(0.5196), np.float64(0.5396), np.float64(0.5496), np.float64(0.5596), np.float64(0.5796), np.float64(0.5896), np.float64(0.6096), np.float64(0.6196)]"
0.46,0.66,0.2,15,2,0.76605,0.69465,0.79788,"[np.float64(0.4596), np.float64(0.4696), np.float64(0.4896), np.float64(0.4996), np.float64(0.5196), np.float64(0.5296), np.float64(0.5496), np.float64(0.5596), np.float64(0.5696), np.float64(0.5896), np.float64(0.5996), np.float64(0.6196), np.float64(0.6296), np.float64(0.6495), np.float64(0.6595)]"
0.4,0.62,0.22,13,3,0.76588,0.69489,0.79776,"[np.float64(0.3996), np.float64(0.4196), np.float64(0.4396), np.float64(0.4596), np.float64(0.4696), np.float64(0.4896), np.float64(0.5096), np.float64(0.5296), np.float64(0.5496), np.float64(0.5596), np.float64(0.5796), np.float64(0.5996), np.float64(0.6196)]"
0.44,0.65,0.21,20,4,0.76584,0.69496,0.79773,"[np.float64(0.4396), np.float64(0.4496), np.float64(0.4596), np.float64(0.4696), np.float64(0.4796), np.float64(0.4996), np.float64(0.5096), np.float64(0.5196), np.float64(0.5296), np.float64(0.5396), np.float64(0.5496), np.float64(0.5596), np.float64(0.5696), np.float64(0.5796), np.float64(0.5896), np.float64(0.6096), np.float64(0.6196), np.float64(0.6296), np.float64(0.6396), np.float64(0.6495)]"
0.46,0.66,0.2,17,2,0.76556,0.69536,0.79753,"[np.float64(0.4596), np.float64(0.4696), np.float64(0.4796), np.float64(0.4996), np.float64(0.5096), np.float64(0.5196), np.float64(0.5396), np.float64(0.5496), np.float64(0.5596), np.float64(0.5696), np.float64(0.5796), np.float64(0.5996), np.float64(0.6096), np.float64(0.6196), np.float64(0.6396), np.float64(0.6495), np.float64(0.6595)]"
0.4,0.62,0.22,11,3,0.76529,0.69577,0.79733,"[np.float64(0.3996), np.float64(0.4196), np.float64(0.4396), np.float64(0.4696), np.float64(0.4896), np.float64(0.5096), np.float64(0.5296), np.float64(0.5496), np.float64(0.5796), np.float64(0.5996), np.float64(0.6196)]"
0.46,0.66,0.2,10,2,0.76505,0.69611,0.79716,"[np.float64(0.4596), np.float64(0.4796), np.float64(0.4996), np.float64(0.5296), np.float64(0.5496), np.float64(0.5696), np.float64(0.5896), np.float64(0.6196), np.float64(0.6396), np.float64(0.6595)]"
0.42,0.7,0.28,13,2,0.76498,0.69623,0.7971,"[np.float64(0.4196), np.float64(0.4396), np.float64(0.4696), np.float64(0.4896), np.float64(0.5096), np.float64(0.5396), np.float64(0.5596), np.float64(0.5796), np.float64(0.6096), np.float64(0.6296), np.float64(0.6495), np.float64(0.6795), np.float64(0.6995)]"
0.42,0.7,0.28,17,2,0.76481,0.69648,0.79697,"[np.float64(0.4196), np.float64(0.4396), np.float64(0.4596), np.float64(0.4696), np.float64(0.4896), np.float64(0.5096), np.float64(0.5196), np.float64(0.5396), np.float64(0.5596), np.float64(0.5796), np.float64(0.5996), np.float64(0.6096), np.float64(0.6296), np.float64(0.6495), np.float64(0.6595), np.float64(0.6795), np.float64(0.6995)]"
0.42,0.7,0.28,12,2,0.76464,0.69672,0.79686,"[np.float64(0.4196), np.float64(0.4496), np.float64(0.4696), np.float64(0.4996), np.float64(0.5196), np.float64(0.5496), np.float64(0.5696), np.float64(0.5996), np.float64(0.6196), np.float64(0.6495), np.float64(0.6695), np.float64(0.6995)]"
0.4,0.62,0.22,19,3,0.7646,0.69679,0.79682,"[np.float64(0.3996), np.float64(0.4096), np.float64(0.4196), np.float64(0.4396), np.float64(0.4496), np.float64(0.4596), np.float64(0.4696), np.float64(0.4896), np.float64(0.4996), np.float64(0.5096), np.float64(0.5196), np.float64(0.5296), np.float64(0.5496), np.float64(0.5596), np.float64(0.5696), np.float64(0.5796), np.float64(0.5996), np.float64(0.6096), np.float64(0.6196)]"
0.4,0.62,0.22,16,3,0.7645,0.69693,0.79675,"[np.float64(0.3996), np.float64(0.4096), np.float64(0.4296), np.float64(0.4396), np.float64(0.4596), np.float64(0.4696), np.float64(0.4896), np.float64(0.4996), np.float64(0.5196), np.float64(0.5296), np.float64(0.5496), np.float64(0.5596), np.float64(0.5796), np.float64(0.5896), np.float64(0.6096), np.float64(0.6196)]"
0.4,0.67,0.27,2,2,0.76395,0.69774,0.79635,"[np.float64(0.3996), np.float64(0.6695)]"
0.44,0.65,0.21,15,4,0.76393,0.69778,0.79633,"[np.float64(0.4396), np.float64(0.4596), np.float64(0.4696), np.float64(0.4796), np.float64(0.4996), np.float64(0.5196), np.float64(0.5296), np.float64(0.5396), np.float64(0.5596), np.float64(0.5796), np.float64(0.5896), np.float64(0.5996), np.float64(0.6196), np.float64(0.6396), np.float64(0.6495)]"
0.42,0.62,0.2,9,4,0.76351,0.69839,0.79603,"[np.float64(0.4196), np.float64(0.4396), np.float64(0.4696), np.float64(0.4996), np.float64(0.5196), np.float64(0.5396), np.float64(0.5696), np.float64(0.5996), np.float64(0.6196)]"
0.42,0.7,0.28,15,2,0.76351,0.69841,0.79602,"[np.float64(0.4196), np.float64(0.4396), np.float64(0.4596), np.float64(0.4796), np.float64(0.4996), np.float64(0.5196), np.float64(0.5396), np.float64(0.5596), np.float64(0.5796), np.float64(0.5996), np.float64(0.6196), np.float64(0.6396), np.float64(0.6595), np.float64(0.6795), np.float64(0.6995)]"
0.42,0.7,0.28,19,2,0.76307,0.69905,0.79571,"[np.float64(0.4196), np.float64(0.4396), np.float64(0.4496), np.float64(0.4696), np.float64(0.4796), np.float64(0.4996), np.float64(0.5096), np.float64(0.5296), np.float64(0.5396), np.float64(0.5596), np.float64(0.5796), np.float64(0.5896), np.float64(0.6096), np.float64(0.6196), np.float64(0.6396), np.float64(0.6495), np.float64(0.6695), np.float64(0.6795), np.float64(0.6995)]"
0.42,0.7,0.28,20,2,0.76306,0.69907,0.7957,"[np.float64(0.4196), np.float64(0.4296), np.float64(0.4496), np.float64(0.4596), np.float64(0.4796), np.float64(0.4896), np.float64(0.5096), np.float64(0.5196), np.float64(0.5396), np.float64(0.5496), np.float64(0.5696), np.float64(0.5796), np.float64(0.5996), np.float64(0.6096), np.float64(0.6296), np.float64(0.6396), np.float64(0.6595), np.float64(0.6695), np.float64(0.6895), np.float64(0.6995)]"
0.4,0.62,0.22,4,3,0.7628,0.69944,0.79551,"[np.float64(0.3996), np.float64(0.4696), np.float64(0.5496), np.float64(0.6196)]"
0.46,0.66,0.2,7,2,0.76242,0.7,0.79523,"[np.float64(0.4596), np.float64(0.4896), np.float64(0.5296), np.float64(0.5596), np.float64(0.5896), np.float64(0.6296), np.float64(0.6595)]"
0.4,0.71,0.31,10,2,0.7623,0.70018,0.79514,"[np.float64(0.3996), np.float64(0.4296), np.float64(0.4696), np.float64(0.4996), np.float64(0.5396), np.float64(0.5696), np.float64(0.6096), np.float64(0.6396), np.float64(0.6795), np.float64(0.7095)]"
0.42,0.7,0.28,14,2,0.76215,0.7004,0.79503,"[np.float64(0.4196), np.float64(0.4396), np.float64(0.4596), np.float64(0.4796), np.float64(0.5096), np.float64(0.5296), np.float64(0.5496), np.float64(0.5696), np.float64(0.5896), np.float64(0.6096), np.float64(0.6396), np.float64(0.6595), np.float64(0.6795), np.float64(0.6995)]"
0.46,0.66,0.2,8,2,0.76215,0.7004,0.79503,"[np.float64(0.4596), np.float64(0.4896), np.float64(0.5196), np.float64(0.5496), np.float64(0.5696), np.float64(0.5996), np.float64(0.6296), np.float64(0.6595)]"
0.44,0.68,0.24,3,2,0.76211,0.70046,0.795,"[np.float64(0.4396), np.float64(0.5596), np.float64(0.6795)]"
0.44,0.64,0.2,6,4,0.76202,0.7006,0.79494,"[np.float64(0.4396), np.float64(0.4796), np.float64(0.5196), np.float64(0.5596), np.float64(0.5996), np.float64(0.6396)]"
0.46,0.66,0.2,9,2,0.76179,0.70093,0.79477,"[np.float64(0.4596), np.float64(0.4796), np.float64(0.5096), np.float64(0.5396), np.float64(0.5596), np.float64(0.5796), np.float64(0.6096), np.float64(0.6396), np.float64(0.6595)]"
0.4,0.63,0.23,7,3,0.76166,0.70113,0.79467,"[np.float64(0.3996), np.float64(0.4396), np.float64(0.4796), np.float64(0.5196), np.float64(0.5496), np.float64(0.5896), np.float64(0.6296)]"
0.4,0.71,0.31,11,2,0.76164,0.70116,0.79466,"[np.float64(0.3996), np.float64(0.4296), np.float64(0.4596), np.float64(0.4896), np.float64(0.5196), np.float64(0.5596), np.float64(0.5896), np.float64(0.6196), np.float64(0.6495), np.float64(0.6795), np.float64(0.7095)]"
0.46,0.66,0.2,6,2,0.76162,0.70118,0.79465,"[np.float64(0.4596), np.float64(0.4996), np.float64(0.5396), np.float64(0.5796), np.float64(0.6196), np.float64(0.6595)]"
0.42,0.7,0.28,18,2,0.7612,0.7018,0.79434,"[np.float64(0.4196), np.float64(0.4396), np.float64(0.4496), np.float64(0.4696), np.float64(0.4896), np.float64(0.4996), np.float64(0.5196), np.float64(0.5396), np.float64(0.5496), np.float64(0.5696), np.float64(0.5796), np.float64(0.5996), np.float64(0.6196), np.float64(0.6296), np.float64(0.6495), np.float64(0.6695), np.float64(0.6795), np.float64(0.6995)]"
0.42,0.62,0.2,12,4,0.76064,0.70262,0.79393,"[np.float64(0.4196), np.float64(0.4396), np.float64(0.4596), np.float64(0.4696), np.float64(0.4896), np.float64(0.5096), np.float64(0.5296), np.float64(0.5496), np.float64(0.5696), np.float64(0.5796), np.float64(0.5996), np.float64(0.6196)]"
0.46,0.66,0.2,3,2,0.76053,0.70278,0.79385,"[np.float64(0.4596), np.float64(0.5596), np.float64(0.6595)]"
0.4,0.71,0.31,12,2,0.7604,0.70298,0.79375,"[np.float64(0.3996), np.float64(0.4296), np.float64(0.4596), np.float64(0.4796), np.float64(0.5096), np.float64(0.5396), np.float64(0.5696), np.float64(0.5996), np.float64(0.6296), np.float64(0.6495), np.float64(0.6795), np.float64(0.7095)]"
0.4,0.7,0.3,4,2,0.76034,0.70307,0.79371,"[np.float64(0.3996), np.float64(0.4996), np.float64(0.5996), np.float64(0.6995)]"
0.4,0.71,0.31,9,2,0.75926,0.70465,0.79292,"[np.float64(0.3996), np.float64(0.4396), np.float64(0.4796), np.float64(0.5196), np.float64(0.5596), np.float64(0.5896), np.float64(0.6296), np.float64(0.6695), np.float64(0.7095)]"
0.44,0.68,0.24,16,2,0.75922,0.70471,0.79289,"[np.float64(0.4396), np.float64(0.4596), np.float64(0.4696), np.float64(0.4896), np.float64(0.4996), np.float64(0.5196), np.float64(0.5396), np.float64(0.5496), np.float64(0.5696), np.float64(0.5796), np.float64(0.5996), np.float64(0.6196), np.float64(0.6296), np.float64(0.6495), np.float64(0.6595), np.float64(0.6795)]"
0.46,0.66,0.2,5,2,0.75914,0.70482,0.79284,"[np.float64(0.4596), np.float64(0.5096), np.float64(0.5596), np.float64(0.6096), np.float64(0.6595)]"
0.44,0.68,0.24,10,2,0.75895,0.7051,0.79269,"[np.float64(0.4396), np.float64(0.4696), np.float64(0.4896), np.float64(0.5196), np.float64(0.5496), np.float64(0.5696), np.float64(0.5996), np.float64(0.6296), np.float64(0.6495), np.float64(0.6795)]"
0.4,0.63,0.23,10,3,0.7589,0.70518,0.79265,"[np.float64(0.3996), np.float64(0.4296), np.float64(0.4496), np.float64(0.4796), np.float64(0.4996), np.float64(0.5296), np.float64(0.5496), np.float64(0.5796), np.float64(0.5996), np.float64(0.6296)]"
0.44,0.68,0.24,17,2,0.75869,0.70547,0.79251,"[np.float64(0.4396), np.float64(0.4596), np.float64(0.4696), np.float64(0.4796), np.float64(0.4996), np.float64(0.5196), np.float64(0.5296), np.float64(0.5396), np.float64(0.5596), np.float64(0.5796), np.float64(0.5896), np.float64(0.5996), np.float64(0.6196), np.float64(0.6396), np.float64(0.6495), np.float64(0.6595), np.float64(0.6795)]"
0.44,0.68,0.24,14,2,0.75847,0.7058,0.79235,"[np.float64(0.4396), np.float64(0.4596), np.float64(0.4796), np.float64(0.4996), np.float64(0.5096), np.float64(0.5296), np.float64(0.5496), np.float64(0.5696), np.float64(0.5896), np.float64(0.6096), np.float64(0.6196), np.float64(0.6396), np.float64(0.6595), np.float64(0.6795)]"
0.42,0.62,0.2,6,4,0.75788,0.70667,0.79191,"[np.float64(0.4196), np.float64(0.4596), np.float64(0.4996), np.float64(0.5396), np.float64(0.5796), np.float64(0.6196)]"
0.44,0.68,0.24,20,2,0.75782,0.70675,0.79187,"[np.float64(0.4396), np.float64(0.4496), np.float64(0.4696), np.float64(0.4796), np.float64(0.4896), np.float64(0.4996), np.float64(0.5196), np.float64(0.5296), np.float64(0.5396), np.float64(0.5496), np.float64(0.5696), np.float64(0.5796), np.float64(0.5896), np.float64(0.5996), np.float64(0.6196), np.float64(0.6296), np.float64(0.6396), np.float64(0.6495), np.float64(0.6695), np.float64(0.6795)]"
0.44,0.68,0.24,19,2,0.75729,0.70753,0.79148,"[np.float64(0.4396), np.float64(0.4496), np.float64(0.4696), np.float64(0.4796), np.float64(0.4896), np.float64(0.5096), np.float64(0.5196), np.float64(0.5296), np.float64(0.5496), np.float64(0.5596), np.float64(0.5696), np.float64(0.5896), np.float64(0.5996), np.float64(0.6096), np.float64(0.6296), np.float64(0.6396), np.float64(0.6495), np.float64(0.6695), np.float64(0.6795)]"
0.44,0.68,0.24,13,2,0.75717,0.70769,0.7914,"[np.float64(0.4396), np.float64(0.4596), np.float64(0.4796), np.float64(0.4996), np.float64(0.5196), np.float64(0.5396), np.float64(0.5596), np.float64(0.5796), np.float64(0.5996), np.float64(0.6196), np.float64(0.6396), np.float64(0.6595), np.float64(0.6795)]"
0.44,0.68,0.24,18,2,0.7571,0.70779,0.79135,"[np.float64(0.4396), np.float64(0.4496), np.float64(0.4696), np.float64(0.4796), np.float64(0.4996), np.float64(0.5096), np.float64(0.5196), np.float64(0.5396), np.float64(0.5496), np.float64(0.5696), np.float64(0.5796), np.float64(0.5996), np.float64(0.6096), np.float64(0.6196), np.float64(0.6396), np.float64(0.6495), np.float64(0.6695), np.float64(0.6795)]"
0.44,0.68,0.24,15,2,0.757,0.70795,0.79127,"[np.float64(0.4396), np.float64(0.4596), np.float64(0.4696), np.float64(0.4896), np.float64(0.5096), np.float64(0.5296), np.float64(0.5396), np.float64(0.5596), np.float64(0.5796), np.float64(0.5896), np.float64(0.6096), np.float64(0.6296), np.float64(0.6495), np.float64(0.6595), np.float64(0.6795)]"
0.4,0.71,0.31,16,2,0.7569,0.70809,0.7912,"[np.float64(0.3996), np.float64(0.4196), np.float64(0.4396), np.float64(0.4596), np.float64(0.4796), np.float64(0.4996), np.float64(0.5196), np.float64(0.5396), np.float64(0.5696), np.float64(0.5896), np.float64(0.6096), np.float64(0.6296), np.float64(0.6495), np.float64(0.6695), np.float64(0.6895), np.float64(0.7095)]"
0.44,0.68,0.24,9,2,0.75671,0.70837,0.79106,"[np.float64(0.4396), np.float64(0.4696), np.float64(0.4996), np.float64(0.5296), np.float64(0.5596), np.float64(0.5896), np.float64(0.6196), np.float64(0.6495), np.float64(0.6795)]"
0.4,0.63,0.23,12,3,0.75664,0.70847,0.79101,"[np.float64(0.3996), np.float64(0.4196), np.float64(0.4396), np.float64(0.4596), np.float64(0.4796), np.float64(0.4996), np.float64(0.5296), np.float64(0.5496), np.float64(0.5696), np.float64(0.5896), np.float64(0.6096), np.float64(0.6296)]"
0.44,0.68,0.24,7,2,0.75665,0.70846,0.79101,"[np.float64(0.4396), np.float64(0.4796), np.float64(0.5196), np.float64(0.5596), np.float64(0.5996), np.float64(0.6396), np.float64(0.6795)]"
0.44,0.68,0.24,5,2,0.75639,0.70883,0.79083,"[np.float64(0.4396), np.float64(0.4996), np.float64(0.5596), np.float64(0.6196), np.float64(0.6795)]"
0.44,0.68,0.24,8,2,0.75631,0.70895,0.79077,"[np.float64(0.4396), np.float64(0.4696), np.float64(0.5096), np.float64(0.5396), np.float64(0.5796), np.float64(0.6096), np.float64(0.6495), np.float64(0.6795)]"
0.44,0.65,0.21,11,4,0.75615,0.70918,0.79065,"[np.float64(0.4396), np.float64(0.4596), np.float64(0.4796), np.float64(0.4996), np.float64(0.5196), np.float64(0.5396), np.float64(0.5696), np.float64(0.5896), np.float64(0.6096), np.float64(0.6296), np.float64(0.6495)]"
0.42,0.62,0.2,11,4,0.75601,0.70939,0.79055,"[np.float64(0.4196), np.float64(0.4396), np.float64(0.4596), np.float64(0.4796), np.float64(0.4996), np.float64(0.5196), np.float64(0.5396), np.float64(0.5596), np.float64(0.5796), np.float64(0.5996), np.float64(0.6196)]"
0.4,0.63,0.23,13,3,0.75584,0.70964,0.79042,"[np.float64(0.3996), np.float64(0.4196), np.float64(0.4396), np.float64(0.4596), np.float64(0.4796), np.float64(0.4996), np.float64(0.5196), np.float64(0.5296), np.float64(0.5496), np.float64(0.5696), np.float64(0.5896), np.float64(0.6096), np.float64(0.6296)]"
0.44,0.68,0.24,4,2,0.75571,0.70982,0.79033,"[np.float64(0.4396), np.float64(0.5196), np.float64(0.5996), np.float64(0.6795)]"
0.4,0.63,0.23,9,7,0.75567,0.70987,0.7903,"[np.float64(0.3996), np.float64(0.4296), np.float64(0.4596), np.float64(0.4896), np.float64(0.5196), np.float64(0.5396), np.float64(0.5696), np.float64(0.5996), np.float64(0.6296)]"
0.4,0.63,0.23,5,3,0.75562,0.70995,0.79027,"[np.float64(0.3996), np.float64(0.4596), np.float64(0.5196), np.float64(0.5696), np.float64(0.6296)]"
0.42,0.63,0.21,17,4,0.75552,0.7101,0.79019,"[np.float64(0.4196), np.float64(0.4296), np.float64(0.4496), np.float64(0.4596), np.float64(0.4696), np.float64(0.4896), np.float64(0.4996), np.float64(0.5096), np.float64(0.5196), np.float64(0.5396), np.float64(0.5496), np.float64(0.5596), np.float64(0.5796), np.float64(0.5896), np.float64(0.5996), np.float64(0.6196), np.float64(0.6296)]"
0.42,0.64,0.22,19,4,0.75526,0.71048,0.79,"[np.float64(0.4196), np.float64(0.4296), np.float64(0.4396), np.float64(0.4596), np.float64(0.4696), np.float64(0.4796), np.float64(0.4896), np.float64(0.5096), np.float64(0.5196), np.float64(0.5296), np.float64(0.5396), np.float64(0.5496), np.float64(0.5696), np.float64(0.5796), np.float64(0.5896), np.float64(0.5996), np.float64(0.6196), np.float64(0.6296), np.float64(0.6396)]"
0.42,0.63,0.21,13,4,0.75524,0.7105,0.78999,"[np.float64(0.4196), np.float64(0.4396), np.float64(0.4596), np.float64(0.4696), np.float64(0.4896), np.float64(0.5096), np.float64(0.5196), np.float64(0.5396), np.float64(0.5596), np.float64(0.5796), np.float64(0.5996), np.float64(0.6096), np.float64(0.6296)]"
0.4,0.71,0.31,13,2,0.7551,0.71071,0.78988,"[np.float64(0.3996), np.float64(0.4296), np.float64(0.4496), np.float64(0.4796), np.float64(0.4996), np.float64(0.5296), np.float64(0.5596), np.float64(0.5796), np.float64(0.6096), np.float64(0.6296), np.float64(0.6595), np.float64(0.6795), np.float64(0.7095)]"
0.44,0.68,0.24,11,2,0.75504,0.7108,0.78984,"[np.float64(0.4396), np.float64(0.4596), np.float64(0.4896), np.float64(0.5096), np.float64(0.5396), np.float64(0.5596), np.float64(0.5796), np.float64(0.6096), np.float64(0.6296), np.float64(0.6595), np.float64(0.6795)]"
0.4,0.71,0.31,14,2,0.75465,0.71136,0.78956,"[np.float64(0.3996), np.float64(0.4196), np.float64(0.4496), np.float64(0.4696), np.float64(0.4996), np.float64(0.5196), np.float64(0.5396), np.float64(0.5696), np.float64(0.5896), np.float64(0.6096), np.float64(0.6396), np.float64(0.6595), np.float64(0.6895), np.float64(0.7095)]"
0.4,0.63,0.23,14,3,0.7544,0.71173,0.78937,"[np.float64(0.3996), np.float64(0.4196), np.float64(0.4396), np.float64(0.4496), np.float64(0.4696), np.float64(0.4896), np.float64(0.5096), np.float64(0.5196), np.float64(0.5396), np.float64(0.5596), np.float64(0.5796), np.float64(0.5896), np.float64(0.6096), np.float64(0.6296)]"
0.42,0.62,0.2,14,4,0.75431,0.71185,0.78931,"[np.float64(0.4196), np.float64(0.4396), np.float64(0.4496), np.float64(0.4696), np.float64(0.4796), np.float64(0.4996), np.float64(0.5096), np.float64(0.5296), np.float64(0.5396), np.float64(0.5596), np.float64(0.5696), np.float64(0.5896), np.float64(0.5996), np.float64(0.6196)]"
0.44,0.65,0.21,9,4,0.7542,0.71201,0.78923,"[np.float64(0.4396), np.float64(0.4696), np.float64(0.4896), np.float64(0.5196), np.float64(0.5396), np.float64(0.5696), np.float64(0.5996), np.float64(0.6196), np.float64(0.6495)]"
0.44,0.68,0.24,6,2,0.75392,0.71241,0.78903,"[np.float64(0.4396), np.float64(0.4896), np.float64(0.5396), np.float64(0.5796), np.float64(0.6296), np.float64(0.6795)]"
0.4,0.71,0.31,15,2,0.75385,0.71251,0.78898,"[np.float64(0.3996), np.float64(0.4196), np.float64(0.4396), np.float64(0.4696), np.float64(0.4896), np.float64(0.5096), np.float64(0.5296), np.float64(0.5596), np.float64(0.5796), np.float64(0.5996), np.float64(0.6196), np.float64(0.6396), np.float64(0.6695), np.float64(0.6895), np.float64(0.7095)]"
0.46,0.66,0.2,4,2,0.75363,0.71284,0.78881,"[np.float64(0.4596), np.float64(0.5296), np.float64(0.5896), np.float64(0.6595)]"
0.42,0.63,0.21,19,4,0.75352,0.713,0.78873,"[np.float64(0.4196), np.float64(0.4296), np.float64(0.4396), np.float64(0.4596), np.float64(0.4696), np.float64(0.4796), np.float64(0.4896), np.float64(0.4996), np.float64(0.5096), np.float64(0.5196), np.float64(0.5396), np.float64(0.5496), np.float64(0.5596), np.float64(0.5696), np.float64(0.5796), np.float64(0.5996), np.float64(0.6096), np.float64(0.6196), np.float64(0.6296)]"
0.44,0.68,0.24,12,2,0.75337,0.71322,0.78862,"[np.float64(0.4396), np.float64(0.4596), np.float64(0.4796), np.float64(0.5096), np.float64(0.5296), np.float64(0.5496), np.float64(0.5696), np.float64(0.5896), np.float64(0.6096), np.float64(0.6396), np.float64(0.6595), np.float64(0.6795)]"
0.4,0.63,0.23,19,3,0.75292,0.71386,0.7883,"[np.float64(0.3996), np.float64(0.4096), np.float64(0.4296), np.float64(0.4396), np.float64(0.4496), np.float64(0.4596), np.float64(0.4796), np.float64(0.4896), np.float64(0.4996), np.float64(0.5196), np.float64(0.5296), np.float64(0.5396), np.float64(0.5496), np.float64(0.5696), np.float64(0.5796), np.float64(0.5896), np.float64(0.5996), np.float64(0.6196), np.float64(0.6296)]"
0.4,0.63,0.23,20,3,0.75273,0.71413,0.78816,"[np.float64(0.3996), np.float64(0.4096), np.float64(0.4196), np.float64(0.4396), np.float64(0.4496), np.float64(0.4596), np.float64(0.4696), np.float64(0.4796), np.float64(0.4996), np.float64(0.5096), np.float64(0.5196), np.float64(0.5296), np.float64(0.5496), np.float64(0.5596), np.float64(0.5696), np.float64(0.5796), np.float64(0.5896), np.float64(0.6096), np.float64(0.6196), np.float64(0.6296)]"
0.42,0.69,0.27,3,2,0.75263,0.71428,0.78809,"[np.float64(0.4196), np.float64(0.5596), np.float64(0.6895)]"
0.4,0.63,0.23,15,3,0.75236,0.71468,0.78789,"[np.float64(0.3996), np.float64(0.4196), np.float64(0.4296), np.float64(0.4496), np.float64(0.4696), np.float64(0.4796), np.float64(0.4996), np.float64(0.5196), np.float64(0.5296), np.float64(0.5496), np.float64(0.5596), np.float64(0.5796), np.float64(0.5996), np.float64(0.6096), np.float64(0.6296)]"
0.4,0.63,0.23,8,3,0.75233,0.71471,0.78787,"[np.float64(0.3996), np.float64(0.4296), np.float64(0.4696), np.float64(0.4996), np.float64(0.5296), np.float64(0.5596), np.float64(0.5996), np.float64(0.6296)]"
0.44,0.65,0.21,16,4,0.75218,0.71493,0.78776,"[np.float64(0.4396), np.float64(0.4496), np.float64(0.4696), np.float64(0.4796), np.float64(0.4996), np.float64(0.5096), np.float64(0.5196), np.float64(0.5396), np.float64(0.5496), np.float64(0.5696), np.float64(0.5796), np.float64(0.5896), np.float64(0.6096), np.float64(0.6196), np.float64(0.6396), np.float64(0.6495)]"
0.4,0.62,0.22,3,3,0.75191,0.71533,0.78756,"[np.float64(0.3996), np.float64(0.5096), np.float64(0.6196)]"
0.4,0.63,0.23,16,7,0.7519,0.71534,0.78755,"[np.float64(0.3996), np.float64(0.4196), np.float64(0.4296), np.float64(0.4496), np.float64(0.4596), np.float64(0.4796), np.float64(0.4896), np.float64(0.5096), np.float64(0.5196), np.float64(0.5396), np.float64(0.5496), np.float64(0.5696), np.float64(0.5796), np.float64(0.5996), np.float64(0.6096), np.float64(0.6296)]"
0.4,0.63,0.23,6,3,0.75186,0.7154,0.78752,"[np.float64(0.3996), np.float64(0.4496), np.float64(0.4896), np.float64(0.5396), np.float64(0.5796), np.float64(0.6296)]"
0.42,0.63,0.21,20,4,0.75185,0.7154,0.78752,"[np.float64(0.4196), np.float64(0.4296), np.float64(0.4396), np.float64(0.4496), np.float64(0.4596), np.float64(0.4796), np.float64(0.4896), np.float64(0.4996), np.float64(0.5096), np.float64(0.5196), np.float64(0.5296), np.float64(0.5396), np.float64(0.5496), np.float64(0.5596), np.float64(0.5696), np.float64(0.5896), np.float64(0.5996), np.float64(0.6096), np.float64(0.6196), np.float64(0.6296)]"
0.44,0.65,0.21,14,4,0.75186,0.7154,0.78752,"[np.float64(0.4396), np.float64(0.4596), np.float64(0.4696), np.float64(0.4896), np.float64(0.4996), np.float64(0.5196), np.float64(0.5396), np.float64(0.5496), np.float64(0.5696), np.float64(0.5896), np.float64(0.5996), np.float64(0.6196), np.float64(0.6296), np.float64(0.6495)]"
0.4,0.63,0.23,18,3,0.75126,0.71626,0.78709,"[np.float64(0.3996), np.float64(0.4096), np.float64(0.4296), np.float64(0.4396), np.float64(0.4496), np.float64(0.4696), np.float64(0.4796), np.float64(0.4896), np.float64(0.5096), np.float64(0.5196), np.float64(0.5396), np.float64(0.5496), np.float64(0.5596), np.float64(0.5796), np.float64(0.5896), np.float64(0.5996), np.float64(0.6196), np.float64(0.6296)]"
0.42,0.64,0.22,17,4,0.75083,0.71688,0.78678,"[np.float64(0.4196), np.float64(0.4296), np.float64(0.4496), np.float64(0.4596), np.float64(0.4796), np.float64(0.4896), np.float64(0.4996), np.float64(0.5196), np.float64(0.5296), np.float64(0.5396), np.float64(0.5596), np.float64(0.5696), np.float64(0.5796), np.float64(0.5996), np.float64(0.6096), np.float64(0.6296), np.float64(0.6396)]"
0.4,0.71,0.31,18,2,0.75069,0.71708,0.78667,"[np.float64(0.3996), np.float64(0.4196), np.float64(0.4396), np.float64(0.4496), np.float64(0.4696), np.float64(0.4896), np.float64(0.5096), np.float64(0.5296), np.float64(0.5496), np.float64(0.5596), np.float64(0.5796), np.float64(0.5996), np.float64(0.6196), np.float64(0.6396), np.float64(0.6595), np.float64(0.6695), np.float64(0.6895), np.float64(0.7095)]"
0.4,0.71,0.31,20,2,0.7503,0.71765,0.78639,"[np.float64(0.3996), np.float64(0.4196), np.float64(0.4296), np.float64(0.4496), np.float64(0.4696), np.float64(0.4796), np.float64(0.4996), np.float64(0.5096), np.float64(0.5296), np.float64(0.5496), np.float64(0.5596), np.float64(0.5796), np.float64(0.5996), np.float64(0.6096), np.float64(0.6296), np.float64(0.6396), np.float64(0.6595), np.float64(0.6795), np.float64(0.6895), np.float64(0.7095)]"
0.4,0.63,0.23,17,3,0.75003,0.71803,0.78619,"[np.float64(0.3996), np.float64(0.4096), np.float64(0.4296), np.float64(0.4396), np.float64(0.4596), np.float64(0.4696), np.float64(0.4896), np.float64(0.4996), np.float64(0.5196), np.float64(0.5296), np.float64(0.5396), np.float64(0.5596), np.float64(0.5696), np.float64(0.5896), np.float64(0.5996), np.float64(0.6196), np.float64(0.6296)]"
0.44,0.65,0.21,12,4,0.74988,0.71825,0.78608,"[np.float64(0.4396), np.float64(0.4596), np.float64(0.4796), np.float64(0.4996), np.float64(0.5196), np.float64(0.5396), np.float64(0.5496), np.float64(0.5696), np.float64(0.5896), np.float64(0.6096), np.float64(0.6296), np.float64(0.6495)]"
0.4,0.71,0.31,19,2,0.74978,0.71839,0.78601,"[np.float64(0.3996), np.float64(0.4196), np.float64(0.4296), np.float64(0.4496), np.float64(0.4696), np.float64(0.4896), np.float64(0.4996), np.float64(0.5196), np.float64(0.5396), np.float64(0.5596), np.float64(0.5696), np.float64(0.5896), np.float64(0.6096), np.float64(0.6196), np.float64(0.6396), np.float64(0.6595), np.float64(0.6795), np.float64(0.6895), np.float64(0.7095)]"
0.4,0.7,0.3,5,2,0.74944,0.71888,0.78576,"[np.float64(0.3996), np.float64(0.4796), np.float64(0.5496), np.float64(0.6196), np.float64(0.6995)]"
0.4,0.63,0.23,11,3,0.74916,0.71928,0.78556,"[np.float64(0.3996), np.float64(0.4196), np.float64(0.4496), np.float64(0.4696), np.float64(0.4896), np.float64(0.5196), np.float64(0.5396), np.float64(0.5596), np.float64(0.5796), np.float64(0.6096), np.float64(0.6296)]"
0.42,0.63,0.21,14,4,0.74909,0.71938,0.78551,"[np.float64(0.4196), np.float64(0.4396), np.float64(0.4496), np.float64(0.4696), np.float64(0.4796), np.float64(0.4996), np.float64(0.5196), np.float64(0.5296), np.float64(0.5496), np.float64(0.5696), np.float64(0.5796), np.float64(0.5996), np.float64(0.6096), np.float64(0.6296)]"
0.44,0.65,0.21,18,4,0.74887,0.71969,0.78535,"[np.float64(0.4396), np.float64(0.4496), np.float64(0.4596), np.float64(0.4796), np.float64(0.4896), np.float64(0.4996), np.float64(0.5096), np.float64(0.5296), np.float64(0.5396), np.float64(0.5496), np.float64(0.5596), np.float64(0.5796), np.float64(0.5896), np.float64(0.5996), np.float64(0.6096), np.float64(0.6296), np.float64(0.6396), np.float64(0.6495)]"
0.4,0.64,0.24,7,3,0.74886,0.71971,0.78534,"[np.float64(0.3996), np.float64(0.4396), np.float64(0.4796), np.float64(0.5196), np.float64(0.5596), np.float64(0.5996), np.float64(0.6396)]"
0.4,0.71,0.31,17,2,0.74865,0.72001,0.78519,"[np.float64(0.3996), np.float64(0.4196), np.float64(0.4396), np.float64(0.4596), np.float64(0.4796), np.float64(0.4996), np.float64(0.5196), np.float64(0.5396), np.float64(0.5596), np.float64(0.5696), np.float64(0.5896), np.float64(0.6096), np.float64(0.6296), np.float64(0.6495), np.float64(0.6695), np.float64(0.6895), np.float64(0.7095)]"
0.42,0.63,0.21,16,4,0.74862,0.72006,0.78516,"[np.float64(0.4196), np.float64(0.4296), np.float64(0.4496), np.float64(0.4596), np.float64(0.4796), np.float64(0.4896), np.float64(0.4996), np.float64(0.5196), np.float64(0.5296), np.float64(0.5496), np.float64(0.5596), np.float64(0.5696), np.float64(0.5896), np.float64(0.5996), np.float64(0.6196), np.float64(0.6296)]"
0.42,0.64,0.22,5,4,0.74829,0.72053,0.78492,"[np.float64(0.4196), np.float64(0.4796), np.float64(0.5296), np.float64(0.5796), np.float64(0.6396)]"
0.44,0.64,0.2,5,4,0.74795,0.72101,0.78468,"[np.float64(0.4396), np.float64(0.4896), np.float64(0.5396), np.float64(0.5896), np.float64(0.6396)]"
0.46,0.8,0.34,3,2,0.74751,0.72163,0.78436,"[np.float64(0.4596), np.float64(0.6296), np.float64(0.7994)]"
0.42,0.69,0.27,4,2,0.74719,0.72209,0.78413,"[np.float64(0.4196), np.float64(0.5096), np.float64(0.5996), np.float64(0.6895)]"
0.42,0.64,0.22,18,4,0.74717,0.72212,0.78411,"[np.float64(0.4196), np.float64(0.4296), np.float64(0.4496), np.float64(0.4596), np.float64(0.4696), np.float64(0.4796), np.float64(0.4996), np.float64(0.5096), np.float64(0.5196), np.float64(0.5396), np.float64(0.5496), np.float64(0.5596), np.float64(0.5796), np.float64(0.5896), np.float64(0.5996), np.float64(0.6096), np.float64(0.6296), np.float64(0.6396)]"
0.42,0.62,0.2,13,4,0.74653,0.72304,0.78365,"[np.float64(0.4196), np.float64(0.4396), np.float64(0.4496), np.float64(0.4696), np.float64(0.4896), np.float64(0.4996), np.float64(0.5196), np.float64(0.5396), np.float64(0.5496), np.float64(0.5696), np.float64(0.5896), np.float64(0.5996), np.float64(0.6196)]"
0.4,0.64,0.24,10,3,0.74621,0.7235,0.78341,"[np.float64(0.3996), np.float64(0.4296), np.float64(0.4496), np.float64(0.4796), np.float64(0.5096), np.float64(0.5296), np.float64(0.5596), np.float64(0.5896), np.float64(0.6096), np.float64(0.6396)]"
0.56,0.79,0.23,2,1,0.74568,0.72424,0.78303,"[np.float64(0.5596), np.float64(0.7894)]"
0.42,0.62,0.2,10,4,0.74512,0.72504,0.78263,"[np.float64(0.4196), np.float64(0.4396), np.float64(0.4596), np.float64(0.4896), np.float64(0.5096), np.float64(0.5296), np.float64(0.5496), np.float64(0.5796), np.float64(0.5996), np.float64(0.6196)]"
0.4,0.7,0.3,6,2,0.74395,0.72671,0.78177,"[np.float64(0.3996), np.float64(0.4596), np.float64(0.5196), np.float64(0.5796), np.float64(0.6396), np.float64(0.6995)]"
0.42,0.66,0.24,2,2,0.7437,0.72707,0.78159,"[np.float64(0.4196), np.float64(0.6595)]"
0.44,0.65,0.21,13,4,0.74338,0.72752,0.78136,"[np.float64(0.4396), np.float64(0.4596), np.float64(0.4796), np.float64(0.4896), np.float64(0.5096), np.float64(0.5296), np.float64(0.5396), np.float64(0.5596), np.float64(0.5796), np.float64(0.5996), np.float64(0.6196), np.float64(0.6296), np.float64(0.6495)]"
0.42,0.69,0.27,6,2,0.74297,0.7281,0.78106,"[np.float64(0.4196), np.float64(0.4696), np.float64(0.5296), np.float64(0.5796), np.float64(0.6396), np.float64(0.6895)]"
0.4,0.64,0.24,5,3,0.74255,0.7287,0.78075,"[np.float64(0.3996), np.float64(0.4596), np.float64(0.5196), np.float64(0.5796), np.float64(0.6396)]"
0.42,0.69,0.27,5,2,0.74247,0.72881,0.7807,"[np.float64(0.4196), np.float64(0.4896), np.float64(0.5596), np.float64(0.6196), np.float64(0.6895)]"
0.4,0.64,0.24,6,3,0.74224,0.72912,0.78054,"[np.float64(0.3996), np.float64(0.4496), np.float64(0.4996), np.float64(0.5396), np.float64(0.5896), np.float64(0.6396)]"
0.44,0.8,0.36,3,2,0.74202,0.72943,0.78038,"[np.float64(0.4396), np.float64(0.6196), np.float64(0.7994)]"
0.42,0.64,0.22,16,4,0.74168,0.72992,0.78013,"[np.float64(0.4196), np.float64(0.4296), np.float64(0.4496), np.float64(0.4596), np.float64(0.4796), np.float64(0.4896), np.float64(0.5096), np.float64(0.5196), np.float64(0.5396), np.float64(0.5496), np.float64(0.5696), np.float64(0.5796), np.float64(0.5996), np.float64(0.6096), np.float64(0.6296), np.float64(0.6396)]"
0.4,0.64,0.24,13,3,0.74145,0.73025,0.77996,"[np.float64(0.3996), np.float64(0.4196), np.float64(0.4396), np.float64(0.4596), np.float64(0.4796), np.float64(0.4996), np.float64(0.5196), np.float64(0.5396), np.float64(0.5596), np.float64(0.5796), np.float64(0.5996), np.float64(0.6196), np.float64(0.6396)]"
0.44,0.65,0.21,2,2,0.74122,0.73058,0.77979,"[np.float64(0.4396), np.float64(0.6495)]"
0.42,0.63,0.21,12,4,0.74029,0.73188,0.77912,"[np.float64(0.4196), np.float64(0.4396), np.float64(0.4596), np.float64(0.4796), np.float64(0.4996), np.float64(0.5196), np.float64(0.5296), np.float64(0.5496), np.float64(0.5696), np.float64(0.5896), np.float64(0.6096), np.float64(0.6296)]"
0.4,0.64,0.24,16,3,0.73889,0.73385,0.7781,"[np.float64(0.3996), np.float64(0.4196), np.float64(0.4296), np.float64(0.4496), np.float64(0.4596), np.float64(0.4796), np.float64(0.4996), np.float64(0.5096), np.float64(0.5296), np.float64(0.5396), np.float64(0.5596), np.float64(0.5796), np.float64(0.5896), np.float64(0.6096), np.float64(0.6196), np.float64(0.6396)]"
0.4,0.64,0.24,14,3,0.73888,0.73386,0.7781,"[np.float64(0.3996), np.float64(0.4196), np.float64(0.4396), np.float64(0.4596), np.float64(0.4696), np.float64(0.4896), np.float64(0.5096), np.float64(0.5296), np.float64(0.5496), np.float64(0.5696), np.float64(0.5796), np.float64(0.5996), np.float64(0.6196), np.float64(0.6396)]"
0.4,0.64,0.24,9,3,0.73842,0.73451,0.77777,"[np.float64(0.3996), np.float64(0.4296), np.float64(0.4596), np.float64(0.4896), np.float64(0.5196), np.float64(0.5496), np.float64(0.5796), np.float64(0.6096), np.float64(0.6396)]"
0.4,0.7,0.3,7,2,0.73794,0.73519,0.77741,"[np.float64(0.3996), np.float64(0.4496), np.float64(0.4996), np.float64(0.5496), np.float64(0.5996), np.float64(0.6495), np.float64(0.6995)]"
0.4,0.64,0.24,11,3,0.7377,0.73552,0.77724,"[np.float64(0.3996), np.float64(0.4196), np.float64(0.4496), np.float64(0.4696), np.float64(0.4996), np.float64(0.5196), np.float64(0.5396), np.float64(0.5696), np.float64(0.5896), np.float64(0.6196), np.float64(0.6396)]"
0.42,0.69,0.27,14,2,0.73698,0.73653,0.77672,"[np.float64(0.4196), np.float64(0.4396), np.float64(0.4596), np.float64(0.4796), np.float64(0.4996), np.float64(0.5196), np.float64(0.5396), np.float64(0.5696), np.float64(0.5896), np.float64(0.6096), np.float64(0.6296), np.float64(0.6495), np.float64(0.6695), np.float64(0.6895)]"
0.4,0.64,0.24,18,3,0.73693,0.7366,0.77668,"[np.float64(0.3996), np.float64(0.4096), np.float64(0.4296), np.float64(0.4396), np.float64(0.4596), np.float64(0.4696), np.float64(0.4796), np.float64(0.4996), np.float64(0.5096), np.float64(0.5296), np.float64(0.5396), np.float64(0.5596), np.float64(0.5696), np.float64(0.5796), np.float64(0.5996), np.float64(0.6096), np.float64(0.6296), np.float64(0.6396)]"
0.4,0.64,0.24,20,3,0.73651,0.73719,0.77638,"[np.float64(0.3996), np.float64(0.4096), np.float64(0.4296), np.float64(0.4396), np.float64(0.4496), np.float64(0.4596), np.float64(0.4796), np.float64(0.4896), np.float64(0.4996), np.float64(0.5096), np.float64(0.5296), np.float64(0.5396), np.float64(0.5496), np.float64(0.5596), np.float64(0.5796), np.float64(0.5896), np.float64(0.5996), np.float64(0.6096), np.float64(0.6296), np.float64(0.6396)]"
0.42,0.69,0.27,19,2,0.7365,0.73721,0.77637,"[np.float64(0.4196), np.float64(0.4396), np.float64(0.4496), np.float64(0.4596), np.float64(0.4796), np.float64(0.4996), np.float64(0.5096), np.float64(0.5196), np.float64(0.5396), np.float64(0.5596), np.float64(0.5696), np.float64(0.5796), np.float64(0.5996), np.float64(0.6196), np.float64(0.6296), np.float64(0.6396), np.float64(0.6595), np.float64(0.6795), np.float64(0.6895)]"
0.4,0.64,0.24,19,3,0.73583,0.73814,0.77589,"[np.float64(0.3996), np.float64(0.4096), np.float64(0.4296), np.float64(0.4396), np.float64(0.4496), np.float64(0.4696), np.float64(0.4796), np.float64(0.4896), np.float64(0.5096), np.float64(0.5196), np.float64(0.5296), np.float64(0.5496), np.float64(0.5596), np.float64(0.5696), np.float64(0.5896), np.float64(0.5996), np.float64(0.6096), np.float64(0.6296), np.float64(0.6396)]"
0.42,0.69,0.27,10,2,0.73548,0.73863,0.77563,"[np.float64(0.4196), np.float64(0.4496), np.float64(0.4796), np.float64(0.5096), np.float64(0.5396), np.float64(0.5696), np.float64(0.5996), np.float64(0.6296), np.float64(0.6595), np.float64(0.6895)]"
0.42,0.69,0.27,8,2,0.73509,0.73917,0.77535,"[np.float64(0.4196), np.float64(0.4596), np.float64(0.4996), np.float64(0.5396), np.float64(0.5696), np.float64(0.6096), np.float64(0.6495), np.float64(0.6895)]"
0.42,0.69,0.27,11,2,0.73494,0.73938,0.77524,"[np.float64(0.4196), np.float64(0.4496), np.float64(0.4696), np.float64(0.4996), np.float64(0.5296), np.float64(0.5596), np.float64(0.5796), np.float64(0.6096), np.float64(0.6396), np.float64(0.6595), np.float64(0.6895)]"
0.4,0.63,0.23,4,3,0.7348,0.73958,0.77514,"[np.float64(0.3996), np.float64(0.4796), np.float64(0.5496), np.float64(0.6296)]"
0.42,0.69,0.27,12,2,0.73457,0.7399,0.77497,"[np.float64(0.4196), np.float64(0.4396), np.float64(0.4696), np.float64(0.4896), np.float64(0.5196), np.float64(0.5396), np.float64(0.5696), np.float64(0.5896), np.float64(0.6196), np.float64(0.6396), np.float64(0.6695), np.float64(0.6895)]"
0.42,0.69,0.27,9,2,0.73412,0.74053,0.77465,"[np.float64(0.4196), np.float64(0.4496), np.float64(0.4896), np.float64(0.5196), np.float64(0.5596), np.float64(0.5896), np.float64(0.6196), np.float64(0.6595), np.float64(0.6895)]"
0.4,0.64,0.24,17,3,0.73407,0.74059,0.77461,"[np.float64(0.3996), np.float64(0.4196), np.float64(0.4296), np.float64(0.4396), np.float64(0.4596), np.float64(0.4796), np.float64(0.4896), np.float64(0.4996), np.float64(0.5196), np.float64(0.5396), np.float64(0.5496), np.float64(0.5596), np.float64(0.5796), np.float64(0.5996), np.float64(0.6096), np.float64(0.6196), np.float64(0.6396)]"
0.42,0.69,0.27,16,2,0.73366,0.74117,0.77431,"[np.float64(0.4196), np.float64(0.4396), np.float64(0.4596), np.float64(0.4696), np.float64(0.4896), np.float64(0.5096), np.float64(0.5296), np.float64(0.5496), np.float64(0.5596), np.float64(0.5796), np.float64(0.5996), np.float64(0.6196), np.float64(0.6396), np.float64(0.6495), np.float64(0.6695), np.float64(0.6895)]"
0.44,0.67,0.23,12,2,0.73342,0.7415,0.77414,"[np.float64(0.4396), np.float64(0.4596), np.float64(0.4796), np.float64(0.4996), np.float64(0.5196), np.float64(0.5396), np.float64(0.5696), np.float64(0.5896), np.float64(0.6096), np.float64(0.6296), np.float64(0.6495), np.float64(0.6695)]"
0.44,0.65,0.21,10,4,0.73323,0.74176,0.774,"[np.float64(0.4396), np.float64(0.4596), np.float64(0.4896), np.float64(0.5096), np.float64(0.5296), np.float64(0.5596), np.float64(0.5796), np.float64(0.5996), np.float64(0.6296), np.float64(0.6495)]"
0.42,0.63,0.21,7,4,0.73272,0.74247,0.77364,"[np.float64(0.4196), np.float64(0.4596), np.float64(0.4896), np.float64(0.5196), np.float64(0.5596), np.float64(0.5996), np.float64(0.6296)]"
0.4,0.64,0.24,12,3,0.73246,0.74283,0.77345,"[np.float64(0.3996), np.float64(0.4196), np.float64(0.4396), np.float64(0.4696), np.float64(0.4896), np.float64(0.5096), np.float64(0.5296), np.float64(0.5496), np.float64(0.5696), np.float64(0.5996), np.float64(0.6196), np.float64(0.6396)]"
0.42,0.69,0.27,17,2,0.73238,0.74294,0.77339,"[np.float64(0.4196), np.float64(0.4396), np.float64(0.4496), np.float64(0.4696), np.float64(0.4896), np.float64(0.4996), np.float64(0.5196), np.float64(0.5396), np.float64(0.5596), np.float64(0.5696), np.float64(0.5896), np.float64(0.6096), np.float64(0.6196), np.float64(0.6396), np.float64(0.6595), np.float64(0.6695), np.float64(0.6895)]"
0.44,0.67,0.23,14,2,0.73212,0.7433,0.7732,"[np.float64(0.4396), np.float64(0.4596), np.float64(0.4796), np.float64(0.4896), np.float64(0.5096), np.float64(0.5296), np.float64(0.5496), np.float64(0.5596), np.float64(0.5796), np.float64(0.5996), np.float64(0.6196), np.float64(0.6296), np.float64(0.6495), np.float64(0.6695)]"
0.4,0.64,0.24,15,3,0.73184,0.74369,0.773,"[np.float64(0.3996), np.float64(0.4196), np.float64(0.4296), np.float64(0.4496), np.float64(0.4696), np.float64(0.4896), np.float64(0.4996), np.float64(0.5196), np.float64(0.5396), np.float64(0.5496), np.float64(0.5696), np.float64(0.5896), np.float64(0.6096), np.float64(0.6196), np.float64(0.6396)]"
0.44,0.67,0.23,16,2,0.73175,0.74383,0.77293,"[np.float64(0.4396), np.float64(0.4596), np.float64(0.4696), np.float64(0.4896), np.float64(0.4996), np.float64(0.5196), np.float64(0.5296), np.float64(0.5496), np.float64(0.5596), np.float64(0.5796), np.float64(0.5896), np.float64(0.6096), np.float64(0.6196), np.float64(0.6396), np.float64(0.6495), np.float64(0.6695)]"
0.6,0.8,0.2,2,2,0.73171,0.74388,0.7729,"[np.float64(0.5996), np.float64(0.7994)]"
0.44,0.67,0.23,18,2,0.73137,0.74434,0.77266,"[np.float64(0.4396), np.float64(0.4496), np.float64(0.4696), np.float64(0.4796), np.float64(0.4896), np.float64(0.5096), np.float64(0.5196), np.float64(0.5296), np.float64(0.5496), np.float64(0.5596), np.float64(0.5796), np.float64(0.5896), np.float64(0.5996), np.float64(0.6196), np.float64(0.6296), np.float64(0.6396), np.float64(0.6595), np.float64(0.6695)]"
0.42,0.63,0.21,9,4,0.73137,0.74434,0.77266,"[np.float64(0.4196), np.float64(0.4496), np.float64(0.4696), np.float64(0.4996), np.float64(0.5196), np.float64(0.5496), np.float64(0.5796), np.float64(0.5996), np.float64(0.6296)]"
0.44,0.67,0.23,19,2,0.73111,0.7447,0.77247,"[np.float64(0.4396), np.float64(0.4496), np.float64(0.4696), np.float64(0.4796), np.float64(0.4896), np.float64(0.4996), np.float64(0.5196), np.float64(0.5296), np.float64(0.5396), np.float64(0.5596), np.float64(0.5696), np.float64(0.5796), np.float64(0.5896), np.float64(0.6096), np.float64(0.6196), np.float64(0.6296), np.float64(0.6396), np.float64(0.6595), np.float64(0.6695)]"
0.42,0.69,0.27,18,2,0.73092,0.74497,0.77233,"[np.float64(0.4196), np.float64(0.4396), np.float64(0.4496), np.float64(0.4696), np.float64(0.4796), np.float64(0.4996), np.float64(0.5196), np.float64(0.5296), np.float64(0.5496), np.float64(0.5596), np.float64(0.5796), np.float64(0.5896), np.float64(0.6096), np.float64(0.6296), np.float64(0.6396), np.float64(0.6595), np.float64(0.6695), np.float64(0.6895)]"
0.44,0.67,0.23,20,2,0.73084,0.74508,0.77227,"[np.float64(0.4396), np.float64(0.4496), np.float64(0.4596), np.float64(0.4796), np.float64(0.4896), np.float64(0.4996), np.float64(0.5096), np.float64(0.5196), np.float64(0.5396), np.float64(0.5496), np.float64(0.5596), np.float64(0.5696), np.float64(0.5896), np.float64(0.5996), np.float64(0.6096), np.float64(0.6196), np.float64(0.6296), np.float64(0.6495), np.float64(0.6595), np.float64(0.6695)]"
0.42,0.69,0.27,20,2,0.73076,0.74519,0.77222,"[np.float64(0.4196), np.float64(0.4296), np.float64(0.4496), np.float64(0.4596), np.float64(0.4796), np.float64(0.4896), np.float64(0.5096), np.float64(0.5196), np.float64(0.5296), np.float64(0.5496), np.float64(0.5596), np.float64(0.5796), np.float64(0.5896), np.float64(0.5996), np.float64(0.6196), np.float64(0.6296), np.float64(0.6495), np.float64(0.6595), np.float64(0.6795), np.float64(0.6895)]"
0.44,0.67,0.23,15,2,0.72996,0.7463,0.77164,"[np.float64(0.4396), np.float64(0.4596), np.float64(0.4696), np.float64(0.4896), np.float64(0.5096), np.float64(0.5196), np.float64(0.5396), np.float64(0.5596), np.float64(0.5696), np.float64(0.5896), np.float64(0.5996), np.float64(0.6196), np.float64(0.6396), np.float64(0.6495), np.float64(0.6695)]"
0.4,0.65,0.25,8,3,0.72979,0.74653,0.77152,"[np.float64(0.3996), np.float64(0.4396), np.float64(0.4696), np.float64(0.5096), np.float64(0.5396), np.float64(0.5796), np.float64(0.6096), np.float64(0.6495)]"
0.44,0.67,0.23,10,2,0.72961,0.74678,0.77138,"[np.float64(0.4396), np.float64(0.4696), np.float64(0.4896), np.float64(0.5196), np.float64(0.5396), np.float64(0.5696), np.float64(0.5896), np.float64(0.6196), np.float64(0.6396), np.float64(0.6695)]"
0.42,0.69,0.27,7,2,0.72961,0.74678,0.77138,"[np.float64(0.4196), np.float64(0.4596), np.float64(0.5096), np.float64(0.5596), np.float64(0.5996), np.float64(0.6396), np.float64(0.6895)]"
0.4,0.69,0.29,3,2,0.72958,0.74682,0.77137,"[np.float64(0.3996), np.float64(0.5396), np.float64(0.6895)]"
0.4,0.65,0.25,7,3,0.72951,0.74691,0.77132,"[np.float64(0.3996), np.float64(0.4396), np.float64(0.4796), np.float64(0.5196), np.float64(0.5696), np.float64(0.6096), np.float64(0.6495)]"
0.4,0.7,0.3,9,2,0.72929,0.74722,0.77116,"[np.float64(0.3996), np.float64(0.4396), np.float64(0.4796), np.float64(0.5096), np.float64(0.5496), np.float64(0.5896), np.float64(0.6196), np.float64(0.6595), np.float64(0.6995)]"
0.4,0.7,0.3,8,2,0.72915,0.74741,0.77105,"[np.float64(0.3996), np.float64(0.4396), np.float64(0.4896), np.float64(0.5296), np.float64(0.5696), np.float64(0.6096), np.float64(0.6595), np.float64(0.6995)]"
0.42,0.69,0.27,15,2,0.72902,0.74759,0.77096,"[np.float64(0.4196), np.float64(0.4396), np.float64(0.4596), np.float64(0.4796), np.float64(0.4996), np.float64(0.5196), np.float64(0.5396), np.float64(0.5596), np.float64(0.5696), np.float64(0.5896), np.float64(0.6096), np.float64(0.6296), np.float64(0.6495), np.float64(0.6695), np.float64(0.6895)]"
0.4,0.7,0.3,10,2,0.72775,0.74935,0.77004,"[np.float64(0.3996), np.float64(0.4296), np.float64(0.4696), np.float64(0.4996), np.float64(0.5296), np.float64(0.5696), np.float64(0.5996), np.float64(0.6296), np.float64(0.6695), np.float64(0.6995)]"
0.44,0.67,0.23,17,2,0.7277,0.74942,0.77,"[np.float64(0.4396), np.float64(0.4496), np.float64(0.4696), np.float64(0.4796), np.float64(0.4996), np.float64(0.5096), np.float64(0.5296), np.float64(0.5396), np.float64(0.5596), np.float64(0.5696), np.float64(0.5796), np.float64(0.5996), np.float64(0.6096), np.float64(0.6296), np.float64(0.6396), np.float64(0.6595), np.float64(0.6695)]"
0.42,0.64,0.22,7,4,0.72753,0.74964,0.76989,"[np.float64(0.4196), np.float64(0.4596), np.float64(0.4896), np.float64(0.5296), np.float64(0.5696), np.float64(0.5996), np.float64(0.6396)]"
0.42,0.63,0.21,15,4,0.72722,0.75007,0.76966,"[np.float64(0.4196), np.float64(0.4396), np.float64(0.4496), np.float64(0.4596), np.float64(0.4796), np.float64(0.4996), np.float64(0.5096), np.float64(0.5196), np.float64(0.5396), np.float64(0.5596), np.float64(0.5696), np.float64(0.5796), np.float64(0.5996), np.float64(0.6196), np.float64(0.6296)]"
0.42,0.8,0.38,3,2,0.72707,0.75028,0.76955,"[np.float64(0.4196), np.float64(0.6096), np.float64(0.7994)]"
0.4,0.65,0.25,11,3,0.72673,0.75074,0.76931,"[np.float64(0.3996), np.float64(0.4196), np.float64(0.4496), np.float64(0.4796), np.float64(0.4996), np.float64(0.5196), np.float64(0.5496), np.float64(0.5796), np.float64(0.5996), np.float64(0.6196), np.float64(0.6495)]"
0.44,0.67,0.23,11,2,0.72673,0.75075,0.7693,"[np.float64(0.4396), np.float64(0.4596), np.float64(0.4896), np.float64(0.5096), np.float64(0.5296), np.float64(0.5596), np.float64(0.5796), np.float64(0.5996), np.float64(0.6196), np.float64(0.6495), np.float64(0.6695)]"
0.42,0.69,0.27,13,2,0.72644,0.75115,0.76909,"[np.float64(0.4196), np.float64(0.4396), np.float64(0.4596), np.float64(0.4896), np.float64(0.5096), np.float64(0.5296), np.float64(0.5596), np.float64(0.5796), np.float64(0.5996), np.float64(0.6196), np.float64(0.6396), np.float64(0.6695), np.float64(0.6895)]"
0.44,0.67,0.23,13,2,0.72636,0.75126,0.76904,"[np.float64(0.4396), np.float64(0.4596), np.float64(0.4796), np.float64(0.4996), np.float64(0.5196), np.float64(0.5396), np.float64(0.5596), np.float64(0.5696), np.float64(0.5896), np.float64(0.6096), np.float64(0.6296), np.float64(0.6495), np.float64(0.6695)]"
0.44,0.67,0.23,6,2,0.72575,0.75208,0.7686,"[np.float64(0.4396), np.float64(0.4896), np.float64(0.5296), np.float64(0.5796), np.float64(0.6196), np.float64(0.6695)]"
0.4,0.7,0.3,11,2,0.72556,0.75236,0.76846,"[np.float64(0.3996), np.float64(0.4296), np.float64(0.4596), np.float64(0.4896), np.float64(0.5196), np.float64(0.5496), np.float64(0.5796), np.float64(0.6096), np.float64(0.6396), np.float64(0.6695), np.float64(0.6995)]"
0.44,0.67,0.23,3,2,0.72544,0.75251,0.76838,"[np.float64(0.4396), np.float64(0.5596), np.float64(0.6695)]"
0.4,0.65,0.25,10,3,0.72519,0.75286,0.76819,"[np.float64(0.3996), np.float64(0.4296), np.float64(0.4596), np.float64(0.4796), np.float64(0.5096), np.float64(0.5396), np.float64(0.5696), np.float64(0.5896), np.float64(0.6196), np.float64(0.6495)]"
0.4,0.65,0.25,6,3,0.72492,0.75323,0.76799,"[np.float64(0.3996), np.float64(0.4496), np.float64(0.4996), np.float64(0.5496), np.float64(0.5996), np.float64(0.6495)]"
0.4,0.65,0.25,5,3,0.72448,0.75383,0.76768,"[np.float64(0.3996), np.float64(0.4596), np.float64(0.5196), np.float64(0.5896), np.float64(0.6495)]"
0.4,0.7,0.3,13,2,0.72442,0.75392,0.76763,"[np.float64(0.3996), np.float64(0.4196), np.float64(0.4496), np.float64(0.4796), np.float64(0.4996), np.float64(0.5196), np.float64(0.5496), np.float64(0.5796), np.float64(0.5996), np.float64(0.6196), np.float64(0.6495), np.float64(0.6795), np.float64(0.6995)]"
0.44,0.67,0.23,9,2,0.72438,0.75397,0.76761,"[np.float64(0.4396), np.float64(0.4696), np.float64(0.4996), np.float64(0.5296), np.float64(0.5596), np.float64(0.5796), np.float64(0.6096), np.float64(0.6396), np.float64(0.6695)]"
0.44,0.67,0.23,8,2,0.72374,0.75484,0.76715,"[np.float64(0.4396), np.float64(0.4696), np.float64(0.5096), np.float64(0.5396), np.float64(0.5696), np.float64(0.5996), np.float64(0.6396), np.float64(0.6695)]"
0.42,0.62,0.2,8,3,0.72342,0.75527,0.76692,"[np.float64(0.4196), np.float64(0.4496), np.float64(0.4796), np.float64(0.5096), np.float64(0.5296), np.float64(0.5596), np.float64(0.5896), np.float64(0.6196)]"
0.42,0.78,0.36,2,2,0.72329,0.75546,0.76682,"[np.float64(0.4196), np.float64(0.7795)]"
0.44,0.67,0.23,7,2,0.72288,0.75601,0.76653,"[np.float64(0.4396), np.float64(0.4796), np.float64(0.5196), np.float64(0.5596), np.float64(0.5896), np.float64(0.6296), np.float64(0.6695)]"
0.4,0.7,0.3,12,2,0.72239,0.75669,0.76617,"[np.float64(0.3996), np.float64(0.4296), np.float64(0.4496), np.float64(0.4796), np.float64(0.5096), np.float64(0.5396), np.float64(0.5596), np.float64(0.5896), np.float64(0.6196), np.float64(0.6495), np.float64(0.6695), np.float64(0.6995)]"
0.4,0.7,0.3,14,2,0.7223,0.75681,0.76611,"[np.float64(0.3996), np.float64(0.4196), np.float64(0.4496), np.float64(0.4696), np.float64(0.4896), np.float64(0.5196), np.float64(0.5396), np.float64(0.5596), np.float64(0.5796), np.float64(0.6096), np.float64(0.6296), np.float64(0.6495), np.float64(0.6795), np.float64(0.6995)]"
0.4,0.65,0.25,13,3,0.72155,0.75783,0.76557,"[np.float64(0.3996), np.float64(0.4196), np.float64(0.4396), np.float64(0.4596), np.float64(0.4796), np.float64(0.4996), np.float64(0.5196), np.float64(0.5496), np.float64(0.5696), np.float64(0.5896), np.float64(0.6096), np.float64(0.6296), np.float64(0.6495)]"
0.42,0.63,0.21,8,4,0.72119,0.75831,0.76531,"[np.float64(0.4196), np.float64(0.4496), np.float64(0.4796), np.float64(0.5096), np.float64(0.5396), np.float64(0.5696), np.float64(0.5996), np.float64(0.6296)]"
0.44,0.67,0.23,5,2,0.72117,0.75835,0.76529,"[np.float64(0.4396), np.float64(0.4996), np.float64(0.5596), np.float64(0.6096), np.float64(0.6695)]"
0.4,0.63,0.23,3,3,0.72116,0.75836,0.76529,"[np.float64(0.3996), np.float64(0.5196), np.float64(0.6296)]"
0.4,0.7,0.3,17,2,0.72087,0.75876,0.76508,"[np.float64(0.3996), np.float64(0.4196), np.float64(0.4396), np.float64(0.4596), np.float64(0.4796), np.float64(0.4896), np.float64(0.5096), np.float64(0.5296), np.float64(0.5496), np.float64(0.5696), np.float64(0.5896), np.float64(0.6096), np.float64(0.6196), np.float64(0.6396), np.float64(0.6595), np.float64(0.6795), np.float64(0.6995)]"
0.4,0.66,0.26,2,2,0.72063,0.75908,0.7649,"[np.float64(0.3996), np.float64(0.6595)]"
0.4,0.65,0.25,15,3,0.72056,0.75918,0.76485,"[np.float64(0.3996), np.float64(0.4196), np.float64(0.4396), np.float64(0.4496), np.float64(0.4696), np.float64(0.4896), np.float64(0.5096), np.float64(0.5196), np.float64(0.5396), np.float64(0.5596), np.float64(0.5796), np.float64(0.5996), np.float64(0.6096), np.float64(0.6296), np.float64(0.6495)]"
0.4,0.64,0.24,4,3,0.72044,0.75933,0.76477,"[np.float64(0.3996), np.float64(0.4796), np.float64(0.5596), np.float64(0.6396)]"
0.4,0.65,0.25,14,3,0.72024,0.75961,0.76462,"[np.float64(0.3996), np.float64(0.4196), np.float64(0.4396), np.float64(0.4596), np.float64(0.4796), np.float64(0.4996), np.float64(0.5196), np.float64(0.5296), np.float64(0.5496), np.float64(0.5696), np.float64(0.5896), np.float64(0.6096), np.float64(0.6296), np.float64(0.6495)]"
0.42,0.62,0.2,3,3,0.72019,0.75968,0.76458,"[np.float64(0.4196), np.float64(0.5196), np.float64(0.6196)]"
0.4,0.69,0.29,5,2,0.72012,0.75977,0.76454,"[np.float64(0.3996), np.float64(0.4696), np.float64(0.5396), np.float64(0.6196), np.float64(0.6895)]"
0.4,0.7,0.3,16,2,0.71992,0.76004,0.76439,"[np.float64(0.3996), np.float64(0.4196), np.float64(0.4396), np.float64(0.4596), np.float64(0.4796), np.float64(0.4996), np.float64(0.5196), np.float64(0.5396), np.float64(0.5596), np.float64(0.5796), np.float64(0.5996), np.float64(0.6196), np.float64(0.6396), np.float64(0.6595), np.float64(0.6795), np.float64(0.6995)]"
0.4,0.65,0.25,9,3,0.71896,0.76135,0.7637,"[np.float64(0.3996), np.float64(0.4296), np.float64(0.4596), np.float64(0.4896), np.float64(0.5196), np.float64(0.5596), np.float64(0.5896), np.float64(0.6196), np.float64(0.6495)]"
0.42,0.64,0.22,12,4,0.71884,0.7615,0.76362,"[np.float64(0.4196), np.float64(0.4396), np.float64(0.4596), np.float64(0.4796), np.float64(0.4996), np.float64(0.5196), np.float64(0.5396), np.float64(0.5596), np.float64(0.5796), np.float64(0.5996), np.float64(0.6196), np.float64(0.6396)]"
0.4,0.65,0.25,19,3,0.71874,0.76164,0.76354,"[np.float64(0.3996), np.float64(0.4096), np.float64(0.4296), np.float64(0.4396), np.float64(0.4596), np.float64(0.4696), np.float64(0.4796), np.float64(0.4996), np.float64(0.5096), np.float64(0.5196), np.float64(0.5396), np.float64(0.5496), np.float64(0.5696), np.float64(0.5796), np.float64(0.5896), np.float64(0.6096), np.float64(0.6196), np.float64(0.6396), np.float64(0.6495)]"
0.44,0.67,0.23,4,2,0.71781,0.7629,0.76287,"[np.float64(0.4396), np.float64(0.5196), np.float64(0.5896), np.float64(0.6695)]"
0.4,0.7,0.3,15,2,0.71776,0.76297,0.76284,"[np.float64(0.3996), np.float64(0.4196), np.float64(0.4396), np.float64(0.4596), np.float64(0.4896), np.float64(0.5096), np.float64(0.5296), np.float64(0.5496), np.float64(0.5696), np.float64(0.5896), np.float64(0.6096), np.float64(0.6396), np.float64(0.6595), np.float64(0.6795), np.float64(0.6995)]"
0.4,0.65,0.25,20,3,0.71766,0.7631,0.76277,"[np.float64(0.3996), np.float64(0.4096), np.float64(0.4296), np.float64(0.4396), np.float64(0.4496), np.float64(0.4696), np.float64(0.4796), np.float64(0.4896), np.float64(0.5096), np.float64(0.5196), np.float64(0.5296), np.float64(0.5396), np.float64(0.5596), np.float64(0.5696), np.float64(0.5796), np.float64(0.5996), np.float64(0.6096), np.float64(0.6196), np.float64(0.6396), np.float64(0.6495)]"
0.4,0.7,0.3,20,2,0.71755,0.76326,0.76268,"[np.float64(0.3996), np.float64(0.4196), np.float64(0.4296), np.float64(0.4496), np.float64(0.4596), np.float64(0.4796), np.float64(0.4896), np.float64(0.5096), np.float64(0.5296), np.float64(0.5396), np.float64(0.5596), np.float64(0.5696), np.float64(0.5896), np.float64(0.6096), np.float64(0.6196), np.float64(0.6396), np.float64(0.6495), np.float64(0.6695), np.float64(0.6795), np.float64(0.6995)]"
0.4,0.7,0.3,19,2,0.71725,0.76366,0.76247,"[np.float64(0.3996), np.float64(0.4196), np.float64(0.4296), np.float64(0.4496), np.float64(0.4696), np.float64(0.4796), np.float64(0.4996), np.float64(0.5196), np.float64(0.5296), np.float64(0.5496), np.float64(0.5696), np.float64(0.5796), np.float64(0.5996), np.float64(0.6196), np.float64(0.6296), np.float64(0.6495), np.float64(0.6695), np.float64(0.6795), np.float64(0.6995)]"
0.4,0.7,0.3,18,2,0.71711,0.76385,0.76237,"[np.float64(0.3996), np.float64(0.4196), np.float64(0.4396), np.float64(0.4496), np.float64(0.4696), np.float64(0.4896), np.float64(0.5096), np.float64(0.5196), np.float64(0.5396), np.float64(0.5596), np.float64(0.5796), np.float64(0.5896), np.float64(0.6096), np.float64(0.6296), np.float64(0.6495), np.float64(0.6595), np.float64(0.6795), np.float64(0.6995)]"
0.42,0.68,0.26,5,2,0.71708,0.76388,0.76235,"[np.float64(0.4196), np.float64(0.4796), np.float64(0.5496), np.float64(0.6196), np.float64(0.6795)]"
0.4,0.69,0.29,4,2,0.71707,0.7639,0.76234,"[np.float64(0.3996), np.float64(0.4996), np.float64(0.5896), np.float64(0.6895)]"
0.4,0.65,0.25,17,3,0.71689,0.76414,0.76221,"[np.float64(0.3996), np.float64(0.4196), np.float64(0.4296), np.float64(0.4496), np.float64(0.4596), np.float64(0.4796), np.float64(0.4896), np.float64(0.5096), np.float64(0.5196), np.float64(0.5396), np.float64(0.5596), np.float64(0.5696), np.float64(0.5896), np.float64(0.5996), np.float64(0.6196), np.float64(0.6296), np.float64(0.6495)]"
0.4,0.65,0.25,16,3,0.71664,0.76448,0.76203,"[np.float64(0.3996), np.float64(0.4196), np.float64(0.4296), np.float64(0.4496), np.float64(0.4696), np.float64(0.4796), np.float64(0.4996), np.float64(0.5196), np.float64(0.5296), np.float64(0.5496), np.float64(0.5696), np.float64(0.5796), np.float64(0.5996), np.float64(0.6196), np.float64(0.6296), np.float64(0.6495)]"
0.42,0.68,0.26,3,2,0.71655,0.7646,0.76197,"[np.float64(0.4196), np.float64(0.5496), np.float64(0.6795)]"
0.42,0.63,0.21,11,4,0.71598,0.76537,0.76155,"[np.float64(0.4196), np.float64(0.4396), np.float64(0.4596), np.float64(0.4796), np.float64(0.4996), np.float64(0.5196), np.float64(0.5496), np.float64(0.5696), np.float64(0.5896), np.float64(0.6096), np.float64(0.6296)]"
0.4,0.65,0.25,18,3,0.71498,0.76672,0.76083,"[np.float64(0.3996), np.float64(0.4096), np.float64(0.4296), np.float64(0.4396), np.float64(0.4596), np.float64(0.4696), np.float64(0.4896), np.float64(0.4996), np.float64(0.5196), np.float64(0.5296), np.float64(0.5496), np.float64(0.5596), np.float64(0.5796), np.float64(0.5896), np.float64(0.6096), np.float64(0.6196), np.float64(0.6396), np.float64(0.6495)]"
0.4,0.65,0.25,12,3,0.71483,0.76691,0.76073,"[np.float64(0.3996), np.float64(0.4196), np.float64(0.4496), np.float64(0.4696), np.float64(0.4896), np.float64(0.5096), np.float64(0.5396), np.float64(0.5596), np.float64(0.5796), np.float64(0.5996), np.float64(0.6296), np.float64(0.6495)]"
0.42,0.62,0.2,7,3,0.71446,0.76741,0.76046,"[np.float64(0.4196), np.float64(0.4496), np.float64(0.4896), np.float64(0.5196), np.float64(0.5496), np.float64(0.5896), np.float64(0.6196)]"
0.42,0.64,0.22,20,4,0.71326,0.76903,0.75959,"[np.float64(0.4196), np.float64(0.4296), np.float64(0.4396), np.float64(0.4496), np.float64(0.4696), np.float64(0.4796), np.float64(0.4896), np.float64(0.4996), np.float64(0.5096), np.float64(0.5196), np.float64(0.5396), np.float64(0.5496), np.float64(0.5596), np.float64(0.5696), np.float64(0.5796), np.float64(0.5896), np.float64(0.6096), np.float64(0.6196), np.float64(0.6296), np.float64(0.6396)]"
0.42,0.68,0.26,6,2,0.71278,0.76967,0.75926,"[np.float64(0.4196), np.float64(0.4696), np.float64(0.5196), np.float64(0.5796), np.float64(0.6296), np.float64(0.6795)]"
0.42,0.64,0.22,10,4,0.71245,0.77011,0.75902,"[np.float64(0.4196), np.float64(0.4396), np.float64(0.4696), np.float64(0.4896), np.float64(0.5196), np.float64(0.5396), np.float64(0.5696), np.float64(0.5896), np.float64(0.6196), np.float64(0.6396)]"
0.42,0.64,0.22,13,4,0.71224,0.77039,0.75887,"[np.float64(0.4196), np.float64(0.4396), np.float64(0.4596), np.float64(0.4796), np.float64(0.4896), np.float64(0.5096), np.float64(0.5296), np.float64(0.5496), np.float64(0.5696), np.float64(0.5796), np.float64(0.5996), np.float64(0.6196), np.float64(0.6396)]"
0.4,0.66,0.26,8,3,0.71095,0.77211,0.75794,"[np.float64(0.3996), np.float64(0.4396), np.float64(0.4696), np.float64(0.5096), np.float64(0.5496), np.float64(0.5896), np.float64(0.6196), np.float64(0.6595)]"
0.42,0.68,0.26,8,2,0.71033,0.77295,0.75749,"[np.float64(0.4196), np.float64(0.4596), np.float64(0.4896), np.float64(0.5296), np.float64(0.5696), np.float64(0.6096), np.float64(0.6396), np.float64(0.6795)]"
0.42,0.65,0.23,20,4,0.70853,0.77534,0.7562,"[np.float64(0.4196), np.float64(0.4296), np.float64(0.4396), np.float64(0.4596), np.float64(0.4696), np.float64(0.4796), np.float64(0.4896), np.float64(0.4996), np.float64(0.5196), np.float64(0.5296), np.float64(0.5396), np.float64(0.5496), np.float64(0.5696), np.float64(0.5796), np.float64(0.5896), np.float64(0.5996), np.float64(0.6096), np.float64(0.6296), np.float64(0.6396), np.float64(0.6495)]"
0.4,0.66,0.26,5,3,0.70696,0.77743,0.75507,"[np.float64(0.3996), np.float64(0.4596), np.float64(0.5296), np.float64(0.5996), np.float64(0.6595)]"
0.44,0.66,0.22,15,2,0.70667,0.77782,0.75486,"[np.float64(0.4396), np.float64(0.4596), np.float64(0.4696), np.float64(0.4896), np.float64(0.4996), np.float64(0.5196), np.float64(0.5296), np.float64(0.5496), np.float64(0.5696), np.float64(0.5796), np.float64(0.5996), np.float64(0.6096), np.float64(0.6296), np.float64(0.6396), np.float64(0.6595)]"
0.44,0.65,0.21,6,4,0.70667,0.77782,0.75486,"[np.float64(0.4396), np.float64(0.4796), np.float64(0.5196), np.float64(0.5696), np.float64(0.6096), np.float64(0.6495)]"
0.44,0.64,0.2,2,2,0.70565,0.77916,0.75413,"[np.float64(0.4396), np.float64(0.6396)]"
0.4,0.66,0.26,6,3,0.70555,0.7793,0.75406,"[np.float64(0.3996), np.float64(0.4496), np.float64(0.4996), np.float64(0.5596), np.float64(0.6096), np.float64(0.6595)]"
0.44,0.66,0.22,18,2,0.70542,0.77946,0.75397,"[np.float64(0.4396), np.float64(0.4496), np.float64(0.4696), np.float64(0.4796), np.float64(0.4896), np.float64(0.4996), np.float64(0.5196), np.float64(0.5296), np.float64(0.5396), np.float64(0.5596), np.float64(0.5696), np.float64(0.5796), np.float64(0.5996), np.float64(0.6096), np.float64(0.6196), np.float64(0.6296), np.float64(0.6495), np.float64(0.6595)]"
0.42,0.68,0.26,4,2,0.70539,0.77951,0.75394,"[np.float64(0.4196), np.float64(0.5096), np.float64(0.5896), np.float64(0.6795)]"
0.42,0.68,0.26,11,2,0.70493,0.78012,0.75361,"[np.float64(0.4196), np.float64(0.4496), np.float64(0.4696), np.float64(0.4996), np.float64(0.5196), np.float64(0.5496), np.float64(0.5796), np.float64(0.5996), np.float64(0.6296), np.float64(0.6495), np.float64(0.6795)]"
0.44,0.66,0.22,14,2,0.7049,0.78015,0.75359,"[np.float64(0.4396), np.float64(0.4596), np.float64(0.4696), np.float64(0.4896), np.float64(0.5096), np.float64(0.5196), np.float64(0.5396), np.float64(0.5596), np.float64(0.5796), np.float64(0.5896), np.float64(0.6096), np.float64(0.6296), np.float64(0.6396), np.float64(0.6595)]"
0.42,0.65,0.23,19,4,0.70471,0.7804,0.75346,"[np.float64(0.4196), np.float64(0.4296), np.float64(0.4496), np.float64(0.4596), np.float64(0.4696), np.float64(0.4796), np.float64(0.4996), np.float64(0.5096), np.float64(0.5196), np.float64(0.5396), np.float64(0.5496), np.float64(0.5596), np.float64(0.5696), np.float64(0.5896), np.float64(0.5996), np.float64(0.6096), np.float64(0.6196), np.float64(0.6396), np.float64(0.6495)]"
0.42,0.65,0.23,2,2,0.70457,0.78059,0.75336,"[np.float64(0.4196), np.float64(0.6495)]"
0.42,0.68,0.26,15,2,0.70451,0.78067,0.75331,"[np.float64(0.4196), np.float64(0.4396), np.float64(0.4596), np.float64(0.4796), np.float64(0.4896), np.float64(0.5096), np.float64(0.5296), np.float64(0.5496), np.float64(0.5696), np.float64(0.5896), np.float64(0.6096), np.float64(0.6196), np.float64(0.6396), np.float64(0.6595), np.float64(0.6795)]"
0.42,0.68,0.26,9,2,0.7041,0.78122,0.75302,"[np.float64(0.4196), np.float64(0.4496), np.float64(0.4796), np.float64(0.5196), np.float64(0.5496), np.float64(0.5796), np.float64(0.6196), np.float64(0.6495), np.float64(0.6795)]"
0.44,0.66,0.22,8,2,0.70371,0.78173,0.75274,"[np.float64(0.4396), np.float64(0.4696), np.float64(0.4996), np.float64(0.5296), np.float64(0.5696), np.float64(0.5996), np.float64(0.6296), np.float64(0.6595)]"
0.4,0.69,0.29,6,2,0.70345,0.78208,0.75255,"[np.float64(0.3996), np.float64(0.4596), np.float64(0.5196), np.float64(0.5696), np.float64(0.6296), np.float64(0.6895)]"
0.4,0.66,0.26,11,3,0.70321,0.78239,0.75238,"[np.float64(0.3996), np.float64(0.4296), np.float64(0.4496), np.float64(0.4796), np.float64(0.4996), np.float64(0.5296), np.float64(0.5596), np.float64(0.5796), np.float64(0.6096), np.float64(0.6296), np.float64(0.6595)]"
0.42,0.68,0.26,12,2,0.7032,0.78239,0.75238,"[np.float64(0.4196), np.float64(0.4396), np.float64(0.4696), np.float64(0.4896), np.float64(0.5096), np.float64(0.5396), np.float64(0.5596), np.float64(0.5896), np.float64(0.6096), np.float64(0.6296), np.float64(0.6595), np.float64(0.6795)]"
0.42,0.68,0.26,7,2,0.70302,0.78264,0.75224,"[np.float64(0.4196), np.float64(0.4596), np.float64(0.5096), np.float64(0.5496), np.float64(0.5896), np.float64(0.6396), np.float64(0.6795)]"
0.44,0.66,0.22,13,2,0.70299,0.78268,0.75222,"[np.float64(0.4396), np.float64(0.4596), np.float64(0.4796), np.float64(0.4996), np.float64(0.5096), np.float64(0.5296), np.float64(0.5496), np.float64(0.5696), np.float64(0.5896), np.float64(0.5996), np.float64(0.6196), np.float64(0.6396), np.float64(0.6595)]"
0.42,0.64,0.22,11,4,0.70272,0.78304,0.75203,"[np.float64(0.4196), np.float64(0.4396), np.float64(0.4596), np.float64(0.4896), np.float64(0.5096), np.float64(0.5296), np.float64(0.5496), np.float64(0.5696), np.float64(0.5996), np.float64(0.6196), np.float64(0.6396)]"
0.42,0.68,0.26,17,2,0.70245,0.78338,0.75184,"[np.float64(0.4196), np.float64(0.4396), np.float64(0.4496), np.float64(0.4696), np.float64(0.4796), np.float64(0.4996), np.float64(0.5196), np.float64(0.5296), np.float64(0.5496), np.float64(0.5696), np.float64(0.5796), np.float64(0.5996), np.float64(0.6196), np.float64(0.6296), np.float64(0.6495), np.float64(0.6595), np.float64(0.6795)]"
0.4,0.8,0.4,3,2,0.70238,0.78348,0.75179,"[np.float64(0.3996), np.float64(0.5996), np.float64(0.7994)]"
0.4,0.65,0.25,4,3,0.70233,0.78355,0.75175,"[np.float64(0.3996), np.float64(0.4796), np.float64(0.5696), np.float64(0.6495)]"
0.4,0.66,0.26,15,3,0.70219,0.78373,0.75165,"[np.float64(0.3996), np.float64(0.4196), np.float64(0.4396), np.float64(0.4596), np.float64(0.4696), np.float64(0.4896), np.float64(0.5096), np.float64(0.5296), np.float64(0.5496), np.float64(0.5696), np.float64(0.5896), np.float64(0.5996), np.float64(0.6196), np.float64(0.6396), np.float64(0.6595)]"
0.44,0.66,0.22,12,2,0.70187,0.78415,0.75142,"[np.float64(0.4396), np.float64(0.4596), np.float64(0.4796), np.float64(0.4996), np.float64(0.5196), np.float64(0.5396), np.float64(0.5596), np.float64(0.5796), np.float64(0.5996), np.float64(0.6196), np.float64(0.6396), np.float64(0.6595)]"
0.44,0.66,0.22,20,2,0.70184,0.7842,0.7514,"[np.float64(0.4396), np.float64(0.4496), np.float64(0.4596), np.float64(0.4696), np.float64(0.4896), np.float64(0.4996), np.float64(0.5096), np.float64(0.5196), np.float64(0.5296), np.float64(0.5396), np.float64(0.5596), np.float64(0.5696), np.float64(0.5796), np.float64(0.5896), np.float64(0.5996), np.float64(0.6096), np.float64(0.6296), np.float64(0.6396), np.float64(0.6495), np.float64(0.6595)]"
0.44,0.66,0.22,16,2,0.70181,0.78423,0.75138,"[np.float64(0.4396), np.float64(0.4496), np.float64(0.4696), np.float64(0.4796), np.float64(0.4996), np.float64(0.5096), np.float64(0.5296), np.float64(0.5396), np.float64(0.5596), np.float64(0.5696), np.float64(0.5896), np.float64(0.5996), np.float64(0.6196), np.float64(0.6296), np.float64(0.6495), np.float64(0.6595)]"
0.44,0.66,0.22,19,2,0.70162,0.78448,0.75124,"[np.float64(0.4396), np.float64(0.4496), np.float64(0.4596), np.float64(0.4796), np.float64(0.4896), np.float64(0.4996), np.float64(0.5096), np.float64(0.5296), np.float64(0.5396), np.float64(0.5496), np.float64(0.5596), np.float64(0.5696), np.float64(0.5896), np.float64(0.5996), np.float64(0.6096), np.float64(0.6196), np.float64(0.6396), np.float64(0.6495), np.float64(0.6595)]"
0.4,0.66,0.26,14,3,0.70155,0.78458,0.75119,"[np.float64(0.3996), np.float64(0.4196), np.float64(0.4396), np.float64(0.4596), np.float64(0.4796), np.float64(0.4996), np.float64(0.5196), np.float64(0.5396), np.float64(0.5596), np.float64(0.5796), np.float64(0.5996), np.float64(0.6196), np.float64(0.6396), np.float64(0.6595)]"
0.42,0.68,0.26,14,2,0.7012,0.78504,0.75094,"[np.float64(0.4196), np.float64(0.4396), np.float64(0.4596), np.float64(0.4796), np.float64(0.4996), np.float64(0.5196), np.float64(0.5396), np.float64(0.5596), np.float64(0.5796), np.float64(0.5996), np.float64(0.6196), np.float64(0.6396), np.float64(0.6595), np.float64(0.6795)]"
0.42,0.65,0.23,18,4,0.70067,0.78573,0.75056,"[np.float64(0.4196), np.float64(0.4296), np.float64(0.4496), np.float64(0.4596), np.float64(0.4696), np.float64(0.4896), np.float64(0.4996), np.float64(0.5096), np.float64(0.5296), np.float64(0.5396), np.float64(0.5596), np.float64(0.5696), np.float64(0.5796), np.float64(0.5996), np.float64(0.6096), np.float64(0.6196), np.float64(0.6396), np.float64(0.6495)]"
0.4,0.69,0.29,8,2,0.70059,0.78584,0.7505,"[np.float64(0.3996), np.float64(0.4396), np.float64(0.4796), np.float64(0.5196), np.float64(0.5696), np.float64(0.6096), np.float64(0.6495), np.float64(0.6895)]"
0.42,0.68,0.26,18,2,0.70032,0.78618,0.75031,"[np.float64(0.4196), np.float64(0.4396), np.float64(0.4496), np.float64(0.4696), np.float64(0.4796), np.float64(0.4996), np.float64(0.5096), np.float64(0.5296), np.float64(0.5396), np.float64(0.5596), np.float64(0.5696), np.float64(0.5896), np.float64(0.5996), np.float64(0.6196), np.float64(0.6296), np.float64(0.6495), np.float64(0.6595), np.float64(0.6795)]"
0.42,0.68,0.26,20,2,0.70027,0.78626,0.75027,"[np.float64(0.4196), np.float64(0.4296), np.float64(0.4496), np.float64(0.4596), np.float64(0.4696), np.float64(0.4896), np.float64(0.4996), np.float64(0.5196), np.float64(0.5296), np.float64(0.5396), np.float64(0.5596), np.float64(0.5696), np.float64(0.5796), np.float64(0.5996), np.float64(0.6096), np.float64(0.6296), np.float64(0.6396), np.float64(0.6495), np.float64(0.6695), np.float64(0.6795)]"
0.42,0.68,0.26,16,2,0.70007,0.78652,0.75013,"[np.float64(0.4196), np.float64(0.4396), np.float64(0.4496), np.float64(0.4696), np.float64(0.4896), np.float64(0.5096), np.float64(0.5196), np.float64(0.5396), np.float64(0.5596), np.float64(0.5796), np.float64(0.5896), np.float64(0.6096), np.float64(0.6296), np.float64(0.6495), np.float64(0.6595), np.float64(0.6795)]"
0.42,0.68,0.26,13,2,0.69997,0.78665,0.75006,"[np.float64(0.4196), np.float64(0.4396), np.float64(0.4596), np.float64(0.4796), np.float64(0.5096), np.float64(0.5296), np.float64(0.5496), np.float64(0.5696), np.float64(0.5896), np.float64(0.6196), np.float64(0.6396), np.float64(0.6595), np.float64(0.6795)]"
0.44,0.66,0.22,17,2,0.69995,0.78668,0.75004,"[np.float64(0.4396), np.float64(0.4496), np.float64(0.4696), np.float64(0.4796), np.float64(0.4996), np.float64(0.5096), np.float64(0.5196), np.float64(0.5396), np.float64(0.5496), np.float64(0.5596), np.float64(0.5796), np.float64(0.5896), np.float64(0.5996), np.float64(0.6196), np.float64(0.6296), np.float64(0.6495), np.float64(0.6595)]"
0.44,0.66,0.22,10,2,0.69991,0.78673,0.75001,"[np.float64(0.4396), np.float64(0.4596), np.float64(0.4896), np.float64(0.5096), np.float64(0.5396), np.float64(0.5596), np.float64(0.5896), np.float64(0.6096), np.float64(0.6396), np.float64(0.6595)]"
0.44,0.66,0.22,7,2,0.69962,0.78711,0.74981,"[np.float64(0.4396), np.float64(0.4796), np.float64(0.5096), np.float64(0.5496), np.float64(0.5896), np.float64(0.6196), np.float64(0.6595)]"
0.54,0.79,0.25,2,1,0.69962,0.7871,0.74981,"[np.float64(0.5396), np.float64(0.7894)]"
0.42,0.64,0.22,14,4,0.69928,0.78755,0.74957,"[np.float64(0.4196), np.float64(0.4396), np.float64(0.4496), np.float64(0.4696), np.float64(0.4896), np.float64(0.4996), np.float64(0.5196), np.float64(0.5396), np.float64(0.5596), np.float64(0.5696), np.float64(0.5896), np.float64(0.6096), np.float64(0.6196), np.float64(0.6396)]"
0.4,0.69,0.29,7,2,0.69922,0.78762,0.74952,"[np.float64(0.3996), np.float64(0.4496), np.float64(0.4996), np.float64(0.5396), np.float64(0.5896), np.float64(0.6396), np.float64(0.6895)]"
0.44,0.65,0.21,8,4,0.69912,0.78775,0.74945,"[np.float64(0.4396), np.float64(0.4696), np.float64(0.4996), np.float64(0.5296), np.float64(0.5596), np.float64(0.5896), np.float64(0.6196), np.float64(0.6495)]"
0.44,0.66,0.22,9,2,0.69894,0.788,0.74932,"[np.float64(0.4396), np.float64(0.4696), np.float64(0.4996), np.float64(0.5196), np.float64(0.5496), np.float64(0.5796), np.float64(0.5996), np.float64(0.6296), np.float64(0.6595)]"
0.42,0.68,0.26,10,2,0.69888,0.78807,0.74928,"[np.float64(0.4196), np.float64(0.4496), np.float64(0.4796), np.float64(0.5096), np.float64(0.5396), np.float64(0.5596), np.float64(0.5896), np.float64(0.6196), np.float64(0.6495), np.float64(0.6795)]"
0.42,0.68,0.26,19,2,0.69869,0.78832,0.74914,"[np.float64(0.4196), np.float64(0.4296), np.float64(0.4496), np.float64(0.4596), np.float64(0.4796), np.float64(0.4896), np.float64(0.5096), np.float64(0.5196), np.float64(0.5396), np.float64(0.5496), np.float64(0.5596), np.float64(0.5796), np.float64(0.5896), np.float64(0.6096), np.float64(0.6196), np.float64(0.6396), np.float64(0.6495), np.float64(0.6695), np.float64(0.6795)]"
0.42,0.65,0.23,4,4,0.69861,0.78843,0.74908,"[np.float64(0.4196), np.float64(0.4996), np.float64(0.5696), np.float64(0.6495)]"
0.4,0.66,0.26,9,3,0.69848,0.78859,0.74899,"[np.float64(0.3996), np.float64(0.4296), np.float64(0.4596), np.float64(0.4996), np.float64(0.5296), np.float64(0.5596), np.float64(0.5996), np.float64(0.6296), np.float64(0.6595)]"
0.44,0.66,0.22,6,2,0.6979,0.78936,0.74857,"[np.float64(0.4396), np.float64(0.4796), np.float64(0.5296), np.float64(0.5696), np.float64(0.6196), np.float64(0.6595)]"
0.4,0.66,0.26,17,3,0.69784,0.78944,0.74853,"[np.float64(0.3996), np.float64(0.4196), np.float64(0.4296), np.float64(0.4496), np.float64(0.4596), np.float64(0.4796), np.float64(0.4996), np.float64(0.5096), np.float64(0.5296), np.float64(0.5496), np.float64(0.5596), np.float64(0.5796), np.float64(0.5996), np.float64(0.6096), np.float64(0.6296), np.float64(0.6396), np.float64(0.6595)]"
0.4,0.66,0.26,12,3,0.69784,0.78944,0.74853,"[np.float64(0.3996), np.float64(0.4196), np.float64(0.4496), np.float64(0.4696), np.float64(0.4896), np.float64(0.5196), np.float64(0.5396), np.float64(0.5696), np.float64(0.5896), np.float64(0.6096), np.float64(0.6396), np.float64(0.6595)]"
0.44,0.66,0.22,11,2,0.6976,0.78974,0.74836,"[np.float64(0.4396), np.float64(0.4596), np.float64(0.4796), np.float64(0.5096), np.float64(0.5296), np.float64(0.5496), np.float64(0.5696), np.float64(0.5896), np.float64(0.6196), np.float64(0.6396), np.float64(0.6595)]"
0.42,0.63,0.21,10,4,0.69696,0.79058,0.7479,"[np.float64(0.4196), np.float64(0.4396), np.float64(0.4696), np.float64(0.4896), np.float64(0.5096), np.float64(0.5396), np.float64(0.5596), np.float64(0.5796), np.float64(0.6096), np.float64(0.6296)]"
0.4,0.66,0.26,18,3,0.69686,0.79072,0.74783,"[np.float64(0.3996), np.float64(0.4196), np.float64(0.4296), np.float64(0.4496), np.float64(0.4596), np.float64(0.4796), np.float64(0.4896), np.float64(0.5096), np.float64(0.5196), np.float64(0.5396), np.float64(0.5496), np.float64(0.5696), np.float64(0.5796), np.float64(0.5996), np.float64(0.6096), np.float64(0.6296), np.float64(0.6396), np.float64(0.6595)]"
0.4,0.66,0.26,10,3,0.69685,0.79072,0.74782,"[np.float64(0.3996), np.float64(0.4296), np.float64(0.4596), np.float64(0.4896), np.float64(0.5196), np.float64(0.5396), np.float64(0.5696), np.float64(0.5996), np.float64(0.6296), np.float64(0.6595)]"
0.4,0.66,0.26,20,3,0.69617,0.79162,0.74733,"[np.float64(0.3996), np.float64(0.4096), np.float64(0.4296), np.float64(0.4396), np.float64(0.4496), np.float64(0.4696), np.float64(0.4796), np.float64(0.4996), np.float64(0.5096), np.float64(0.5196), np.float64(0.5396), np.float64(0.5496), np.float64(0.5596), np.float64(0.5796), np.float64(0.5896), np.float64(0.6096), np.float64(0.6196), np.float64(0.6296), np.float64(0.6495), np.float64(0.6595)]"
0.42,0.64,0.22,15,4,0.69617,0.79162,0.74733,"[np.float64(0.4196), np.float64(0.4396), np.float64(0.4496), np.float64(0.4696), np.float64(0.4796), np.float64(0.4996), np.float64(0.5096), np.float64(0.5296), np.float64(0.5496), np.float64(0.5596), np.float64(0.5796), np.float64(0.5896), np.float64(0.6096), np.float64(0.6196), np.float64(0.6396)]"
0.44,0.66,0.22,4,2,0.69612,0.79167,0.7473,"[np.float64(0.4396), np.float64(0.5096), np.float64(0.5896), np.float64(0.6595)]"
0.4,0.69,0.29,9,2,0.69533,0.79271,0.74673,"[np.float64(0.3996), np.float64(0.4396), np.float64(0.4696), np.float64(0.5096), np.float64(0.5396), np.float64(0.5796), np.float64(0.6196), np.float64(0.6495), np.float64(0.6895)]"
0.4,0.66,0.26,13,3,0.69433,0.79401,0.74602,"[np.float64(0.3996), np.float64(0.4196), np.float64(0.4396), np.float64(0.4596), np.float64(0.4896), np.float64(0.5096), np.float64(0.5296), np.float64(0.5496), np.float64(0.5696), np.float64(0.5996), np.float64(0.6196), np.float64(0.6396), np.float64(0.6595)]"
0.42,0.63,0.21,6,3,0.69421,0.79416,0.74594,"[np.float64(0.4196), np.float64(0.4596), np.float64(0.4996), np.float64(0.5496), np.float64(0.5896), np.float64(0.6296)]"
0.42,0.64,0.22,6,4,0.69354,0.79503,0.74546,"[np.float64(0.4196), np.float64(0.4596), np.float64(0.5096), np.float64(0.5496), np.float64(0.5996), np.float64(0.6396)]"
0.4,0.64,0.24,3,3,0.69348,0.7951,0.74542,"[np.float64(0.3996), np.float64(0.5196), np.float64(0.6396)]"
0.44,0.66,0.22,3,2,0.69322,0.79545,0.74522,"[np.float64(0.4396), np.float64(0.5496), np.float64(0.6595)]"
0.4,0.66,0.26,7,3,0.69302,0.7957,0.74509,"[np.float64(0.3996), np.float64(0.4396), np.float64(0.4896), np.float64(0.5296), np.float64(0.5696), np.float64(0.6196), np.float64(0.6595)]"
0.4,0.66,0.26,19,3,0.69295,0.79579,0.74504,"[np.float64(0.3996), np.float64(0.4096), np.float64(0.4296), np.float64(0.4396), np.float64(0.4596), np.float64(0.4696), np.float64(0.4896), np.float64(0.4996), np.float64(0.5196), np.float64(0.5296), np.float64(0.5396), np.float64(0.5596), np.float64(0.5696), np.float64(0.5896), np.float64(0.5996), np.float64(0.6196), np.float64(0.6296), np.float64(0.6495), np.float64(0.6595)]"
0.4,0.68,0.28,4,2,0.68963,0.80008,0.74266,"[np.float64(0.3996), np.float64(0.4896), np.float64(0.5896), np.float64(0.6795)]"
0.4,0.66,0.26,16,3,0.68953,0.80021,0.74259,"[np.float64(0.3996), np.float64(0.4196), np.float64(0.4296), np.float64(0.4496), np.float64(0.4696), np.float64(0.4896), np.float64(0.4996), np.float64(0.5196), np.float64(0.5396), np.float64(0.5596), np.float64(0.5696), np.float64(0.5896), np.float64(0.6096), np.float64(0.6296), np.float64(0.6396), np.float64(0.6595)]"
0.42,0.64,0.22,9,4,0.68924,0.80059,0.74238,"[np.float64(0.4196), np.float64(0.4496), np.float64(0.4796), np.float64(0.4996), np.float64(0.5296), np.float64(0.5596), np.float64(0.5796), np.float64(0.6096), np.float64(0.6396)]"
0.4,0.69,0.29,10,2,0.68841,0.80165,0.74179,"[np.float64(0.3996), np.float64(0.4296), np.float64(0.4596), np.float64(0.4996), np.float64(0.5296), np.float64(0.5596), np.float64(0.5896), np.float64(0.6296), np.float64(0.6595), np.float64(0.6895)]"
0.4,0.69,0.29,15,2,0.68841,0.80166,0.74179,"[np.float64(0.3996), np.float64(0.4196), np.float64(0.4396), np.float64(0.4596), np.float64(0.4796), np.float64(0.4996), np.float64(0.5196), np.float64(0.5496), np.float64(0.5696), np.float64(0.5896), np.float64(0.6096), np.float64(0.6296), np.float64(0.6495), np.float64(0.6695), np.float64(0.6895)]"
0.44,0.66,0.22,5,2,0.68836,0.80172,0.74175,"[np.float64(0.4396), np.float64(0.4996), np.float64(0.5496), np.float64(0.5996), np.float64(0.6595)]"
0.4,0.69,0.29,13,2,0.68752,0.8028,0.74115,"[np.float64(0.3996), np.float64(0.4196), np.float64(0.4496), np.float64(0.4696), np.float64(0.4996), np.float64(0.5196), np.float64(0.5396), np.float64(0.5696), np.float64(0.5896), np.float64(0.6196), np.float64(0.6396), np.float64(0.6695), np.float64(0.6895)]"
0.4,0.69,0.29,11,2,0.68697,0.80351,0.74076,"[np.float64(0.3996), np.float64(0.4296), np.float64(0.4596), np.float64(0.4896), np.float64(0.5196), np.float64(0.5396), np.float64(0.5696), np.float64(0.5996), np.float64(0.6296), np.float64(0.6595), np.float64(0.6895)]"
0.4,0.69,0.29,14,2,0.68602,0.80473,0.74008,"[np.float64(0.3996), np.float64(0.4196), np.float64(0.4396), np.float64(0.4696), np.float64(0.4896), np.float64(0.5096), np.float64(0.5296), np.float64(0.5596), np.float64(0.5796), np.float64(0.5996), np.float64(0.6196), np.float64(0.6495), np.float64(0.6695), np.float64(0.6895)]"
0.42,0.62,0.2,4,3,0.68587,0.80492,0.73997,"[np.float64(0.4196), np.float64(0.4896), np.float64(0.5496), np.float64(0.6196)]"
0.4,0.69,0.29,12,2,0.6844,0.8068,0.73893,"[np.float64(0.3996), np.float64(0.4296), np.float64(0.4496), np.float64(0.4796), np.float64(0.5096), np.float64(0.5296), np.float64(0.5596), np.float64(0.5796), np.float64(0.6096), np.float64(0.6396), np.float64(0.6595), np.float64(0.6895)]"
0.4,0.68,0.28,3,2,0.68358,0.80785,0.73834,"[np.float64(0.3996), np.float64(0.5396), np.float64(0.6795)]"
0.4,0.69,0.29,17,2,0.68347,0.80799,0.73826,"[np.float64(0.3996), np.float64(0.4196), np.float64(0.4396), np.float64(0.4496), np.float64(0.4696), np.float64(0.4896), np.float64(0.5096), np.float64(0.5296), np.float64(0.5396), np.float64(0.5596), np.float64(0.5796), np.float64(0.5996), np.float64(0.6196), np.float64(0.6396), np.float64(0.6495), np.float64(0.6695), np.float64(0.6895)]"
0.42,0.65,0.23,14,4,0.68281,0.80883,0.73779,"[np.float64(0.4196), np.float64(0.4396), np.float64(0.4596), np.float64(0.4696), np.float64(0.4896), np.float64(0.5096), np.float64(0.5296), np.float64(0.5396), np.float64(0.5596), np.float64(0.5796), np.float64(0.5996), np.float64(0.6096), np.float64(0.6296), np.float64(0.6495)]"
0.42,0.64,0.22,8,3,0.68271,0.80895,0.73772,"[np.float64(0.4196), np.float64(0.4496), np.float64(0.4796), np.float64(0.5096), np.float64(0.5496), np.float64(0.5796), np.float64(0.6096), np.float64(0.6396)]"
0.46,0.79,0.33,2,2,0.68247,0.80926,0.73755,"[np.float64(0.4596), np.float64(0.7894)]"
0.4,0.69,0.29,19,2,0.68162,0.81034,0.73694,"[np.float64(0.3996), np.float64(0.4196), np.float64(0.4296), np.float64(0.4496), np.float64(0.4596), np.float64(0.4796), np.float64(0.4996), np.float64(0.5096), np.float64(0.5296), np.float64(0.5396), np.float64(0.5596), np.float64(0.5796), np.float64(0.5896), np.float64(0.6096), np.float64(0.6296), np.float64(0.6396), np.float64(0.6595), np.float64(0.6695), np.float64(0.6895)]"
0.4,0.69,0.29,20,2,0.68042,0.81187,0.73608,"[np.float64(0.3996), np.float64(0.4196), np.float64(0.4296), np.float64(0.4496), np.float64(0.4596), np.float64(0.4796), np.float64(0.4896), np.float64(0.5096), np.float64(0.5196), np.float64(0.5396), np.float64(0.5496), np.float64(0.5696), np.float64(0.5796), np.float64(0.5996), np.float64(0.6096), np.float64(0.6296), np.float64(0.6396), np.float64(0.6595), np.float64(0.6695), np.float64(0.6895)]"
0.4,0.69,0.29,16,2,0.68022,0.81212,0.73595,"[np.float64(0.3996), np.float64(0.4196), np.float64(0.4396), np.float64(0.4596), np.float64(0.4796), np.float64(0.4996), np.float64(0.5196), np.float64(0.5396), np.float64(0.5496), np.float64(0.5696), np.float64(0.5896), np.float64(0.6096), np.float64(0.6296), np.float64(0.6495), np.float64(0.6695), np.float64(0.6895)]"
0.4,0.69,0.29,18,2,0.68023,0.81211,0.73595,"[np.float64(0.3996), np.float64(0.4196), np.float64(0.4296), np.float64(0.4496), np.float64(0.4696), np.float64(0.4896), np.float64(0.4996), np.float64(0.5196), np.float64(0.5396), np.float64(0.5496), np.float64(0.5696), np.float64(0.5896), np.float64(0.5996), np.float64(0.6196), np.float64(0.6396), np.float64(0.6595), np.float64(0.6695), np.float64(0.6895)]"
0.4,0.67,0.27,8,3,0.68015,0.81222,0.73589,"[np.float64(0.3996), np.float64(0.4396), np.float64(0.4796), np.float64(0.5196), np.float64(0.5496), np.float64(0.5896), np.float64(0.6296), np.float64(0.6695)]"
0.42,0.67,0.25,5,2,0.6801,0.81227,0.73586,"[np.float64(0.4196), np.float64(0.4796), np.float64(0.5396), np.float64(0.6096), np.float64(0.6695)]"
0.42,0.67,0.25,4,2,0.67993,0.81249,0.73574,"[np.float64(0.4196), np.float64(0.4996), np.float64(0.5896), np.float64(0.6695)]"
0.44,0.65,0.21,7,2,0.67891,0.81379,0.73501,"[np.float64(0.4396), np.float64(0.4796), np.float64(0.5096), np.float64(0.5396), np.float64(0.5796), np.float64(0.6196), np.float64(0.6495)]"
0.48,0.79,0.31,2,2,0.67877,0.81396,0.73491,"[np.float64(0.4796), np.float64(0.7894)]"
0.42,0.67,0.25,3,2,0.67839,0.81445,0.73464,"[np.float64(0.4196), np.float64(0.5396), np.float64(0.6695)]"
0.4,0.67,0.27,11,3,0.6783,0.81456,0.73457,"[np.float64(0.3996), np.float64(0.4296), np.float64(0.4496), np.float64(0.4796), np.float64(0.5096), np.float64(0.5396), np.float64(0.5596), np.float64(0.5896), np.float64(0.6196), np.float64(0.6396), np.float64(0.6695)]"
0.42,0.63,0.21,3,3,0.678,0.81493,0.73436,"[np.float64(0.4196), np.float64(0.5196), np.float64(0.6296)]"
0.4,0.67,0.27,14,3,0.67689,0.81634,0.73357,"[np.float64(0.3996), np.float64(0.4196), np.float64(0.4396), np.float64(0.4596), np.float64(0.4796), np.float64(0.4996), np.float64(0.5196), np.float64(0.5496), np.float64(0.5696), np.float64(0.5896), np.float64(0.6096), np.float64(0.6296), np.float64(0.6495), np.float64(0.6695)]"
0.4,0.68,0.28,5,2,0.67662,0.81669,0.73338,"[np.float64(0.3996), np.float64(0.4696), np.float64(0.5396), np.float64(0.6096), np.float64(0.6795)]"
0.42,0.67,0.25,7,2,0.67644,0.81691,0.73325,"[np.float64(0.4196), np.float64(0.4596), np.float64(0.4996), np.float64(0.5396), np.float64(0.5896), np.float64(0.6296), np.float64(0.6695)]"
0.4,0.65,0.25,2,2,0.67623,0.81717,0.7331,"[np.float64(0.3996), np.float64(0.6495)]"
0.4,0.67,0.27,6,3,0.67609,0.81736,0.733,"[np.float64(0.3996), np.float64(0.4496), np.float64(0.5096), np.float64(0.5596), np.float64(0.6196), np.float64(0.6695)]"
0.4,0.67,0.27,15,3,0.6749,0.81885,0.73215,"[np.float64(0.3996), np.float64(0.4196), np.float64(0.4396), np.float64(0.4596), np.float64(0.4796), np.float64(0.4996), np.float64(0.5196), np.float64(0.5396), np.float64(0.5496), np.float64(0.5696), np.float64(0.5896), np.float64(0.6096), np.float64(0.6296), np.float64(0.6495), np.float64(0.6695)]"
0.4,0.67,0.27,10,3,0.67444,0.81944,0.73182,"[np.float64(0.3996), np.float64(0.4296), np.float64(0.4596), np.float64(0.4896), np.float64(0.5196), np.float64(0.5496), np.float64(0.5796), np.float64(0.6096), np.float64(0.6396), np.float64(0.6695)]"
0.4,0.67,0.27,12,3,0.67433,0.81957,0.73175,"[np.float64(0.3996), np.float64(0.4196), np.float64(0.4496), np.float64(0.4696), np.float64(0.4996), np.float64(0.5196), np.float64(0.5496), np.float64(0.5696), np.float64(0.5996), np.float64(0.6196), np.float64(0.6495), np.float64(0.6695)]"
0.42,0.67,0.25,9,2,0.67414,0.81981,0.73161,"[np.float64(0.4196), np.float64(0.4496), np.float64(0.4796), np.float64(0.5096), np.float64(0.5396), np.float64(0.5796), np.float64(0.6096), np.float64(0.6396), np.float64(0.6695)]"
0.42,0.65,0.23,16,4,0.67393,0.82007,0.73147,"[np.float64(0.4196), np.float64(0.4396), np.float64(0.4496), np.float64(0.4696), np.float64(0.4796), np.float64(0.4996), np.float64(0.5096), np.float64(0.5296), np.float64(0.5396), np.float64(0.5596), np.float64(0.5696), np.float64(0.5896), np.float64(0.5996), np.float64(0.6196), np.float64(0.6296), np.float64(0.6495)]"
0.4,0.67,0.27,16,3,0.67348,0.82064,0.73114,"[np.float64(0.3996), np.float64(0.4196), np.float64(0.4396), np.float64(0.4496), np.float64(0.4696), np.float64(0.4896), np.float64(0.5096), np.float64(0.5296), np.float64(0.5396), np.float64(0.5596), np.float64(0.5796), np.float64(0.5996), np.float64(0.6196), np.float64(0.6296), np.float64(0.6495), np.float64(0.6695)]"
0.4,0.67,0.27,7,3,0.67327,0.8209,0.73099,"[np.float64(0.3996), np.float64(0.4396), np.float64(0.4896), np.float64(0.5396), np.float64(0.5796), np.float64(0.6196), np.float64(0.6695)]"
0.42,0.67,0.25,13,2,0.67318,0.82101,0.73093,"[np.float64(0.4196), np.float64(0.4396), np.float64(0.4596), np.float64(0.4796), np.float64(0.4996), np.float64(0.5196), np.float64(0.5396), np.float64(0.5696), np.float64(0.5896), np.float64(0.6096), np.float64(0.6296), np.float64(0.6495), np.float64(0.6695)]"
0.42,0.67,0.25,6,2,0.6725,0.82186,0.73045,"[np.float64(0.4196), np.float64(0.4696), np.float64(0.5196), np.float64(0.5696), np.float64(0.6196), np.float64(0.6695)]"
0.4,0.67,0.27,18,3,0.67227,0.82216,0.73028,"[np.float64(0.3996), np.float64(0.4196), np.float64(0.4296), np.float64(0.4496), np.float64(0.4596), np.float64(0.4796), np.float64(0.4996), np.float64(0.5096), np.float64(0.5296), np.float64(0.5396), np.float64(0.5596), np.float64(0.5696), np.float64(0.5896), np.float64(0.6096), np.float64(0.6196), np.float64(0.6396), np.float64(0.6495), np.float64(0.6695)]"
0.42,0.67,0.25,8,2,0.67218,0.82228,0.73021,"[np.float64(0.4196), np.float64(0.4596), np.float64(0.4896), np.float64(0.5296), np.float64(0.5596), np.float64(0.5996), np.float64(0.6296), np.float64(0.6695)]"
0.4,0.67,0.27,17,3,0.67205,0.82244,0.73012,"[np.float64(0.3996), np.float64(0.4196), np.float64(0.4296), np.float64(0.4496), np.float64(0.4696), np.float64(0.4796), np.float64(0.4996), np.float64(0.5196), np.float64(0.5396), np.float64(0.5496), np.float64(0.5696), np.float64(0.5896), np.float64(0.5996), np.float64(0.6196), np.float64(0.6396), np.float64(0.6495), np.float64(0.6695)]"
0.42,0.65,0.23,17,4,0.67185,0.82269,0.72998,"[np.float64(0.4196), np.float64(0.4296), np.float64(0.4496), np.float64(0.4596), np.float64(0.4796), np.float64(0.4896), np.float64(0.5096), np.float64(0.5196), np.float64(0.5396), np.float64(0.5496), np.float64(0.5596), np.float64(0.5796), np.float64(0.5896), np.float64(0.6096), np.float64(0.6196), np.float64(0.6396), np.float64(0.6495)]"
0.44,0.65,0.21,5,2,0.67165,0.82293,0.72984,"[np.float64(0.4396), np.float64(0.4896), np.float64(0.5396), np.float64(0.5996), np.float64(0.6495)]"
0.58,0.8,0.22,2,2,0.67142,0.82322,0.72968,"[np.float64(0.5796), np.float64(0.7994)]"
0.42,0.67,0.25,10,2,0.67084,0.82395,0.72927,"[np.float64(0.4196), np.float64(0.4496), np.float64(0.4796), np.float64(0.4996), np.float64(0.5296), np.float64(0.5596), np.float64(0.5896), np.float64(0.6096), np.float64(0.6396), np.float64(0.6695)]"
0.42,0.67,0.25,15,2,0.67072,0.8241,0.72918,"[np.float64(0.4196), np.float64(0.4396), np.float64(0.4596), np.float64(0.4696), np.float64(0.4896), np.float64(0.5096), np.float64(0.5296), np.float64(0.5396), np.float64(0.5596), np.float64(0.5796), np.float64(0.5996), np.float64(0.6196), np.float64(0.6296), np.float64(0.6495), np.float64(0.6695)]"
0.4,0.67,0.27,9,3,0.67066,0.82418,0.72913,"[np.float64(0.3996), np.float64(0.4296), np.float64(0.4696), np.float64(0.4996), np.float64(0.5396), np.float64(0.5696), np.float64(0.5996), np.float64(0.6396), np.float64(0.6695)]"
0.52,0.79,0.27,2,2,0.67065,0.82418,0.72913,"[np.float64(0.5196), np.float64(0.7894)]"
0.4,0.67,0.27,5,3,0.6705,0.82438,0.72902,"[np.float64(0.3996), np.float64(0.4696), np.float64(0.5396), np.float64(0.5996), np.float64(0.6695)]"
0.42,0.67,0.25,17,2,0.67024,0.8247,0.72884,"[np.float64(0.4196), np.float64(0.4396), np.float64(0.4496), np.float64(0.4696), np.float64(0.4796), np.float64(0.4996), np.float64(0.5096), np.float64(0.5296), np.float64(0.5396), np.float64(0.5596), np.float64(0.5796), np.float64(0.5896), np.float64(0.6096), np.float64(0.6196), np.float64(0.6396), np.float64(0.6495), np.float64(0.6695)]"
0.4,0.67,0.27,13,3,0.66992,0.8251,0.72861,"[np.float64(0.3996), np.float64(0.4196), np.float64(0.4396), np.float64(0.4696), np.float64(0.4896), np.float64(0.5096), np.float64(0.5396), np.float64(0.5596), np.float64(0.5796), np.float64(0.5996), np.float64(0.6196), np.float64(0.6495), np.float64(0.6695)]"
0.4,0.68,0.28,9,3,0.66986,0.82518,0.72857,"[np.float64(0.3996), np.float64(0.4396), np.float64(0.4696), np.float64(0.4996), np.float64(0.5396), np.float64(0.5796), np.float64(0.6096), np.float64(0.6396), np.float64(0.6795)]"
0.4,0.67,0.27,20,3,0.66963,0.82546,0.7284,"[np.float64(0.3996), np.float64(0.4096), np.float64(0.4296), np.float64(0.4396), np.float64(0.4596), np.float64(0.4696), np.float64(0.4896), np.float64(0.4996), np.float64(0.5096), np.float64(0.5296), np.float64(0.5396), np.float64(0.5596), np.float64(0.5696), np.float64(0.5796), np.float64(0.5996), np.float64(0.6096), np.float64(0.6296), np.float64(0.6396), np.float64(0.6595), np.float64(0.6695)]"
0.4,0.68,0.28,6,2,0.66919,0.82601,0.72809,"[np.float64(0.3996), np.float64(0.4596), np.float64(0.5096), np.float64(0.5696), np.float64(0.6196), np.float64(0.6795)]"
0.42,0.67,0.25,16,2,0.66807,0.82741,0.7273,"[np.float64(0.4196), np.float64(0.4396), np.float64(0.4496), np.float64(0.4696), np.float64(0.4896), np.float64(0.4996), np.float64(0.5196), np.float64(0.5396), np.float64(0.5496), np.float64(0.5696), np.float64(0.5896), np.float64(0.5996), np.float64(0.6196), np.float64(0.6396), np.float64(0.6495), np.float64(0.6695)]"
0.42,0.67,0.25,19,2,0.66788,0.82765,0.72716,"[np.float64(0.4196), np.float64(0.4296), np.float64(0.4496), np.float64(0.4596), np.float64(0.4796), np.float64(0.4896), np.float64(0.4996), np.float64(0.5196), np.float64(0.5296), np.float64(0.5396), np.float64(0.5596), np.float64(0.5696), np.float64(0.5896), np.float64(0.5996), np.float64(0.6096), np.float64(0.6296), np.float64(0.6396), np.float64(0.6595), np.float64(0.6695)]"
0.42,0.67,0.25,18,2,0.66783,0.8277,0.72713,"[np.float64(0.4196), np.float64(0.4296), np.float64(0.4496), np.float64(0.4596), np.float64(0.4796), np.float64(0.4896), np.float64(0.5096), np.float64(0.5196), np.float64(0.5396), np.float64(0.5496), np.float64(0.5696), np.float64(0.5796), np.float64(0.5996), np.float64(0.6096), np.float64(0.6296), np.float64(0.6396), np.float64(0.6595), np.float64(0.6695)]"
0.42,0.67,0.25,12,2,0.66779,0.82776,0.72709,"[np.float64(0.4196), np.float64(0.4396), np.float64(0.4696), np.float64(0.4896), np.float64(0.5096), np.float64(0.5296), np.float64(0.5596), np.float64(0.5796), np.float64(0.5996), np.float64(0.6196), np.float64(0.6495), np.float64(0.6695)]"
0.4,0.68,0.28,7,2,0.66676,0.82904,0.72636,"[np.float64(0.3996), np.float64(0.4496), np.float64(0.4896), np.float64(0.5396), np.float64(0.5896), np.float64(0.6296), np.float64(0.6795)]"
0.42,0.67,0.25,20,2,0.6664,0.82948,0.72611,"[np.float64(0.4196), np.float64(0.4296), np.float64(0.4496), np.float64(0.4596), np.float64(0.4696), np.float64(0.4896), np.float64(0.4996), np.float64(0.5096), np.float64(0.5296), np.float64(0.5396), np.float64(0.5496), np.float64(0.5596), np.float64(0.5796), np.float64(0.5896), np.float64(0.5996), np.float64(0.6196), np.float64(0.6296), np.float64(0.6396), np.float64(0.6595), np.float64(0.6695)]"
0.4,0.68,0.28,8,3,0.66448,0.83187,0.72474,"[np.float64(0.3996), np.float64(0.4396), np.float64(0.4796), np.float64(0.5196), np.float64(0.5596), np.float64(0.5996), np.float64(0.6396), np.float64(0.6795)]"
0.42,0.67,0.25,14,2,0.66421,0.8322,0.72455,"[np.float64(0.4196), np.float64(0.4396), np.float64(0.4596), np.float64(0.4796), np.float64(0.4996), np.float64(0.5196), np.float64(0.5396), np.float64(0.5496), np.float64(0.5696), np.float64(0.5896), np.float64(0.6096), np.float64(0.6296), np.float64(0.6495), np.float64(0.6695)]"
0.4,0.68,0.28,11,3,0.6636,0.83296,0.72412,"[np.float64(0.3996), np.float64(0.4296), np.float64(0.4596), np.float64(0.4796), np.float64(0.5096), np.float64(0.5396), np.float64(0.5696), np.float64(0.5996), np.float64(0.6196), np.float64(0.6495), np.float64(0.6795)]"
0.42,0.65,0.23,10,3,0.66353,0.83305,0.72407,"[np.float64(0.4196), np.float64(0.4496), np.float64(0.4696), np.float64(0.4996), np.float64(0.5196), np.float64(0.5496), np.float64(0.5696), np.float64(0.5996), np.float64(0.6196), np.float64(0.6495)]"
0.44,0.64,0.2,4,4,0.66328,0.83336,0.72389,"[np.float64(0.4396), np.float64(0.5096), np.float64(0.5696), np.float64(0.6396)]"
0.42,0.64,0.22,2,2,0.66323,0.83341,0.72386,"[np.float64(0.4196), np.float64(0.6396)]"
0.4,0.67,0.27,19,3,0.66316,0.83351,0.72381,"[np.float64(0.3996), np.float64(0.4196), np.float64(0.4296), np.float64(0.4396), np.float64(0.4596), np.float64(0.4796), np.float64(0.4896), np.float64(0.4996), np.float64(0.5196), np.float64(0.5396), np.float64(0.5496), np.float64(0.5596), np.float64(0.5796), np.float64(0.5996), np.float64(0.6096), np.float64(0.6196), np.float64(0.6396), np.float64(0.6595), np.float64(0.6695)]"
0.44,0.65,0.21,3,2,0.66281,0.83394,0.72355,"[np.float64(0.4396), np.float64(0.5396), np.float64(0.6495)]"
0.5,0.79,0.29,2,2,0.66224,0.83464,0.72316,"[np.float64(0.4996), np.float64(0.7894)]"
0.42,0.65,0.23,13,4,0.66085,0.83636,0.72217,"[np.float64(0.4196), np.float64(0.4396), np.float64(0.4596), np.float64(0.4796), np.float64(0.4996), np.float64(0.5196), np.float64(0.5396), np.float64(0.5496), np.float64(0.5696), np.float64(0.5896), np.float64(0.6096), np.float64(0.6296), np.float64(0.6495)]"
0.44,0.65,0.21,4,2,0.65925,0.83833,0.72103,"[np.float64(0.4396), np.float64(0.5096), np.float64(0.5796), np.float64(0.6495)]"
0.4,0.68,0.28,10,2,0.65808,0.83977,0.7202,"[np.float64(0.3996), np.float64(0.4296), np.float64(0.4596), np.float64(0.4896), np.float64(0.5196), np.float64(0.5596), np.float64(0.5896), np.float64(0.6196), np.float64(0.6495), np.float64(0.6795)]"
0.4,0.68,0.28,12,3,0.65788,0.84002,0.72006,"[np.float64(0.3996), np.float64(0.4296), np.float64(0.4496), np.float64(0.4796), np.float64(0.4996), np.float64(0.5296), np.float64(0.5496), np.float64(0.5796), np.float64(0.5996), np.float64(0.6296), np.float64(0.6495), np.float64(0.6795)]"
0.4,0.65,0.25,3,3,0.65759,0.84037,0.71985,"[np.float64(0.3996), np.float64(0.5196), np.float64(0.6495)]"
0.42,0.67,0.25,11,2,0.65747,0.84052,0.71977,"[np.float64(0.4196), np.float64(0.4396), np.float64(0.4696), np.float64(0.4996), np.float64(0.5196), np.float64(0.5396), np.float64(0.5696), np.float64(0.5996), np.float64(0.6196), np.float64(0.6396), np.float64(0.6695)]"
0.42,0.65,0.23,12,3,0.65746,0.84053,0.71976,"[np.float64(0.4196), np.float64(0.4396), np.float64(0.4596), np.float64(0.4796), np.float64(0.4996), np.float64(0.5196), np.float64(0.5496), np.float64(0.5696), np.float64(0.5896), np.float64(0.6096), np.float64(0.6296), np.float64(0.6495)]"
0.4,0.68,0.28,16,3,0.6567,0.84147,0.71922,"[np.float64(0.3996), np.float64(0.4196), np.float64(0.4396), np.float64(0.4596), np.float64(0.4696), np.float64(0.4896), np.float64(0.5096), np.float64(0.5296), np.float64(0.5496), np.float64(0.5696), np.float64(0.5896), np.float64(0.6096), np.float64(0.6196), np.float64(0.6396), np.float64(0.6595), np.float64(0.6795)]"
0.42,0.65,0.23,9,3,0.65642,0.8418,0.71903,"[np.float64(0.4196), np.float64(0.4496), np.float64(0.4796), np.float64(0.5096), np.float64(0.5396), np.float64(0.5596), np.float64(0.5896), np.float64(0.6196), np.float64(0.6495)]"
0.4,0.68,0.28,15,3,0.65505,0.84347,0.71806,"[np.float64(0.3996), np.float64(0.4196), np.float64(0.4396), np.float64(0.4596), np.float64(0.4796), np.float64(0.4996), np.float64(0.5196), np.float64(0.5396), np.float64(0.5596), np.float64(0.5796), np.float64(0.5996), np.float64(0.6196), np.float64(0.6396), np.float64(0.6595), np.float64(0.6795)]"
0.42,0.63,0.21,4,3,0.65488,0.84368,0.71794,"[np.float64(0.4196), np.float64(0.4896), np.float64(0.5596), np.float64(0.6296)]"
0.42,0.65,0.23,15,3,0.6545,0.84415,0.71767,"[np.float64(0.4196), np.float64(0.4396), np.float64(0.4496), np.float64(0.4696), np.float64(0.4896), np.float64(0.4996), np.float64(0.5196), np.float64(0.5396), np.float64(0.5496), np.float64(0.5696), np.float64(0.5796), np.float64(0.5996), np.float64(0.6196), np.float64(0.6296), np.float64(0.6495)]"
0.4,0.66,0.26,4,3,0.65375,0.84507,0.71713,"[np.float64(0.3996), np.float64(0.4896), np.float64(0.5696), np.float64(0.6595)]"
0.4,0.68,0.28,17,3,0.65324,0.84569,0.71677,"[np.float64(0.3996), np.float64(0.4196), np.float64(0.4396), np.float64(0.4496), np.float64(0.4696), np.float64(0.4896), np.float64(0.4996), np.float64(0.5196), np.float64(0.5396), np.float64(0.5596), np.float64(0.5796), np.float64(0.5896), np.float64(0.6096), np.float64(0.6296), np.float64(0.6396), np.float64(0.6595), np.float64(0.6795)]"
0.42,0.65,0.23,7,4,0.65318,0.84576,0.71673,"[np.float64(0.4196), np.float64(0.4596), np.float64(0.4996), np.float64(0.5396), np.float64(0.5696), np.float64(0.6096), np.float64(0.6495)]"
0.4,0.78,0.38,2,2,0.65316,0.84579,0.71671,"[np.float64(0.3996), np.float64(0.7795)]"
0.4,0.68,0.28,13,3,0.65173,0.84754,0.7157,"[np.float64(0.3996), np.float64(0.4196), np.float64(0.4496), np.float64(0.4696), np.float64(0.4896), np.float64(0.5196), np.float64(0.5396), np.float64(0.5596), np.float64(0.5896), np.float64(0.6096), np.float64(0.6296), np.float64(0.6595), np.float64(0.6795)]"
0.4,0.68,0.28,19,3,0.64946,0.85028,0.7141,"[np.float64(0.3996), np.float64(0.4196), np.float64(0.4296), np.float64(0.4496), np.float64(0.4596), np.float64(0.4796), np.float64(0.4896), np.float64(0.5096), np.float64(0.5196), np.float64(0.5396), np.float64(0.5596), np.float64(0.5696), np.float64(0.5896), np.float64(0.5996), np.float64(0.6196), np.float64(0.6296), np.float64(0.6495), np.float64(0.6595), np.float64(0.6795)]"
0.42,0.65,0.23,6,3,0.64854,0.8514,0.71344,"[np.float64(0.4196), np.float64(0.4696), np.float64(0.5096), np.float64(0.5596), np.float64(0.5996), np.float64(0.6495)]"
0.4,0.68,0.28,18,3,0.6482,0.85181,0.7132,"[np.float64(0.3996), np.float64(0.4196), np.float64(0.4296), np.float64(0.4496), np.float64(0.4696), np.float64(0.4796), np.float64(0.4996), np.float64(0.5196), np.float64(0.5296), np.float64(0.5496), np.float64(0.5596), np.float64(0.5796), np.float64(0.5996), np.float64(0.6096), np.float64(0.6296), np.float64(0.6495), np.float64(0.6595), np.float64(0.6795)]"
0.4,0.68,0.28,20,2,0.64742,0.85276,0.71265,"[np.float64(0.3996), np.float64(0.4096), np.float64(0.4296), np.float64(0.4396), np.float64(0.4596), np.float64(0.4696), np.float64(0.4896), np.float64(0.4996), np.float64(0.5196), np.float64(0.5296), np.float64(0.5496), np.float64(0.5596), np.float64(0.5796), np.float64(0.5896), np.float64(0.6096), np.float64(0.6196), np.float64(0.6396), np.float64(0.6495), np.float64(0.6695), np.float64(0.6795)]"
0.4,0.68,0.28,14,2,0.64552,0.85505,0.71131,"[np.float64(0.3996), np.float64(0.4196), np.float64(0.4396), np.float64(0.4596), np.float64(0.4896), np.float64(0.5096), np.float64(0.5296), np.float64(0.5496), np.float64(0.5696), np.float64(0.5896), np.float64(0.6196), np.float64(0.6396), np.float64(0.6595), np.float64(0.6795)]"
0.42,0.65,0.23,11,3,0.64506,0.85561,0.71098,"[np.float64(0.4196), np.float64(0.4396), np.float64(0.4696), np.float64(0.4896), np.float64(0.5096), np.float64(0.5396), np.float64(0.5596), np.float64(0.5796), np.float64(0.5996), np.float64(0.6296), np.float64(0.6495)]"
0.42,0.65,0.23,8,3,0.64418,0.85666,0.71036,"[np.float64(0.4196), np.float64(0.4496), np.float64(0.4896), np.float64(0.5196), np.float64(0.5496), np.float64(0.5796), np.float64(0.6196), np.float64(0.6495)]"
0.4,0.67,0.27,4,2,0.64204,0.85924,0.70885,"[np.float64(0.3996), np.float64(0.4896), np.float64(0.5796), np.float64(0.6695)]"
0.42,0.66,0.24,5,2,0.6384,0.8636,0.70627,"[np.float64(0.4196), np.float64(0.4796), np.float64(0.5396), np.float64(0.5996), np.float64(0.6595)]"
0.42,0.64,0.22,3,3,0.63829,0.86373,0.7062,"[np.float64(0.4196), np.float64(0.5296), np.float64(0.6396)]"
0.42,0.66,0.24,14,2,0.63812,0.86393,0.70608,"[np.float64(0.4196), np.float64(0.4396), np.float64(0.4596), np.float64(0.4796), np.float64(0.4896), np.float64(0.5096), np.float64(0.5296), np.float64(0.5496), np.float64(0.5696), np.float64(0.5896), np.float64(0.5996), np.float64(0.6196), np.float64(0.6396), np.float64(0.6595)]"
0.42,0.65,0.23,5,3,0.63771,0.86441,0.70579,"[np.float64(0.4196), np.float64(0.4796), np.float64(0.5396), np.float64(0.5896), np.float64(0.6495)]"
0.42,0.66,0.24,10,2,0.63632,0.86607,0.70481,"[np.float64(0.4196), np.float64(0.4496), np.float64(0.4696), np.float64(0.4996), np.float64(0.5296), np.float64(0.5496), np.float64(0.5796), np.float64(0.6096), np.float64(0.6296), np.float64(0.6595)]"
0.42,0.66,0.24,4,2,0.63617,0.86625,0.7047,"[np.float64(0.4196), np.float64(0.4996), np.float64(0.5796), np.float64(0.6595)]"
0.42,0.66,0.24,7,2,0.63586,0.86662,0.70448,"[np.float64(0.4196), np.float64(0.4596), np.float64(0.4996), np.float64(0.5396), np.float64(0.5796), np.float64(0.6196), np.float64(0.6595)]"
0.42,0.64,0.22,4,3,0.63576,0.86674,0.70441,"[np.float64(0.4196), np.float64(0.4896), np.float64(0.5696), np.float64(0.6396)]"
0.42,0.66,0.24,16,2,0.63558,0.86696,0.70429,"[np.float64(0.4196), np.float64(0.4396), np.float64(0.4496), np.float64(0.4696), np.float64(0.4796), np.float64(0.4996), np.float64(0.5196), np.float64(0.5296), np.float64(0.5496), np.float64(0.5596), np.float64(0.5796), np.float64(0.5996), np.float64(0.6096), np.float64(0.6296), np.float64(0.6396), np.float64(0.6595)]"
0.42,0.66,0.24,18,2,0.6355,0.86706,0.70423,"[np.float64(0.4196), np.float64(0.4296), np.float64(0.4496), np.float64(0.4596), np.float64(0.4796), np.float64(0.4896), np.float64(0.4996), np.float64(0.5196), np.float64(0.5296), np.float64(0.5496), np.float64(0.5596), np.float64(0.5796), np.float64(0.5896), np.float64(0.5996), np.float64(0.6196), np.float64(0.6296), np.float64(0.6495), np.float64(0.6595)]"
0.42,0.66,0.24,20,2,0.63523,0.86737,0.70404,"[np.float64(0.4196), np.float64(0.4296), np.float64(0.4496), np.float64(0.4596), np.float64(0.4696), np.float64(0.4796), np.float64(0.4996), np.float64(0.5096), np.float64(0.5196), np.float64(0.5296), np.float64(0.5496), np.float64(0.5596), np.float64(0.5696), np.float64(0.5796), np.float64(0.5996), np.float64(0.6096), np.float64(0.6196), np.float64(0.6296), np.float64(0.6495), np.float64(0.6595)]"
0.42,0.66,0.24,17,3,0.63515,0.86747,0.70398,"[np.float64(0.4196), np.float64(0.4396), np.float64(0.4496), np.float64(0.4596), np.float64(0.4796), np.float64(0.4996), np.float64(0.5096), np.float64(0.5196), np.float64(0.5396), np.float64(0.5596), np.float64(0.5696), np.float64(0.5796), np.float64(0.5996), np.float64(0.6196), np.float64(0.6296), np.float64(0.6396), np.float64(0.6595)]"
0.42,0.66,0.24,9,2,0.63492,0.86774,0.70382,"[np.float64(0.4196), np.float64(0.4496), np.float64(0.4796), np.float64(0.5096), np.float64(0.5396), np.float64(0.5696), np.float64(0.5996), np.float64(0.6296), np.float64(0.6595)]"
0.42,0.66,0.24,19,2,0.63475,0.86795,0.7037,"[np.float64(0.4196), np.float64(0.4296), np.float64(0.4496), np.float64(0.4596), np.float64(0.4696), np.float64(0.4896), np.float64(0.4996), np.float64(0.5096), np.float64(0.5296), np.float64(0.5396), np.float64(0.5496), np.float64(0.5696), np.float64(0.5796), np.float64(0.5896), np.float64(0.6096), np.float64(0.6196), np.float64(0.6296), np.float64(0.6495), np.float64(0.6595)]"
0.4,0.67,0.27,3,2,0.63469,0.86802,0.70365,"[np.float64(0.3996), np.float64(0.5396), np.float64(0.6695)]"
0.42,0.66,0.24,13,2,0.63447,0.86828,0.7035,"[np.float64(0.4196), np.float64(0.4396), np.float64(0.4596), np.float64(0.4796), np.float64(0.4996), np.float64(0.5196), np.float64(0.5396), np.float64(0.5596), np.float64(0.5796), np.float64(0.5996), np.float64(0.6196), np.float64(0.6396), np.float64(0.6595)]"
0.42,0.66,0.24,3,2,0.63412,0.86869,0.70326,"[np.float64(0.4196), np.float64(0.5396), np.float64(0.6595)]"
0.42,0.66,0.24,8,2,0.63409,0.86872,0.70324,"[np.float64(0.4196), np.float64(0.4496), np.float64(0.4896), np.float64(0.5196), np.float64(0.5596), np.float64(0.5896), np.float64(0.6296), np.float64(0.6595)]"
0.42,0.66,0.24,15,2,0.63241,0.87072,0.70205,"[np.float64(0.4196), np.float64(0.4396), np.float64(0.4496), np.float64(0.4696), np.float64(0.4896), np.float64(0.5096), np.float64(0.5196), np.float64(0.5396), np.float64(0.5596), np.float64(0.5696), np.float64(0.5896), np.float64(0.6096), np.float64(0.6296), np.float64(0.6396), np.float64(0.6595)]"
0.42,0.66,0.24,6,2,0.63177,0.87148,0.7016,"[np.float64(0.4196), np.float64(0.4696), np.float64(0.5196), np.float64(0.5596), np.float64(0.6096), np.float64(0.6595)]"
0.42,0.66,0.24,11,2,0.63157,0.87172,0.70145,"[np.float64(0.4196), np.float64(0.4396), np.float64(0.4696), np.float64(0.4896), np.float64(0.5196), np.float64(0.5396), np.float64(0.5596), np.float64(0.5896), np.float64(0.6096), np.float64(0.6396), np.float64(0.6595)]"
0.4,0.64,0.24,2,2,0.63017,0.87336,0.70047,"[np.float64(0.3996), np.float64(0.6396)]"
0.42,0.66,0.24,12,2,0.62878,0.87501,0.69949,"[np.float64(0.4196), np.float64(0.4396), np.float64(0.4596), np.float64(0.4896), np.float64(0.5096), np.float64(0.5296), np.float64(0.5496), np.float64(0.5696), np.float64(0.5896), np.float64(0.6196), np.float64(0.6396), np.float64(0.6595)]"
0.44,0.79,0.35,2,2,0.62789,0.87605,0.69886,"[np.float64(0.4396), np.float64(0.7894)]"
0.44,0.64,0.2,3,2,0.62419,0.8804,0.69626,"[np.float64(0.4396), np.float64(0.5396), np.float64(0.6396)]"
0.42,0.63,0.21,2,2,0.62201,0.88295,0.69472,"[np.float64(0.4196), np.float64(0.6296)]"
0.4,0.66,0.26,3,3,0.61146,0.89519,0.68731,"[np.float64(0.3996), np.float64(0.5296), np.float64(0.6595)]"
0.56,0.8,0.24,2,2,0.60951,0.89743,0.68594,"[np.float64(0.5596), np.float64(0.7994)]"
0.42,0.65,0.23,3,2,0.59147,0.91793,0.67329,"[np.float64(0.4196), np.float64(0.5396), np.float64(0.6495)]"
0.4,0.63,0.23,2,2,0.58453,0.9257,0.66843,"[np.float64(0.3996), np.float64(0.6296)]"
0.42,0.62,0.2,2,2,0.57888,0.93197,0.66449,"[np.float64(0.4196), np.float64(0.6196)]"
0.54,0.8,0.26,2,2,0.5494,0.96403,0.64395,"[np.float64(0.5396), np.float64(0.7994)]"
0.4,0.62,0.22,2,2,0.53723,0.97697,0.63549,"[np.float64(0.3996), np.float64(0.6196)]"
0.42,0.79,0.37,2,2,0.51605,0.99907,0.62082,"[np.float64(0.4196), np.float64(0.7894)]"
0.52,0.8,0.28,2,2,0.50288,1.01257,0.61172,"[np.float64(0.5196), np.float64(0.7994)]"
0.48,0.8,0.32,2,2,0.49417,1.02141,0.60571,"[np.float64(0.4796), np.float64(0.7994)]"
0.4,0.61,0.21,2,2,0.49025,1.02536,0.60301,"[np.float64(0.3996), np.float64(0.6096)]"
0.46,0.8,0.34,2,2,0.4852,1.03042,0.59953,"[np.float64(0.4596), np.float64(0.7994)]"
0.5,0.8,0.3,2,2,0.47713,1.03847,0.59397,"[np.float64(0.4996), np.float64(0.7994)]"
0.4,0.6,0.2,2,2,0.44093,1.07381,0.56911,"[np.float64(0.3996), np.float64(0.5996)]"
0.44,0.8,0.36,2,2,0.37536,1.13505,0.52432,"[np.float64(0.4396), np.float64(0.7994)]"
0.4,0.79,0.39,2,2,0.36845,1.1413,0.51962,"[np.float64(0.3996), np.float64(0.7894)]"
0.42,0.8,0.38,2,2,0.17345,1.30567,0.38801,"[np.float64(0.4196), np.float64(0.7994)]"
0.4,0.8,0.4,2,2,-0.07867,1.49156,0.26742,"[np.float64(0.3996), np.float64(0.7994)]"
