mode,V_start,V_end,window_V,n_points,n_features,n_components,R2_LOO,RMSE_LOO,composite,V_selected
both,0.4,0.73,0.33,4,8,3,0.94338,0.34172,0.93566,"[np.float64(0.3996), np.float64(0.5096), np.float64(0.6196), np.float64(0.7295)]"
both,0.4,0.74,0.34,3,6,3,0.94067,0.34982,0.93331,"[np.float64(0.3996), np.float64(0.5696), np.float64(0.7395)]"
both,0.4,0.75,0.35,3,6,3,0.93841,0.35641,0.93136,"[np.float64(0.3996), np.float64(0.5796), np.float64(0.7495)]"
both,0.4,0.73,0.33,3,6,3,0.93751,0.359,0.9306,"[np.float64(0.3996), np.float64(0.5596), np.float64(0.7295)]"
both,0.4,0.74,0.34,4,8,3,0.93726,0.35973,0.93038,"[np.float64(0.3996), np.float64(0.5096), np.float64(0.6296), np.float64(0.7395)]"
both,0.4,0.71,0.31,3,6,3,0.93586,0.36371,0.92919,"[np.float64(0.3996), np.float64(0.5596), np.float64(0.7095)]"
both,0.4,0.72,0.32,3,6,3,0.93513,0.36578,0.92857,"[np.float64(0.3996), np.float64(0.5596), np.float64(0.7195)]"
both,0.4,0.76,0.36,3,6,3,0.93476,0.36682,0.92825,"[np.float64(0.3996), np.float64(0.5796), np.float64(0.7595)]"
both,0.4,0.77,0.37,3,6,3,0.93379,0.36954,0.92742,"[np.float64(0.3996), np.float64(0.5796), np.float64(0.7695)]"
both,0.4,0.72,0.32,4,8,3,0.93335,0.37075,0.92706,"[np.float64(0.3996), np.float64(0.5096), np.float64(0.6096), np.float64(0.7195)]"
both,0.4,0.75,0.35,4,8,3,0.93279,0.37233,0.92658,"[np.float64(0.3996), np.float64(0.5196), np.float64(0.6296), np.float64(0.7495)]"
I,0.4,0.76,0.36,5,5,3,0.93163,0.37551,0.9256,"[np.float64(0.3996), np.float64(0.4896), np.float64(0.5796), np.float64(0.6695), np.float64(0.7595)]"
both,0.4,0.79,0.39,5,10,2,0.931,0.37724,0.92507,"[np.float64(0.3996), np.float64(0.4996), np.float64(0.5996), np.float64(0.6895), np.float64(0.7894)]"
I,0.4,0.74,0.34,2,2,2,0.93094,0.3774,0.92502,"[np.float64(0.3996), np.float64(0.7395)]"
I,0.4,0.76,0.36,6,6,3,0.93024,0.37932,0.92443,"[np.float64(0.3996), np.float64(0.4696), np.float64(0.5396), np.float64(0.6196), np.float64(0.6895), np.float64(0.7595)]"
both,0.4,0.79,0.39,3,6,2,0.93019,0.37944,0.92439,"[np.float64(0.3996), np.float64(0.5996), np.float64(0.7894)]"
both,0.4,0.71,0.31,4,8,3,0.92907,0.38248,0.92344,"[np.float64(0.3996), np.float64(0.4996), np.float64(0.6096), np.float64(0.7095)]"
I,0.4,0.73,0.33,2,2,2,0.92888,0.383,0.92328,"[np.float64(0.3996), np.float64(0.7295)]"
both,0.4,0.7,0.3,3,6,3,0.92782,0.38583,0.9224,"[np.float64(0.3996), np.float64(0.5496), np.float64(0.6995)]"
both,0.4,0.8,0.4,3,6,2,0.92764,0.38632,0.92225,"[np.float64(0.3996), np.float64(0.5996), np.float64(0.7994)]"
both,0.4,0.78,0.38,5,10,2,0.92674,0.38872,0.92149,"[np.float64(0.3996), np.float64(0.4996), np.float64(0.5896), np.float64(0.6795), np.float64(0.7795)]"
both,0.4,0.7,0.3,4,8,3,0.9259,0.39093,0.92079,"[np.float64(0.3996), np.float64(0.4996), np.float64(0.5996), np.float64(0.6995)]"
I,0.4,0.75,0.35,4,4,3,0.92544,0.39215,0.9204,"[np.float64(0.3996), np.float64(0.5196), np.float64(0.6296), np.float64(0.7495)]"
I,0.4,0.75,0.35,5,5,3,0.92477,0.3939,0.91985,"[np.float64(0.3996), np.float64(0.4896), np.float64(0.5796), np.float64(0.6595), np.float64(0.7495)]"
both,0.4,0.78,0.38,3,6,2,0.92448,0.39466,0.91961,"[np.float64(0.3996), np.float64(0.5896), np.float64(0.7795)]"
both,0.6,0.8,0.2,3,6,2,0.92411,0.39563,0.9193,"[np.float64(0.5996), np.float64(0.6995), np.float64(0.7994)]"
both,0.4,0.79,0.39,4,8,2,0.9241,0.39565,0.91929,"[np.float64(0.3996), np.float64(0.5296), np.float64(0.6595), np.float64(0.7894)]"
both,0.45,0.8,0.35,3,6,2,0.92356,0.39705,0.91884,"[np.float64(0.4496), np.float64(0.6296), np.float64(0.7994)]"
both,0.4,0.78,0.38,4,8,2,0.92331,0.39772,0.91863,"[np.float64(0.3996), np.float64(0.5296), np.float64(0.6495), np.float64(0.7795)]"
I,0.4,0.75,0.35,6,6,3,0.92329,0.39775,0.91862,"[np.float64(0.3996), np.float64(0.4696), np.float64(0.5396), np.float64(0.6096), np.float64(0.6795), np.float64(0.7495)]"
both,0.4,0.72,0.32,5,10,3,0.92316,0.3981,0.91851,"[np.float64(0.3996), np.float64(0.4796), np.float64(0.5596), np.float64(0.6396), np.float64(0.7195)]"
both,0.45,0.79,0.34,3,6,2,0.92304,0.39842,0.91841,"[np.float64(0.4496), np.float64(0.6196), np.float64(0.7894)]"
I,0.45,0.74,0.29,2,2,2,0.923,0.3985,0.91838,"[np.float64(0.4496), np.float64(0.7395)]"
both,0.45,0.77,0.32,3,6,2,0.92297,0.39859,0.91835,"[np.float64(0.4496), np.float64(0.6096), np.float64(0.7695)]"
both,0.5,0.79,0.29,4,8,2,0.92288,0.39883,0.91827,"[np.float64(0.4996), np.float64(0.5996), np.float64(0.6895), np.float64(0.7894)]"
both,0.4,0.77,0.37,2,4,2,0.9223,0.40031,0.9178,"[np.float64(0.3996), np.float64(0.7695)]"
both,0.45,0.8,0.35,4,8,2,0.92202,0.40104,0.91757,"[np.float64(0.4496), np.float64(0.5696), np.float64(0.6795), np.float64(0.7994)]"
both,0.4,0.78,0.38,6,12,2,0.92196,0.40119,0.91752,"[np.float64(0.3996), np.float64(0.4796), np.float64(0.5496), np.float64(0.6296), np.float64(0.6995), np.float64(0.7795)]"
both,0.45,0.79,0.34,4,8,2,0.92182,0.40154,0.9174,"[np.float64(0.4496), np.float64(0.5596), np.float64(0.6795), np.float64(0.7894)]"
both,0.4,0.77,0.37,6,12,3,0.92171,0.40182,0.91731,"[np.float64(0.3996), np.float64(0.4696), np.float64(0.5496), np.float64(0.6196), np.float64(0.6995), np.float64(0.7695)]"
both,0.45,0.78,0.33,3,6,2,0.92152,0.40232,0.91715,"[np.float64(0.4496), np.float64(0.6096), np.float64(0.7795)]"
I,0.55,0.75,0.2,5,5,2,0.92149,0.40241,0.91712,"[np.float64(0.5496), np.float64(0.5996), np.float64(0.6495), np.float64(0.6995), np.float64(0.7495)]"
both,0.4,0.77,0.37,5,10,2,0.92144,0.40253,0.91708,"[np.float64(0.3996), np.float64(0.4896), np.float64(0.5796), np.float64(0.6795), np.float64(0.7695)]"
both,0.45,0.73,0.28,3,6,3,0.92142,0.40257,0.91707,"[np.float64(0.4496), np.float64(0.5896), np.float64(0.7295)]"
both,0.6,0.8,0.2,2,4,2,0.9213,0.40288,0.91697,"[np.float64(0.5996), np.float64(0.7994)]"
both,0.4,0.8,0.4,2,4,3,0.92128,0.40294,0.91695,"[np.float64(0.3996), np.float64(0.7994)]"
both,0.5,0.78,0.28,4,8,2,0.92124,0.40304,0.91692,"[np.float64(0.4996), np.float64(0.5896), np.float64(0.6895), np.float64(0.7795)]"
both,0.5,0.79,0.29,3,6,2,0.9212,0.40314,0.91689,"[np.float64(0.4996), np.float64(0.6396), np.float64(0.7894)]"
I,0.55,0.75,0.2,6,6,2,0.92107,0.40346,0.91678,"[np.float64(0.5496), np.float64(0.5896), np.float64(0.6296), np.float64(0.6695), np.float64(0.7095), np.float64(0.7495)]"
I,0.55,0.75,0.2,4,4,2,0.92091,0.40389,0.91664,"[np.float64(0.5496), np.float64(0.6196), np.float64(0.6795), np.float64(0.7495)]"
both,0.4,0.8,0.4,4,8,2,0.92081,0.40413,0.91657,"[np.float64(0.3996), np.float64(0.5296), np.float64(0.6695), np.float64(0.7994)]"
I,0.5,0.74,0.24,2,2,2,0.92077,0.40425,0.91653,"[np.float64(0.4996), np.float64(0.7395)]"
I,0.4,0.74,0.34,3,3,3,0.92076,0.40426,0.91652,"[np.float64(0.3996), np.float64(0.5696), np.float64(0.7395)]"
both,0.5,0.78,0.28,3,6,2,0.92071,0.4044,0.91648,"[np.float64(0.4996), np.float64(0.6396), np.float64(0.7795)]"
I,0.45,0.73,0.28,2,2,2,0.92059,0.40469,0.91638,"[np.float64(0.4496), np.float64(0.7295)]"
both,0.4,0.71,0.31,5,10,3,0.92051,0.40491,0.91631,"[np.float64(0.3996), np.float64(0.4796), np.float64(0.5596), np.float64(0.6296), np.float64(0.7095)]"
both,0.45,0.77,0.32,5,10,2,0.91998,0.40625,0.91588,"[np.float64(0.4496), np.float64(0.5296), np.float64(0.6096), np.float64(0.6895), np.float64(0.7695)]"
both,0.55,0.78,0.23,4,8,2,0.91977,0.40677,0.91571,"[np.float64(0.5496), np.float64(0.6296), np.float64(0.6995), np.float64(0.7795)]"
both,0.4,0.8,0.4,5,10,2,0.9197,0.40697,0.91564,"[np.float64(0.3996), np.float64(0.4996), np.float64(0.5996), np.float64(0.6995), np.float64(0.7994)]"
I,0.55,0.76,0.21,6,6,2,0.91953,0.40739,0.91551,"[np.float64(0.5496), np.float64(0.5896), np.float64(0.6296), np.float64(0.6795), np.float64(0.7195), np.float64(0.7595)]"
both,0.55,0.78,0.23,3,6,1,0.91952,0.40741,0.9155,"[np.float64(0.5496), np.float64(0.6695), np.float64(0.7795)]"
both,0.45,0.8,0.35,2,4,3,0.91938,0.40777,0.91538,"[np.float64(0.4496), np.float64(0.7994)]"
both,0.55,0.79,0.24,4,8,2,0.91935,0.40785,0.91536,"[np.float64(0.5496), np.float64(0.6296), np.float64(0.7095), np.float64(0.7894)]"
I,0.5,0.75,0.25,6,6,2,0.9193,0.40798,0.91531,"[np.float64(0.4996), np.float64(0.5496), np.float64(0.5996), np.float64(0.6495), np.float64(0.6995), np.float64(0.7495)]"
both,0.4,0.76,0.36,2,4,2,0.91927,0.40805,0.91529,"[np.float64(0.3996), np.float64(0.7595)]"
I,0.5,0.73,0.23,2,2,2,0.91927,0.40805,0.91529,"[np.float64(0.4996), np.float64(0.7295)]"
both,0.55,0.77,0.22,4,8,2,0.91914,0.40837,0.91519,"[np.float64(0.5496), np.float64(0.6196), np.float64(0.6995), np.float64(0.7695)]"
I,0.5,0.75,0.25,5,5,2,0.91891,0.40896,0.91499,"[np.float64(0.4996), np.float64(0.5596), np.float64(0.6196), np.float64(0.6895), np.float64(0.7495)]"
I,0.55,0.75,0.2,3,3,2,0.91877,0.40931,0.91488,"[np.float64(0.5496), np.float64(0.6495), np.float64(0.7495)]"
I,0.5,0.74,0.24,3,3,2,0.91848,0.41004,0.91464,"[np.float64(0.4996), np.float64(0.6196), np.float64(0.7395)]"
I,0.4,0.72,0.32,2,2,2,0.91826,0.4106,0.91446,"[np.float64(0.3996), np.float64(0.7195)]"
I,0.5,0.74,0.24,4,4,2,0.91816,0.41084,0.91438,"[np.float64(0.4996), np.float64(0.5796), np.float64(0.6595), np.float64(0.7395)]"
both,0.4,0.77,0.37,4,8,2,0.91814,0.41089,0.91436,"[np.float64(0.3996), np.float64(0.5196), np.float64(0.6495), np.float64(0.7695)]"
I,0.4,0.75,0.35,3,3,3,0.91801,0.41122,0.91426,"[np.float64(0.3996), np.float64(0.5796), np.float64(0.7495)]"
both,0.4,0.78,0.38,2,4,2,0.91801,0.41123,0.91425,"[np.float64(0.3996), np.float64(0.7795)]"
I,0.55,0.76,0.21,5,5,2,0.91785,0.41162,0.91412,"[np.float64(0.5496), np.float64(0.5996), np.float64(0.6495), np.float64(0.7095), np.float64(0.7595)]"
both,0.45,0.76,0.31,3,6,2,0.91776,0.41184,0.91405,"[np.float64(0.4496), np.float64(0.6096), np.float64(0.7595)]"
I,0.5,0.74,0.24,5,5,2,0.91772,0.41195,0.91401,"[np.float64(0.4996), np.float64(0.5596), np.float64(0.6196), np.float64(0.6795), np.float64(0.7395)]"
both,0.4,0.79,0.39,6,12,2,0.91758,0.41229,0.9139,"[np.float64(0.3996), np.float64(0.4796), np.float64(0.5596), np.float64(0.6296), np.float64(0.7095), np.float64(0.7894)]"
I,0.5,0.75,0.25,4,4,2,0.91757,0.41233,0.91389,"[np.float64(0.4996), np.float64(0.5796), np.float64(0.6695), np.float64(0.7495)]"
both,0.45,0.79,0.34,6,12,2,0.91755,0.41237,0.91388,"[np.float64(0.4496), np.float64(0.5196), np.float64(0.5896), np.float64(0.6495), np.float64(0.7195), np.float64(0.7894)]"
both,0.5,0.78,0.28,5,10,2,0.91745,0.41263,0.91379,"[np.float64(0.4996), np.float64(0.5696), np.float64(0.6396), np.float64(0.7095), np.float64(0.7795)]"
both,0.45,0.78,0.33,5,10,2,0.91739,0.41278,0.91374,"[np.float64(0.4496), np.float64(0.5296), np.float64(0.6096), np.float64(0.6995), np.float64(0.7795)]"
I,0.4,0.75,0.35,2,2,2,0.91737,0.41283,0.91372,"[np.float64(0.3996), np.float64(0.7495)]"
both,0.5,0.8,0.3,3,6,2,0.91735,0.41287,0.91371,"[np.float64(0.4996), np.float64(0.6495), np.float64(0.7994)]"
both,0.5,0.77,0.27,3,6,2,0.91718,0.41329,0.91357,"[np.float64(0.4996), np.float64(0.6396), np.float64(0.7695)]"
I,0.5,0.74,0.24,6,6,2,0.91708,0.41355,0.91349,"[np.float64(0.4996), np.float64(0.5496), np.float64(0.5996), np.float64(0.6396), np.float64(0.6895), np.float64(0.7395)]"
I,0.5,0.76,0.26,6,6,2,0.91704,0.41365,0.91346,"[np.float64(0.4996), np.float64(0.5496), np.float64(0.5996), np.float64(0.6595), np.float64(0.7095), np.float64(0.7595)]"
both,0.4,0.76,0.36,6,12,2,0.91699,0.41377,0.91341,"[np.float64(0.3996), np.float64(0.4696), np.float64(0.5396), np.float64(0.6196), np.float64(0.6895), np.float64(0.7595)]"
both,0.45,0.78,0.33,4,8,2,0.91681,0.41423,0.91326,"[np.float64(0.4496), np.float64(0.5596), np.float64(0.6695), np.float64(0.7795)]"
both,0.4,0.73,0.33,2,4,3,0.9166,0.41475,0.91309,"[np.float64(0.3996), np.float64(0.7295)]"
both,0.55,0.8,0.25,4,8,2,0.91646,0.4151,0.91298,"[np.float64(0.5496), np.float64(0.6296), np.float64(0.7195), np.float64(0.7994)]"
both,0.5,0.77,0.27,5,10,2,0.91638,0.41528,0.91292,"[np.float64(0.4996), np.float64(0.5696), np.float64(0.6396), np.float64(0.6995), np.float64(0.7695)]"
both,0.4,0.8,0.4,6,12,2,0.91633,0.41541,0.91287,"[np.float64(0.3996), np.float64(0.4796), np.float64(0.5596), np.float64(0.6396), np.float64(0.7195), np.float64(0.7994)]"
both,0.5,0.79,0.29,5,10,2,0.9162,0.41573,0.91277,"[np.float64(0.4996), np.float64(0.5696), np.float64(0.6396), np.float64(0.7195), np.float64(0.7894)]"
I,0.5,0.73,0.23,3,3,2,0.91614,0.41588,0.91272,"[np.float64(0.4996), np.float64(0.6196), np.float64(0.7295)]"
both,0.4,0.76,0.36,4,8,3,0.91606,0.41609,0.91265,"[np.float64(0.3996), np.float64(0.5196), np.float64(0.6396), np.float64(0.7595)]"
I,0.4,0.77,0.37,6,6,3,0.91599,0.41625,0.91259,"[np.float64(0.3996), np.float64(0.4696), np.float64(0.5496), np.float64(0.6196), np.float64(0.6995), np.float64(0.7695)]"
I,0.45,0.75,0.3,2,2,2,0.91581,0.41669,0.91245,"[np.float64(0.4496), np.float64(0.7495)]"
both,0.5,0.8,0.3,6,12,2,0.91564,0.41713,0.9123,"[np.float64(0.4996), np.float64(0.5596), np.float64(0.6196), np.float64(0.6795), np.float64(0.7395), np.float64(0.7994)]"
both,0.45,0.78,0.33,6,12,2,0.91546,0.41757,0.91216,"[np.float64(0.4496), np.float64(0.5196), np.float64(0.5796), np.float64(0.6495), np.float64(0.7095), np.float64(0.7795)]"
I,0.5,0.76,0.26,5,5,2,0.91543,0.41764,0.91214,"[np.float64(0.4996), np.float64(0.5596), np.float64(0.6296), np.float64(0.6995), np.float64(0.7595)]"
both,0.45,0.77,0.32,6,12,2,0.91542,0.41766,0.91213,"[np.float64(0.4496), np.float64(0.5096), np.float64(0.5796), np.float64(0.6396), np.float64(0.7095), np.float64(0.7695)]"
I,0.55,0.76,0.21,4,4,2,0.91537,0.4178,0.91208,"[np.float64(0.5496), np.float64(0.6196), np.float64(0.6895), np.float64(0.7595)]"
both,0.4,0.72,0.32,2,4,3,0.91529,0.41799,0.91202,"[np.float64(0.3996), np.float64(0.7195)]"
both,0.5,0.76,0.26,3,6,2,0.91527,0.41803,0.912,"[np.float64(0.4996), np.float64(0.6296), np.float64(0.7595)]"
both,0.45,0.74,0.29,3,6,3,0.91508,0.41851,0.91185,"[np.float64(0.4496), np.float64(0.5896), np.float64(0.7395)]"
both,0.5,0.76,0.26,5,10,2,0.91502,0.41865,0.9118,"[np.float64(0.4996), np.float64(0.5596), np.float64(0.6296), np.float64(0.6995), np.float64(0.7595)]"
both,0.45,0.76,0.31,2,4,2,0.915,0.41871,0.91178,"[np.float64(0.4496), np.float64(0.7595)]"
both,0.55,0.79,0.24,3,6,1,0.91491,0.41893,0.9117,"[np.float64(0.5496), np.float64(0.6695), np.float64(0.7894)]"
both,0.55,0.8,0.25,6,12,2,0.91481,0.41916,0.91163,"[np.float64(0.5496), np.float64(0.5996), np.float64(0.6495), np.float64(0.6995), np.float64(0.7495), np.float64(0.7994)]"
both,0.45,0.79,0.34,5,10,2,0.91441,0.42014,0.9113,"[np.float64(0.4496), np.float64(0.5296), np.float64(0.6196), np.float64(0.7095), np.float64(0.7894)]"
both,0.5,0.79,0.29,6,12,2,0.91437,0.42026,0.91126,"[np.float64(0.4996), np.float64(0.5596), np.float64(0.6196), np.float64(0.6695), np.float64(0.7295), np.float64(0.7894)]"
I,0.5,0.72,0.22,2,2,2,0.91433,0.42036,0.91123,"[np.float64(0.4996), np.float64(0.7195)]"
I,0.5,0.73,0.23,4,4,2,0.91422,0.42061,0.91115,"[np.float64(0.4996), np.float64(0.5796), np.float64(0.6495), np.float64(0.7295)]"
both,0.45,0.8,0.35,6,12,2,0.91417,0.42073,0.91111,"[np.float64(0.4496), np.float64(0.5196), np.float64(0.5896), np.float64(0.6595), np.float64(0.7295), np.float64(0.7994)]"
both,0.4,0.7,0.3,5,10,3,0.91413,0.42084,0.91107,"[np.float64(0.3996), np.float64(0.4796), np.float64(0.5496), np.float64(0.6196), np.float64(0.6995)]"
I,0.45,0.72,0.27,2,2,2,0.9137,0.4219,0.91071,"[np.float64(0.4496), np.float64(0.7195)]"
both,0.45,0.8,0.35,5,10,2,0.91365,0.42201,0.91068,"[np.float64(0.4496), np.float64(0.5396), np.float64(0.6296), np.float64(0.7095), np.float64(0.7994)]"
both,0.45,0.69,0.24,3,6,2,0.91354,0.4223,0.91058,"[np.float64(0.4496), np.float64(0.5696), np.float64(0.6895)]"
both,0.5,0.78,0.28,6,12,2,0.9135,0.42239,0.91055,"[np.float64(0.4996), np.float64(0.5596), np.float64(0.6096), np.float64(0.6695), np.float64(0.7195), np.float64(0.7795)]"
I,0.55,0.77,0.22,6,6,2,0.91337,0.42269,0.91045,"[np.float64(0.5496), np.float64(0.5896), np.float64(0.6396), np.float64(0.6795), np.float64(0.7295), np.float64(0.7695)]"
both,0.55,0.8,0.25,2,4,3,0.91336,0.42273,0.91044,"[np.float64(0.5496), np.float64(0.7994)]"
both,0.5,0.7,0.2,3,6,2,0.91335,0.42276,0.91043,"[np.float64(0.4996), np.float64(0.5996), np.float64(0.6995)]"
both,0.5,0.8,0.3,5,10,2,0.9133,0.42287,0.91039,"[np.float64(0.4996), np.float64(0.5796), np.float64(0.6495), np.float64(0.7195), np.float64(0.7994)]"
I,0.5,0.75,0.25,3,3,2,0.91325,0.42299,0.91035,"[np.float64(0.4996), np.float64(0.6196), np.float64(0.7495)]"
both,0.5,0.8,0.3,4,8,2,0.91305,0.42347,0.91019,"[np.float64(0.4996), np.float64(0.5996), np.float64(0.6995), np.float64(0.7994)]"
both,0.4,0.79,0.39,2,4,3,0.91288,0.4239,0.91005,"[np.float64(0.3996), np.float64(0.7894)]"
both,0.5,0.75,0.25,3,6,2,0.91284,0.424,0.91001,"[np.float64(0.4996), np.float64(0.6196), np.float64(0.7495)]"
both,0.45,0.77,0.32,2,4,2,0.91263,0.42449,0.90985,"[np.float64(0.4496), np.float64(0.7695)]"
I,0.5,0.73,0.23,5,5,2,0.91257,0.42464,0.9098,"[np.float64(0.4996), np.float64(0.5596), np.float64(0.6196), np.float64(0.6695), np.float64(0.7295)]"
both,0.45,0.76,0.31,6,12,2,0.91209,0.42581,0.90941,"[np.float64(0.4496), np.float64(0.5096), np.float64(0.5696), np.float64(0.6396), np.float64(0.6995), np.float64(0.7595)]"
both,0.4,0.69,0.29,4,8,2,0.91208,0.42585,0.90939,"[np.float64(0.3996), np.float64(0.4996), np.float64(0.5896), np.float64(0.6895)]"
I,0.4,0.74,0.34,4,4,3,0.91207,0.42586,0.90939,"[np.float64(0.3996), np.float64(0.5096), np.float64(0.6296), np.float64(0.7395)]"
both,0.55,0.78,0.23,6,12,2,0.91203,0.42596,0.90935,"[np.float64(0.5496), np.float64(0.5996), np.float64(0.6396), np.float64(0.6895), np.float64(0.7295), np.float64(0.7795)]"
both,0.55,0.8,0.25,3,6,2,0.91198,0.42608,0.90931,"[np.float64(0.5496), np.float64(0.6695), np.float64(0.7994)]"
both,0.45,0.75,0.3,2,4,2,0.91185,0.4264,0.9092,"[np.float64(0.4496), np.float64(0.7495)]"
both,0.4,0.69,0.29,3,6,2,0.91179,0.42654,0.90916,"[np.float64(0.3996), np.float64(0.5396), np.float64(0.6895)]"
both,0.45,0.75,0.3,3,6,3,0.91167,0.42682,0.90907,"[np.float64(0.4496), np.float64(0.5996), np.float64(0.7495)]"
I,0.5,0.73,0.23,6,6,2,0.91156,0.42709,0.90897,"[np.float64(0.4996), np.float64(0.5496), np.float64(0.5896), np.float64(0.6396), np.float64(0.6795), np.float64(0.7295)]"
both,0.4,0.74,0.34,2,4,3,0.9114,0.42747,0.90884,"[np.float64(0.3996), np.float64(0.7395)]"
both,0.55,0.79,0.24,5,10,2,0.91131,0.42769,0.90877,"[np.float64(0.5496), np.float64(0.6096), np.float64(0.6695), np.float64(0.7295), np.float64(0.7894)]"
I,0.5,0.72,0.22,3,3,2,0.91127,0.42779,0.90874,"[np.float64(0.4996), np.float64(0.6096), np.float64(0.7195)]"
both,0.5,0.76,0.26,2,4,2,0.91119,0.42799,0.90867,"[np.float64(0.4996), np.float64(0.7595)]"
I,0.5,0.75,0.25,2,2,2,0.91106,0.4283,0.90857,"[np.float64(0.4996), np.float64(0.7495)]"
both,0.5,0.77,0.27,4,8,2,0.91099,0.42846,0.90851,"[np.float64(0.4996), np.float64(0.5896), np.float64(0.6795), np.float64(0.7695)]"
both,0.4,0.76,0.36,5,10,2,0.91093,0.4286,0.90846,"[np.float64(0.3996), np.float64(0.4896), np.float64(0.5796), np.float64(0.6695), np.float64(0.7595)]"
both,0.45,0.77,0.32,4,8,2,0.91088,0.42872,0.90842,"[np.float64(0.4496), np.float64(0.5596), np.float64(0.6595), np.float64(0.7695)]"
both,0.55,0.77,0.22,3,6,1,0.91085,0.42881,0.90839,"[np.float64(0.5496), np.float64(0.6595), np.float64(0.7695)]"
I,0.55,0.77,0.22,5,5,2,0.91082,0.42886,0.90837,"[np.float64(0.5496), np.float64(0.6096), np.float64(0.6595), np.float64(0.7095), np.float64(0.7695)]"
I,0.45,0.74,0.29,4,4,3,0.91062,0.42936,0.9082,"[np.float64(0.4496), np.float64(0.5496), np.float64(0.6396), np.float64(0.7395)]"
both,0.55,0.79,0.24,6,12,2,0.91057,0.42947,0.90817,"[np.float64(0.5496), np.float64(0.5996), np.float64(0.6495), np.float64(0.6895), np.float64(0.7395), np.float64(0.7894)]"
both,0.5,0.79,0.29,2,4,3,0.91038,0.42993,0.90801,"[np.float64(0.4996), np.float64(0.7894)]"
both,0.5,0.77,0.27,2,4,2,0.91035,0.43001,0.90798,"[np.float64(0.4996), np.float64(0.7695)]"
both,0.55,0.8,0.25,5,10,2,0.91033,0.43006,0.90797,"[np.float64(0.5496), np.float64(0.6096), np.float64(0.6695), np.float64(0.7395), np.float64(0.7994)]"
both,0.5,0.8,0.3,2,4,3,0.91029,0.43016,0.90793,"[np.float64(0.4996), np.float64(0.7994)]"
I,0.55,0.75,0.2,2,2,2,0.91023,0.43029,0.90789,"[np.float64(0.5496), np.float64(0.7495)]"
both,0.55,0.77,0.22,2,4,2,0.91008,0.43066,0.90777,"[np.float64(0.5496), np.float64(0.7695)]"
I,0.5,0.77,0.27,6,6,2,0.91005,0.43073,0.90774,"[np.float64(0.4996), np.float64(0.5496), np.float64(0.6096), np.float64(0.6595), np.float64(0.7195), np.float64(0.7695)]"
both,0.4,0.75,0.35,2,4,2,0.90986,0.43118,0.90759,"[np.float64(0.3996), np.float64(0.7495)]"
I,0.5,0.76,0.26,4,4,2,0.9095,0.43203,0.9073,"[np.float64(0.4996), np.float64(0.5896), np.float64(0.6695), np.float64(0.7595)]"
both,0.5,0.77,0.27,6,12,2,0.90951,0.43202,0.9073,"[np.float64(0.4996), np.float64(0.5496), np.float64(0.6096), np.float64(0.6595), np.float64(0.7195), np.float64(0.7695)]"
both,0.55,0.78,0.23,5,10,2,0.90936,0.43238,0.90718,"[np.float64(0.5496), np.float64(0.6096), np.float64(0.6695), np.float64(0.7195), np.float64(0.7795)]"
both,0.5,0.74,0.24,3,6,2,0.90932,0.43246,0.90715,"[np.float64(0.4996), np.float64(0.6196), np.float64(0.7395)]"
both,0.45,0.69,0.24,2,4,2,0.90921,0.43272,0.90706,"[np.float64(0.4496), np.float64(0.6895)]"
I,0.5,0.72,0.22,4,4,2,0.90901,0.4332,0.9069,"[np.float64(0.4996), np.float64(0.5696), np.float64(0.6495), np.float64(0.7195)]"
both,0.5,0.75,0.25,2,4,2,0.90896,0.43333,0.90686,"[np.float64(0.4996), np.float64(0.7495)]"
both,0.6,0.8,0.2,5,10,2,0.90893,0.43341,0.90683,"[np.float64(0.5996), np.float64(0.6495), np.float64(0.6995), np.float64(0.7495), np.float64(0.7994)]"
both,0.55,0.76,0.21,4,8,2,0.90875,0.43382,0.90669,"[np.float64(0.5496), np.float64(0.6196), np.float64(0.6895), np.float64(0.7595)]"
both,0.55,0.76,0.21,2,4,2,0.90855,0.43429,0.90653,"[np.float64(0.5496), np.float64(0.7595)]"
I,0.4,0.76,0.36,4,4,3,0.90852,0.43436,0.9065,"[np.float64(0.3996), np.float64(0.5196), np.float64(0.6396), np.float64(0.7595)]"
both,0.55,0.76,0.21,5,10,2,0.90827,0.43496,0.9063,"[np.float64(0.5496), np.float64(0.5996), np.float64(0.6495), np.float64(0.7095), np.float64(0.7595)]"
both,0.5,0.71,0.21,3,6,2,0.90825,0.43501,0.90628,"[np.float64(0.4996), np.float64(0.5996), np.float64(0.7095)]"
both,0.45,0.7,0.25,2,4,2,0.90798,0.43566,0.90606,"[np.float64(0.4496), np.float64(0.6995)]"
I,0.4,0.77,0.37,5,5,3,0.90795,0.43572,0.90604,"[np.float64(0.3996), np.float64(0.4896), np.float64(0.5796), np.float64(0.6795), np.float64(0.7695)]"
both,0.5,0.75,0.25,5,10,2,0.9079,0.43583,0.906,"[np.float64(0.4996), np.float64(0.5596), np.float64(0.6196), np.float64(0.6895), np.float64(0.7495)]"
I,0.45,0.74,0.29,3,3,3,0.90778,0.43612,0.9059,"[np.float64(0.4496), np.float64(0.5896), np.float64(0.7395)]"
dIdV,0.6,0.8,0.2,2,2,1,0.90778,0.43612,0.9059,"[np.float64(0.5996), np.float64(0.7994)]"
both,0.5,0.73,0.23,3,6,2,0.90775,0.4362,0.90587,"[np.float64(0.4996), np.float64(0.6196), np.float64(0.7295)]"
both,0.55,0.79,0.24,2,4,3,0.90771,0.43629,0.90585,"[np.float64(0.5496), np.float64(0.7894)]"
I,0.5,0.72,0.22,5,5,2,0.90712,0.43768,0.90537,"[np.float64(0.4996), np.float64(0.5596), np.float64(0.6096), np.float64(0.6595), np.float64(0.7195)]"
I,0.5,0.77,0.27,5,5,2,0.90703,0.4379,0.90529,"[np.float64(0.4996), np.float64(0.5696), np.float64(0.6396), np.float64(0.6995), np.float64(0.7695)]"
I,0.5,0.71,0.21,2,2,2,0.90694,0.43811,0.90522,"[np.float64(0.4996), np.float64(0.7095)]"
both,0.5,0.72,0.22,3,6,2,0.90689,0.43822,0.90518,"[np.float64(0.4996), np.float64(0.6096), np.float64(0.7195)]"
both,0.5,0.7,0.2,2,4,2,0.90671,0.43864,0.90504,"[np.float64(0.4996), np.float64(0.6995)]"
I,0.55,0.76,0.21,3,3,2,0.90665,0.43879,0.90499,"[np.float64(0.5496), np.float64(0.6495), np.float64(0.7595)]"
both,0.4,0.75,0.35,6,12,2,0.90647,0.43922,0.90484,"[np.float64(0.3996), np.float64(0.4696), np.float64(0.5396), np.float64(0.6096), np.float64(0.6795), np.float64(0.7495)]"
both,0.55,0.77,0.22,5,10,2,0.90645,0.43925,0.90483,"[np.float64(0.5496), np.float64(0.6096), np.float64(0.6595), np.float64(0.7095), np.float64(0.7695)]"
both,0.5,0.76,0.26,6,12,2,0.90637,0.43944,0.90476,"[np.float64(0.4996), np.float64(0.5496), np.float64(0.5996), np.float64(0.6595), np.float64(0.7095), np.float64(0.7595)]"
I,0.5,0.72,0.22,6,6,2,0.90587,0.44061,0.90436,"[np.float64(0.4996), np.float64(0.5396), np.float64(0.5896), np.float64(0.6296), np.float64(0.6795), np.float64(0.7195)]"
I,0.55,0.77,0.22,4,4,2,0.90574,0.44091,0.90425,"[np.float64(0.5496), np.float64(0.6196), np.float64(0.6995), np.float64(0.7695)]"
both,0.45,0.69,0.24,4,8,2,0.90574,0.44092,0.90425,"[np.float64(0.4496), np.float64(0.5296), np.float64(0.6096), np.float64(0.6895)]"
dIdV,0.4,0.8,0.4,5,5,2,0.90562,0.44119,0.90416,"[np.float64(0.3996), np.float64(0.4996), np.float64(0.5996), np.float64(0.6995), np.float64(0.7994)]"
both,0.45,0.75,0.3,6,12,2,0.90554,0.44139,0.90409,"[np.float64(0.4496), np.float64(0.5096), np.float64(0.5696), np.float64(0.6296), np.float64(0.6895), np.float64(0.7495)]"
both,0.4,0.68,0.28,4,8,2,0.90548,0.44152,0.90404,"[np.float64(0.3996), np.float64(0.4896), np.float64(0.5896), np.float64(0.6795)]"
both,0.4,0.73,0.33,5,10,3,0.90522,0.44214,0.90383,"[np.float64(0.3996), np.float64(0.4796), np.float64(0.5596), np.float64(0.6495), np.float64(0.7295)]"
both,0.4,0.71,0.31,2,4,3,0.90505,0.44253,0.90369,"[np.float64(0.3996), np.float64(0.7095)]"
both,0.55,0.76,0.21,3,6,2,0.90493,0.44281,0.9036,"[np.float64(0.5496), np.float64(0.6495), np.float64(0.7595)]"
both,0.5,0.7,0.2,4,8,2,0.90488,0.44293,0.90356,"[np.float64(0.4996), np.float64(0.5696), np.float64(0.6296), np.float64(0.6995)]"
both,0.45,0.74,0.29,2,4,2,0.90487,0.44294,0.90355,"[np.float64(0.4496), np.float64(0.7395)]"
both,0.55,0.75,0.2,2,4,2,0.90484,0.44301,0.90353,"[np.float64(0.5496), np.float64(0.7495)]"
both,0.45,0.79,0.34,2,4,3,0.90474,0.44325,0.90344,"[np.float64(0.4496), np.float64(0.7894)]"
I,0.5,0.71,0.21,3,3,2,0.90461,0.44357,0.90334,"[np.float64(0.4996), np.float64(0.5996), np.float64(0.7095)]"
both,0.5,0.75,0.25,6,12,2,0.90458,0.44363,0.90331,"[np.float64(0.4996), np.float64(0.5496), np.float64(0.5996), np.float64(0.6495), np.float64(0.6995), np.float64(0.7495)]"
both,0.55,0.78,0.23,2,4,2,0.90444,0.44394,0.9032,"[np.float64(0.5496), np.float64(0.7795)]"
I,0.55,0.78,0.23,6,6,2,0.90422,0.44446,0.90303,"[np.float64(0.5496), np.float64(0.5996), np.float64(0.6396), np.float64(0.6895), np.float64(0.7295), np.float64(0.7795)]"
I,0.45,0.74,0.29,5,5,3,0.90411,0.44472,0.90293,"[np.float64(0.4496), np.float64(0.5196), np.float64(0.5896), np.float64(0.6695), np.float64(0.7395)]"
both,0.4,0.69,0.29,5,10,2,0.90399,0.44499,0.90284,"[np.float64(0.3996), np.float64(0.4696), np.float64(0.5396), np.float64(0.6196), np.float64(0.6895)]"
I,0.55,0.8,0.25,6,6,3,0.90389,0.44522,0.90276,"[np.float64(0.5496), np.float64(0.5996), np.float64(0.6495), np.float64(0.6995), np.float64(0.7495), np.float64(0.7994)]"
both,0.5,0.74,0.24,2,4,2,0.90368,0.44571,0.90259,"[np.float64(0.4996), np.float64(0.7395)]"
both,0.45,0.7,0.25,4,8,2,0.90366,0.44577,0.90257,"[np.float64(0.4496), np.float64(0.5296), np.float64(0.6196), np.float64(0.6995)]"
I,0.45,0.76,0.31,6,6,2,0.90347,0.4462,0.90242,"[np.float64(0.4496), np.float64(0.5096), np.float64(0.5696), np.float64(0.6396), np.float64(0.6995), np.float64(0.7595)]"
I,0.6,0.8,0.2,6,6,2,0.90294,0.44741,0.902,"[np.float64(0.5996), np.float64(0.6396), np.float64(0.6795), np.float64(0.7195), np.float64(0.7595), np.float64(0.7994)]"
I,0.55,0.8,0.25,5,5,3,0.90248,0.44848,0.90162,"[np.float64(0.5496), np.float64(0.6096), np.float64(0.6695), np.float64(0.7395), np.float64(0.7994)]"
both,0.4,0.68,0.28,5,10,2,0.90244,0.44857,0.90159,"[np.float64(0.3996), np.float64(0.4696), np.float64(0.5396), np.float64(0.6096), np.float64(0.6795)]"
both,0.45,0.72,0.27,3,6,3,0.90235,0.44877,0.90152,"[np.float64(0.4496), np.float64(0.5896), np.float64(0.7195)]"
I,0.45,0.71,0.26,2,2,2,0.90216,0.44922,0.90136,"[np.float64(0.4496), np.float64(0.7095)]"
I,0.55,0.79,0.24,6,6,3,0.90215,0.44923,0.90136,"[np.float64(0.5496), np.float64(0.5996), np.float64(0.6495), np.float64(0.6895), np.float64(0.7395), np.float64(0.7894)]"
dIdV,0.5,0.8,0.3,4,4,2,0.90191,0.4498,0.90116,"[np.float64(0.4996), np.float64(0.5996), np.float64(0.6995), np.float64(0.7994)]"
both,0.45,0.76,0.31,5,10,2,0.90187,0.44989,0.90113,"[np.float64(0.4496), np.float64(0.5296), np.float64(0.6096), np.float64(0.6795), np.float64(0.7595)]"
I,0.5,0.71,0.21,4,4,2,0.90181,0.45002,0.90108,"[np.float64(0.4996), np.float64(0.5696), np.float64(0.6396), np.float64(0.7095)]"
both,0.45,0.7,0.25,3,6,2,0.90173,0.4502,0.90102,"[np.float64(0.4496), np.float64(0.5696), np.float64(0.6995)]"
I,0.5,0.76,0.26,3,3,2,0.90161,0.45048,0.90092,"[np.float64(0.4996), np.float64(0.6296), np.float64(0.7595)]"
dIdV,0.4,0.69,0.29,4,4,2,0.90137,0.45103,0.90073,"[np.float64(0.3996), np.float64(0.4996), np.float64(0.5896), np.float64(0.6895)]"
both,0.6,0.8,0.2,6,12,2,0.90126,0.45128,0.90064,"[np.float64(0.5996), np.float64(0.6396), np.float64(0.6795), np.float64(0.7195), np.float64(0.7595), np.float64(0.7994)]"
I,0.4,0.74,0.34,5,5,3,0.90122,0.45136,0.90061,"[np.float64(0.3996), np.float64(0.4796), np.float64(0.5696), np.float64(0.6595), np.float64(0.7395)]"
both,0.55,0.75,0.2,5,10,2,0.90116,0.45152,0.90056,"[np.float64(0.5496), np.float64(0.5996), np.float64(0.6495), np.float64(0.6995), np.float64(0.7495)]"
both,0.5,0.71,0.21,4,8,2,0.9011,0.45164,0.90051,"[np.float64(0.4996), np.float64(0.5696), np.float64(0.6396), np.float64(0.7095)]"
both,0.45,0.76,0.31,4,8,2,0.90109,0.45167,0.9005,"[np.float64(0.4496), np.float64(0.5496), np.float64(0.6595), np.float64(0.7595)]"
both,0.4,0.75,0.35,5,10,2,0.90101,0.45185,0.90044,"[np.float64(0.3996), np.float64(0.4896), np.float64(0.5796), np.float64(0.6595), np.float64(0.7495)]"
I,0.6,0.8,0.2,5,5,3,0.90076,0.45243,0.90024,"[np.float64(0.5996), np.float64(0.6495), np.float64(0.6995), np.float64(0.7495), np.float64(0.7994)]"
both,0.55,0.77,0.22,6,12,3,0.90071,0.45253,0.9002,"[np.float64(0.5496), np.float64(0.5896), np.float64(0.6396), np.float64(0.6795), np.float64(0.7295), np.float64(0.7695)]"
I,0.45,0.75,0.3,6,6,2,0.90051,0.453,0.90004,"[np.float64(0.4496), np.float64(0.5096), np.float64(0.5696), np.float64(0.6296), np.float64(0.6895), np.float64(0.7495)]"
I,0.5,0.71,0.21,5,5,2,0.90047,0.45309,0.90001,"[np.float64(0.4996), np.float64(0.5496), np.float64(0.5996), np.float64(0.6595), np.float64(0.7095)]"
I,0.45,0.74,0.29,6,6,3,0.90038,0.45328,0.89994,"[np.float64(0.4496), np.float64(0.5096), np.float64(0.5696), np.float64(0.6196), np.float64(0.6795), np.float64(0.7395)]"
both,0.6,0.8,0.2,4,8,2,0.90021,0.45368,0.8998,"[np.float64(0.5996), np.float64(0.6695), np.float64(0.7295), np.float64(0.7994)]"
I,0.55,0.79,0.24,5,5,3,0.90007,0.45398,0.89969,"[np.float64(0.5496), np.float64(0.6096), np.float64(0.6695), np.float64(0.7295), np.float64(0.7894)]"
both,0.45,0.73,0.28,2,4,2,0.90008,0.45397,0.89969,"[np.float64(0.4496), np.float64(0.7295)]"
both,0.4,0.68,0.28,6,12,2,0.89999,0.45418,0.89962,"[np.float64(0.3996), np.float64(0.4596), np.float64(0.5096), np.float64(0.5696), np.float64(0.6196), np.float64(0.6795)]"
I,0.55,0.78,0.23,5,5,2,0.89994,0.45428,0.89958,"[np.float64(0.5496), np.float64(0.6096), np.float64(0.6695), np.float64(0.7195), np.float64(0.7795)]"
both,0.4,0.69,0.29,6,12,2,0.89983,0.45454,0.89949,"[np.float64(0.3996), np.float64(0.4596), np.float64(0.5196), np.float64(0.5696), np.float64(0.6296), np.float64(0.6895)]"
both,0.55,0.76,0.21,6,12,2,0.89963,0.45498,0.89934,"[np.float64(0.5496), np.float64(0.5896), np.float64(0.6296), np.float64(0.6795), np.float64(0.7195), np.float64(0.7595)]"
I,0.45,0.77,0.32,6,6,2,0.8996,0.45505,0.89931,"[np.float64(0.4496), np.float64(0.5096), np.float64(0.5796), np.float64(0.6396), np.float64(0.7095), np.float64(0.7695)]"
I,0.45,0.75,0.3,3,3,2,0.89952,0.45525,0.89924,"[np.float64(0.4496), np.float64(0.5996), np.float64(0.7495)]"
I,0.4,0.71,0.31,2,2,2,0.89941,0.45547,0.89916,"[np.float64(0.3996), np.float64(0.7095)]"
I,0.5,0.7,0.2,2,2,2,0.89934,0.45563,0.89911,"[np.float64(0.4996), np.float64(0.6995)]"
I,0.55,0.8,0.25,4,4,3,0.89926,0.45582,0.89904,"[np.float64(0.5496), np.float64(0.6296), np.float64(0.7195), np.float64(0.7994)]"
both,0.4,0.74,0.34,6,12,2,0.89917,0.45603,0.89897,"[np.float64(0.3996), np.float64(0.4696), np.float64(0.5396), np.float64(0.5996), np.float64(0.6695), np.float64(0.7395)]"
I,0.45,0.76,0.31,5,5,2,0.89916,0.45604,0.89896,"[np.float64(0.4496), np.float64(0.5296), np.float64(0.6096), np.float64(0.6795), np.float64(0.7595)]"
both,0.5,0.74,0.24,6,12,2,0.89912,0.45613,0.89893,"[np.float64(0.4996), np.float64(0.5496), np.float64(0.5996), np.float64(0.6396), np.float64(0.6895), np.float64(0.7395)]"
both,0.55,0.75,0.2,3,6,2,0.89909,0.45621,0.8989,"[np.float64(0.5496), np.float64(0.6495), np.float64(0.7495)]"
I,0.4,0.74,0.34,6,6,3,0.89907,0.45626,0.89889,"[np.float64(0.3996), np.float64(0.4696), np.float64(0.5396), np.float64(0.5996), np.float64(0.6695), np.float64(0.7395)]"
both,0.45,0.69,0.24,5,10,2,0.89907,0.45625,0.89889,"[np.float64(0.4496), np.float64(0.5096), np.float64(0.5696), np.float64(0.6296), np.float64(0.6895)]"
both,0.45,0.7,0.25,5,10,2,0.89905,0.45631,0.89887,"[np.float64(0.4496), np.float64(0.5096), np.float64(0.5696), np.float64(0.6396), np.float64(0.6995)]"
I,0.5,0.71,0.21,6,6,2,0.89897,0.45649,0.8988,"[np.float64(0.4996), np.float64(0.5396), np.float64(0.5796), np.float64(0.6296), np.float64(0.6695), np.float64(0.7095)]"
both,0.5,0.78,0.28,2,4,2,0.89892,0.45658,0.89877,"[np.float64(0.4996), np.float64(0.7795)]"
I,0.6,0.8,0.2,4,4,3,0.89888,0.45669,0.89873,"[np.float64(0.5996), np.float64(0.6695), np.float64(0.7295), np.float64(0.7994)]"
I,0.5,0.77,0.27,4,4,2,0.89871,0.45706,0.8986,"[np.float64(0.4996), np.float64(0.5896), np.float64(0.6795), np.float64(0.7695)]"
both,0.4,0.71,0.31,6,12,3,0.89856,0.45741,0.89848,"[np.float64(0.3996), np.float64(0.4596), np.float64(0.5196), np.float64(0.5896), np.float64(0.6495), np.float64(0.7095)]"
I,0.45,0.75,0.3,4,4,2,0.89852,0.45749,0.89845,"[np.float64(0.4496), np.float64(0.5496), np.float64(0.6495), np.float64(0.7495)]"
both,0.5,0.73,0.23,2,4,2,0.8984,0.45776,0.89835,"[np.float64(0.4996), np.float64(0.7295)]"
both,0.45,0.75,0.3,4,8,2,0.89813,0.45838,0.89813,"[np.float64(0.4496), np.float64(0.5496), np.float64(0.6495), np.float64(0.7495)]"
both,0.45,0.74,0.29,4,8,2,0.89813,0.45838,0.89813,"[np.float64(0.4496), np.float64(0.5496), np.float64(0.6396), np.float64(0.7395)]"
both,0.45,0.71,0.26,4,8,3,0.89795,0.45878,0.89799,"[np.float64(0.4496), np.float64(0.5396), np.float64(0.6196), np.float64(0.7095)]"
I,0.4,0.77,0.37,4,4,3,0.89794,0.45879,0.89798,"[np.float64(0.3996), np.float64(0.5196), np.float64(0.6495), np.float64(0.7695)]"
I,0.55,0.79,0.24,4,4,3,0.89788,0.45895,0.89793,"[np.float64(0.5496), np.float64(0.6296), np.float64(0.7095), np.float64(0.7894)]"
I,0.6,0.8,0.2,3,3,3,0.89781,0.45908,0.89788,"[np.float64(0.5996), np.float64(0.6995), np.float64(0.7994)]"
both,0.45,0.69,0.24,6,12,2,0.89757,0.45963,0.89769,"[np.float64(0.4496), np.float64(0.4996), np.float64(0.5496), np.float64(0.5896), np.float64(0.6396), np.float64(0.6895)]"
I,0.5,0.78,0.28,6,6,2,0.89757,0.45964,0.89768,"[np.float64(0.4996), np.float64(0.5596), np.float64(0.6096), np.float64(0.6695), np.float64(0.7195), np.float64(0.7795)]"
dIdV,0.6,0.8,0.2,4,4,3,0.89753,0.45973,0.89765,"[np.float64(0.5996), np.float64(0.6695), np.float64(0.7295), np.float64(0.7994)]"
I,0.45,0.76,0.31,4,4,2,0.89748,0.45983,0.89761,"[np.float64(0.4496), np.float64(0.5496), np.float64(0.6595), np.float64(0.7595)]"
dIdV,0.5,0.7,0.2,3,3,2,0.8971,0.46068,0.89731,"[np.float64(0.4996), np.float64(0.5996), np.float64(0.6995)]"
both,0.4,0.67,0.27,5,10,2,0.89703,0.46084,0.89726,"[np.float64(0.3996), np.float64(0.4696), np.float64(0.5396), np.float64(0.5996), np.float64(0.6695)]"
I,0.45,0.75,0.3,5,5,2,0.89703,0.46085,0.89725,"[np.float64(0.4496), np.float64(0.5296), np.float64(0.5996), np.float64(0.6695), np.float64(0.7495)]"
both,0.45,0.78,0.33,2,4,2,0.89697,0.46098,0.89721,"[np.float64(0.4496), np.float64(0.7795)]"
both,0.45,0.72,0.27,2,4,2,0.89694,0.46105,0.89718,"[np.float64(0.4496), np.float64(0.7195)]"
both,0.5,0.71,0.21,2,4,2,0.89691,0.46112,0.89716,"[np.float64(0.4996), np.float64(0.7095)]"
both,0.45,0.7,0.25,6,12,2,0.89675,0.46147,0.89703,"[np.float64(0.4496), np.float64(0.4996), np.float64(0.5496), np.float64(0.5996), np.float64(0.6495), np.float64(0.6995)]"
both,0.45,0.72,0.27,4,8,2,0.89657,0.46188,0.89689,"[np.float64(0.4496), np.float64(0.5396), np.float64(0.6296), np.float64(0.7195)]"
I,0.5,0.7,0.2,3,3,2,0.8964,0.46225,0.89675,"[np.float64(0.4996), np.float64(0.5996), np.float64(0.6995)]"
I,0.55,0.78,0.23,4,4,3,0.89639,0.46227,0.89674,"[np.float64(0.5496), np.float64(0.6296), np.float64(0.6995), np.float64(0.7795)]"
both,0.5,0.7,0.2,5,10,2,0.89631,0.46244,0.89668,"[np.float64(0.4996), np.float64(0.5496), np.float64(0.5996), np.float64(0.6495), np.float64(0.6995)]"
dIdV,0.4,0.7,0.3,4,4,2,0.89628,0.46252,0.89666,"[np.float64(0.3996), np.float64(0.4996), np.float64(0.5996), np.float64(0.6995)]"
dIdV,0.5,0.8,0.3,3,3,1,0.89623,0.46262,0.89662,"[np.float64(0.4996), np.float64(0.6495), np.float64(0.7994)]"
both,0.55,0.75,0.2,6,12,3,0.89609,0.46293,0.89651,"[np.float64(0.5496), np.float64(0.5896), np.float64(0.6296), np.float64(0.6695), np.float64(0.7095), np.float64(0.7495)]"
both,0.4,0.7,0.3,2,4,2,0.89602,0.46311,0.89644,"[np.float64(0.3996), np.float64(0.6995)]"
I,0.45,0.76,0.31,2,2,2,0.89595,0.46325,0.89639,"[np.float64(0.4496), np.float64(0.7595)]"
both,0.5,0.72,0.22,2,4,2,0.89558,0.46408,0.89609,"[np.float64(0.4996), np.float64(0.7195)]"
both,0.45,0.71,0.26,2,4,2,0.89539,0.4645,0.89595,"[np.float64(0.4496), np.float64(0.7095)]"
I,0.45,0.77,0.32,5,5,2,0.89536,0.46457,0.89592,"[np.float64(0.4496), np.float64(0.5296), np.float64(0.6096), np.float64(0.6895), np.float64(0.7695)]"
both,0.4,0.67,0.27,4,8,2,0.89528,0.46475,0.89586,"[np.float64(0.3996), np.float64(0.4896), np.float64(0.5796), np.float64(0.6695)]"
both,0.4,0.74,0.34,5,10,2,0.89487,0.46565,0.89553,"[np.float64(0.3996), np.float64(0.4796), np.float64(0.5696), np.float64(0.6595), np.float64(0.7395)]"
dIdV,0.4,0.8,0.4,3,3,2,0.89485,0.4657,0.89551,"[np.float64(0.3996), np.float64(0.5996), np.float64(0.7994)]"
both,0.55,0.75,0.2,4,8,3,0.89468,0.46607,0.89538,"[np.float64(0.5496), np.float64(0.6196), np.float64(0.6795), np.float64(0.7495)]"
both,0.5,0.76,0.26,4,8,2,0.89467,0.46609,0.89537,"[np.float64(0.4996), np.float64(0.5896), np.float64(0.6695), np.float64(0.7595)]"
dIdV,0.5,0.71,0.21,3,3,2,0.89408,0.4674,0.8949,"[np.float64(0.4996), np.float64(0.5996), np.float64(0.7095)]"
both,0.45,0.73,0.28,4,8,2,0.89404,0.46749,0.89487,"[np.float64(0.4496), np.float64(0.5396), np.float64(0.6396), np.float64(0.7295)]"
I,0.45,0.76,0.31,3,3,2,0.89403,0.46751,0.89486,"[np.float64(0.4496), np.float64(0.6096), np.float64(0.7595)]"
both,0.5,0.72,0.22,4,8,2,0.89397,0.46765,0.89481,"[np.float64(0.4996), np.float64(0.5696), np.float64(0.6495), np.float64(0.7195)]"
I,0.5,0.7,0.2,4,4,2,0.89365,0.46834,0.89456,"[np.float64(0.4996), np.float64(0.5696), np.float64(0.6296), np.float64(0.6995)]"
I,0.4,0.76,0.36,3,3,3,0.89364,0.46836,0.89455,"[np.float64(0.3996), np.float64(0.5796), np.float64(0.7595)]"
both,0.5,0.74,0.24,4,8,3,0.8932,0.46933,0.8942,"[np.float64(0.4996), np.float64(0.5796), np.float64(0.6595), np.float64(0.7395)]"
both,0.45,0.71,0.26,5,10,2,0.89293,0.46994,0.89398,"[np.float64(0.4496), np.float64(0.5096), np.float64(0.5796), np.float64(0.6495), np.float64(0.7095)]"
dIdV,0.45,0.69,0.24,4,4,2,0.8928,0.47022,0.89388,"[np.float64(0.4496), np.float64(0.5296), np.float64(0.6096), np.float64(0.6895)]"
both,0.4,0.67,0.27,6,12,2,0.89279,0.47023,0.89388,"[np.float64(0.3996), np.float64(0.4496), np.float64(0.5096), np.float64(0.5596), np.float64(0.6196), np.float64(0.6695)]"
both,0.5,0.73,0.23,4,8,2,0.89279,0.47023,0.89388,"[np.float64(0.4996), np.float64(0.5796), np.float64(0.6495), np.float64(0.7295)]"
both,0.5,0.71,0.21,5,10,2,0.89267,0.47051,0.89378,"[np.float64(0.4996), np.float64(0.5496), np.float64(0.5996), np.float64(0.6595), np.float64(0.7095)]"
dIdV,0.45,0.79,0.34,5,5,2,0.89263,0.47059,0.89375,"[np.float64(0.4496), np.float64(0.5296), np.float64(0.6196), np.float64(0.7095), np.float64(0.7894)]"
I,0.5,0.7,0.2,5,5,2,0.89262,0.4706,0.89374,"[np.float64(0.4996), np.float64(0.5496), np.float64(0.5996), np.float64(0.6495), np.float64(0.6995)]"
I,0.55,0.77,0.22,3,3,2,0.89248,0.47091,0.89363,"[np.float64(0.5496), np.float64(0.6595), np.float64(0.7695)]"
both,0.4,0.72,0.32,6,12,2,0.89202,0.47193,0.89326,"[np.float64(0.3996), np.float64(0.4596), np.float64(0.5296), np.float64(0.5896), np.float64(0.6595), np.float64(0.7195)]"
dIdV,0.5,0.72,0.22,3,3,2,0.89202,0.47192,0.89326,"[np.float64(0.4996), np.float64(0.6096), np.float64(0.7195)]"
both,0.45,0.72,0.27,5,10,2,0.8919,0.47218,0.89317,"[np.float64(0.4496), np.float64(0.5196), np.float64(0.5896), np.float64(0.6495), np.float64(0.7195)]"
dIdV,0.45,0.8,0.35,5,5,2,0.89183,0.47234,0.89311,"[np.float64(0.4496), np.float64(0.5396), np.float64(0.6296), np.float64(0.7095), np.float64(0.7994)]"
dIdV,0.45,0.7,0.25,4,4,2,0.89182,0.47237,0.8931,"[np.float64(0.4496), np.float64(0.5296), np.float64(0.6196), np.float64(0.6995)]"
I,0.5,0.7,0.2,6,6,2,0.89163,0.47277,0.89295,"[np.float64(0.4996), np.float64(0.5396), np.float64(0.5796), np.float64(0.6196), np.float64(0.6595), np.float64(0.6995)]"
both,0.45,0.68,0.23,3,6,2,0.89152,0.47302,0.89286,"[np.float64(0.4496), np.float64(0.5696), np.float64(0.6795)]"
I,0.55,0.78,0.23,3,3,3,0.8915,0.47306,0.89285,"[np.float64(0.5496), np.float64(0.6695), np.float64(0.7795)]"
both,0.4,0.73,0.33,6,12,2,0.89137,0.47334,0.89275,"[np.float64(0.3996), np.float64(0.4696), np.float64(0.5296), np.float64(0.5996), np.float64(0.6595), np.float64(0.7295)]"
dIdV,0.5,0.73,0.23,3,3,2,0.89125,0.47361,0.89265,"[np.float64(0.4996), np.float64(0.6196), np.float64(0.7295)]"
both,0.45,0.71,0.26,6,12,2,0.89109,0.47396,0.89252,"[np.float64(0.4496), np.float64(0.4996), np.float64(0.5496), np.float64(0.6096), np.float64(0.6595), np.float64(0.7095)]"
dIdV,0.4,0.7,0.3,5,5,2,0.89107,0.47399,0.89251,"[np.float64(0.3996), np.float64(0.4796), np.float64(0.5496), np.float64(0.6196), np.float64(0.6995)]"
dIdV,0.45,0.71,0.26,4,4,2,0.89102,0.47411,0.89247,"[np.float64(0.4496), np.float64(0.5396), np.float64(0.6196), np.float64(0.7095)]"
both,0.4,0.7,0.3,6,12,2,0.89101,0.47413,0.89246,"[np.float64(0.3996), np.float64(0.4596), np.float64(0.5196), np.float64(0.5796), np.float64(0.6396), np.float64(0.6995)]"
I,0.5,0.78,0.28,5,5,2,0.8909,0.47436,0.89238,"[np.float64(0.4996), np.float64(0.5696), np.float64(0.6396), np.float64(0.7095), np.float64(0.7795)]"
I,0.45,0.73,0.28,3,3,2,0.89073,0.47473,0.89224,"[np.float64(0.4496), np.float64(0.5896), np.float64(0.7295)]"
I,0.55,0.79,0.24,3,3,3,0.89044,0.47536,0.89201,"[np.float64(0.5496), np.float64(0.6695), np.float64(0.7894)]"
both,0.45,0.71,0.26,3,6,2,0.89034,0.47557,0.89193,"[np.float64(0.4496), np.float64(0.5796), np.float64(0.7095)]"
both,0.45,0.72,0.27,6,12,2,0.89025,0.47576,0.89186,"[np.float64(0.4496), np.float64(0.4996), np.float64(0.5596), np.float64(0.6096), np.float64(0.6695), np.float64(0.7195)]"
both,0.45,0.75,0.3,5,10,2,0.8902,0.47587,0.89182,"[np.float64(0.4496), np.float64(0.5296), np.float64(0.5996), np.float64(0.6695), np.float64(0.7495)]"
both,0.45,0.68,0.23,4,8,2,0.89007,0.47617,0.89171,"[np.float64(0.4496), np.float64(0.5296), np.float64(0.5996), np.float64(0.6795)]"
both,0.45,0.74,0.29,6,12,2,0.89004,0.47623,0.89169,"[np.float64(0.4496), np.float64(0.5096), np.float64(0.5696), np.float64(0.6196), np.float64(0.6795), np.float64(0.7395)]"
dIdV,0.4,0.69,0.29,5,5,2,0.88993,0.47647,0.8916,"[np.float64(0.3996), np.float64(0.4696), np.float64(0.5396), np.float64(0.6196), np.float64(0.6895)]"
I,0.5,0.8,0.3,6,6,3,0.88976,0.47683,0.89147,"[np.float64(0.4996), np.float64(0.5596), np.float64(0.6196), np.float64(0.6795), np.float64(0.7395), np.float64(0.7994)]"
both,0.5,0.72,0.22,6,12,2,0.88957,0.47723,0.89132,"[np.float64(0.4996), np.float64(0.5396), np.float64(0.5896), np.float64(0.6296), np.float64(0.6795), np.float64(0.7195)]"
both,0.4,0.68,0.28,3,6,2,0.88954,0.47731,0.8913,"[np.float64(0.3996), np.float64(0.5396), np.float64(0.6795)]"
dIdV,0.5,0.74,0.24,3,3,2,0.88898,0.47852,0.89085,"[np.float64(0.4996), np.float64(0.6196), np.float64(0.7395)]"
dIdV,0.45,0.78,0.33,5,5,2,0.88894,0.47861,0.89082,"[np.float64(0.4496), np.float64(0.5296), np.float64(0.6096), np.float64(0.6995), np.float64(0.7795)]"
dIdV,0.55,0.8,0.25,2,2,2,0.88872,0.47908,0.89065,"[np.float64(0.5496), np.float64(0.7994)]"
dIdV,0.5,0.8,0.3,6,6,3,0.88867,0.47919,0.89061,"[np.float64(0.4996), np.float64(0.5596), np.float64(0.6196), np.float64(0.6795), np.float64(0.7395), np.float64(0.7994)]"
I,0.55,0.8,0.25,3,3,3,0.88854,0.47946,0.89051,"[np.float64(0.5496), np.float64(0.6695), np.float64(0.7994)]"
both,0.5,0.72,0.22,5,10,2,0.88848,0.4796,0.89046,"[np.float64(0.4996), np.float64(0.5596), np.float64(0.6096), np.float64(0.6595), np.float64(0.7195)]"
I,0.45,0.78,0.33,6,6,2,0.88829,0.47999,0.89031,"[np.float64(0.4496), np.float64(0.5196), np.float64(0.5796), np.float64(0.6495), np.float64(0.7095), np.float64(0.7795)]"
dIdV,0.4,0.79,0.39,6,6,2,0.88809,0.48044,0.89015,"[np.float64(0.3996), np.float64(0.4796), np.float64(0.5596), np.float64(0.6296), np.float64(0.7095), np.float64(0.7894)]"
I,0.45,0.7,0.25,2,2,2,0.88765,0.48137,0.8898,"[np.float64(0.4496), np.float64(0.6995)]"
both,0.5,0.7,0.2,6,12,2,0.88755,0.48159,0.88972,"[np.float64(0.4996), np.float64(0.5396), np.float64(0.5796), np.float64(0.6196), np.float64(0.6595), np.float64(0.6995)]"
dIdV,0.5,0.75,0.25,3,3,3,0.88722,0.4823,0.88946,"[np.float64(0.4996), np.float64(0.6196), np.float64(0.7495)]"
dIdV,0.4,0.69,0.29,6,6,2,0.88666,0.48348,0.88902,"[np.float64(0.3996), np.float64(0.4596), np.float64(0.5196), np.float64(0.5696), np.float64(0.6296), np.float64(0.6895)]"
I,0.5,0.79,0.29,6,6,3,0.8866,0.48361,0.88897,"[np.float64(0.4996), np.float64(0.5596), np.float64(0.6196), np.float64(0.6695), np.float64(0.7295), np.float64(0.7894)]"
dIdV,0.45,0.73,0.28,3,3,2,0.88659,0.48364,0.88896,"[np.float64(0.4496), np.float64(0.5896), np.float64(0.7295)]"
I,0.45,0.73,0.28,4,4,2,0.88652,0.4838,0.88891,"[np.float64(0.4496), np.float64(0.5396), np.float64(0.6396), np.float64(0.7295)]"
I,0.5,0.76,0.26,2,2,2,0.88647,0.4839,0.88887,"[np.float64(0.4996), np.float64(0.7595)]"
dIdV,0.4,0.79,0.39,5,5,2,0.88639,0.48406,0.88881,"[np.float64(0.3996), np.float64(0.4996), np.float64(0.5996), np.float64(0.6895), np.float64(0.7894)]"
dIdV,0.55,0.79,0.24,6,6,3,0.88632,0.48421,0.88875,"[np.float64(0.5496), np.float64(0.5996), np.float64(0.6495), np.float64(0.6895), np.float64(0.7395), np.float64(0.7894)]"
both,0.45,0.73,0.28,5,10,2,0.88632,0.48422,0.88875,"[np.float64(0.4496), np.float64(0.5196), np.float64(0.5896), np.float64(0.6595), np.float64(0.7295)]"
both,0.5,0.74,0.24,5,10,2,0.88629,0.48429,0.88872,"[np.float64(0.4996), np.float64(0.5596), np.float64(0.6196), np.float64(0.6795), np.float64(0.7395)]"
I,0.45,0.77,0.32,4,4,2,0.88598,0.48493,0.88849,"[np.float64(0.4496), np.float64(0.5596), np.float64(0.6595), np.float64(0.7695)]"
I,0.4,0.78,0.38,6,6,3,0.88585,0.48521,0.88838,"[np.float64(0.3996), np.float64(0.4796), np.float64(0.5496), np.float64(0.6296), np.float64(0.6995), np.float64(0.7795)]"
dIdV,0.45,0.69,0.24,3,3,2,0.88584,0.48523,0.88837,"[np.float64(0.4496), np.float64(0.5696), np.float64(0.6895)]"
both,0.45,0.68,0.23,6,12,2,0.88581,0.4853,0.88835,"[np.float64(0.4496), np.float64(0.4996), np.float64(0.5396), np.float64(0.5896), np.float64(0.6296), np.float64(0.6795)]"
both,0.5,0.75,0.25,4,8,3,0.88555,0.48586,0.88814,"[np.float64(0.4996), np.float64(0.5796), np.float64(0.6695), np.float64(0.7495)]"
I,0.55,0.76,0.21,2,2,2,0.88537,0.48623,0.888,"[np.float64(0.5496), np.float64(0.7595)]"
both,0.4,0.66,0.26,4,8,2,0.88523,0.48652,0.88789,"[np.float64(0.3996), np.float64(0.4896), np.float64(0.5696), np.float64(0.6595)]"
both,0.45,0.74,0.29,5,10,2,0.88513,0.48674,0.88781,"[np.float64(0.4496), np.float64(0.5196), np.float64(0.5896), np.float64(0.6695), np.float64(0.7395)]"
both,0.45,0.68,0.23,5,10,2,0.88509,0.48682,0.88778,"[np.float64(0.4496), np.float64(0.5096), np.float64(0.5696), np.float64(0.6196), np.float64(0.6795)]"
both,0.45,0.67,0.22,5,10,2,0.88508,0.48686,0.88777,"[np.float64(0.4496), np.float64(0.5096), np.float64(0.5596), np.float64(0.6096), np.float64(0.6695)]"
dIdV,0.4,0.79,0.39,3,3,2,0.88505,0.48691,0.88775,"[np.float64(0.3996), np.float64(0.5996), np.float64(0.7894)]"
I,0.5,0.77,0.27,3,3,2,0.88504,0.48693,0.88774,"[np.float64(0.4996), np.float64(0.6396), np.float64(0.7695)]"
both,0.5,0.71,0.21,6,12,2,0.88502,0.48697,0.88773,"[np.float64(0.4996), np.float64(0.5396), np.float64(0.5796), np.float64(0.6296), np.float64(0.6695), np.float64(0.7095)]"
dIdV,0.4,0.8,0.4,2,2,2,0.88496,0.48711,0.88768,"[np.float64(0.3996), np.float64(0.7994)]"
both,0.45,0.66,0.21,5,10,2,0.88453,0.48801,0.88734,"[np.float64(0.4496), np.float64(0.4996), np.float64(0.5496), np.float64(0.6096), np.float64(0.6595)]"
both,0.45,0.65,0.2,3,6,2,0.88441,0.48827,0.88724,"[np.float64(0.4496), np.float64(0.5496), np.float64(0.6495)]"
dIdV,0.45,0.7,0.25,5,5,2,0.88399,0.48916,0.88691,"[np.float64(0.4496), np.float64(0.5096), np.float64(0.5696), np.float64(0.6396), np.float64(0.6995)]"
dIdV,0.45,0.8,0.35,6,6,3,0.88383,0.48949,0.88679,"[np.float64(0.4496), np.float64(0.5196), np.float64(0.5896), np.float64(0.6595), np.float64(0.7295), np.float64(0.7994)]"
both,0.45,0.66,0.21,4,8,2,0.88379,0.48956,0.88676,"[np.float64(0.4496), np.float64(0.5196), np.float64(0.5896), np.float64(0.6595)]"
I,0.4,0.73,0.33,3,3,3,0.88378,0.48959,0.88675,"[np.float64(0.3996), np.float64(0.5596), np.float64(0.7295)]"
both,0.45,0.67,0.22,6,12,2,0.88369,0.48979,0.88668,"[np.float64(0.4496), np.float64(0.4896), np.float64(0.5396), np.float64(0.5796), np.float64(0.6296), np.float64(0.6695)]"
both,0.4,0.67,0.27,3,6,2,0.88356,0.49005,0.88658,"[np.float64(0.3996), np.float64(0.5396), np.float64(0.6695)]"
both,0.45,0.73,0.28,6,12,2,0.88351,0.49015,0.88654,"[np.float64(0.4496), np.float64(0.5096), np.float64(0.5596), np.float64(0.6196), np.float64(0.6695), np.float64(0.7295)]"
dIdV,0.4,0.7,0.3,6,6,2,0.88352,0.49015,0.88654,"[np.float64(0.3996), np.float64(0.4596), np.float64(0.5196), np.float64(0.5796), np.float64(0.6396), np.float64(0.6995)]"
dIdV,0.4,0.71,0.31,5,5,2,0.88346,0.49027,0.8865,"[np.float64(0.3996), np.float64(0.4796), np.float64(0.5596), np.float64(0.6296), np.float64(0.7095)]"
both,0.5,0.73,0.23,6,12,2,0.88334,0.49053,0.8864,"[np.float64(0.4996), np.float64(0.5496), np.float64(0.5896), np.float64(0.6396), np.float64(0.6795), np.float64(0.7295)]"
dIdV,0.55,0.8,0.25,5,5,3,0.88311,0.491,0.88622,"[np.float64(0.5496), np.float64(0.6096), np.float64(0.6695), np.float64(0.7395), np.float64(0.7994)]"
I,0.5,0.79,0.29,5,5,3,0.88309,0.49105,0.8862,"[np.float64(0.4996), np.float64(0.5696), np.float64(0.6396), np.float64(0.7195), np.float64(0.7894)]"
dIdV,0.45,0.72,0.27,4,4,2,0.88305,0.49113,0.88617,"[np.float64(0.4496), np.float64(0.5396), np.float64(0.6296), np.float64(0.7195)]"
both,0.4,0.66,0.26,5,10,2,0.88294,0.49136,0.88609,"[np.float64(0.3996), np.float64(0.4596), np.float64(0.5296), np.float64(0.5996), np.float64(0.6595)]"
both,0.4,0.66,0.26,3,6,2,0.88275,0.49175,0.88594,"[np.float64(0.3996), np.float64(0.5296), np.float64(0.6595)]"
both,0.45,0.65,0.2,5,10,2,0.88265,0.49197,0.88586,"[np.float64(0.4496), np.float64(0.4996), np.float64(0.5496), np.float64(0.5996), np.float64(0.6495)]"
dIdV,0.45,0.69,0.24,5,5,2,0.88262,0.49204,0.88583,"[np.float64(0.4496), np.float64(0.5096), np.float64(0.5696), np.float64(0.6296), np.float64(0.6895)]"
both,0.45,0.66,0.21,6,12,2,0.88261,0.49205,0.88583,"[np.float64(0.4496), np.float64(0.4896), np.float64(0.5296), np.float64(0.5796), np.float64(0.6196), np.float64(0.6595)]"
I,0.45,0.73,0.28,5,5,2,0.88244,0.49242,0.88569,"[np.float64(0.4496), np.float64(0.5196), np.float64(0.5896), np.float64(0.6595), np.float64(0.7295)]"
both,0.5,0.73,0.23,5,10,3,0.88223,0.49286,0.88553,"[np.float64(0.4996), np.float64(0.5596), np.float64(0.6196), np.float64(0.6695), np.float64(0.7295)]"
I,0.45,0.78,0.33,5,5,2,0.88206,0.4932,0.8854,"[np.float64(0.4496), np.float64(0.5296), np.float64(0.6096), np.float64(0.6995), np.float64(0.7795)]"
dIdV,0.4,0.8,0.4,6,6,2,0.88201,0.4933,0.88536,"[np.float64(0.3996), np.float64(0.4796), np.float64(0.5596), np.float64(0.6396), np.float64(0.7195), np.float64(0.7994)]"
both,0.45,0.66,0.21,3,6,2,0.88163,0.4941,0.88506,"[np.float64(0.4496), np.float64(0.5496), np.float64(0.6595)]"
I,0.5,0.8,0.3,5,5,3,0.88125,0.4949,0.88476,"[np.float64(0.4996), np.float64(0.5796), np.float64(0.6495), np.float64(0.7195), np.float64(0.7994)]"
dIdV,0.4,0.69,0.29,3,3,2,0.88112,0.49517,0.88466,"[np.float64(0.3996), np.float64(0.5396), np.float64(0.6895)]"
dIdV,0.55,0.8,0.25,4,4,2,0.88095,0.49551,0.88453,"[np.float64(0.5496), np.float64(0.6296), np.float64(0.7195), np.float64(0.7994)]"
dIdV,0.6,0.8,0.2,5,5,3,0.88084,0.49575,0.88444,"[np.float64(0.5996), np.float64(0.6495), np.float64(0.6995), np.float64(0.7495), np.float64(0.7994)]"
I,0.45,0.73,0.28,6,6,2,0.88076,0.49592,0.88437,"[np.float64(0.4496), np.float64(0.5096), np.float64(0.5596), np.float64(0.6196), np.float64(0.6695), np.float64(0.7295)]"
both,0.45,0.65,0.2,4,8,2,0.88065,0.49614,0.88429,"[np.float64(0.4496), np.float64(0.5196), np.float64(0.5796), np.float64(0.6495)]"
dIdV,0.5,0.7,0.2,4,4,2,0.88021,0.49705,0.88395,"[np.float64(0.4996), np.float64(0.5696), np.float64(0.6296), np.float64(0.6995)]"
dIdV,0.45,0.69,0.24,6,6,2,0.87992,0.49766,0.88372,"[np.float64(0.4496), np.float64(0.4996), np.float64(0.5496), np.float64(0.5896), np.float64(0.6396), np.float64(0.6895)]"
dIdV,0.4,0.78,0.38,6,6,2,0.87974,0.49804,0.88357,"[np.float64(0.3996), np.float64(0.4796), np.float64(0.5496), np.float64(0.6296), np.float64(0.6995), np.float64(0.7795)]"
I,0.5,0.78,0.28,4,4,2,0.8796,0.49832,0.88346,"[np.float64(0.4996), np.float64(0.5896), np.float64(0.6895), np.float64(0.7795)]"
I,0.4,0.76,0.36,2,2,2,0.87947,0.4986,0.88336,"[np.float64(0.3996), np.float64(0.7595)]"
dIdV,0.45,0.74,0.29,4,4,3,0.87941,0.49871,0.88332,"[np.float64(0.4496), np.float64(0.5496), np.float64(0.6396), np.float64(0.7395)]"
dIdV,0.4,0.71,0.31,4,4,2,0.87933,0.49888,0.88325,"[np.float64(0.3996), np.float64(0.4996), np.float64(0.6096), np.float64(0.7095)]"
both,0.4,0.66,0.26,6,12,2,0.87924,0.49906,0.88319,"[np.float64(0.3996), np.float64(0.4496), np.float64(0.4996), np.float64(0.5596), np.float64(0.6096), np.float64(0.6595)]"
both,0.45,0.67,0.22,4,8,2,0.87907,0.49941,0.88305,"[np.float64(0.4496), np.float64(0.5196), np.float64(0.5996), np.float64(0.6695)]"
dIdV,0.4,0.65,0.25,6,6,2,0.8786,0.50039,0.88268,"[np.float64(0.3996), np.float64(0.4496), np.float64(0.4996), np.float64(0.5496), np.float64(0.5996), np.float64(0.6495)]"
dIdV,0.45,0.7,0.25,6,6,2,0.87845,0.50069,0.88257,"[np.float64(0.4496), np.float64(0.4996), np.float64(0.5496), np.float64(0.5996), np.float64(0.6495), np.float64(0.6995)]"
both,0.45,0.67,0.22,3,6,2,0.87821,0.50118,0.88238,"[np.float64(0.4496), np.float64(0.5596), np.float64(0.6695)]"
dIdV,0.4,0.64,0.24,4,4,2,0.87812,0.50137,0.88231,"[np.float64(0.3996), np.float64(0.4796), np.float64(0.5596), np.float64(0.6396)]"
dIdV,0.45,0.74,0.29,3,3,2,0.87812,0.50138,0.8823,"[np.float64(0.4496), np.float64(0.5896), np.float64(0.7395)]"
I,0.45,0.77,0.32,3,3,2,0.87792,0.50179,0.88215,"[np.float64(0.4496), np.float64(0.6096), np.float64(0.7695)]"
dIdV,0.4,0.6,0.2,2,2,2,0.87787,0.50189,0.88211,"[np.float64(0.3996), np.float64(0.5996)]"
dIdV,0.4,0.77,0.37,6,6,2,0.87787,0.50188,0.88211,"[np.float64(0.3996), np.float64(0.4696), np.float64(0.5496), np.float64(0.6196), np.float64(0.6995), np.float64(0.7695)]"
dIdV,0.5,0.79,0.29,3,3,1,0.87783,0.50198,0.88207,"[np.float64(0.4996), np.float64(0.6396), np.float64(0.7894)]"
dIdV,0.4,0.64,0.24,6,6,2,0.87773,0.50218,0.882,"[np.float64(0.3996), np.float64(0.4496), np.float64(0.4996), np.float64(0.5396), np.float64(0.5896), np.float64(0.6396)]"
both,0.45,0.65,0.2,6,12,2,0.87767,0.5023,0.88195,"[np.float64(0.4496), np.float64(0.4896), np.float64(0.5296), np.float64(0.5696), np.float64(0.6096), np.float64(0.6495)]"
I,0.45,0.72,0.27,3,3,2,0.87702,0.50363,0.88144,"[np.float64(0.4496), np.float64(0.5896), np.float64(0.7195)]"
dIdV,0.45,0.68,0.23,3,3,2,0.87692,0.50383,0.88137,"[np.float64(0.4496), np.float64(0.5696), np.float64(0.6795)]"
dIdV,0.45,0.72,0.27,3,3,2,0.87686,0.50396,0.88132,"[np.float64(0.4496), np.float64(0.5896), np.float64(0.7195)]"
both,0.4,0.64,0.24,2,4,2,0.87603,0.50566,0.88067,"[np.float64(0.3996), np.float64(0.6396)]"
dIdV,0.55,0.79,0.24,5,5,3,0.87599,0.50573,0.88064,"[np.float64(0.5496), np.float64(0.6096), np.float64(0.6695), np.float64(0.7295), np.float64(0.7894)]"
dIdV,0.55,0.79,0.24,2,2,2,0.8755,0.50674,0.88026,"[np.float64(0.5496), np.float64(0.7894)]"
dIdV,0.5,0.79,0.29,4,4,2,0.87518,0.50739,0.88001,"[np.float64(0.4996), np.float64(0.5996), np.float64(0.6895), np.float64(0.7894)]"
dIdV,0.4,0.7,0.3,3,3,2,0.87503,0.50769,0.87989,"[np.float64(0.3996), np.float64(0.5496), np.float64(0.6995)]"
dIdV,0.55,0.8,0.25,6,6,3,0.87502,0.5077,0.87988,"[np.float64(0.5496), np.float64(0.5996), np.float64(0.6495), np.float64(0.6995), np.float64(0.7495), np.float64(0.7994)]"
dIdV,0.4,0.74,0.34,4,4,3,0.87489,0.50797,0.87978,"[np.float64(0.3996), np.float64(0.5096), np.float64(0.6296), np.float64(0.7395)]"
I,0.5,0.8,0.3,4,4,3,0.87464,0.50848,0.87959,"[np.float64(0.4996), np.float64(0.5996), np.float64(0.6995), np.float64(0.7994)]"
both,0.4,0.65,0.25,3,6,2,0.87465,0.50847,0.87959,"[np.float64(0.3996), np.float64(0.5196), np.float64(0.6495)]"
I,0.4,0.78,0.38,5,5,3,0.87464,0.50848,0.87958,"[np.float64(0.3996), np.float64(0.4996), np.float64(0.5896), np.float64(0.6795), np.float64(0.7795)]"
I,0.4,0.7,0.3,2,2,2,0.87454,0.50869,0.87951,"[np.float64(0.3996), np.float64(0.6995)]"
dIdV,0.4,0.72,0.32,5,5,2,0.87432,0.50913,0.87934,"[np.float64(0.3996), np.float64(0.4796), np.float64(0.5596), np.float64(0.6396), np.float64(0.7195)]"
dIdV,0.45,0.79,0.34,6,6,3,0.87424,0.50928,0.87928,"[np.float64(0.4496), np.float64(0.5196), np.float64(0.5896), np.float64(0.6495), np.float64(0.7195), np.float64(0.7894)]"
dIdV,0.4,0.64,0.24,5,5,2,0.87422,0.50933,0.87926,"[np.float64(0.3996), np.float64(0.4596), np.float64(0.5196), np.float64(0.5796), np.float64(0.6396)]"
I,0.45,0.79,0.34,6,6,2,0.87383,0.51011,0.87896,"[np.float64(0.4496), np.float64(0.5196), np.float64(0.5896), np.float64(0.6495), np.float64(0.7195), np.float64(0.7894)]"
dIdV,0.4,0.65,0.25,5,5,2,0.87371,0.51036,0.87886,"[np.float64(0.3996), np.float64(0.4596), np.float64(0.5196), np.float64(0.5896), np.float64(0.6495)]"
dIdV,0.4,0.65,0.25,4,4,2,0.87367,0.51045,0.87883,"[np.float64(0.3996), np.float64(0.4796), np.float64(0.5696), np.float64(0.6495)]"
I,0.4,0.77,0.37,3,3,2,0.87346,0.51087,0.87867,"[np.float64(0.3996), np.float64(0.5796), np.float64(0.7695)]"
dIdV,0.4,0.71,0.31,6,6,2,0.87319,0.51141,0.87846,"[np.float64(0.3996), np.float64(0.4596), np.float64(0.5196), np.float64(0.5896), np.float64(0.6495), np.float64(0.7095)]"
dIdV,0.45,0.8,0.35,4,4,2,0.87274,0.51231,0.87811,"[np.float64(0.4496), np.float64(0.5696), np.float64(0.6795), np.float64(0.7994)]"
dIdV,0.5,0.71,0.21,4,4,2,0.8727,0.5124,0.87807,"[np.float64(0.4996), np.float64(0.5696), np.float64(0.6396), np.float64(0.7095)]"
dIdV,0.5,0.79,0.29,5,5,2,0.8724,0.51301,0.87784,"[np.float64(0.4996), np.float64(0.5696), np.float64(0.6396), np.float64(0.7195), np.float64(0.7894)]"
dIdV,0.4,0.75,0.35,4,4,3,0.8723,0.5132,0.87776,"[np.float64(0.3996), np.float64(0.5196), np.float64(0.6296), np.float64(0.7495)]"
I,0.5,0.79,0.29,4,4,3,0.87197,0.51386,0.87751,"[np.float64(0.4996), np.float64(0.5996), np.float64(0.6895), np.float64(0.7894)]"
dIdV,0.4,0.68,0.28,4,4,2,0.87195,0.51391,0.87749,"[np.float64(0.3996), np.float64(0.4896), np.float64(0.5896), np.float64(0.6795)]"
dIdV,0.45,0.76,0.31,3,3,3,0.87188,0.51404,0.87744,"[np.float64(0.4496), np.float64(0.6096), np.float64(0.7595)]"
dIdV,0.5,0.73,0.23,6,6,3,0.87146,0.51489,0.87711,"[np.float64(0.4996), np.float64(0.5496), np.float64(0.5896), np.float64(0.6396), np.float64(0.6795), np.float64(0.7295)]"
dIdV,0.4,0.61,0.21,2,2,2,0.87113,0.51556,0.87685,"[np.float64(0.3996), np.float64(0.6096)]"
dIdV,0.5,0.74,0.24,5,5,3,0.87112,0.51557,0.87684,"[np.float64(0.4996), np.float64(0.5596), np.float64(0.6196), np.float64(0.6795), np.float64(0.7395)]"
I,0.4,0.79,0.39,5,5,3,0.87107,0.51568,0.8768,"[np.float64(0.3996), np.float64(0.4996), np.float64(0.5996), np.float64(0.6895), np.float64(0.7894)]"
dIdV,0.6,0.8,0.2,3,3,2,0.87088,0.51605,0.87666,"[np.float64(0.5996), np.float64(0.6995), np.float64(0.7994)]"
dIdV,0.4,0.63,0.23,4,4,2,0.87084,0.51613,0.87663,"[np.float64(0.3996), np.float64(0.4796), np.float64(0.5496), np.float64(0.6296)]"
I,0.45,0.72,0.27,4,4,2,0.87046,0.51689,0.87633,"[np.float64(0.4496), np.float64(0.5396), np.float64(0.6296), np.float64(0.7195)]"
dIdV,0.5,0.74,0.24,6,6,3,0.87009,0.51762,0.87605,"[np.float64(0.4996), np.float64(0.5496), np.float64(0.5996), np.float64(0.6396), np.float64(0.6895), np.float64(0.7395)]"
both,0.4,0.65,0.25,4,8,2,0.86972,0.51837,0.87576,"[np.float64(0.3996), np.float64(0.4796), np.float64(0.5696), np.float64(0.6495)]"
I,0.45,0.78,0.33,4,4,2,0.86972,0.51836,0.87576,"[np.float64(0.4496), np.float64(0.5596), np.float64(0.6695), np.float64(0.7795)]"
dIdV,0.55,0.79,0.24,4,4,2,0.86973,0.51835,0.87576,"[np.float64(0.5496), np.float64(0.6296), np.float64(0.7095), np.float64(0.7894)]"
dIdV,0.4,0.63,0.23,6,6,2,0.8697,0.51841,0.87574,"[np.float64(0.3996), np.float64(0.4496), np.float64(0.4896), np.float64(0.5396), np.float64(0.5796), np.float64(0.6296)]"
both,0.45,0.65,0.2,2,4,2,0.86962,0.51857,0.87568,"[np.float64(0.4496), np.float64(0.6495)]"
dIdV,0.45,0.73,0.28,4,4,3,0.86938,0.51905,0.87549,"[np.float64(0.4496), np.float64(0.5396), np.float64(0.6396), np.float64(0.7295)]"
dIdV,0.4,0.66,0.26,6,6,2,0.86914,0.51952,0.8753,"[np.float64(0.3996), np.float64(0.4496), np.float64(0.4996), np.float64(0.5596), np.float64(0.6096), np.float64(0.6595)]"
dIdV,0.4,0.63,0.23,5,5,2,0.86898,0.51984,0.87518,"[np.float64(0.3996), np.float64(0.4596), np.float64(0.5196), np.float64(0.5696), np.float64(0.6296)]"
I,0.45,0.69,0.24,2,2,2,0.86871,0.52037,0.87497,"[np.float64(0.4496), np.float64(0.6895)]"
dIdV,0.45,0.71,0.26,5,5,2,0.86816,0.52147,0.87454,"[np.float64(0.4496), np.float64(0.5096), np.float64(0.5796), np.float64(0.6495), np.float64(0.7095)]"
I,0.45,0.72,0.27,6,6,2,0.86806,0.52166,0.87447,"[np.float64(0.4496), np.float64(0.4996), np.float64(0.5596), np.float64(0.6096), np.float64(0.6695), np.float64(0.7195)]"
I,0.45,0.79,0.34,5,5,2,0.86788,0.52202,0.87433,"[np.float64(0.4496), np.float64(0.5296), np.float64(0.6196), np.float64(0.7095), np.float64(0.7894)]"
I,0.4,0.73,0.33,4,4,3,0.86775,0.52228,0.87422,"[np.float64(0.3996), np.float64(0.5096), np.float64(0.6196), np.float64(0.7295)]"
dIdV,0.4,0.78,0.38,3,3,2,0.86748,0.52279,0.87402,"[np.float64(0.3996), np.float64(0.5896), np.float64(0.7795)]"
dIdV,0.4,0.68,0.28,5,5,2,0.86731,0.52314,0.87388,"[np.float64(0.3996), np.float64(0.4696), np.float64(0.5396), np.float64(0.6096), np.float64(0.6795)]"
I,0.45,0.8,0.35,6,6,3,0.86707,0.52361,0.8737,"[np.float64(0.4496), np.float64(0.5196), np.float64(0.5896), np.float64(0.6595), np.float64(0.7295), np.float64(0.7994)]"
I,0.4,0.79,0.39,6,6,2,0.86693,0.52389,0.87359,"[np.float64(0.3996), np.float64(0.4796), np.float64(0.5596), np.float64(0.6296), np.float64(0.7095), np.float64(0.7894)]"
dIdV,0.4,0.63,0.23,3,3,2,0.86679,0.52415,0.87349,"[np.float64(0.3996), np.float64(0.5196), np.float64(0.6296)]"
dIdV,0.4,0.64,0.24,3,3,2,0.8665,0.52474,0.87325,"[np.float64(0.3996), np.float64(0.5196), np.float64(0.6396)]"
both,0.4,0.65,0.25,2,4,2,0.86635,0.52504,0.87314,"[np.float64(0.3996), np.float64(0.6495)]"
dIdV,0.5,0.78,0.28,4,4,2,0.8662,0.52531,0.87303,"[np.float64(0.4996), np.float64(0.5896), np.float64(0.6895), np.float64(0.7795)]"
I,0.45,0.72,0.27,5,5,2,0.86609,0.52553,0.87294,"[np.float64(0.4496), np.float64(0.5196), np.float64(0.5896), np.float64(0.6495), np.float64(0.7195)]"
dIdV,0.4,0.68,0.28,6,6,2,0.86569,0.52632,0.87263,"[np.float64(0.3996), np.float64(0.4596), np.float64(0.5096), np.float64(0.5696), np.float64(0.6196), np.float64(0.6795)]"
dIdV,0.4,0.79,0.39,2,2,2,0.86562,0.52645,0.87258,"[np.float64(0.3996), np.float64(0.7894)]"
dIdV,0.4,0.66,0.26,4,4,2,0.86553,0.52663,0.87251,"[np.float64(0.3996), np.float64(0.4896), np.float64(0.5696), np.float64(0.6595)]"
dIdV,0.55,0.77,0.22,3,3,1,0.8655,0.52669,0.87248,"[np.float64(0.5496), np.float64(0.6595), np.float64(0.7695)]"
dIdV,0.4,0.72,0.32,4,4,2,0.8653,0.52708,0.87233,"[np.float64(0.3996), np.float64(0.5096), np.float64(0.6096), np.float64(0.7195)]"
dIdV,0.4,0.66,0.26,5,5,2,0.86526,0.52717,0.87229,"[np.float64(0.3996), np.float64(0.4596), np.float64(0.5296), np.float64(0.5996), np.float64(0.6595)]"
both,0.4,0.63,0.23,2,4,2,0.86492,0.52784,0.87203,"[np.float64(0.3996), np.float64(0.6296)]"
dIdV,0.5,0.73,0.23,4,4,3,0.8649,0.52786,0.87202,"[np.float64(0.4996), np.float64(0.5796), np.float64(0.6495), np.float64(0.7295)]"
dIdV,0.4,0.79,0.39,4,4,1,0.86473,0.5282,0.87189,"[np.float64(0.3996), np.float64(0.5296), np.float64(0.6595), np.float64(0.7894)]"
dIdV,0.4,0.62,0.22,4,4,2,0.8647,0.52825,0.87187,"[np.float64(0.3996), np.float64(0.4696), np.float64(0.5496), np.float64(0.6196)]"
dIdV,0.5,0.7,0.2,5,5,2,0.8645,0.52864,0.87171,"[np.float64(0.4996), np.float64(0.5496), np.float64(0.5996), np.float64(0.6495), np.float64(0.6995)]"
dIdV,0.55,0.75,0.2,6,6,3,0.86433,0.52898,0.87158,"[np.float64(0.5496), np.float64(0.5896), np.float64(0.6296), np.float64(0.6695), np.float64(0.7095), np.float64(0.7495)]"
both,0.4,0.65,0.25,5,10,2,0.864,0.52963,0.87132,"[np.float64(0.3996), np.float64(0.4596), np.float64(0.5196), np.float64(0.5896), np.float64(0.6495)]"
dIdV,0.45,0.68,0.23,4,4,2,0.86394,0.52974,0.87128,"[np.float64(0.4496), np.float64(0.5296), np.float64(0.5996), np.float64(0.6795)]"
dIdV,0.5,0.72,0.22,5,5,3,0.86386,0.52989,0.87122,"[np.float64(0.4996), np.float64(0.5596), np.float64(0.6096), np.float64(0.6595), np.float64(0.7195)]"
dIdV,0.55,0.75,0.2,5,5,3,0.86338,0.53083,0.87084,"[np.float64(0.5496), np.float64(0.5996), np.float64(0.6495), np.float64(0.6995), np.float64(0.7495)]"
dIdV,0.5,0.8,0.3,5,5,3,0.86321,0.53116,0.87071,"[np.float64(0.4996), np.float64(0.5796), np.float64(0.6495), np.float64(0.7195), np.float64(0.7994)]"
dIdV,0.45,0.79,0.34,4,4,2,0.86255,0.53243,0.8702,"[np.float64(0.4496), np.float64(0.5596), np.float64(0.6795), np.float64(0.7894)]"
dIdV,0.5,0.78,0.28,5,5,2,0.8615,0.53446,0.86939,"[np.float64(0.4996), np.float64(0.5696), np.float64(0.6396), np.float64(0.7095), np.float64(0.7795)]"
dIdV,0.5,0.76,0.26,5,5,2,0.86143,0.53461,0.86934,"[np.float64(0.4996), np.float64(0.5596), np.float64(0.6296), np.float64(0.6995), np.float64(0.7595)]"
dIdV,0.4,0.67,0.27,5,5,2,0.86116,0.53513,0.86913,"[np.float64(0.3996), np.float64(0.4696), np.float64(0.5396), np.float64(0.5996), np.float64(0.6695)]"
both,0.4,0.65,0.25,6,12,2,0.86114,0.53517,0.86911,"[np.float64(0.3996), np.float64(0.4496), np.float64(0.4996), np.float64(0.5496), np.float64(0.5996), np.float64(0.6495)]"
dIdV,0.55,0.76,0.21,3,3,1,0.86097,0.53548,0.86899,"[np.float64(0.5496), np.float64(0.6495), np.float64(0.7595)]"
dIdV,0.45,0.77,0.32,6,6,2,0.86084,0.53575,0.86888,"[np.float64(0.4496), np.float64(0.5096), np.float64(0.5796), np.float64(0.6396), np.float64(0.7095), np.float64(0.7695)]"
dIdV,0.5,0.78,0.28,3,3,1,0.8608,0.53582,0.86885,"[np.float64(0.4996), np.float64(0.6396), np.float64(0.7795)]"
dIdV,0.45,0.77,0.32,5,5,2,0.86066,0.53608,0.86875,"[np.float64(0.4496), np.float64(0.5296), np.float64(0.6096), np.float64(0.6895), np.float64(0.7695)]"
dIdV,0.4,0.62,0.22,5,5,2,0.86062,0.53617,0.86871,"[np.float64(0.3996), np.float64(0.4596), np.float64(0.5096), np.float64(0.5596), np.float64(0.6196)]"
dIdV,0.4,0.73,0.33,4,4,3,0.86032,0.53674,0.86848,"[np.float64(0.3996), np.float64(0.5096), np.float64(0.6196), np.float64(0.7295)]"
dIdV,0.4,0.62,0.22,2,2,2,0.8602,0.53698,0.86839,"[np.float64(0.3996), np.float64(0.6196)]"
dIdV,0.45,0.72,0.27,5,5,3,0.8601,0.53715,0.86832,"[np.float64(0.4496), np.float64(0.5196), np.float64(0.5896), np.float64(0.6495), np.float64(0.7195)]"
I,0.45,0.71,0.26,3,3,2,0.86008,0.53719,0.8683,"[np.float64(0.4496), np.float64(0.5796), np.float64(0.7095)]"
dIdV,0.45,0.76,0.31,6,6,2,0.85987,0.53761,0.86813,"[np.float64(0.4496), np.float64(0.5096), np.float64(0.5696), np.float64(0.6396), np.float64(0.6995), np.float64(0.7595)]"
I,0.45,0.77,0.32,2,2,2,0.85969,0.53795,0.86799,"[np.float64(0.4496), np.float64(0.7695)]"
dIdV,0.4,0.62,0.22,6,6,2,0.85961,0.5381,0.86793,"[np.float64(0.3996), np.float64(0.4396), np.float64(0.4896), np.float64(0.5296), np.float64(0.5796), np.float64(0.6196)]"
dIdV,0.5,0.74,0.24,4,4,3,0.85951,0.5383,0.86785,"[np.float64(0.4996), np.float64(0.5796), np.float64(0.6595), np.float64(0.7395)]"
dIdV,0.45,0.71,0.26,6,6,2,0.85904,0.5392,0.86749,"[np.float64(0.4496), np.float64(0.4996), np.float64(0.5496), np.float64(0.6096), np.float64(0.6595), np.float64(0.7095)]"
dIdV,0.5,0.71,0.21,5,5,3,0.85808,0.54102,0.86676,"[np.float64(0.4996), np.float64(0.5496), np.float64(0.5996), np.float64(0.6595), np.float64(0.7095)]"
dIdV,0.5,0.79,0.29,6,6,3,0.85733,0.54246,0.86618,"[np.float64(0.4996), np.float64(0.5596), np.float64(0.6196), np.float64(0.6695), np.float64(0.7295), np.float64(0.7894)]"
I,0.4,0.78,0.38,4,4,2,0.85726,0.5426,0.86612,"[np.float64(0.3996), np.float64(0.5296), np.float64(0.6495), np.float64(0.7795)]"
dIdV,0.4,0.62,0.22,3,3,2,0.85707,0.54294,0.86598,"[np.float64(0.3996), np.float64(0.5096), np.float64(0.6196)]"
dIdV,0.4,0.67,0.27,6,6,2,0.85672,0.54362,0.86571,"[np.float64(0.3996), np.float64(0.4496), np.float64(0.5096), np.float64(0.5596), np.float64(0.6196), np.float64(0.6695)]"
dIdV,0.4,0.72,0.32,6,6,2,0.85647,0.54409,0.86552,"[np.float64(0.3996), np.float64(0.4596), np.float64(0.5296), np.float64(0.5896), np.float64(0.6595), np.float64(0.7195)]"
dIdV,0.45,0.75,0.3,3,3,3,0.85608,0.54482,0.86522,"[np.float64(0.4496), np.float64(0.5996), np.float64(0.7495)]"
dIdV,0.4,0.8,0.4,4,4,1,0.85566,0.54562,0.8649,"[np.float64(0.3996), np.float64(0.5296), np.float64(0.6695), np.float64(0.7994)]"
both,0.4,0.64,0.24,3,6,2,0.85558,0.54576,0.86484,"[np.float64(0.3996), np.float64(0.5196), np.float64(0.6396)]"
dIdV,0.4,0.61,0.21,5,5,2,0.85502,0.54684,0.8644,"[np.float64(0.3996), np.float64(0.4496), np.float64(0.4996), np.float64(0.5596), np.float64(0.6096)]"
both,0.45,0.68,0.23,2,4,2,0.85488,0.54709,0.8643,"[np.float64(0.4496), np.float64(0.6795)]"
dIdV,0.55,0.78,0.23,5,5,3,0.85347,0.54974,0.86322,"[np.float64(0.5496), np.float64(0.6096), np.float64(0.6695), np.float64(0.7195), np.float64(0.7795)]"
I,0.45,0.71,0.26,5,5,2,0.85321,0.55024,0.86302,"[np.float64(0.4496), np.float64(0.5096), np.float64(0.5796), np.float64(0.6495), np.float64(0.7095)]"
dIdV,0.45,0.73,0.28,5,5,3,0.85312,0.5504,0.86295,"[np.float64(0.4496), np.float64(0.5196), np.float64(0.5896), np.float64(0.6595), np.float64(0.7295)]"
dIdV,0.4,0.73,0.33,5,5,2,0.85295,0.55072,0.86282,"[np.float64(0.3996), np.float64(0.4796), np.float64(0.5596), np.float64(0.6495), np.float64(0.7295)]"
dIdV,0.45,0.78,0.33,4,4,1,0.85288,0.55085,0.86276,"[np.float64(0.4496), np.float64(0.5596), np.float64(0.6695), np.float64(0.7795)]"
dIdV,0.45,0.78,0.33,6,6,2,0.85286,0.55088,0.86275,"[np.float64(0.4496), np.float64(0.5196), np.float64(0.5796), np.float64(0.6495), np.float64(0.7095), np.float64(0.7795)]"
dIdV,0.55,0.8,0.25,3,3,1,0.85269,0.55121,0.86261,"[np.float64(0.5496), np.float64(0.6695), np.float64(0.7994)]"
I,0.4,0.8,0.4,6,6,2,0.85229,0.55196,0.86231,"[np.float64(0.3996), np.float64(0.4796), np.float64(0.5596), np.float64(0.6396), np.float64(0.7195), np.float64(0.7994)]"
dIdV,0.4,0.67,0.27,4,4,2,0.85196,0.55256,0.86206,"[np.float64(0.3996), np.float64(0.4896), np.float64(0.5796), np.float64(0.6695)]"
dIdV,0.4,0.61,0.21,6,6,2,0.8518,0.55286,0.86194,"[np.float64(0.3996), np.float64(0.4396), np.float64(0.4796), np.float64(0.5296), np.float64(0.5696), np.float64(0.6096)]"
dIdV,0.45,0.8,0.35,2,2,2,0.85179,0.55289,0.86193,"[np.float64(0.4496), np.float64(0.7994)]"
I,0.45,0.71,0.26,6,6,2,0.85154,0.55335,0.86174,"[np.float64(0.4496), np.float64(0.4996), np.float64(0.5496), np.float64(0.6096), np.float64(0.6595), np.float64(0.7095)]"
dIdV,0.5,0.72,0.22,4,4,2,0.85107,0.55422,0.86138,"[np.float64(0.4996), np.float64(0.5696), np.float64(0.6495), np.float64(0.7195)]"
dIdV,0.4,0.76,0.36,6,6,2,0.85042,0.55544,0.86088,"[np.float64(0.3996), np.float64(0.4696), np.float64(0.5396), np.float64(0.6196), np.float64(0.6895), np.float64(0.7595)]"
dIdV,0.4,0.65,0.25,3,3,2,0.85036,0.55555,0.86083,"[np.float64(0.3996), np.float64(0.5196), np.float64(0.6495)]"
dIdV,0.55,0.79,0.24,3,3,1,0.85021,0.55583,0.86072,"[np.float64(0.5496), np.float64(0.6695), np.float64(0.7894)]"
I,0.5,0.78,0.28,3,3,2,0.85018,0.55588,0.8607,"[np.float64(0.4996), np.float64(0.6396), np.float64(0.7795)]"
dIdV,0.4,0.6,0.2,5,5,2,0.8501,0.55602,0.86064,"[np.float64(0.3996), np.float64(0.4496), np.float64(0.4996), np.float64(0.5496), np.float64(0.5996)]"
I,0.45,0.71,0.26,4,4,2,0.85008,0.55607,0.86062,"[np.float64(0.4496), np.float64(0.5396), np.float64(0.6196), np.float64(0.7095)]"
both,0.45,0.66,0.21,2,4,2,0.84949,0.55715,0.86017,"[np.float64(0.4496), np.float64(0.6595)]"
dIdV,0.4,0.71,0.31,3,3,2,0.84946,0.55722,0.86014,"[np.float64(0.3996), np.float64(0.5596), np.float64(0.7095)]"
I,0.45,0.79,0.34,4,4,2,0.84934,0.55743,0.86006,"[np.float64(0.4496), np.float64(0.5596), np.float64(0.6795), np.float64(0.7894)]"
dIdV,0.55,0.77,0.22,4,4,2,0.84918,0.55774,0.85993,"[np.float64(0.5496), np.float64(0.6196), np.float64(0.6995), np.float64(0.7695)]"
I,0.55,0.77,0.22,2,2,2,0.84881,0.55842,0.85965,"[np.float64(0.5496), np.float64(0.7695)]"
dIdV,0.45,0.75,0.3,6,6,2,0.84863,0.55875,0.85951,"[np.float64(0.4496), np.float64(0.5096), np.float64(0.5696), np.float64(0.6296), np.float64(0.6895), np.float64(0.7495)]"
dIdV,0.4,0.6,0.2,6,6,2,0.84848,0.55903,0.85939,"[np.float64(0.3996), np.float64(0.4396), np.float64(0.4796), np.float64(0.5196), np.float64(0.5596), np.float64(0.5996)]"
I,0.4,0.8,0.4,5,5,3,0.84807,0.55978,0.85909,"[np.float64(0.3996), np.float64(0.4996), np.float64(0.5996), np.float64(0.6995), np.float64(0.7994)]"
dIdV,0.45,0.75,0.3,4,4,3,0.8475,0.56083,0.85865,"[np.float64(0.4496), np.float64(0.5496), np.float64(0.6495), np.float64(0.7495)]"
dIdV,0.5,0.7,0.2,6,6,2,0.84726,0.56128,0.85846,"[np.float64(0.4996), np.float64(0.5396), np.float64(0.5796), np.float64(0.6196), np.float64(0.6595), np.float64(0.6995)]"
I,0.45,0.8,0.35,5,5,2,0.84711,0.56155,0.85835,"[np.float64(0.4496), np.float64(0.5396), np.float64(0.6296), np.float64(0.7095), np.float64(0.7994)]"
I,0.4,0.73,0.33,5,5,3,0.84672,0.56225,0.85806,"[np.float64(0.3996), np.float64(0.4796), np.float64(0.5596), np.float64(0.6495), np.float64(0.7295)]"
dIdV,0.5,0.73,0.23,5,5,3,0.84663,0.56243,0.85798,"[np.float64(0.4996), np.float64(0.5596), np.float64(0.6196), np.float64(0.6695), np.float64(0.7295)]"
I,0.45,0.68,0.23,2,2,2,0.84652,0.56262,0.8579,"[np.float64(0.4496), np.float64(0.6795)]"
dIdV,0.4,0.61,0.21,4,4,2,0.84634,0.56295,0.85777,"[np.float64(0.3996), np.float64(0.4696), np.float64(0.5396), np.float64(0.6096)]"
I,0.5,0.77,0.27,2,2,2,0.84622,0.56318,0.85767,"[np.float64(0.4996), np.float64(0.7695)]"
dIdV,0.4,0.61,0.21,3,3,2,0.84591,0.56374,0.85744,"[np.float64(0.3996), np.float64(0.4996), np.float64(0.6096)]"
dIdV,0.5,0.77,0.27,5,5,2,0.8459,0.56376,0.85743,"[np.float64(0.4996), np.float64(0.5696), np.float64(0.6396), np.float64(0.6995), np.float64(0.7695)]"
dIdV,0.55,0.78,0.23,4,4,2,0.84543,0.56463,0.85707,"[np.float64(0.5496), np.float64(0.6296), np.float64(0.6995), np.float64(0.7795)]"
both,0.4,0.64,0.24,4,8,2,0.84529,0.56488,0.85696,"[np.float64(0.3996), np.float64(0.4796), np.float64(0.5596), np.float64(0.6396)]"
I,0.4,0.78,0.38,3,3,2,0.84523,0.56499,0.85692,"[np.float64(0.3996), np.float64(0.5896), np.float64(0.7795)]"
dIdV,0.45,0.68,0.23,5,5,2,0.84499,0.56542,0.85674,"[np.float64(0.4496), np.float64(0.5096), np.float64(0.5696), np.float64(0.6196), np.float64(0.6795)]"
I,0.45,0.78,0.33,3,3,2,0.84492,0.56556,0.85668,"[np.float64(0.4496), np.float64(0.6096), np.float64(0.7795)]"
dIdV,0.55,0.75,0.2,3,3,1,0.84415,0.56696,0.85609,"[np.float64(0.5496), np.float64(0.6495), np.float64(0.7495)]"
I,0.4,0.73,0.33,6,6,3,0.84406,0.56711,0.85603,"[np.float64(0.3996), np.float64(0.4696), np.float64(0.5296), np.float64(0.5996), np.float64(0.6595), np.float64(0.7295)]"
dIdV,0.5,0.76,0.26,4,4,1,0.84387,0.56746,0.85588,"[np.float64(0.4996), np.float64(0.5896), np.float64(0.6695), np.float64(0.7595)]"
dIdV,0.4,0.63,0.23,2,2,2,0.8435,0.56813,0.8556,"[np.float64(0.3996), np.float64(0.6296)]"
dIdV,0.4,0.77,0.37,3,3,2,0.84321,0.56866,0.85538,"[np.float64(0.3996), np.float64(0.5796), np.float64(0.7695)]"
dIdV,0.45,0.66,0.21,2,2,1,0.84307,0.56892,0.85527,"[np.float64(0.4496), np.float64(0.6595)]"
I,0.4,0.69,0.29,2,2,2,0.84248,0.56998,0.85482,"[np.float64(0.3996), np.float64(0.6895)]"
dIdV,0.5,0.77,0.27,3,3,1,0.84232,0.57027,0.8547,"[np.float64(0.4996), np.float64(0.6396), np.float64(0.7695)]"
dIdV,0.4,0.6,0.2,3,3,2,0.84225,0.57041,0.85464,"[np.float64(0.3996), np.float64(0.4996), np.float64(0.5996)]"
I,0.4,0.79,0.39,4,4,3,0.84215,0.57058,0.85457,"[np.float64(0.3996), np.float64(0.5296), np.float64(0.6595), np.float64(0.7894)]"
dIdV,0.45,0.73,0.28,6,6,3,0.84212,0.57064,0.85455,"[np.float64(0.4496), np.float64(0.5096), np.float64(0.5596), np.float64(0.6196), np.float64(0.6695), np.float64(0.7295)]"
both,0.4,0.62,0.22,2,4,2,0.84208,0.5707,0.85452,"[np.float64(0.3996), np.float64(0.6196)]"
dIdV,0.4,0.78,0.38,4,4,2,0.84205,0.57076,0.8545,"[np.float64(0.3996), np.float64(0.5296), np.float64(0.6495), np.float64(0.7795)]"
I,0.45,0.7,0.25,3,3,2,0.84158,0.57162,0.85414,"[np.float64(0.4496), np.float64(0.5696), np.float64(0.6995)]"
dIdV,0.55,0.78,0.23,3,3,1,0.84144,0.57186,0.85404,"[np.float64(0.5496), np.float64(0.6695), np.float64(0.7795)]"
dIdV,0.45,0.72,0.27,6,6,2,0.8412,0.5723,0.85385,"[np.float64(0.4496), np.float64(0.4996), np.float64(0.5596), np.float64(0.6096), np.float64(0.6695), np.float64(0.7195)]"
dIdV,0.55,0.77,0.22,5,5,1,0.84089,0.57285,0.85362,"[np.float64(0.5496), np.float64(0.6096), np.float64(0.6595), np.float64(0.7095), np.float64(0.7695)]"
dIdV,0.45,0.68,0.23,6,6,2,0.8407,0.57319,0.85347,"[np.float64(0.4496), np.float64(0.4996), np.float64(0.5396), np.float64(0.5896), np.float64(0.6296), np.float64(0.6795)]"
dIdV,0.5,0.75,0.25,6,6,2,0.84061,0.57337,0.8534,"[np.float64(0.4996), np.float64(0.5496), np.float64(0.5996), np.float64(0.6495), np.float64(0.6995), np.float64(0.7495)]"
dIdV,0.4,0.73,0.33,6,6,2,0.84017,0.57415,0.85307,"[np.float64(0.3996), np.float64(0.4696), np.float64(0.5296), np.float64(0.5996), np.float64(0.6595), np.float64(0.7295)]"
dIdV,0.45,0.7,0.25,3,3,2,0.83894,0.57636,0.85213,"[np.float64(0.4496), np.float64(0.5696), np.float64(0.6995)]"
dIdV,0.4,0.65,0.25,2,2,1,0.83888,0.57646,0.85209,"[np.float64(0.3996), np.float64(0.6495)]"
dIdV,0.5,0.75,0.25,5,5,2,0.83869,0.5768,0.85194,"[np.float64(0.4996), np.float64(0.5596), np.float64(0.6196), np.float64(0.6895), np.float64(0.7495)]"
dIdV,0.45,0.77,0.32,4,4,1,0.83822,0.57764,0.85159,"[np.float64(0.4496), np.float64(0.5596), np.float64(0.6595), np.float64(0.7695)]"
dIdV,0.6,0.8,0.2,6,6,3,0.83672,0.58031,0.85045,"[np.float64(0.5996), np.float64(0.6396), np.float64(0.6795), np.float64(0.7195), np.float64(0.7595), np.float64(0.7994)]"
dIdV,0.4,0.78,0.38,5,5,2,0.83646,0.58078,0.85025,"[np.float64(0.3996), np.float64(0.4996), np.float64(0.5896), np.float64(0.6795), np.float64(0.7795)]"
dIdV,0.5,0.78,0.28,6,6,3,0.83606,0.58149,0.84995,"[np.float64(0.4996), np.float64(0.5596), np.float64(0.6096), np.float64(0.6695), np.float64(0.7195), np.float64(0.7795)]"
I,0.5,0.8,0.3,3,3,3,0.83602,0.58156,0.84992,"[np.float64(0.4996), np.float64(0.6495), np.float64(0.7994)]"
dIdV,0.55,0.78,0.23,2,2,1,0.83578,0.58197,0.84974,"[np.float64(0.5496), np.float64(0.7795)]"
dIdV,0.5,0.8,0.3,2,2,2,0.83541,0.58265,0.84945,"[np.float64(0.4996), np.float64(0.7994)]"
dIdV,0.45,0.71,0.26,3,3,3,0.83518,0.58304,0.84928,"[np.float64(0.4496), np.float64(0.5796), np.float64(0.7095)]"
both,0.4,0.64,0.24,5,10,2,0.83498,0.5834,0.84913,"[np.float64(0.3996), np.float64(0.4596), np.float64(0.5196), np.float64(0.5796), np.float64(0.6396)]"
dIdV,0.4,0.6,0.2,4,4,2,0.83488,0.58358,0.84905,"[np.float64(0.3996), np.float64(0.4696), np.float64(0.5296), np.float64(0.5996)]"
dIdV,0.45,0.67,0.22,3,3,1,0.83483,0.58366,0.84902,"[np.float64(0.4496), np.float64(0.5596), np.float64(0.6695)]"
I,0.45,0.7,0.25,4,4,2,0.83482,0.58367,0.84901,"[np.float64(0.4496), np.float64(0.5296), np.float64(0.6196), np.float64(0.6995)]"
dIdV,0.5,0.71,0.21,6,6,1,0.83413,0.5849,0.84849,"[np.float64(0.4996), np.float64(0.5396), np.float64(0.5796), np.float64(0.6296), np.float64(0.6695), np.float64(0.7095)]"
both,0.4,0.6,0.2,2,4,3,0.83405,0.58503,0.84843,"[np.float64(0.3996), np.float64(0.5996)]"
dIdV,0.55,0.78,0.23,6,6,3,0.83352,0.58598,0.84802,"[np.float64(0.5496), np.float64(0.5996), np.float64(0.6396), np.float64(0.6895), np.float64(0.7295), np.float64(0.7795)]"
dIdV,0.5,0.72,0.22,6,6,2,0.83334,0.5863,0.84789,"[np.float64(0.4996), np.float64(0.5396), np.float64(0.5896), np.float64(0.6296), np.float64(0.6795), np.float64(0.7195)]"
both,0.4,0.64,0.24,6,12,2,0.83331,0.58635,0.84787,"[np.float64(0.3996), np.float64(0.4496), np.float64(0.4996), np.float64(0.5396), np.float64(0.5896), np.float64(0.6396)]"
I,0.45,0.7,0.25,5,5,2,0.83298,0.58692,0.84762,"[np.float64(0.4496), np.float64(0.5096), np.float64(0.5696), np.float64(0.6396), np.float64(0.6995)]"
dIdV,0.4,0.66,0.26,3,3,1,0.83241,0.58792,0.84719,"[np.float64(0.3996), np.float64(0.5296), np.float64(0.6595)]"
dIdV,0.4,0.64,0.24,2,2,1,0.83178,0.58903,0.84671,"[np.float64(0.3996), np.float64(0.6396)]"
I,0.4,0.72,0.32,3,3,2,0.83166,0.58924,0.84662,"[np.float64(0.3996), np.float64(0.5596), np.float64(0.7195)]"
dIdV,0.45,0.74,0.29,5,5,3,0.83126,0.58993,0.84632,"[np.float64(0.4496), np.float64(0.5196), np.float64(0.5896), np.float64(0.6695), np.float64(0.7395)]"
dIdV,0.45,0.74,0.29,6,6,3,0.83089,0.59059,0.84604,"[np.float64(0.4496), np.float64(0.5096), np.float64(0.5696), np.float64(0.6196), np.float64(0.6795), np.float64(0.7395)]"
dIdV,0.5,0.76,0.26,6,6,2,0.83045,0.59135,0.84571,"[np.float64(0.4996), np.float64(0.5496), np.float64(0.5996), np.float64(0.6595), np.float64(0.7095), np.float64(0.7595)]"
I,0.45,0.7,0.25,6,6,2,0.83008,0.592,0.84542,"[np.float64(0.4496), np.float64(0.4996), np.float64(0.5496), np.float64(0.5996), np.float64(0.6495), np.float64(0.6995)]"
I,0.5,0.79,0.29,3,3,3,0.82966,0.59273,0.84511,"[np.float64(0.4996), np.float64(0.6396), np.float64(0.7894)]"
dIdV,0.4,0.68,0.28,3,3,2,0.82884,0.59415,0.84449,"[np.float64(0.3996), np.float64(0.5396), np.float64(0.6795)]"
both,0.4,0.66,0.26,2,4,2,0.82877,0.59427,0.84444,"[np.float64(0.3996), np.float64(0.6595)]"
both,0.4,0.6,0.2,3,6,3,0.82835,0.595,0.84412,"[np.float64(0.3996), np.float64(0.4996), np.float64(0.5996)]"
dIdV,0.45,0.66,0.21,3,3,1,0.82818,0.5953,0.84399,"[np.float64(0.4496), np.float64(0.5496), np.float64(0.6595)]"
dIdV,0.4,0.72,0.32,3,3,2,0.82768,0.59617,0.84361,"[np.float64(0.3996), np.float64(0.5596), np.float64(0.7195)]"
both,0.45,0.67,0.22,2,4,2,0.82744,0.59658,0.84343,"[np.float64(0.4496), np.float64(0.6695)]"
dIdV,0.5,0.77,0.27,6,6,3,0.82664,0.59796,0.84283,"[np.float64(0.4996), np.float64(0.5496), np.float64(0.6096), np.float64(0.6595), np.float64(0.7195), np.float64(0.7695)]"
dIdV,0.4,0.76,0.36,4,4,2,0.82664,0.59796,0.84283,"[np.float64(0.3996), np.float64(0.5196), np.float64(0.6396), np.float64(0.7595)]"
both,0.4,0.63,0.23,3,6,2,0.82644,0.59831,0.84268,"[np.float64(0.3996), np.float64(0.5196), np.float64(0.6296)]"
dIdV,0.4,0.77,0.37,5,5,2,0.82615,0.5988,0.84246,"[np.float64(0.3996), np.float64(0.4896), np.float64(0.5796), np.float64(0.6795), np.float64(0.7695)]"
dIdV,0.55,0.76,0.21,5,5,1,0.82524,0.60036,0.84178,"[np.float64(0.5496), np.float64(0.5996), np.float64(0.6495), np.float64(0.7095), np.float64(0.7595)]"
dIdV,0.45,0.67,0.22,4,4,1,0.82381,0.60282,0.8407,"[np.float64(0.4496), np.float64(0.5196), np.float64(0.5996), np.float64(0.6695)]"
dIdV,0.4,0.76,0.36,3,3,2,0.82355,0.60327,0.84051,"[np.float64(0.3996), np.float64(0.5796), np.float64(0.7595)]"
dIdV,0.45,0.65,0.2,5,5,2,0.82286,0.60444,0.83999,"[np.float64(0.4496), np.float64(0.4996), np.float64(0.5496), np.float64(0.5996), np.float64(0.6495)]"
dIdV,0.55,0.77,0.22,6,6,3,0.82247,0.6051,0.8397,"[np.float64(0.5496), np.float64(0.5896), np.float64(0.6396), np.float64(0.6795), np.float64(0.7295), np.float64(0.7695)]"
both,0.4,0.69,0.29,2,4,3,0.82117,0.60732,0.83872,"[np.float64(0.3996), np.float64(0.6895)]"
both,0.4,0.6,0.2,4,8,3,0.82036,0.60869,0.83811,"[np.float64(0.3996), np.float64(0.4696), np.float64(0.5296), np.float64(0.5996)]"
I,0.45,0.67,0.22,2,2,2,0.82034,0.60873,0.83809,"[np.float64(0.4496), np.float64(0.6695)]"
dIdV,0.4,0.77,0.37,4,4,2,0.82022,0.60893,0.83801,"[np.float64(0.3996), np.float64(0.5196), np.float64(0.6495), np.float64(0.7695)]"
dIdV,0.45,0.67,0.22,5,5,1,0.81868,0.61154,0.83685,"[np.float64(0.4496), np.float64(0.5096), np.float64(0.5596), np.float64(0.6096), np.float64(0.6695)]"
dIdV,0.4,0.74,0.34,6,6,2,0.81868,0.61153,0.83685,"[np.float64(0.3996), np.float64(0.4696), np.float64(0.5396), np.float64(0.5996), np.float64(0.6695), np.float64(0.7395)]"
dIdV,0.45,0.65,0.2,6,6,2,0.81864,0.6116,0.83682,"[np.float64(0.4496), np.float64(0.4896), np.float64(0.5296), np.float64(0.5696), np.float64(0.6096), np.float64(0.6495)]"
dIdV,0.5,0.75,0.25,4,4,1,0.81835,0.61208,0.8366,"[np.float64(0.4996), np.float64(0.5796), np.float64(0.6695), np.float64(0.7495)]"
I,0.4,0.72,0.32,4,4,2,0.81769,0.6132,0.83611,"[np.float64(0.3996), np.float64(0.5096), np.float64(0.6096), np.float64(0.7195)]"
both,0.4,0.61,0.21,2,4,2,0.81677,0.61475,0.83542,"[np.float64(0.3996), np.float64(0.6096)]"
dIdV,0.4,0.74,0.34,5,5,2,0.81676,0.61476,0.83541,"[np.float64(0.3996), np.float64(0.4796), np.float64(0.5696), np.float64(0.6595), np.float64(0.7395)]"
dIdV,0.4,0.75,0.35,3,3,2,0.81623,0.61565,0.83502,"[np.float64(0.3996), np.float64(0.5796), np.float64(0.7495)]"
dIdV,0.4,0.74,0.34,3,3,2,0.81613,0.61581,0.83494,"[np.float64(0.3996), np.float64(0.5696), np.float64(0.7395)]"
I,0.4,0.72,0.32,5,5,2,0.81611,0.61585,0.83492,"[np.float64(0.3996), np.float64(0.4796), np.float64(0.5596), np.float64(0.6396), np.float64(0.7195)]"
dIdV,0.45,0.67,0.22,6,6,1,0.81552,0.61684,0.83448,"[np.float64(0.4496), np.float64(0.4896), np.float64(0.5396), np.float64(0.5796), np.float64(0.6296), np.float64(0.6695)]"
dIdV,0.45,0.8,0.35,3,3,2,0.81544,0.61697,0.83442,"[np.float64(0.4496), np.float64(0.6296), np.float64(0.7994)]"
I,0.45,0.69,0.24,3,3,2,0.81528,0.61724,0.8343,"[np.float64(0.4496), np.float64(0.5696), np.float64(0.6895)]"
dIdV,0.45,0.66,0.21,4,4,1,0.81527,0.61726,0.83429,"[np.float64(0.4496), np.float64(0.5196), np.float64(0.5896), np.float64(0.6595)]"
dIdV,0.4,0.75,0.35,6,6,2,0.81513,0.61749,0.83419,"[np.float64(0.3996), np.float64(0.4696), np.float64(0.5396), np.float64(0.6096), np.float64(0.6795), np.float64(0.7495)]"
both,0.4,0.6,0.2,5,10,3,0.8143,0.61887,0.83357,"[np.float64(0.3996), np.float64(0.4496), np.float64(0.4996), np.float64(0.5496), np.float64(0.5996)]"
dIdV,0.4,0.75,0.35,5,5,2,0.81371,0.61985,0.83313,"[np.float64(0.3996), np.float64(0.4896), np.float64(0.5796), np.float64(0.6595), np.float64(0.7495)]"
dIdV,0.5,0.77,0.27,4,4,1,0.8136,0.62004,0.83305,"[np.float64(0.4996), np.float64(0.5896), np.float64(0.6795), np.float64(0.7695)]"
I,0.45,0.8,0.35,4,4,2,0.81329,0.62055,0.83282,"[np.float64(0.4496), np.float64(0.5696), np.float64(0.6795), np.float64(0.7994)]"
dIdV,0.45,0.65,0.2,4,4,2,0.81313,0.62083,0.83269,"[np.float64(0.4496), np.float64(0.5196), np.float64(0.5796), np.float64(0.6495)]"
both,0.4,0.63,0.23,4,8,2,0.8128,0.62136,0.83245,"[np.float64(0.3996), np.float64(0.4796), np.float64(0.5496), np.float64(0.6296)]"
dIdV,0.4,0.73,0.33,3,3,2,0.81257,0.62175,0.83228,"[np.float64(0.3996), np.float64(0.5596), np.float64(0.7295)]"
dIdV,0.5,0.7,0.2,2,2,2,0.81037,0.62539,0.83063,"[np.float64(0.4996), np.float64(0.6995)]"
I,0.45,0.79,0.34,3,3,2,0.80988,0.62619,0.83027,"[np.float64(0.4496), np.float64(0.6196), np.float64(0.7894)]"
dIdV,0.4,0.67,0.27,3,3,2,0.80942,0.62696,0.82992,"[np.float64(0.3996), np.float64(0.5396), np.float64(0.6695)]"
dIdV,0.45,0.65,0.2,3,3,2,0.80864,0.62823,0.82934,"[np.float64(0.4496), np.float64(0.5496), np.float64(0.6495)]"
dIdV,0.4,0.78,0.38,2,2,2,0.80805,0.6292,0.8289,"[np.float64(0.3996), np.float64(0.7795)]"
I,0.45,0.69,0.24,4,4,2,0.80771,0.62976,0.82865,"[np.float64(0.4496), np.float64(0.5296), np.float64(0.6096), np.float64(0.6895)]"
I,0.4,0.72,0.32,6,6,2,0.80729,0.63045,0.82833,"[np.float64(0.3996), np.float64(0.4596), np.float64(0.5296), np.float64(0.5896), np.float64(0.6595), np.float64(0.7195)]"
I,0.45,0.69,0.24,5,5,2,0.80668,0.63145,0.82788,"[np.float64(0.4496), np.float64(0.5096), np.float64(0.5696), np.float64(0.6296), np.float64(0.6895)]"
dIdV,0.45,0.76,0.31,4,4,1,0.80604,0.63249,0.8274,"[np.float64(0.4496), np.float64(0.5496), np.float64(0.6595), np.float64(0.7595)]"
dIdV,0.45,0.68,0.23,2,2,2,0.8058,0.63288,0.82722,"[np.float64(0.4496), np.float64(0.6795)]"
I,0.4,0.68,0.28,2,2,2,0.8058,0.63288,0.82722,"[np.float64(0.3996), np.float64(0.6795)]"
both,0.4,0.6,0.2,6,12,3,0.80564,0.63315,0.8271,"[np.float64(0.3996), np.float64(0.4396), np.float64(0.4796), np.float64(0.5196), np.float64(0.5596), np.float64(0.5996)]"
I,0.4,0.6,0.2,6,6,3,0.80564,0.63314,0.8271,"[np.float64(0.3996), np.float64(0.4396), np.float64(0.4796), np.float64(0.5196), np.float64(0.5596), np.float64(0.5996)]"
both,0.4,0.63,0.23,5,10,2,0.80494,0.63428,0.82658,"[np.float64(0.3996), np.float64(0.4596), np.float64(0.5196), np.float64(0.5696), np.float64(0.6296)]"
I,0.45,0.69,0.24,6,6,2,0.80402,0.63578,0.8259,"[np.float64(0.4496), np.float64(0.4996), np.float64(0.5496), np.float64(0.5896), np.float64(0.6396), np.float64(0.6895)]"
I,0.4,0.77,0.37,2,2,2,0.80347,0.63666,0.82549,"[np.float64(0.3996), np.float64(0.7695)]"
dIdV,0.45,0.75,0.3,5,5,3,0.80296,0.63749,0.82511,"[np.float64(0.4496), np.float64(0.5296), np.float64(0.5996), np.float64(0.6695), np.float64(0.7495)]"
I,0.4,0.79,0.39,3,3,2,0.80295,0.63751,0.8251,"[np.float64(0.3996), np.float64(0.5996), np.float64(0.7894)]"
dIdV,0.55,0.77,0.22,2,2,1,0.80283,0.6377,0.82502,"[np.float64(0.5496), np.float64(0.7695)]"
dIdV,0.45,0.65,0.2,2,2,1,0.8027,0.63791,0.82492,"[np.float64(0.4496), np.float64(0.6495)]"
dIdV,0.45,0.79,0.34,2,2,2,0.80254,0.63817,0.8248,"[np.float64(0.4496), np.float64(0.7894)]"
dIdV,0.45,0.66,0.21,5,5,1,0.80176,0.63943,0.82422,"[np.float64(0.4496), np.float64(0.4996), np.float64(0.5496), np.float64(0.6096), np.float64(0.6595)]"
I,0.4,0.6,0.2,5,5,3,0.80123,0.64028,0.82382,"[np.float64(0.3996), np.float64(0.4496), np.float64(0.4996), np.float64(0.5496), np.float64(0.5996)]"
dIdV,0.55,0.76,0.21,4,4,2,0.80064,0.64124,0.82338,"[np.float64(0.5496), np.float64(0.6196), np.float64(0.6895), np.float64(0.7595)]"
dIdV,0.45,0.79,0.34,3,3,2,0.80048,0.64149,0.82327,"[np.float64(0.4496), np.float64(0.6196), np.float64(0.7894)]"
dIdV,0.55,0.76,0.21,6,6,1,0.79967,0.64278,0.82267,"[np.float64(0.5496), np.float64(0.5896), np.float64(0.6296), np.float64(0.6795), np.float64(0.7195), np.float64(0.7595)]"
I,0.4,0.71,0.31,3,3,2,0.79957,0.64296,0.82259,"[np.float64(0.3996), np.float64(0.5596), np.float64(0.7095)]"
both,0.4,0.63,0.23,6,12,2,0.79808,0.64533,0.82149,"[np.float64(0.3996), np.float64(0.4496), np.float64(0.4896), np.float64(0.5396), np.float64(0.5796), np.float64(0.6296)]"
I,0.55,0.78,0.23,2,2,1,0.79775,0.64586,0.82124,"[np.float64(0.5496), np.float64(0.7795)]"
dIdV,0.45,0.67,0.22,2,2,1,0.79771,0.64592,0.82121,"[np.float64(0.4496), np.float64(0.6695)]"
dIdV,0.4,0.76,0.36,5,5,2,0.79739,0.64644,0.82097,"[np.float64(0.3996), np.float64(0.4896), np.float64(0.5796), np.float64(0.6695), np.float64(0.7595)]"
both,0.4,0.61,0.21,3,6,3,0.79707,0.64694,0.82074,"[np.float64(0.3996), np.float64(0.4996), np.float64(0.6096)]"
I,0.4,0.71,0.31,4,4,2,0.79689,0.64724,0.8206,"[np.float64(0.3996), np.float64(0.4996), np.float64(0.6096), np.float64(0.7095)]"
dIdV,0.5,0.76,0.26,3,3,3,0.79639,0.64802,0.82023,"[np.float64(0.4996), np.float64(0.6296), np.float64(0.7595)]"
both,0.4,0.61,0.21,4,8,3,0.7962,0.64834,0.82009,"[np.float64(0.3996), np.float64(0.4696), np.float64(0.5396), np.float64(0.6096)]"
I,0.4,0.61,0.21,6,6,3,0.79505,0.65016,0.81924,"[np.float64(0.3996), np.float64(0.4396), np.float64(0.4796), np.float64(0.5296), np.float64(0.5696), np.float64(0.6096)]"
dIdV,0.45,0.66,0.21,6,6,2,0.79325,0.65301,0.81791,"[np.float64(0.4496), np.float64(0.4896), np.float64(0.5296), np.float64(0.5796), np.float64(0.6196), np.float64(0.6595)]"
I,0.4,0.6,0.2,3,3,3,0.79272,0.65385,0.81751,"[np.float64(0.3996), np.float64(0.4996), np.float64(0.5996)]"
I,0.45,0.66,0.21,2,2,2,0.79234,0.65445,0.81723,"[np.float64(0.4496), np.float64(0.6595)]"
I,0.4,0.6,0.2,4,4,3,0.79209,0.65484,0.81704,"[np.float64(0.3996), np.float64(0.4696), np.float64(0.5296), np.float64(0.5996)]"
I,0.45,0.78,0.33,2,2,1,0.79206,0.65488,0.81703,"[np.float64(0.4496), np.float64(0.7795)]"
both,0.4,0.62,0.22,3,6,2,0.792,0.65497,0.81698,"[np.float64(0.3996), np.float64(0.5096), np.float64(0.6196)]"
I,0.4,0.61,0.21,5,5,3,0.79043,0.65744,0.81582,"[np.float64(0.3996), np.float64(0.4496), np.float64(0.4996), np.float64(0.5596), np.float64(0.6096)]"
I,0.4,0.8,0.4,4,4,2,0.7893,0.65922,0.81498,"[np.float64(0.3996), np.float64(0.5296), np.float64(0.6695), np.float64(0.7994)]"
both,0.4,0.61,0.21,5,10,3,0.78804,0.66119,0.81405,"[np.float64(0.3996), np.float64(0.4496), np.float64(0.4996), np.float64(0.5596), np.float64(0.6096)]"
both,0.4,0.62,0.22,4,8,2,0.78619,0.66406,0.81269,"[np.float64(0.3996), np.float64(0.4696), np.float64(0.5496), np.float64(0.6196)]"
I,0.45,0.68,0.23,3,3,2,0.78608,0.66424,0.8126,"[np.float64(0.4496), np.float64(0.5696), np.float64(0.6795)]"
dIdV,0.45,0.77,0.32,3,3,3,0.78573,0.66479,0.81234,"[np.float64(0.4496), np.float64(0.6096), np.float64(0.7695)]"
I,0.4,0.71,0.31,5,5,2,0.78308,0.66888,0.81039,"[np.float64(0.3996), np.float64(0.4796), np.float64(0.5596), np.float64(0.6296), np.float64(0.7095)]"
dIdV,0.45,0.76,0.31,5,5,2,0.78265,0.66954,0.81007,"[np.float64(0.4496), np.float64(0.5296), np.float64(0.6096), np.float64(0.6795), np.float64(0.7595)]"
I,0.45,0.68,0.23,6,6,2,0.7807,0.67253,0.80864,"[np.float64(0.4496), np.float64(0.4996), np.float64(0.5396), np.float64(0.5896), np.float64(0.6296), np.float64(0.6795)]"
dIdV,0.5,0.79,0.29,2,2,2,0.78028,0.67317,0.80833,"[np.float64(0.4996), np.float64(0.7894)]"
I,0.4,0.71,0.31,6,6,2,0.78025,0.67323,0.8083,"[np.float64(0.3996), np.float64(0.4596), np.float64(0.5196), np.float64(0.5896), np.float64(0.6495), np.float64(0.7095)]"
dIdV,0.45,0.78,0.33,3,3,2,0.77827,0.67625,0.80685,"[np.float64(0.4496), np.float64(0.6096), np.float64(0.7795)]"
I,0.4,0.61,0.21,4,4,3,0.77793,0.67677,0.8066,"[np.float64(0.3996), np.float64(0.4696), np.float64(0.5396), np.float64(0.6096)]"
I,0.45,0.68,0.23,4,4,2,0.77788,0.67684,0.80657,"[np.float64(0.4496), np.float64(0.5296), np.float64(0.5996), np.float64(0.6795)]"
I,0.45,0.68,0.23,5,5,2,0.77752,0.6774,0.8063,"[np.float64(0.4496), np.float64(0.5096), np.float64(0.5696), np.float64(0.6196), np.float64(0.6795)]"
dIdV,0.55,0.75,0.2,4,4,1,0.77674,0.67858,0.80573,"[np.float64(0.5496), np.float64(0.6196), np.float64(0.6795), np.float64(0.7495)]"
both,0.4,0.61,0.21,6,12,3,0.77622,0.67937,0.80535,"[np.float64(0.3996), np.float64(0.4396), np.float64(0.4796), np.float64(0.5296), np.float64(0.5696), np.float64(0.6096)]"
I,0.4,0.61,0.21,3,3,3,0.77361,0.68333,0.80342,"[np.float64(0.3996), np.float64(0.4996), np.float64(0.6096)]"
I,0.5,0.78,0.28,2,2,2,0.77357,0.68338,0.8034,"[np.float64(0.4996), np.float64(0.7795)]"
dIdV,0.4,0.66,0.26,2,2,1,0.77299,0.68426,0.80297,"[np.float64(0.3996), np.float64(0.6595)]"
I,0.4,0.62,0.22,6,6,3,0.77248,0.68503,0.80259,"[np.float64(0.3996), np.float64(0.4396), np.float64(0.4896), np.float64(0.5296), np.float64(0.5796), np.float64(0.6196)]"
both,0.4,0.62,0.22,6,12,2,0.77196,0.6858,0.80222,"[np.float64(0.3996), np.float64(0.4396), np.float64(0.4896), np.float64(0.5296), np.float64(0.5796), np.float64(0.6196)]"
both,0.4,0.62,0.22,5,10,2,0.77156,0.68641,0.80192,"[np.float64(0.3996), np.float64(0.4596), np.float64(0.5096), np.float64(0.5596), np.float64(0.6196)]"
I,0.4,0.62,0.22,5,5,3,0.77,0.68874,0.80078,"[np.float64(0.3996), np.float64(0.4596), np.float64(0.5096), np.float64(0.5596), np.float64(0.6196)]"
I,0.4,0.7,0.3,3,3,2,0.76688,0.6934,0.79849,"[np.float64(0.3996), np.float64(0.5496), np.float64(0.6995)]"
I,0.4,0.67,0.27,2,2,2,0.76395,0.69774,0.79635,"[np.float64(0.3996), np.float64(0.6695)]"
I,0.45,0.65,0.2,2,2,2,0.76308,0.69904,0.79571,"[np.float64(0.4496), np.float64(0.6495)]"
I,0.4,0.62,0.22,4,4,3,0.7628,0.69944,0.79551,"[np.float64(0.3996), np.float64(0.4696), np.float64(0.5496), np.float64(0.6196)]"
both,0.4,0.67,0.27,2,4,2,0.76137,0.70156,0.79446,"[np.float64(0.3996), np.float64(0.6695)]"
I,0.4,0.7,0.3,4,4,2,0.76034,0.70307,0.79371,"[np.float64(0.3996), np.float64(0.4996), np.float64(0.5996), np.float64(0.6995)]"
I,0.45,0.67,0.22,6,6,2,0.75804,0.70643,0.79203,"[np.float64(0.4496), np.float64(0.4896), np.float64(0.5396), np.float64(0.5796), np.float64(0.6296), np.float64(0.6695)]"
I,0.45,0.8,0.35,3,3,2,0.75765,0.707,0.79175,"[np.float64(0.4496), np.float64(0.6296), np.float64(0.7994)]"
I,0.45,0.67,0.22,3,3,2,0.7572,0.70766,0.79141,"[np.float64(0.4496), np.float64(0.5596), np.float64(0.6695)]"
I,0.45,0.67,0.22,4,4,2,0.75707,0.70785,0.79132,"[np.float64(0.4496), np.float64(0.5196), np.float64(0.5996), np.float64(0.6695)]"
dIdV,0.55,0.76,0.21,2,2,1,0.75565,0.70991,0.79029,"[np.float64(0.5496), np.float64(0.7595)]"
I,0.4,0.63,0.23,5,5,3,0.75562,0.70995,0.79027,"[np.float64(0.3996), np.float64(0.4596), np.float64(0.5196), np.float64(0.5696), np.float64(0.6296)]"
I,0.4,0.62,0.22,3,3,3,0.75191,0.71533,0.78756,"[np.float64(0.3996), np.float64(0.5096), np.float64(0.6196)]"
I,0.4,0.63,0.23,6,6,3,0.75186,0.7154,0.78752,"[np.float64(0.3996), np.float64(0.4496), np.float64(0.4896), np.float64(0.5396), np.float64(0.5796), np.float64(0.6296)]"
I,0.4,0.7,0.3,5,5,2,0.74944,0.71888,0.78576,"[np.float64(0.3996), np.float64(0.4796), np.float64(0.5496), np.float64(0.6196), np.float64(0.6995)]"
I,0.45,0.67,0.22,5,5,2,0.748,0.72093,0.78472,"[np.float64(0.4496), np.float64(0.5096), np.float64(0.5596), np.float64(0.6096), np.float64(0.6695)]"
I,0.4,0.7,0.3,6,6,2,0.74395,0.72671,0.78177,"[np.float64(0.3996), np.float64(0.4596), np.float64(0.5196), np.float64(0.5796), np.float64(0.6396), np.float64(0.6995)]"
I,0.4,0.64,0.24,5,5,3,0.74255,0.7287,0.78075,"[np.float64(0.3996), np.float64(0.4596), np.float64(0.5196), np.float64(0.5796), np.float64(0.6396)]"
I,0.4,0.64,0.24,6,6,3,0.74224,0.72912,0.78054,"[np.float64(0.3996), np.float64(0.4496), np.float64(0.4996), np.float64(0.5396), np.float64(0.5896), np.float64(0.6396)]"
dIdV,0.5,0.77,0.27,2,2,2,0.73808,0.73499,0.77751,"[np.float64(0.4996), np.float64(0.7695)]"
dIdV,0.4,0.77,0.37,2,2,2,0.73727,0.73612,0.77693,"[np.float64(0.3996), np.float64(0.7695)]"
I,0.4,0.63,0.23,4,4,3,0.7348,0.73958,0.77514,"[np.float64(0.3996), np.float64(0.4796), np.float64(0.5496), np.float64(0.6296)]"
I,0.45,0.66,0.21,6,6,2,0.73393,0.74079,0.77451,"[np.float64(0.4496), np.float64(0.4896), np.float64(0.5296), np.float64(0.5796), np.float64(0.6196), np.float64(0.6595)]"
I,0.45,0.66,0.21,5,5,2,0.73218,0.74323,0.77324,"[np.float64(0.4496), np.float64(0.4996), np.float64(0.5496), np.float64(0.6096), np.float64(0.6595)]"
I,0.6,0.8,0.2,2,2,2,0.73171,0.74388,0.7729,"[np.float64(0.5996), np.float64(0.7994)]"
both,0.4,0.68,0.28,2,4,2,0.73121,0.74457,0.77254,"[np.float64(0.3996), np.float64(0.6795)]"
I,0.45,0.66,0.21,3,3,2,0.72987,0.74642,0.77157,"[np.float64(0.4496), np.float64(0.5496), np.float64(0.6595)]"
dIdV,0.55,0.75,0.2,2,2,2,0.72963,0.74675,0.7714,"[np.float64(0.5496), np.float64(0.7495)]"
I,0.4,0.69,0.29,3,3,2,0.72958,0.74682,0.77137,"[np.float64(0.3996), np.float64(0.5396), np.float64(0.6895)]"
I,0.4,0.65,0.25,6,6,3,0.72492,0.75323,0.76799,"[np.float64(0.3996), np.float64(0.4496), np.float64(0.4996), np.float64(0.5496), np.float64(0.5996), np.float64(0.6495)]"
I,0.4,0.65,0.25,5,5,3,0.72448,0.75383,0.76768,"[np.float64(0.3996), np.float64(0.4596), np.float64(0.5196), np.float64(0.5896), np.float64(0.6495)]"
I,0.55,0.79,0.24,2,2,1,0.72388,0.75465,0.76725,"[np.float64(0.5496), np.float64(0.7894)]"
I,0.45,0.66,0.21,4,4,2,0.72356,0.75508,0.76702,"[np.float64(0.4496), np.float64(0.5196), np.float64(0.5896), np.float64(0.6595)]"
dIdV,0.5,0.78,0.28,2,2,1,0.72316,0.75563,0.76673,"[np.float64(0.4996), np.float64(0.7795)]"
I,0.4,0.63,0.23,3,3,3,0.72116,0.75836,0.76529,"[np.float64(0.3996), np.float64(0.5196), np.float64(0.6296)]"
I,0.4,0.66,0.26,2,2,2,0.72063,0.75908,0.7649,"[np.float64(0.3996), np.float64(0.6595)]"
I,0.4,0.64,0.24,4,4,3,0.72044,0.75933,0.76477,"[np.float64(0.3996), np.float64(0.4796), np.float64(0.5596), np.float64(0.6396)]"
I,0.4,0.69,0.29,5,5,2,0.72012,0.75977,0.76454,"[np.float64(0.3996), np.float64(0.4696), np.float64(0.5396), np.float64(0.6196), np.float64(0.6895)]"
I,0.4,0.69,0.29,4,4,2,0.71707,0.7639,0.76234,"[np.float64(0.3996), np.float64(0.4996), np.float64(0.5896), np.float64(0.6895)]"
I,0.4,0.66,0.26,5,5,3,0.70696,0.77743,0.75507,"[np.float64(0.3996), np.float64(0.4596), np.float64(0.5296), np.float64(0.5996), np.float64(0.6595)]"
I,0.4,0.66,0.26,6,6,3,0.70555,0.7793,0.75406,"[np.float64(0.3996), np.float64(0.4496), np.float64(0.4996), np.float64(0.5596), np.float64(0.6096), np.float64(0.6595)]"
I,0.45,0.65,0.2,6,6,2,0.70417,0.78112,0.75307,"[np.float64(0.4496), np.float64(0.4896), np.float64(0.5296), np.float64(0.5696), np.float64(0.6096), np.float64(0.6495)]"
I,0.4,0.69,0.29,6,6,2,0.70345,0.78208,0.75255,"[np.float64(0.3996), np.float64(0.4596), np.float64(0.5196), np.float64(0.5696), np.float64(0.6296), np.float64(0.6895)]"
I,0.4,0.8,0.4,3,3,2,0.70238,0.78348,0.75179,"[np.float64(0.3996), np.float64(0.5996), np.float64(0.7994)]"
I,0.4,0.65,0.25,4,4,3,0.70233,0.78355,0.75175,"[np.float64(0.3996), np.float64(0.4796), np.float64(0.5696), np.float64(0.6495)]"
I,0.45,0.65,0.2,5,5,2,0.70089,0.78544,0.75072,"[np.float64(0.4496), np.float64(0.4996), np.float64(0.5496), np.float64(0.5996), np.float64(0.6495)]"
dIdV,0.5,0.71,0.21,2,2,2,0.6972,0.79026,0.74808,"[np.float64(0.4996), np.float64(0.7095)]"
I,0.45,0.65,0.2,3,3,2,0.69704,0.79048,0.74796,"[np.float64(0.4496), np.float64(0.5496), np.float64(0.6495)]"
I,0.4,0.64,0.24,3,3,3,0.69348,0.7951,0.74542,"[np.float64(0.3996), np.float64(0.5196), np.float64(0.6396)]"
I,0.45,0.65,0.2,4,4,2,0.69059,0.79884,0.74335,"[np.float64(0.4496), np.float64(0.5196), np.float64(0.5796), np.float64(0.6495)]"
I,0.4,0.68,0.28,4,4,2,0.68963,0.80008,0.74266,"[np.float64(0.3996), np.float64(0.4896), np.float64(0.5896), np.float64(0.6795)]"
dIdV,0.45,0.69,0.24,2,2,2,0.68718,0.80323,0.74091,"[np.float64(0.4496), np.float64(0.6895)]"
I,0.4,0.68,0.28,3,3,2,0.68358,0.80785,0.73834,"[np.float64(0.3996), np.float64(0.5396), np.float64(0.6795)]"
I,0.4,0.68,0.28,5,5,2,0.67662,0.81669,0.73338,"[np.float64(0.3996), np.float64(0.4696), np.float64(0.5396), np.float64(0.6096), np.float64(0.6795)]"
I,0.4,0.65,0.25,2,2,2,0.67623,0.81717,0.7331,"[np.float64(0.3996), np.float64(0.6495)]"
I,0.4,0.67,0.27,6,6,3,0.67609,0.81736,0.733,"[np.float64(0.3996), np.float64(0.4496), np.float64(0.5096), np.float64(0.5596), np.float64(0.6196), np.float64(0.6695)]"
I,0.4,0.67,0.27,5,5,3,0.6705,0.82438,0.72902,"[np.float64(0.3996), np.float64(0.4696), np.float64(0.5396), np.float64(0.5996), np.float64(0.6695)]"
I,0.4,0.68,0.28,6,6,2,0.66919,0.82601,0.72809,"[np.float64(0.3996), np.float64(0.4596), np.float64(0.5096), np.float64(0.5696), np.float64(0.6196), np.float64(0.6795)]"
I,0.45,0.79,0.34,2,2,2,0.66354,0.83303,0.72408,"[np.float64(0.4496), np.float64(0.7894)]"
I,0.5,0.79,0.29,2,2,2,0.66224,0.83464,0.72316,"[np.float64(0.4996), np.float64(0.7894)]"
dIdV,0.45,0.78,0.33,2,2,2,0.66094,0.83625,0.72223,"[np.float64(0.4496), np.float64(0.7795)]"
I,0.4,0.65,0.25,3,3,3,0.65759,0.84037,0.71985,"[np.float64(0.3996), np.float64(0.5196), np.float64(0.6495)]"
I,0.4,0.66,0.26,4,4,3,0.65375,0.84507,0.71713,"[np.float64(0.3996), np.float64(0.4896), np.float64(0.5696), np.float64(0.6595)]"
I,0.4,0.78,0.38,2,2,2,0.65316,0.84579,0.71671,"[np.float64(0.3996), np.float64(0.7795)]"
I,0.4,0.67,0.27,4,4,2,0.64204,0.85924,0.70885,"[np.float64(0.3996), np.float64(0.4896), np.float64(0.5796), np.float64(0.6695)]"
I,0.4,0.67,0.27,3,3,2,0.63469,0.86802,0.70365,"[np.float64(0.3996), np.float64(0.5396), np.float64(0.6695)]"
I,0.4,0.64,0.24,2,2,2,0.63017,0.87336,0.70047,"[np.float64(0.3996), np.float64(0.6396)]"
dIdV,0.4,0.76,0.36,2,2,2,0.62878,0.87501,0.69949,"[np.float64(0.3996), np.float64(0.7595)]"
dIdV,0.5,0.76,0.26,2,2,1,0.62123,0.88386,0.69417,"[np.float64(0.4996), np.float64(0.7595)]"
I,0.4,0.66,0.26,3,3,3,0.61146,0.89519,0.68731,"[np.float64(0.3996), np.float64(0.5296), np.float64(0.6595)]"
I,0.4,0.63,0.23,2,2,2,0.58453,0.9257,0.66843,"[np.float64(0.3996), np.float64(0.6296)]"
I,0.55,0.8,0.25,2,2,2,0.58084,0.9298,0.66585,"[np.float64(0.5496), np.float64(0.7994)]"
dIdV,0.5,0.75,0.25,2,2,1,0.56324,0.94911,0.65358,"[np.float64(0.4996), np.float64(0.7495)]"
dIdV,0.45,0.75,0.3,2,2,2,0.55697,0.9559,0.64921,"[np.float64(0.4496), np.float64(0.7495)]"
dIdV,0.5,0.72,0.22,2,2,2,0.54071,0.97329,0.63791,"[np.float64(0.4996), np.float64(0.7195)]"
I,0.4,0.62,0.22,2,2,2,0.53723,0.97697,0.63549,"[np.float64(0.3996), np.float64(0.6196)]"
dIdV,0.45,0.77,0.32,2,2,2,0.52405,0.99078,0.62636,"[np.float64(0.4496), np.float64(0.7695)]"
dIdV,0.5,0.74,0.24,2,2,1,0.50612,1.00927,0.61396,"[np.float64(0.4996), np.float64(0.7395)]"
dIdV,0.4,0.75,0.35,2,2,2,0.49436,1.02122,0.60584,"[np.float64(0.3996), np.float64(0.7495)]"
I,0.4,0.61,0.21,2,2,2,0.49025,1.02536,0.60301,"[np.float64(0.3996), np.float64(0.6096)]"
I,0.5,0.8,0.3,2,2,2,0.47713,1.03847,0.59397,"[np.float64(0.4996), np.float64(0.7994)]"
dIdV,0.45,0.76,0.31,2,2,2,0.47019,1.04534,0.5892,"[np.float64(0.4496), np.float64(0.7595)]"
dIdV,0.4,0.67,0.27,2,2,1,0.45578,1.05946,0.57929,"[np.float64(0.3996), np.float64(0.6695)]"
I,0.45,0.8,0.35,2,2,2,0.44386,1.071,0.57111,"[np.float64(0.4496), np.float64(0.7994)]"
I,0.4,0.6,0.2,2,2,2,0.44093,1.07381,0.56911,"[np.float64(0.3996), np.float64(0.5996)]"
dIdV,0.5,0.73,0.23,2,2,1,0.42954,1.0847,0.5613,"[np.float64(0.4996), np.float64(0.7295)]"
dIdV,0.4,0.74,0.34,2,2,1,0.39448,1.11754,0.53735,"[np.float64(0.3996), np.float64(0.7395)]"
I,0.4,0.79,0.39,2,2,2,0.36845,1.1413,0.51962,"[np.float64(0.3996), np.float64(0.7894)]"
dIdV,0.4,0.73,0.33,2,2,1,0.32256,1.18204,0.48846,"[np.float64(0.3996), np.float64(0.7295)]"
dIdV,0.45,0.74,0.29,2,2,1,0.32208,1.18246,0.48814,"[np.float64(0.4496), np.float64(0.7395)]"
dIdV,0.4,0.72,0.32,2,2,1,0.24696,1.24625,0.4374,"[np.float64(0.3996), np.float64(0.7195)]"
dIdV,0.45,0.73,0.28,2,2,1,0.2425,1.24994,0.43439,"[np.float64(0.4496), np.float64(0.7295)]"
dIdV,0.4,0.68,0.28,2,2,2,0.24243,1.25,0.43435,"[np.float64(0.3996), np.float64(0.6795)]"
dIdV,0.4,0.7,0.3,2,2,2,0.23276,1.25795,0.42784,"[np.float64(0.3996), np.float64(0.6995)]"
dIdV,0.45,0.7,0.25,2,2,2,0.23268,1.25801,0.42779,"[np.float64(0.4496), np.float64(0.6995)]"
dIdV,0.4,0.69,0.29,2,2,2,0.19141,1.2914,0.40005,"[np.float64(0.3996), np.float64(0.6895)]"
dIdV,0.4,0.71,0.31,2,2,1,0.17379,1.30539,0.38824,"[np.float64(0.3996), np.float64(0.7095)]"
dIdV,0.45,0.72,0.27,2,2,1,0.14323,1.32932,0.36777,"[np.float64(0.4496), np.float64(0.7195)]"
dIdV,0.45,0.71,0.26,2,2,1,0.01384,1.42617,0.28153,"[np.float64(0.4496), np.float64(0.7095)]"
I,0.4,0.8,0.4,2,2,2,-0.07867,1.49156,0.26742,"[np.float64(0.3996), np.float64(0.7994)]"
